✔ /products/{uuid} redirects permanently to the zh-TW product page (96.489833ms)
✔ non-uuid ids are 404, never redirected (2.576875ms)
✔ AT1: the locale redirect preserves the ad-click query without allowing a redirect target (0.343875ms)
✔ R10: standalone signed signals survive a missing or expired seven-day touch (46.863709ms)
✔ R10: standalone signals reject expiry, bad signature, duplicates and another host (0.460666ms)
✔ AT1 R5: browser identity survives expired touch and rolls for ninety days (0.356958ms)
✔ AT1 R5: missing ad parameters create no cookies; fbclid alone creates no touch (0.339375ms)
✔ AT1 R5: lc_ad alone updates attribution and does not replace fbc (0.390583ms)
✔ AT1: host-only first-party cookies contain no PII and read back exactly (0.599625ms)
✔ AT1: a later valid click replaces the draft but preserves the browser identifier (0.553458ms)
✔ R10: only a different fbclid replaces fbc and its first-seen timestamp (0.723208ms)
✔ AT1: malformed and ambiguous links do not overwrite a valid prior touch (0.407584ms)
✔ AT1: host and key binding reject copied cookies (0.380542ms)
✔ AT1: duplicates and tampering invalidate the entire envelope (0.186458ms)
✔ AT1: exactly seven days is valid, the next millisecond and future clicks are not (0.190834ms)
✔ catalog list query limits equal the Go v2 parser (internal/buyerhttp/catalogv2.go) (48.151833ms)
✔ collection list cap equals Go maxCollectionsPerStore (8.944625ms)
✔ design caps equal internal/design/schema.go (nav, sections, pages) (5.874459ms)
✔ CVS buyer-entered store bounds and return path equal Go (internal/checkout/cvs.go, migration 0093) (2.94975ms)
✔ transfer view: closed shape and state rules mirror Go validTransferView (1.529041ms)
✔ proof body and result: five digits, positive minor amount, ISO instant (0.465917ms)
✔ minorFromText: major units with at most two decimals, never a float surprise (0.129209ms)
✔ buyer email mirror: one plain address, 254 characters at most (0.111583ms)
✔ countdown: whole hours and minutes, never negative (0.496375ms)
✔ copy: three locales carry every key and every refusal code (0.251334ms)
✔ options: a home row lists modes only with bank_transfer and then needs its window (0.604ms)
✔ checkoutInput: a home bank_transfer body, the optional trimmed email, and every refusal before any request (1.159166ms)
✔ order: AWAITING_TRANSFER is a valid commercial state without a hold time (0.475083ms)
✔ BFF: exact transfer routes, keyed proof PUT, strict body, validated answers, no generic proxy (101.360875ms)
✔ BFF: transfer refusal codes pass through as definite 422; checkout accepts bank_transfer and a valid email only (10.910375ms)
✔ D06 order heading follows a settled transfer: never 'waiting for transfer' above a confirmed or expired one (0.105292ms)
✔ uncertain prepare blocks all mutations; changed cookie context resolves journal (49.734292ms)
✔ fully parsed local denial clears only its own pending operation (0.846875ms)
✔ malformed journal, unavailable lock and stale context fail before writes (1.512792ms)
✔ BPT05 exact handoff permits absent body/key, one fetch, no form persistence (45.563625ms)
✔ BPT05 wrong handoff form and ordinary writes fail before any fetch (0.648583ms)
✔ BPT05 unresolved cookie journal blocks handoff; lost response is one fetch without persistence (0.162292ms)
✔ SU02 refresh permits absent body/key, one fetch, no persistence (0.194792ms)
✔ SU02 refresh rejects a body, a key or a malformed path before any fetch (0.121458ms)
✔ SU02 cancel permits absent body/key, one fetch, no persistence (0.107375ms)
✔ SU02 cancel rejects a body, a key or a malformed path before any fetch (0.095625ms)
✔ BPT01 exact private path, headers, body and three-locale one-fetch transport (49.811042ms)
✔ BPT02 payment routes reject untrusted path, context, headers, key and body before fetch (57.535458ms)
✔ BPT03 hostile upstream success is sanitized, never returned as payment data (16.752709ms)
✔ BPT04 every handoff failure is nonretryable, including pre-route and transport loss (2.870334ms)
✔ SU02 five routes: exact upstream path, method, key, body, one fetch each (0.986667ms)
✔ SU02 refresh and cancel are keyless and pass every CSRF/context denial before fetch (1.315291ms)
✔ SU02 every handoff/refresh/cancel failure is nonretryable and sanitized (21.564958ms)
✔ SU02 hostile Stripe bodies become the sanitized 503; PAYUNi and Stripe bodies stay byte-identical (78.898042ms)
✔ SU02 prepare accepts only the two known method codes (0.812041ms)
✔ disabled and invalid configuration fail closed before private fetch (70.302417ms)
✔ private authority, cookie lifecycle and strict local denial (31.8205ms)
✔ bad host, cookie, query and method never reach private API (1.19675ms)
✔ stalled inbound POST body is canceled at its deadline without a cookie or private call (2.221917ms)
✔ R10: Begin forwards independently signed signals; browser attribution and forwarded hosts are not authority (6.242542ms)
✔ CVS BFF: exact routes, keyed open/store, keyless verify, validated answers, no generic proxy (11.903292ms)
✔ CVS BFF: contract refusal codes pass through; pay_at_pickup_limit is a definite (non-retryable) 429 (40.02075ms)
✔ failed later transport session refresh keeps an earlier observed cart eligible (151.242875ms)
✔ failed later 503 session refresh keeps an earlier observed cart eligible (26.685833ms)
✔ newer successful session supersedes a delayed valid A cart on cart (140.412042ms)
✔ newer successful session supersedes a delayed valid A cart on cart-fails (23.491458ms)
✔ newer successful session supersedes a delayed valid A cart on absent (27.049208ms)
✔ a completed same-context command fences an earlier valid cart read (109.726459ms)
✔ unmount still fences a delayed session refresh after separating issued and observed generations (21.352458ms)
✔ unmount still fences a delayed cart refresh after separating issued and observed generations (41.35ms)
✔ round2 stale A session response cannot supersede newer refresh B or its lost-write Retry (113.953333ms)
✔ round2 stale A session response cannot supersede newer mutation B or its lost-write Retry (35.42675ms)
✔ rotated buyer context clears the prior cart on read and preserves the B receipt (34.896333ms)
✔ rotated buyer context clears the prior cart on lost-write and preserves the B receipt (15.442875ms)
✔ rotated buyer context clears the prior cart on refresh-read and preserves the B receipt (12.701416ms)
✔ lost first write keeps Retry alive: same context, same idempotency key, no second purchase (33.569375ms)
✔ fragment grammar accepts only one canonical token (1.067583ms)
✔ claim projections are closed (0.602791ms)
✔ claim token rides only its header on B1/B2 and is never echoed (151.983583ms)
✔ claim-priced cart edits send only SKU and quantity, keeping server price authority (14.457584ms)
✔ direct-checkout sold-out projection is mandatory, boolean and closed (0.132291ms)
✔ claim redeem shares the purchase lock, guards recovery and never persists the token (2.046ms)
✔ ClaimLink removal projects live-priced survivors on ready and conflict pages (65.1055ms)
✔ ClaimLink revisit checks out applied A while pending B is sold out or unavailable (14.191416ms)
✔ ClaimLink refreshes a nothing result after a second tab applied the claim (6.977083ms)
✔ ClaimLink does not navigate when a buyable claim target is absent or has changed quantity (19.180625ms)
✔ ClaimLink optional prior-order notice tolerates unreadable storage without bypassing recovery (19.313417ms)
✔ CVS01 map form: only the two ECPay e-map actions, exact fields, top-level-safe values (4.615208ms)
✔ CVS02 return path allowlist excludes /claim and anything but the checkout or product page (0.543083ms)
✔ CVS03 selection projection: VERIFIED<=>pickup, REJECTED<=>reject_code, absent keys read as null (2.499667ms)
✔ CVS04 buyer-entered store answer and request body (0.712292ms)
✔ CVS05 store code table (§16.1) keeps leading zeros and per-chain lengths (0.37375ms)
✔ CVS06 recipient mirror: real-name width 4..10 (CJK=2), no digits/symbols/emoji; 09 mobile (1.251625ms)
✔ CVS07 checkout draft: name, phone and mode only; read once; corrupt/foreign shapes are dropped (0.438041ms)
✔ CVS08 return URL: only ?cvs_selection=<uuid> is accepted (0.498208ms)
✔ CVS09 buyer order projection and copy keys: nothing but PICKED_UP says picked up (0.283875ms)
✔ CVS10 error codes: field mapping, definite refusals, official links are https constants (0.605417ms)
✔ CVS11 client transport: verify is the one new keyless POST; the server refusal code rides BuyerClientError.detail (24.046709ms)
✔ every locale x page has a title, an updated line and at least one section (0.856583ms)
✔ locales share the section count and per-section body count of every page (4.546916ms)
✔ final text is only the owner-confirmed company facts (CR 81215167 name + registered address); nothing else is final (0.243834ms)
✔ a legal page is published only when every text on it is final; buyers see no link to an unpublished one (0.616708ms)
✔ data-deletion path is named in the privacy page of every locale (0.091167ms)
✔ pendingOwnerText lists exactly the texts that keep a page unpublished and is written for the owner (2.498459ms)
✔ a live (claim-origin) price replaces the catalog price and strikes it through (1.48ms)
✔ without a live price the catalog price and its compare-at are shown unchanged (0.167625ms)
✔ a live price equal to or above the catalog price is shown as set (strike hidden by the UI guard) (0.104042ms)
✔ a live price strikes the catalog price, never the variant sale price (0.096125ms)
✔ order ref: 12 hex (dashes or spaces, any case) or a full id (2.274417ms)
✔ contact: one email or a phone of 6..20 digits (0.399208ms)
✔ body is exactly {order_ref, contact}; the answer is exactly {order_id} (0.318875ms)
✔ BFF lookup: no cookie needed, fresh token goes upstream, cookie only on 200 and it carries that same token (117.148834ms)
✔ BFF lookup: strict local denial before any private fetch (77.997625ms)
✔ copy: three locales carry every key (4.747208ms)
✔ MS4 srcset descriptors use actual decoded widths and deduplicate small renditions (0.382084ms)
✔ MS1 product rendition allowlist preserves trusted Host and never forwards buyer cookies (105.749042ms)
✔ MS2 invalid, duplicate, extra, encoded widths and non-product variants fail before fetch (3.6705ms)
✔ MS3 old-image fallback is never promoted to immutable; committed variants are cacheable (6.075ms)
✔ TWD whole amounts show no decimals in every locale and at every magnitude (line, subtotal, total, zero) (38.392ms)
✔ cents appear only when there are cents, then always as two digits; the minor-unit arithmetic is untouched (0.988208ms)
✔ digits come from the currency: JPY none, USD two when there are cents (1.323458ms)
✔ one formatter: no component, page or lib builds a currency Intl.NumberFormat outside lib/money.ts (64.615709ms)
✔ locale probe bounds a missing destination head with a route/device diagnostic (3.922875ms)
✔ locale probe clears its deadline when the real head promise completes (0.4935ms)
✔ warmup request interception has a precise local deadline and clears its timer (0.820125ms)
✔ warmup upstream completion has a precise local deadline and clears its timer (1.40375ms)
✔ warmup timer is cleared on upstream success and upstream rejection (1.19975ms)
✔ EARLY_HEAD route continues a missing-Referer request without resolving the English barrier (0.505541ms)
✔ fragment: exactly #o=<order id>&t=<43-char token>; anything else is null (1.823ms)
✔ body is exactly {order_id, token, proof}; the answer is exactly the order the link named (0.374292ms)
✔ BFF link: no cookie needed, fresh token upstream, cookie only on a 200 naming the same order, link token never echoed (86.423125ms)
✔ BFF link: strict local denial before any private fetch (6.208291ms)
✔ copy: three locales, one refusal text, a retry and a lookup path (0.242667ms)
✔ BPU01 fresh payment writes exact metadata before prepare, one bodyless Take, no persistent form (70.17925ms)
✔ BPU01 lost prepare response replays original key/body only on explicit next click (5.757166ms)
✔ BPU01 lost handoff is permanently GET-only, even after a second click (14.855625ms)
✔ BPU01 storage, amount, scope and child/screen fences reject before irreversible writes (3.115667ms)
✔ BPU01 document/child loss after prepare but before Take leaves exact replay marker (1.193791ms)
✔ BPU01 malformed server handoff never submits and Take remains nonretryable (2.869ms)
✔ BPU01 marker replacement before Take and after Take blocks release/form reuse (4.391541ms)
✔ BPU01 context replacement after prepare and after Take closes destination without form (3.787042ms)
✔ BPU01 synchronous destination refuses invalid locale before opening a window (1.330792ms)
✔ SU03 fresh Stripe pay: marker before prepare, one prepare, one handoff, navigate, URL never stored (13.135167ms)
✔ SU03 marker replay: lost prepare response replays key/body, no uncertain on PENDING view with leftover marker (5.981125ms)
✔ SU03 cross-device Continue needs no marker and never prepares (1.444875ms)
✔ SU03 marker/view matrix: PAYUNi marker on Stripe view and Stripe marker on PAYUNi view send nothing (6.672584ms)
✔ SU03 any other view renders without a POST (7.319792ms)
✔ SU03 CREATING: waits on the schedule without the lock, then hands off once when READY (27.434458ms)
✔ SU03 CREATING budget: 10 reads over 30 s, then the blank child is closed, no POST, no throw (3.180542ms)
✔ SU03 cancel_requested seen on the re-GET aborts before the handoff POST (0.328208ms)
✔ SU03 handoff outcomes: CREATING closes child, CLOSED/UNAVAILABLE/error/malformed reject; one POST each, never retried (9.604042ms)
✔ SU03 Stripe prepare errors, amount/currency mismatch and popup loss stop before any handoff (2.764291ms)
✔ SU03 two clicks make two handoff POSTs only because there were two clicks; sequential, none from reads (0.844542ms)
✔ SU03 navigate: validates again, needs an owned blank child, sets used before replace, no URL in errors (0.397625ms)
✔ SU03 refresh signal: keyless single POST, validated, throttled 1/10 s and 30 per page life, cancel never throttled (1.877458ms)
✔ SU03 signal failures are single-shot and sanitized: HTTP error, malformed body, wrong order (0.293375ms)
✔ private quote/option authority fields are required; only exact MANUAL home can checkout (2.533042ms)
✔ continue shopping advances only ordered version, clears hint, keeps SQL history authoritative (40.133792ms)
✔ lost next-cart response retries identical key/body and preserves a newer cart (4.199833ms)
✔ continuation never overwrites an already advanced cart (4.084666ms)
✔ unknown checkout blocks continuation without any business request (1.480042ms)
✔ two queued continuation clicks mutate once; stale order ID cannot clear another order (3.161416ms)
✔ CAS conflict resolves only after a newer cart is read (2.808917ms)
✔ locator removal failure retains next-cart journal and recovery survives missing locator (2.461417ms)
✔ order history summary rejects PII/unknown fields and malformed scope IDs (0.403875ms)
✔ native address validation mirrors printable Unicode, limits and phone; journal forbids PII (5.228708ms)
✔ address lost reply replays exact in-memory intent, then confirms current head (16.630166ms)
✔ address reload requires explicit new intent and exact observed CAS; stale head never auto-bumps (7.517791ms)
✔ old address receipt cannot confirm another tab's newer current head (0.695791ms)
✔ a late address CAS winner requires another explicit confirmation, not an automatic version bump (8.136917ms)
✔ checkout lost reply, queued duplicate and current GET reuse one key and one order (7.174708ms)
✔ uncertain checkout retains original journal across later 401/403/404/5xx and malformed success (7.126833ms)
✔ only a fresh definitive denial clears checkout; no order locator is invented (0.478459ms)
✔ locator storage failure after commit retains same key; reload GET failure keeps locator (0.815417ms)
✔ locator persisted but journal removal failed resumes pending receipt, not unrelated pointer (1.121292ms)
✔ unavailable storage, invalid locator and late changed context fail closed (0.544458ms)
✔ order locator readback mismatch and no-op journal removal both retain checkout recovery (1.097334ms)
✔ direct claim continuation refuses a newer ordered cart inside the purchase lock (0.361209ms)
✔ direct claim continuation keeps next-cart recovery after a conflicting clear (0.242541ms)
✔ collector projection: admitted for derived connections, absent/null for primary (1.691584ms)
✔ collector rejects identifiers, extra keys and malformed text (0.208125ms)
✔ disclosure renders the contract §5 line with all three slots substituted (0.121292ms)
✔ the disclosure line exists exactly when the hosted view returns a collector (0.763333ms)
✔ a shop or collector name with a replacement pattern is shown literally (0.178458ms)
✔ OrderPayment renders the disclosure with the view, above every pay button, through the helper only (1.563833ms)
✔ BPT03 exact valid projection and Go nanosecond UTC timestamps (11.64725ms)
✔ BPT03 view rejects private fields, inconsistent state and malformed names (0.403166ms)
✔ BPT03 prepared receipt enforces exact original credit-card amount (0.153375ms)
✔ BPT03 hosted form and replay are exact, bounded and action-allowlisted (0.512209ms)
✔ SU01 Stripe views: fresh, both methods, attempt states, PAYUNi unchanged (0.36775ms)
✔ SU01 Stripe view negatives (0.287834ms)
✔ SU01 prepared amounts follow the corrected per-currency table (0.223125ms)
✔ SU01 Stripe handoff union and every redirect_url negative (0.492084ms)
✔ SU01 payment signal is exactly {order_id, scheduled:boolean} (0.19725ms)
✔ RUI01 refund summary: refunded states, pending money, absent ≡ null (0.477417ms)
✔ RUI01 refund summary negatives (0.372417ms)
✔ BPU03 neutral GET and POST return ignore every callback field and cookie (35.223125ms)
✔ primary origin: exact path/query, same host, and no URL-controlled destination (12.54275ms)
✔ GET and HEAD use trusted Host, private bounded uncached resolver and exact 301 (31.05325ms)
✔ no writes redirected; resolution failures fail closed; unknown hosts keep native 404 (1.145167ms)
✔ policy version is the frozen constant, in the customers-core D4 shape (0.795125ms)
✔ route table: exactly the four buyer privacy routes, methods and body kinds (0.8155ms)
✔ body shapes are closed and mirror the frozen Go inputs (no source, no policy_version) (0.224375ms)
✔ GET privacy validator: closed shape, erased owner holds no consent (0.288292ms)
✔ consent result and erasure summary validators (0.453042ms)
✔ buyer export envelope never carries customer_id (0.17425ms)
✔ failure classification: 410 and erased are the erased state (0.10725ms)
✔ copy: every locale has the same keys, the ads box discloses that sent events cannot be recalled (1.298041ms)
✔ selected option photo uses a main display slot without adding a fifth main image (1.276875ms)
✔ use-cover selection and a main-thumbnail selection restore the original main gallery (0.269541ms)
✔ cart thumbnail uses variant then catalog image_id, including when main images are absent (0.116834ms)
✔ migrated four-main/five-detail images stay separate when the option photo changes (4.9435ms)
✔ real cart-detail composition uses server SKU image_id (v2 detail available) (98.361833ms)
✔ real cart-detail composition uses server SKU image_id (v2 detail unavailable) (3.615625ms)
✔ parity: frontend caps equal the Go constants (1.546625ms)
✔ detail parser: 4 main + 20 detail + option-value images are accepted and mapped (1.196583ms)
✔ detail parser: 5 main, 21 detail, bad ids and over-cap option images are refused (0.220792ms)
✔ detail parser: a backend before product-media-v2 (no new keys) still parses with empty defaults (0.089917ms)
✔ v1 catalog row: images are main-only (<= 4) and image_id is a uuid or null (0.234875ms)
✔ PRO-S1 code mirror: any case and spaces normalise; impossible codes never become a request (0.941333ms)
✔ PRO-S2 promotion object: closed keys, kind/value pairing (0.379042ms)
✔ PRO-S3 quote validator: promotion is optional but never malformed; the discount stays the server's own number (0.556417ms)
✔ PRO-S4 journal grammar: a quote write may carry one canonical promo_code, nothing else (0.883333ms)
✔ PRO-S5 copy: three locales cover every refusal code and the same keys (0.838833ms)
✔ PRO-S6 BFF quote route: promo_code relayed untouched when canonical, refused before the private API otherwise (68.656167ms)
✔ PRO-S7 BFF: every promo_* refusal is a definite, non-retryable 422 with its own code (13.784291ms)
✔ demonstration disclosure is explicit and local-only (0.486958ms)
✔ cart selection preserves unrelated SKUs and the observed CAS version (6.243166ms)
✔ minor amounts are bounded before multiplication, including zero (0.218708ms)
✔ delivery identity includes country for one market and method (0.176333ms)
✔ journal is bound to context and rejects PII/unknown fields (0.761042ms)
✔ lost response replays exact key/body, then clears only after parsed receipt (65.569542ms)
✔ RUI02 buyer order admits MERCHANT_SHIPPED only with a SHIPPED head; absent shipment ≡ null (12.28325ms)
✔ RUI02 shipment shape negatives (incl. unsafe links) (0.584833ms)
✔ RUI02 history summary admits MERCHANT_SHIPPED (a shipped order must not break the list) (0.207291ms)
✔ CVSP01 options: CVS rows carry pickup_selection/payment_modes; unavailable rows are a separate shape (1.034625ms)
✔ CVSP02 CVS destination write: TW only, pickup_id required, empty home address; home unchanged (4.783334ms)
✔ CVSP03 checkoutInput: payment_mode only for CVS rows and only a mode the row offers (1.35675ms)
✔ COD confirmation includes expected fee, enforces collect cap and validates immutable order money (0.621417ms)
✔ CVSP04 buyer order: pay_at_pickup <=> collection_state; cvs_shipment only on a matching CVS destination (0.756333ms)
✔ CVSP05 journal accepts a CVS destination marker and a checkout body with payment_mode, nothing else (0.863666ms)
✔ validProduct accepts up to the Go photo cap and rejects one more (3.962334ms)
✔ design: garbage and hostile documents collapse to the safe default shape (3.813959ms)
✔ design: links, preview token propagation, nav resolution (1.280834ms)
✔ design: any merchant accent yields readable button text and link colour (WCAG AA) (0.682667ms)
✔ variants: resolution, disabled out-of-stock combinations, initial choice, price bounds (0.385875ms)
✔ catalog-v2 parsers accept the frozen shapes and refuse drift (1.358792ms)
✔ free-delivery progress words the hint only when a threshold exists (0.219375ms)
✔ list query: only whitelisted, canonical values survive (0.704916ms)
✔ seo: JSON-LD cannot break out of its script tag; offers reflect stock and price range (25.42025ms)
✔ seo: sitemap escapes and carries hreflang; robots refuses everything for a closed host (0.427458ms)
✔ money: whole amounts drop cents, minor digits come from the currency, filters round-trip (0.7945ms)
✔ cart line write: replaces one line, keeps the others, 0 removes, CAS version is the one shown (2.566042ms)
✔ cart problems map to buyer-facing classes without leaking transport detail (0.129208ms)
✔ checkout options accept the optional free-shipping threshold only as a positive integer or null (0.261ms)
✔ no-image placeholder copy: exactly the locale label a photo-less card or gallery renders (0.082416ms)
✔ storefront image caps equal the Go catalog caps (internal/catalog MaxMainImages, MaxDetailImages) (5.800541ms)
✔ design text limits count code points like Go, never splitting a surrogate pair (6.774708ms)
✔ G3: same-series cards exclude the current product and never invent absent draft/foreign products (0.954875ms)
✔ G5: safety guidance exists in three languages without changing the five merchant policy approval boundaries (1.734583ms)
✔ G4: category chips omit empty collections; hidden collections absent from the public API stay absent (0.101542ms)
✔ OrderHistory renders server order instant in Taipei (13.137791ms)
✔ ClaimLink renders claim expiry in Taipei (8.762416ms)
✔ BankTransfer renders deadline and proof instant in Taipei (7.191833ms)
✔ BankTransfer proof echo labels store time in en (3.21925ms)
✔ BankTransfer proof echo labels store time in zh-TW (4.183375ms)
✔ BankTransfer proof echo labels store time in zh-CN (5.193833ms)
✔ BankTransfer input describes the device zone in en (4.501459ms)
✔ BankTransfer input describes the device zone in zh-TW (4.170584ms)
✔ BankTransfer input describes the device zone in zh-CN (4.574958ms)
✔ BankTransfer input has a generic label when Intl has no zone in en (3.593333ms)
✔ BankTransfer input has a generic label when Intl has no zone in zh-TW (39.604917ms)
✔ BankTransfer input has a generic label when Intl has no zone in zh-CN (21.523458ms)
✔ ShopFooter uses Taipei year across UTC year boundary (15.880167ms)
✔ BankTransfer deadline labels store time in en (2.734292ms)
✔ BankTransfer deadline labels store time in zh-TW (2.856834ms)
✔ BankTransfer deadline labels store time in zh-CN (2.878667ms)
✔ OrderHistory states the Taipei time zone once in en (2.4285ms)
✔ OrderHistory states the Taipei time zone once in zh-TW (1.972208ms)
✔ OrderHistory states the Taipei time zone once in zh-CN (1.838583ms)
✔ dictionaries have exact parity and non-empty values (2.667958ms)
✔ locale precedence and language quality mapping (1.277ms)
✔ localized paths preserve deep links and reject dangerous input (0.748375ms)
✔ path locale only matches a canonical first segment (0.127375ms)
✔ the four constructs render (1.609875ms)
✔ XSS payloads stay inert text (1.685625ms)
✔ fuzz: any string over a hostile alphabet renders only whitelisted tags (35.628292ms)
✔ validator mirrors the Go rules (11.438542ms)
✔ SDN1 allowlist: exactly the contract routes, per method (7.578708ms)
✔ SDN1 allowlist: traversal, case, suffix and prefix tricks never match (0.579125ms)
✔ SDN1 request shape: no query string anywhere, reads carry no body, key, length or transfer-encoding (34.226709ms)
✔ SDN1 cap: 260 KiB = Go's 256 KiB document + 4 KiB envelope, and a body of exactly the cap is still below it (0.120125ms)
✔ SDN2 renderer: every XSS payload comes out as whitelisted tags and escaped text only (2.482ms)
✔ SDN2 renderer: escape-first means the merchant's text never becomes markup (0.386958ms)
✔ SDN2 renderer: fuzz (seeded) never produces a tag outside the whitelist (99.500041ms)
✔ SDN2 client validator rejects what the server rejects (HTML, non-https links, `<` anywhere) (0.763292ms)
✔ cleanForSave turns cleared fields into null but keeps an empty body (1.174541ms)
✔ localIssues names each missing mandatory value by server path (1.386458ms)
✔ moved swaps neighbours and ignores out-of-range moves (0.19425ms)
✔ parsers accept the exact Go shapes and refuse extra or missing keys (0.918917ms)
✔ BFF allowlist covers exactly the design resources (0.6355ms)
✔ validDesignRequest refuses queries and bodies on reads, ignores other paths (21.339042ms)
✔ designDetails forwards only a bounded {path, reason} pair (0.49375ms)
✔ accepts exactly the three locale invite paths with a 20-200 char token (0.933083ms)
✔ rejects anything that is not an exact same-origin relative invite path (0.191458ms)
✔ rejects percent-encoded variants of the exact shape (0.101416ms)
✔ the token is an opaque invite token shape, never a URL (0.102041ms)
✔ fragment carrier: round-trips the exact invite path, is never a query string, and rejects hostile fragments (0.384334ms)
✔ dashboard: accepts the frozen shape, rejects drift (6.7075ms)
✔ import result: strict keys, closed error codes, committed never carries errors (0.52025ms)
✔ csv file guard mirrors the Go bounds (0.209ms)
✔ manual options: a COD home row parses with its offer (D01: the page used to refuse the whole list) (1.692708ms)
✔ manual options: only bank_transfer / pay_at_pickup / cash_on_delivery, key must equal market|country|code (0.343792ms)
✔ manual result: link is https with the order id and a 43-char capability in the fragment only (0.591541ms)
✔ draft: first problem, and the body has no price-like field at all (6.79575ms)
✔ BFF grammar: exactly the seven tools resources (0.251792ms)
✔ regenerate body/result: exactly {order_id, locale} and a fresh https link naming that order (16.0255ms)
✔ copy parity: every locale has every key, import rules and error codes (5.973667ms)
✔ callback redirect target is always a same-origin /<locale>/settings path whatever the cookies, store, code or error say (5.575459ms)
✔ the binding cookie: exactly one canonical store uuid, path-scoped to the callback, HttpOnly, Lax, 10 minutes, Secure (0.238208ms)
✔ callback query: exactly one code and one state within charset/length bounds; Meta's error=… and repeats are not forwarded (1.263667ms)
✔ the dialog URL the BFF hands the browser is https://www.facebook.com only (0.318667ms)
✔ callback error mapping only ever yields fixed codes, never an upstream message (0.463792ms)
✔ selected Page qualifies only a bare Facebook id, never rewrites another Page or external URL (6.879375ms)
✔ status: not connected, connected with and without Instagram, and every deviation throws (8.436917ms)
✔ pick state: closed shape, optional Instagram keys come as a pair, id must match (6.714ms)
✔ route grammar: only status/states/pick/disconnect; start and callback are dedicated routes; no query; reads carry no body or key (41.890666ms)
✔ connect cookie, body and callback redirect never carry code/state and only fixed codes (1.185041ms)
✔ copy: three locales have the same keys and every Go error code has a message (0.291167ms)
✔ review-required remains restricted; evidence does not promote state (1.216ms)
✔ legacy omission remains unidentified, independent of array order (0.351792ms)
✔ closed shapes reject unknown state/provider/evidence, leaked fields and inconsistent severity (0.549ms)
✔ duplicate capabilities/pages and unbounded arrays cannot become trusted state (0.135958ms)
✔ worst Page determines advice, no raw upstream reason reaches copy (0.165167ms)
✔ recheck receipt means scheduled; timestamps and closed keys are checked (0.118917ms)
✔ exact keyless route grammar rejects query/key/body confusion (62.107334ms)
✔ recheck takes exactly page_id and no caller-provided scope (1.249333ms)
✔ blocking advice comes from the blocking capability, not a secondary public-reply warning (0.33075ms)
✔ clean health browser mode prepares admin standalone before starting its fixture (25.949292ms)
✔ en: expired connection retains its full refusal inside a wrapping badge (18.596958ms)
✔ zh-TW: expired connection retains its full refusal inside a wrapping badge (1.68625ms)
✔ zh-CN: expired connection retains its full refusal inside a wrapping badge (1.223709ms)
✔ actual B1 snapshot state remains ok even when a fixture expected review_required (0.211583ms)
✔ D02 TWD input: whole dollars only, x100 on the wire (63.3875ms)
✔ D02 TWD edit text: whole dollars have no decimals; a legacy amount with cents is never shown as another price (2.759834ms)
✔ D02 display: NT$ without decimals in every language, cents only when there are cents (5.060875ms)
✔ D02 live-price input (Studio claims): TWD whole dollars, other currencies their decimals (1.797541ms)
✔ D02 discount code amounts: TWD whole dollars, a decimal is refused before it is sent (0.957417ms)
✔ D02 no admin copy or component says 'minor units' to the merchant (34.032834ms)
✔ M06 time: Asia/Taipei everywhere, labelled, never UTC (13.458167ms)
✔ settings answer: exactly one boolean key (1.245333ms)
✔ PUT body is the frozen single key (0.078208ms)
✔ BFF grammar: GET read, PUT keyed command, nothing else (0.222667ms)
✔ copy: three locales, same keys, no empty text (0.159375ms)
✔ PRM01 parse: exact keys, kind/value pairing and ranges; duplicates and unknown keys are refused (3.380209ms)
✔ PRM02 Taipei wall time: +08:00 on the wire, instant shown back in Taipei, impossible dates refused (14.542125ms)
✔ PRM03 create body: normalised code, major units to minor units, optional fields null, whole body validated (4.515458ms)
✔ PRM04 update + toggle: version CAS key, form round trip, pause keeps every other field (0.896667ms)
✔ PRM05 BFF grammar: exactly list, create and update; nothing generic (0.370166ms)
✔ PRM06 copy: three locales carry the same keys and every refusal code the Go routes can answer (0.271625ms)
✔ G-UI3/G-UI5 architecture constraints pass with shrinking legacy exceptions (1504.992708ms)
✔ G-UI3/G-UI5 negatives: new formatter, component fetch, >800 lines and wider allowance fail (0.406125ms)
✔ Readiness jump controls expose the actual active section, not a click flag (1.020792ms)
✔ Integrator P2: legal CN comment ordering and a distinct three-image recommendation (0.422334ms)
✔ ADM04 and ADM06 explain unavailable SKUs and keep collection vocabulary consistent (0.542375ms)
✔ ADM06 create/detail titles share the route vocabulary without adding a phantom Next page (0.851375ms)
✔ G-UI1 Next pages and route registry are bidirectional, unique, typed, documented (6.755875ms)
✔ G-UI1 copy key parity: no missing or extra key in any locale (0.416459ms)
✔ G-UI2 staff without catalog:read cannot see products/inventory or open a product URL (0.545792ms)
✔ G-UI2 every route permission is a permission Go knows, and /orders/new needs inventory:reserve (1028.361125ms)
✔ G-UI1 dynamic and public routes match, details never appear as navigation (0.431417ms)
✔ W6-U2 ledger is a settings in-page route, preserving existing navigation (0.251083ms)
✔ Every browser spec clicks nav-orders: the orders group stays a singleton, so returns/new/print routes are nav: false (1.500708ms)
✔ shell-registry: every routed path has exactly one nonempty shared h1 in all three locales (202.978667ms)
✔ shell-registry: orders stays one actual group button on live and non-live routes (3.010167ms)
✔ shell-registry: loading/expired/unavailable/forbidden keep one safe heading and never leak private content (2.910708ms)
✔ created address is a strict HTTPS origin matching the assigned handle (1.024917ms)
✔ DNS instructions must name the requested origin and a bare hostname target (0.310542ms)
✔ domain kind is authoritative and closed, not inferred from host or token (0.136792ms)
✔ apex DNS retains every concrete IPv4/IPv6 address and rejects malformed values (0.485583ms)
✔ pending domain journal preserves exact action/key/target; legacy or corrupt markers never replay (0.661375ms)
✔ browser-origin gate: every refusal happens before Go is called, for every action (20.254ms)
✔ only POST exists on the team routes (1.428708ms)
✔ unknown action is a local 404 and never reaches Go (0.829084ms)
✔ strict request grammar: wrong keys, types, ids, roles, locales and token shapes are 422 locally (6.276834ms)
✔ what reaches Go: BFF key, bearer from the cookie, no Cookie/Origin, body unchanged, exactly one call per request (76.523041ms)
✔ Go failures are rebuilt locally from allow-listed codes, never retried, and never echo the token (51.850708ms)
✔ team answer: accepts the frozen shape, null role and OIDC member without email (1.3045ms)
✔ team answer: unknown key, unknown role, bad id, bad mail state are rejected (0.812958ms)
✔ invite and accept answers are strict (0.939ms)
✔ request grammar: every action has an exact key set and rejects junk values (0.4965ms)
✔ copy: three locales carry the same keys and a label for every role (0.939583ms)
✔ role-aware navigation: hides entries the member's permissions cannot use; unknown shows all; Team is owner-only (0.462416ms)
✔ P02 settlements directory rejects missing/link/owner/group/mode with a valid control (1322.725334ms)
✔ preflight health permission grammars and API/worker consistency fail closed (3711.642209ms)
✔ merchant alert flag is explicit 0|1 and independently requires SMTP (2103.280792ms)
✔ shared loader makes API/worker LIVE pair file-only before Compose interpolation (401.435042ms)
✔ export bind accepts omitted JSON false but rejects unsafe source/config mutations (2.38925ms)
✔ sanctioned operator allowlist and fail-closed gates (fake docker, no network) (3609.663625ms)
✔ platform operator custody, export mount and binary are wired (175.453667ms)
✔ actual export bind refuses a missing directory; enabling auto-create is detected (572.257208ms)
✔ R3 preflight rejects cancelled PAYUNi, validates Page app and keeps LIVE pair mandatory (1244.59925ms)
✔ R3 smoke exercises exact denied probes, accepts 404 only for disabled mounts (104.523917ms)
✔ positive control: a complete, valid configuration raises no META_LOGIN finding (2257.86975ms)
✔ feature off (COMMERCE_META_LOGIN_CONFIG_ID empty): no rule applies even with the other keys empty (557.179375ms)
✔ P06: the Page route needs the webhook receiver (478.8235ms)
✔ P06: sessions come from identity (362.715708ms)
✔ P06: without the claims profile nobody sends the private replies (a WARN, not a FAIL) (341.466334ms)
✔ P08: COMMERCE_META_LOGIN_CONFIG_ID must be numeric ("abc") (319.059958ms)
✔ P08: COMMERCE_META_LOGIN_CONFIG_ID must be numeric ("12 34") (292.368917ms)
✔ P08: COMMERCE_META_LOGIN_CONFIG_ID must be numeric ("111111111111") (262.947792ms)
✔ P08: COMMERCE_META_LOGIN_CONFIG_ID must be numeric ("0x10") (391.204166ms)
✔ P08: COMMERCE_META_LOGIN_CONFIG_ID must be numeric ("-1") (318.847834ms)
✔ P08: COMMERCE_META_LOGIN_REDIRECT_URI must be exactly https://<LC_ADMIN_HOST>/api/meta/callback (wrong host) (286.592875ms)
✔ P08: COMMERCE_META_LOGIN_REDIRECT_URI must be exactly https://<LC_ADMIN_HOST>/api/meta/callback (http scheme) (282.420417ms)
✔ P08: COMMERCE_META_LOGIN_REDIRECT_URI must be exactly https://<LC_ADMIN_HOST>/api/meta/callback (the ads callback path) (199.0525ms)
✔ P08: COMMERCE_META_LOGIN_REDIRECT_URI must be exactly https://<LC_ADMIN_HOST>/api/meta/callback (trailing slash) (200.518458ms)
✔ P08: COMMERCE_META_LOGIN_REDIRECT_URI must be exactly https://<LC_ADMIN_HOST>/api/meta/callback (query string) (265.265125ms)
✔ P08: COMMERCE_META_LOGIN_REDIRECT_URI must be exactly https://<LC_ADMIN_HOST>/api/meta/callback (empty) (224.14675ms)
✔ P08: COMMERCE_META_LOGIN_GRAPH_VERSION grammar vNN.N ("26.0") (233.338459ms)
✔ P08: COMMERCE_META_LOGIN_GRAPH_VERSION grammar vNN.N ("v26") (171.414ms)
✔ P08: COMMERCE_META_LOGIN_GRAPH_VERSION grammar vNN.N ("v26.0.1") (163.789834ms)
✔ P08: COMMERCE_META_LOGIN_GRAPH_VERSION grammar vNN.N ("latest") (229.065ms)
✔ P08: COMMERCE_META_LOGIN_GRAPH_VERSION grammar vNN.N ("") (504.132583ms)
✔ P08: COMMERCE_META_LOGIN_GRAPH_VERSION grammar vNN.N ("v1000.0") (452.704042ms)
✔ P08: COMMERCE_META_LOGIN_GRAPH_VERSION accepts v26.0 (275.478084ms)
✔ P08: COMMERCE_META_LOGIN_GRAPH_VERSION accepts v22.0 (249.429417ms)
✔ P08: COMMERCE_META_LOGIN_GRAPH_VERSION accepts v99.9 (273.087416ms)
✔ production without any alert channel is a FAIL (nobody would hear the next outage) (2224.493625ms)
✔ outside production the same gap is only a WARN (673.0745ms)
✔ a webhook alone satisfies the rule (444.803833ms)
✔ an e-mail target with a complete relay (host, username, secret) satisfies the rule (332.002875ms)
✔ an e-mail target without the relay secret cannot be sent: FAIL in production, WARN elsewhere (671.984916ms)
✔ the example's CHANGE_ME_SENDER placeholder is not a relay: the e-mail target cannot be sent (266.994333ms)
✔ LC_ALERT_EMAIL must be one plain address ("not-an-address") (273.387792ms)
✔ LC_ALERT_EMAIL must be one plain address ("two@fake.invalid,three@fake.invalid") (331.324542ms)
✔ LC_ALERT_EMAIL must be one plain address ("a b@fake.invalid") (299.2545ms)
✔ LC_ALERT_EMAIL must be one plain address ("<owner@fake.invalid>") (296.808917ms)
✔ LC_ALERT_EMAIL must be one plain address ("owner@fake") (299.056916ms)
✔ storefront cart-line removal is reversible: clicked for real, not guarded (1.9135ms)
✔ destructive / irreversible / sign-out classification (owner list, en + zh) (1.3195ms)
✔ alike controls (rows with ids / numbers) share one class key (0.31725ms)
✔ known defects classify, never silence: stale entries are reported (0.859584ms)
✔ the markdown ledger has one row per interaction and names the verdict (0.507833ms)
✔ protocolHrefOK accepts well-formed tel:/mailto: and rejects malformed ones (0.379541ms)
✔ J1 waits for enabled media and clicks a real chooser; the uploaded cover is bound to the main section (1132.251792ms)
✔ J1 cannot credit a detail-image receipt as the main cover (1.325833ms)
✔ J1 refuses a failed cover upload rather than continuing to activate (0.450584ms)
✔ thresholds are the named constants of the brief (1.738083ms)
✔ R1: document wider than the viewport, and the outermost element past the edge (0.7875ms)
✔ R2: label tops, control tops and control heights of one visual row (1.86ms)
✔ R2: what is one row and what is not (0.774583ms)
✔ R2: a button beside a field has to line up with its control (0.681666ms)
✔ R3: a row made tall by stacked controls, a control wider than its cell (1.113417ms)
✔ R3: a matrix whose EVERY row is doubled by a stacked stock cell (the median cannot see it) (0.93ms)
✔ R4: small text, helper text apart, icons and duplicates excepted (14.598875ms)
✔ R5: tap targets on the 390 viewport only (3.948375ms)
✔ R6: interactive elements and text boxes that overlap (4.118416ms)
✔ R7: text clipped inside a control or label (either side), and select values that do not fit (2.101375ms)
✔ R8: the same visible label twice in one list (0.662458ms)
✔ evaluate() tags severity, selectRecords() keeps distinct groups first and counts every instance (1.590875ms)
✔ R9: text and controls flush to the screen edge at 390 (2.83175ms)
✔ R6/R9 judge the visible (ancestor-clipped) rectangle, not the raw one (integrator ruling 2026-10-05) (0.437459ms)
✔ R10: a fixed or sticky bar covering main content after scrolling (2.114833ms)
✔ R11: controls narrower than a usable width (0.916042ms)
ℹ tests 460
ℹ suites 0
ℹ pass 460
ℹ fail 0
ℹ cancelled 0
ℹ skipped 0
ℹ todo 0
ℹ duration_ms 14794.794791
✔ closed projections reject secret-shaped extras, invalid enums, IDs and contradictory capabilities (0.777375ms)
✔ detail accepts only bounded events and keeps actual server action flags (0.398125ms)
✔ BFF exact routes and request grammar forbid keys/body on reads, filters on detail and arbitrary writes (21.337666ms)
✔ copy parity, safe object navigation and UNKNOWN/protective reasons (0.205625ms)
✔ read-only store capability never exposes a command even if the state allows one (0.067834ms)
✔ duplicate escaped keys cannot bypass the exact command grammar (0.04925ms)
✔ query backoff affects only its operation and expires without another action (0.051625ms)
✔ merchant reason text translates ledger events and conceals unknown or prototype codes (0.103042ms)
✔ ledger read navigation requires effective integration:read permission regardless of role (0.072166ms)
ℹ tests 9
ℹ suites 0
ℹ pass 9
ℹ fail 0
ℹ cancelled 0
ℹ skipped 0
ℹ todo 0
ℹ duration_ms 109.802125
✔ OrderHistory renders server order instant in Taipei (9.790667ms)
✔ ClaimLink renders claim expiry in Taipei (3.889625ms)
✔ BankTransfer renders deadline and proof instant in Taipei (3.25675ms)
✔ BankTransfer proof echo labels store time in en (2.252083ms)
✔ BankTransfer proof echo labels store time in zh-TW (3.04075ms)
✔ BankTransfer proof echo labels store time in zh-CN (2.135209ms)
✔ BankTransfer input describes the device zone in en (1.804792ms)
✔ BankTransfer input describes the device zone in zh-TW (2.151542ms)
✔ BankTransfer input describes the device zone in zh-CN (1.808292ms)
✔ BankTransfer input has a generic label when Intl has no zone in en (1.331958ms)
✔ BankTransfer input has a generic label when Intl has no zone in zh-TW (1.019292ms)
✔ BankTransfer input has a generic label when Intl has no zone in zh-CN (0.95275ms)
✔ ShopFooter uses Taipei year across UTC year boundary (1.776ms)
✔ BankTransfer deadline labels store time in en (2.062792ms)
✔ BankTransfer deadline labels store time in zh-TW (1.373208ms)
✔ BankTransfer deadline labels store time in zh-CN (1.106ms)
✔ OrderHistory states the Taipei time zone once in en (0.786167ms)
✔ OrderHistory states the Taipei time zone once in zh-TW (0.770625ms)
✔ OrderHistory states the Taipei time zone once in zh-CN (0.740667ms)
✔ Meta rejection wording is preserved as bounded Unicode text, never translated (2.272875ms)
✔ frozen error codes: model list equals the frozen list, each is read from both error shapes (0.739709ms)
✔ copy: every code, status, op state and connect error has text in all three locales (0.608084ms)
✔ copy never calls a budget a hard stop and never offers resume (0.709083ms)
✔ draft: every §5.1 status parses; unknown status/template/op state is an error, never guessed (1.014584ms)
✔ draft: optional fields, remote ids and the Ads Manager link (0.35875ms)
✔ action hints: pause whenever a remote id exists and not ENDED; a paused draft is only ever copied (X7) (0.416375ms)
✔ money: whole units to minor with integer math; TWD must be whole (10.532583ms)
✔ Taipei schedule: wall inputs and draft projections ignore the viewer zone (5.568333ms)
✔ Taipei schedule: invalid calendar days are rejected and all copy names UTC+8 (0.434167ms)
✔ draft input: exact 11-key body and every local rule (5.266291ms)
✔ draft form round trip and X7 copy (blank schedule, no id, no revision) (0.442084ms)
✔ settings parser: environment enum, connections, identities, capi (0.615583ms)
✔ connect state parser: pick list kinds and id match (0.170417ms)
✔ report: three separate blocks, orders may be null, no combined figure (0.308541ms)
✔ default report window is the Asia/Taipei store day whatever the viewer's zone is (Taipei midnight boundary) (4.708666ms)
✔ capi body and validation (0.165083ms)
✔ W6-06B unbind response: exact keys, account, UUIDs and outcome semantics (0.24725ms)
✔ W6-06B in-flight details preserve bounded items and total, reject unknown shapes (0.226ms)
✔ W6-06B catalog feed has exact public URL/domain pairs or published-store empty (0.623125ms)
✔ W6-06B copy preserves unbind boundaries and feed recovery in three locales (0.096792ms)
✔ W6-06B feed selection follows origin order, not full feed URL order (0.084791ms)
✔ customer list accepts the frozen row and rejects unknown keys, dup ids, bad cursor, oversize (3.034625ms)
✔ customer row invariants: nulls for bundle-only/erased, counts, money, consents (0.630333ms)
✔ customer detail: bounded lists, order summaries reuse the orders parser, id must match (5.596417ms)
✔ erasure summary is four counts only (0.121791ms)
✔ finance summary: net = captured - refunded (I05), totals carry an empty day, sandbox flag (0.324083ms)
✔ financeDay is the UTC+8 day (0.099708ms)
✔ finance defaults keep Taipei dates across midnight, leap day and year end (0.076875ms)
✔ tags and notes are parsed strictly (W6-01B) (0.911417ms)
✔ TSX seam refuses an unlisted import (9.012ms)
✔ Ads merchant timestamp uses Taipei at the year boundary (40.407792ms)
✔ Design version published_at cell uses Taipei at the year boundary (3.210208ms)
✔ ManualOrder bank-transfer expiry uses Taipei at the year boundary (6.589375ms)
ℹ tests 53
ℹ suites 0
ℹ pass 53
ℹ fail 0
ℹ cancelled 0
ℹ skipped 0
ℹ todo 0
ℹ duration_ms 174.166375
✔ OrderHistory renders server order instant in Taipei (7.400334ms)
✔ ClaimLink renders claim expiry in Taipei (2.128917ms)
✔ BankTransfer renders deadline and proof instant in Taipei (2.136375ms)
✔ BankTransfer proof echo labels store time in en (2.139959ms)
✔ BankTransfer proof echo labels store time in zh-TW (1.885208ms)
✔ BankTransfer proof echo labels store time in zh-CN (1.955542ms)
✔ BankTransfer input describes the device zone in en (1.664792ms)
✔ BankTransfer input describes the device zone in zh-TW (1.538125ms)
✔ BankTransfer input describes the device zone in zh-CN (1.146375ms)
✔ BankTransfer input has a generic label when Intl has no zone in en (1.231875ms)
✔ BankTransfer input has a generic label when Intl has no zone in zh-TW (1.054333ms)
✔ BankTransfer input has a generic label when Intl has no zone in zh-CN (0.942959ms)
✔ ShopFooter uses Taipei year across UTC year boundary (1.525166ms)
✔ BankTransfer deadline labels store time in en (1.208541ms)
✔ BankTransfer deadline labels store time in zh-TW (1.087667ms)
✔ BankTransfer deadline labels store time in zh-CN (1.055875ms)
✔ OrderHistory states the Taipei time zone once in en (0.821416ms)
✔ OrderHistory states the Taipei time zone once in zh-TW (0.709ms)
✔ OrderHistory states the Taipei time zone once in zh-CN (0.693042ms)
✔ Meta rejection wording is preserved as bounded Unicode text, never translated (1.306958ms)
✔ frozen error codes: model list equals the frozen list, each is read from both error shapes (0.368875ms)
✔ copy: every code, status, op state and connect error has text in all three locales (0.259209ms)
✔ copy never calls a budget a hard stop and never offers resume (0.503459ms)
✔ draft: every §5.1 status parses; unknown status/template/op state is an error, never guessed (0.418208ms)
✔ draft: optional fields, remote ids and the Ads Manager link (0.194208ms)
✔ action hints: pause whenever a remote id exists and not ENDED; a paused draft is only ever copied (X7) (0.369041ms)
✔ money: whole units to minor with integer math; TWD must be whole (10.037625ms)
✔ Taipei schedule: wall inputs and draft projections ignore the viewer zone (4.13525ms)
✔ Taipei schedule: invalid calendar days are rejected and all copy names UTC+8 (0.359666ms)
✔ draft input: exact 11-key body and every local rule (4.063875ms)
✔ draft form round trip and X7 copy (blank schedule, no id, no revision) (0.277125ms)
✔ settings parser: environment enum, connections, identities, capi (0.46575ms)
✔ connect state parser: pick list kinds and id match (0.135542ms)
✔ report: three separate blocks, orders may be null, no combined figure (0.307125ms)
✔ default report window is the Asia/Taipei store day whatever the viewer's zone is (Taipei midnight boundary) (2.175292ms)
✔ capi body and validation (0.111834ms)
✔ W6-06B unbind response: exact keys, account, UUIDs and outcome semantics (0.210291ms)
✔ W6-06B in-flight details preserve bounded items and total, reject unknown shapes (0.176916ms)
✔ W6-06B catalog feed has exact public URL/domain pairs or published-store empty (0.175167ms)
✔ W6-06B copy preserves unbind boundaries and feed recovery in three locales (0.340667ms)
✔ W6-06B feed selection follows origin order, not full feed URL order (0.062041ms)
✔ customer list accepts the frozen row and rejects unknown keys, dup ids, bad cursor, oversize (2.363667ms)
✔ customer row invariants: nulls for bundle-only/erased, counts, money, consents (0.236458ms)
✔ customer detail: bounded lists, order summaries reuse the orders parser, id must match (1.296959ms)
✔ erasure summary is four counts only (0.078666ms)
✔ finance summary: net = captured - refunded (I05), totals carry an empty day, sandbox flag (0.271583ms)
✔ financeDay is the UTC+8 day (0.055417ms)
✔ finance defaults keep Taipei dates across midnight, leap day and year end (0.072917ms)
✔ tags and notes are parsed strictly (W6-01B) (0.501208ms)
✔ TSX seam refuses an unlisted import (6.819292ms)
✔ Ads merchant timestamp uses Taipei at the year boundary (15.348042ms)
✔ Design version published_at cell uses Taipei at the year boundary (4.432083ms)
✔ ManualOrder bank-transfer expiry uses Taipei at the year boundary (4.038916ms)
ℹ tests 53
ℹ suites 0
ℹ pass 53
ℹ fail 0
ℹ cancelled 0
ℹ skipped 0
ℹ todo 0
ℹ duration_ms 147.508166
✔ legacy display sentinels preserve a list row without admitting arbitrary or private data (1.806708ms)
✔ orders-v2 accepts bounded filters and Taipei inclusive dates; rejects ambiguity (0.887167ms)
✔ orders-v2 rejects client count approximations, unbounded or extra response data (0.180375ms)
✔ all three locales label every task queue, payment and delivery mode (0.358333ms)
ℹ tests 4
ℹ suites 0
ℹ pass 4
ℹ fail 0
ℹ cancelled 0
ℹ skipped 0
ℹ todo 0
ℹ duration_ms 75.967958
✔ numeric store IDs have no suggestion BFF or browser client (0.956792ms)
ℹ tests 1
ℹ suites 0
ℹ pass 1
ℹ fail 0
ℹ cancelled 0
ℹ skipped 0
ℹ todo 0
ℹ duration_ms 63.197041
✔ ADM10 operator sentence is localized while product and company facts stay authoritative (0.386ms)
✔ PS review: actual Host matching normalizes case, port and a terminal DNS dot, never forwarded authority (0.238583ms)
✔ PS review: privacy/terms retain Messenger and Instagram purpose disclosure; deletion uses exact UI labels (0.11675ms)
✔ P2-N1 zh-TW/privacy: current comments and private reply, conditional inbound messages (0.083375ms)
✔ P2-N1 zh-TW/terms: current comments and private reply, conditional inbound messages (0.045375ms)
✔ P2-N1 zh-CN/privacy: current comments and private reply, conditional inbound messages (0.058542ms)
✔ P2-N1 zh-CN/terms: current comments and private reply, conditional inbound messages (0.062083ms)
✔ P2-N1 en/privacy: current comments and private reply, conditional inbound messages (0.069667ms)
✔ P2-N1 en/terms: current comments and private reply, conditional inbound messages (0.056042ms)
✔ PS1 legal identity is one untranslated source (0.088916ms)
✔ PS1 contact and hosts come only from configuration; production fails closed (0.386875ms)
✔ PS2 public routes default to zh-TW, restrict page/locale, and never include admin (0.39775ms)
✔ PS4 optional Meta verification value never has a fake default (0.055375ms)
✔ PS1 every locale uses the same product name in auth page titles (0.050584ms)
✔ PS1 public page copy has three complete locales, no invented operator identity or contact (0.204708ms)
✔ PS1 production build validates config; public data is not bundled through NEXT_PUBLIC (0.758083ms)
✔ PS review: admin image installs the manifests for its workspace dependencies before building (0.356458ms)
ℹ tests 17
ℹ suites 0
ℹ pass 17
ℹ fail 0
ℹ cancelled 0
ℹ skipped 0
ℹ todo 0
ℹ duration_ms 78.717917
✔ R11 SQL's exact receipt states are accepted; missing/forged operation/state remains unknown (0.736ms)
✔ R11 durable receipt journal validates phase against exact operation state (0.449958ms)
✔ R11 actual read control distinguishes replay/inflight/unknown/failure in en (5.273583ms)
✔ R11 actual read control distinguishes replay/inflight/unknown/failure in zh-TW (0.912375ms)
✔ R11 actual read control distinguishes replay/inflight/unknown/failure in zh-CN (0.6595ms)
✔ unknown journal retains exact key/boundary and is scoped to store+session; malformed state fails closed (0.16975ms)
✔ R12 read hook keeps network UNKNOWN on one key and explicitly refreshes acknowledged UNKNOWN (14.283709ms)
✔ actual POST transport uses CSRF and session fence; 403 independent of response text (17.659666ms)
✔ R10 ROAS has exactly two decimals in en (11.531958ms)
✔ R10 unknown ROAS is never fabricated as zero in en (0.141041ms)
✔ R10 ROAS has exactly two decimals in zh-TW (0.17175ms)
✔ R10 unknown ROAS is never fabricated as zero in zh-TW (0.037208ms)
✔ R10 ROAS has exactly two decimals in zh-CN (0.354709ms)
✔ R10 unknown ROAS is never fabricated as zero in zh-CN (0.092708ms)
✔ shared presentation preserves registry title and one empty buyer message in en (28.089875ms)
✔ R11 large linked-draft list is complete but collapsed in en (3.571625ms)
✔ shared presentation preserves registry title and one empty buyer message in zh-TW (5.743375ms)
✔ R11 large linked-draft list is complete but collapsed in zh-TW (2.792584ms)
✔ shared presentation preserves registry title and one empty buyer message in zh-CN (5.816041ms)
✔ R11 large linked-draft list is complete but collapsed in zh-CN (2.574291ms)
✔ R11 timeline distinguishes local unknown spend from explicit Meta zero in en (2.930833ms)
✔ R11 timeline distinguishes local unknown spend from explicit Meta zero in zh-TW (3.218208ms)
✔ R11 timeline distinguishes local unknown spend from explicit Meta zero in zh-CN (2.082084ms)
✔ R11 I12 nullable Meta evidence survives without becoming zero (0.234334ms)
✔ R11 actual panel rendering preserves unknowns and reconnect route in en (10.943417ms)
✔ R11 actual panel rendering preserves unknowns and reconnect route in zh-TW (13.122ms)
✔ R11 actual panel rendering preserves unknowns and reconnect route in zh-CN (12.612792ms)
✔ D1, D6, R7: exact amounts and sources remain independent, account days stay labelled (0.243125ms)
✔ R12: null stays unknown and unread / unauthorised / insufficient remain different states (0.2465ms)
✔ R12 granted but unread audience offers a read, never reconnect in en (1.74025ms)
✔ R12 granted but unread audience offers a read, never reconnect in zh-TW (1.678667ms)
✔ R12 granted but unread audience offers a read, never reconnect in zh-CN (1.6425ms)
✔ I12 forged / missing frozen fields never silently become zeros (0.850208ms)
✔ only whitelisted aggregates survive: extra identifiers and HTML are never interpreted (0.062292ms)
✔ attribution is a read-only BFF resource with exact bounded query grammar (0.309458ms)
✔ audience-read is exactly the new local intention POST and never a data GET or queried write (0.284666ms)
✔ route fails closed without ads:read and is not a duplicate navigation entry; locale keys match (0.094958ms)
ℹ tests 37
ℹ suites 0
ℹ pass 37
ℹ fail 0
ℹ cancelled 0
ℹ skipped 0
ℹ todo 0
ℹ duration_ms 425.82
✔ card-payments copy: identical key sets in all three locales (5.060458ms)
✔ merchant terms are quoted verbatim (contract §5) in the enable dialog (0.138917ms)
✔ ruling-fixed strings: platform not OPEN and BLOCKED note (0.094708ms)
✔ error map covers every frozen refusal code from migrations/0137 (0.073583ms)
✔ no Stripe account id, key or approval id shape appears in any copy string (0.268958ms)
✔ storefront collector disclosure matches contract §5 templates in three languages (0.050708ms)
✔ the merchant terms in the dialog are the contract §5 sentence, extracted from the contract (0.2975ms)
✔ the storefront templates are the contract §5 lines, extracted from the contract (0.109375ms)
✔ settlement copy: deduction columns are labelled as deductions in every language, with a legend and the net formula (0.229375ms)
✔ there is no separate 'not on the allowlist' message: it reads as not open (review P1-2) (0.084666ms)
✔ card summary accepts the frozen shape incl. all-null platform NONE (1.421583ms)
✔ card summary rejects unknown keys, bad enums, bad money, bad version (0.652625ms)
✔ card result is exactly {state, version, max_minor, currency, descriptor_preview} (0.22475ms)
✔ descriptor suffix rule: charset, 2..10 chars, must contain a letter (0.540333ms)
✔ the suffix length rule is the charset rule's 10; the 22-character descriptor total stays the server's (SANDBOX L=10, LIVE PrefixLength) (0.474875ms)
✔ descriptor preview mirrors the contract projection (base + '* ' + suffix) (0.169834ms)
✔ settlement list accepts statements without payout/lines keys (omitempty) (0.920208ms)
✔ settlement detail carries lines whose count and sums match the totals (0.761042ms)
✔ settlement parsers reject malformed reads (1.82975ms)
✔ fees, refunds and disputes are signed exactly as the ledger stores them (0.863167ms)
✔ a returned fee is a positive line fee; the detail's lines must add up to the statement totals (0.316917ms)
✔ closed_at/paid_at accept the offsets PostgreSQL emits as well as Z (0.259166ms)
✔ a payout reference shaped like a Stripe key or account id is never displayed (0.381167ms)
✔ platform not OPEN: 'not open yet' and no enable control, for every non-OPEN state; the platform badge still tells why (2.084375ms)
✔ allowlisted + OPEN: enable from NONE/DISABLED, disable from ENABLED (0.137834ms)
✔ not allowlisted on an OPEN platform reads exactly like not open: the same message, no 'platform open' badge, no enable (review P1-2) (0.16925ms)
✔ BLOCKED: the suspended note, disable only, never enable (whatever the platform says) (0.246833ms)
✔ without billing:manage nothing can be changed, but the state is still readable (0.110291ms)
✔ enable carries the platform's current terms, the suffix and the version read; NONE starts at 0 (2.294584ms)
✔ disable never sends a suffix and quotes the terms the store accepted (the platform's may have moved on) (0.401458ms)
✔ a retained suffix is recovered from the final preview so a re-enable can keep it (0.158583ms)
✔ the period label shows the last day inside the (exclusive-end) week (1.298875ms)
✔ payout state: paid, pending only when money is due, none when the week nets to zero or less (0.05925ms)
✔ card-payments and settlements are nav:false routes, so no group loses or gains a nav button (0.228833ms)
✔ settlements need billing:manage, the card page integration:read; the owner opens both (0.155917ms)
✔ statement cells: a dispute reversal and a returned fee read as credits (+) and every deduction as -, and the columns add up to the server's net (11.191958ms)
✔ the detail parser requires the lines of a statement that has lines; a quiet week (line_count 0) may omit them (0.154125ms)
✔ route table: exactly the four resources, nothing generic (1.570083ms)
✔ query grammar: card and settlement-detail are exact; settlements takes before/limit only (0.32875ms)
✔ request fence: keyless PUT (CAS), bodyless GETs, no transfer-encoding (20.16975ms)
✔ PUT body is the exact frozen shape {enabled, terms_version, descriptor_suffix, expected_version} (1.192667ms)
✔ the BFF route wires the card grammar: keyless CAS PUT, exact body, no-store, auth required (1.315583ms)
✔ the real card summary parses and drives the display state machine (1.237167ms)
✔ the real statement list parses: newest first, no lines, three payout states (0.744833ms)
✔ every real detail parses with its lines and the lines add up to the statement (1.204791ms)
✔ an empty ledger parses to no statements (0.485375ms)
✔ no account id, key or approval shape is in any real body (0.414ms)
✔ the real statements display literally as signed contributions that add up to the server's net (15.788417ms)
ℹ tests 48
ℹ suites 0
ℹ pass 48
ℹ fail 0
ℹ cancelled 0
ℹ skipped 0
ℹ todo 0
ℹ duration_ms 130.322209
✔ option/slug/SKU caps equal internal/catalog (options.go, catalog.go) (14.732208ms)
✔ text caps equal the Go validators (name 120, description 8000, SEO 70/160, collection title 80) (1.8505ms)
✔ photo caps equal Go (MaxMainImages, MaxDetailImages, MaxImageBytes) and the SKU code pattern (1.276916ms)
✔ PE13 Cartesian matrix is local, preserves edits and deduplicates values (2.586584ms)
✔ PE13 bulk quantity skips negative rows without modifying them (0.158959ms)
✔ PE12 untracked document uses whole currency and per-order cap, never quantity (12.867958ms)
✔ PE14 missing readback is not guessed or silently cleared by full replacement (0.099125ms)
✔ bulk status accepts explicit per-item results, never empty or duplicated confirmations (0.449834ms)
✔ matrix refuses over 100 SKUs before expansion (0.210459ms)
✔ PR #1 4212540344: per-row matrix labels reappear where the matrix header is not visible (≤900px), desktop untouched (1.373ms)
✔ PR #1 4212540352: pre-publish missing-items list collapses behind a real toggle at ≤900px instead of being removed (1.472542ms)
✔ parity: admin caps equal the Go constants (1.708125ms)
✔ image list: 4 main + 20 detail + 2 sku in role order is accepted (0.418083ms)
✔ image list: 5 main, 21 detail, wrong role order, gaps and extra keys are refused (0.189667ms)
✔ single image: role is required and its position is bounded by the role cap (0.273ms)
✔ option text limits count Go runes rather than UTF-16 units (1.540667ms)
✔ PE14 new edit SKU carries its own shipping and clears no existing fields (11.595583ms)
✔ PE14 patch changes only price and preserves unmentioned fields (0.279833ms)
✔ PE14 on_hand is not available, zero target is transmitted, ambiguous warehouse refuses (0.571ms)
✔ PE14 explicit clears and shipping remain per SKU on an active row (0.384959ms)
✔ PE14 archive supersedes every other edit on that SKU (b77eeb11) (0.3365ms)
✔ PE14 no-op has no command fields and changed axes explicitly archive omitted variants (0.235333ms)
✔ PE14 replacement SKU edit excludes create-only code from the strict patch grammar (0.484333ms)
ℹ tests 23
ℹ suites 0
ℹ pass 23
ℹ fail 0
ℹ cancelled 0
ℹ skipped 0
ℹ todo 0
ℹ duration_ms 111.447792
(node:93510) ExperimentalWarning: Transform Types is an experimental feature and might change at any time
(Use `node --trace-warnings ...` to show where the warning was created)
✔ UNKNOWN retry client authorization loss requires reconciliation, not a fresh command (3.324292ms)
✔ UNKNOWN retry 401 authorization loss requires reconciliation, not a fresh command (9.631958ms)
✔ UNKNOWN retry 403 authorization loss requires reconciliation, not a fresh command (0.855667ms)
✔ a conclusive command rejection stays distinct from authorization loss (0.880041ms)
ℹ tests 4
ℹ suites 0
ℹ pass 4
ℹ fail 0
ℹ cancelled 0
ℹ skipped 0
ℹ todo 0
ℹ duration_ms 130.812042
(node:93515) ExperimentalWarning: Transform Types is an experimental feature and might change at any time
(Use `node --trace-warnings ...` to show where the warning was created)
✔ offer controls read authoritative limits without parsing unrelated KEYWORD_QTY_CONTAINS window/stats (11.955916ms)
✔ offer controls accept 101 through the backend cap of 200 distinct offers, reject 201 (1.832458ms)
✔ offer toggle preserves exactly the authoritative maximum in the real M4 payload (2.473125ms)
✔ console BFF admits exactly A1/A7/A6 and A5 read/copy methods (0.352042ms)
✔ Next proxy admits the exact console family and results query before the BFF (34.961709ms)
✔ PR18 proxy preserves malformed A2 cursor as 400 invalid_cursor (0.508083ms)
✔ results query is canonical repeated session_id 1..50, everything else queryless (0.096417ms)
✔ real BFF route forwards only exact resources, authenticates scope and returns private scrubbed errors (37.68875ms)
✔ new commands reject unknown keys and preserve frozen copy/lifecycle/recommend body (0.184959ms)
✔ browser commands reuse Studio fences, exact no-comment recommend body and backend refusal codes (1.487334ms)
✔ results client preserves canonical ids/order and rejects invalid list before fetch (0.486083ms)
✔ stock client reuses catalog transport/key/parser and fences a changed login without retries (1.281833ms)
✔ journal replay sends the exact original method/path/body/key for all five commands (1.810208ms)
(node:93516) ExperimentalWarning: Transform Types is an experimental feature and might change at any time
(Use `node --trace-warnings ...` to show where the warning was created)
✔ A1 strict MOCK snapshot preserves unavailable counts, capability unknown and server stock (2.2165ms)
✔ A7 returns a separate lifecycle version and closed full KEYWORD_QTY_CONTAINS window (0.128084ms)
✔ A5 results retain separate environments/currencies and bind exact requested ids/order (0.150917ms)
✔ A5 copy parses real Go envelope, copied offer prices and KEYWORD_QTY_CONTAINS window (0.342125ms)
✔ A6 accepts optional operation UUID, never guessed send success (0.084083ms)
(node:93518) ExperimentalWarning: Transform Types is an experimental feature and might change at any time
(Use `node --trace-warnings ...` to show where the warning was created)
✔ Live settings navigation accepts a scene picker entry but never a malformed or unscoped deep link (1.661625ms)
✔ LC-B7 stock permission admits live_adjust without inventory:write, not unrelated grants (0.199417ms)
✔ Instagram comment total stays unavailable; Facebook observed count is not a platform total (0.184584ms)
✔ LC-U1 one primary action follows lifecycle, never planning or transport state (0.219333ms)
✔ LC-U1 stock target uses sellable delta and rejects fractions, negative and over-limit changes (0.366917ms)
✔ LC-U1 links only explicit FB post identities, never arbitrary URLs or guessed videos (0.251167ms)
✔ LC-U1 Facebook preview keeps the original no-frame CSP and uses a safe external link (5.567375ms)
✔ LC-U1 delayed copy completion cannot navigate after store switch or unmount (0.143625ms)
✔ LC-U1 receipt fence survives cookie rotation; pending replay still has a separate session boundary (0.125416ms)
ℹ tests 27
ℹ suites 0
ℹ pass 27
ℹ fail 0
ℹ cancelled 0
ℹ skipped 0
ℹ todo 0
ℹ duration_ms 230.372584
✔ PR18 final public unresolved receipt survives relogin but coarse fence stays session-bound (0.639583ms)
✔ PR18 enabled downgrade gates hook output before passive cleanup (14.364291ms)
✔ PR18 enabled downgrade first all render hides rows buyer and composer (3.929875ms)
✔ PR18 enabled downgrade first private render hides rows buyer and composer (2.50025ms)
✔ PR18 R2 scoped404 a2 clears both private views and stops recovery reads (2.885792ms)
✔ PR18 R2 scoped404 a8 clears both private views and stops recovery reads (2.3255ms)
✔ PR18 R2 scoped404 older clears both private views and stops recovery reads (2.139375ms)
✔ PR18 A8 clears names synchronously and keeps loaded older pages through a head poll (2.527875ms)
✔ PR18 A8 paged list stays bounded across fresh heads and stops older at cap (86.972042ms)
✔ PR18 A8 hides clear before effects even without pagination (1.34975ms)
✔ PR18 deletion HEAD clears selected comment composer but keeps history and public guard (5.331125ms)
✔ PR18 short complete HEAD clears a covered selected comment and composer (3.5895ms)
✔ PR18 quiet A2 stream refreshes delayed claim marks without a new sequence or user refresh (1.7595ms)
✔ PR18 late claim automatically exposes keyword view and the reused BuyerPanel (3.490125ms)
✔ K3 A8 private polls every 10s, backs off, resets, pauses hidden and stops off-filter (7.821625ms)
✔ K3 A8 unreplied polls every 10s, backs off, resets, pauses hidden and stops off-filter (7.6495ms)
✔ K3 pasted tab is refused with invalid_text copy before any reply POST (0.765125ms)
✔ PR18 facts_unavailable mark uses actionable copy zh-TW (0.56ms)
✔ PR18 facts_unavailable mark uses actionable copy zh-CN (0.621417ms)
✔ PR18 facts_unavailable mark uses actionable copy en (0.471958ms)
✔ real SQL UNKNOWN mark blocks public-mode switching without a local receipt (0.7245ms)
✔ PR18 unknown public receipt has the correct cross-comment fence (2.593834ms)
✔ PR18 queued public receipt has the correct cross-comment fence (2.869958ms)
✔ PR18 public guard releases only definite sent (1.058583ms)
✔ PR18 public guard releases only definite failed (0.797291ms)
✔ PR18 public guard releases only definite blocked (0.937958ms)
✔ PR18 public guard releases only definite refused (0.731917ms)
✔ PR18 P1 IG earliest50 refresh preserves100 rows selection and private draft (35.046375ms)
✔ PR18 final expired older cursor keeps live buffer selection and polling (2.206875ms)
✔ PR18 command refresh keeps epoch evidence while cursorless initial=0 (1.363ms)
✔ PR18 command refresh keeps epoch evidence while cursorless initial=1 (0.8185ms)
✔ PR18 bounded window refresh removes FB deletion behind60 arrivals history=false (3.268459ms)
✔ PR18 bounded window refresh removes FB deletion behind60 arrivals history=true (3.446125ms)
✔ PR18 bounded window refresh preserves explicit history until manual refresh (2.177208ms)
✔ PR18 bounded window refresh atomically rebuilds IG100 deleted75=false (6.815875ms)
✔ PR18 bounded window refresh atomically rebuilds IG100 deleted75=true (7.422083ms)
✔ PR18 bounded window refresh stalled never publishes an incomplete IG window (6.893709ms)
✔ PR18 bounded window refresh budget never publishes an incomplete IG window (10.86275ms)
✔ PR18 bounded window refresh removes deleted IG final sequence (3.130792ms)
✔ actual A2 hook fake clock: 3/6/12/24/30 backoff, success reset, hide clears and stops, 403 locks (3.45575ms)
✔ actual reset clears selected buyer and rereads without the old epoch cursor (0.861083ms)
✔ reply hints, coded error, UNKNOWN and capability state execute the actual composer (1.591334ms)
✔ PR18 R2 templates read 404 denies the composer (0.546708ms)
✔ PR18 buyer-panel read 404: stays local (retention-purged or gone selection), console keeps access (0.630667ms)
✔ PR18 buyer-panel read 403: revokes the console scope (0.427625ms)
✔ PR18 seq coverage keeps older arrival with newer time and out-of-range rows (2.272709ms)
✔ PR18 seq coverage removes a missing numeric row despite its older created_at (0.443625ms)
✔ PR18 seq coverage never absence-deletes null history (0.213041ms)
✔ PR18 seq coverage treats epoch0 as an initialized cursor (0.103792ms)
✔ PR18 protected null history reserves capacity and never becomes numeric on overlap (8.988875ms)
✔ PR18 P1 IG earliest page and unknown authority never delete by absence (1.347125ms)
✔ PR18 short complete HEAD never expands numeric coverage to an absent oldest row (0.093875ms)
✔ PR18 full or cursor-bearing HEAD uses the same numeric coverage (0.090459ms)
✔ PR18 loaded history stays protected from short complete HEAD (0.076042ms)
✔ PR18 deletion HEAD removes absent refs inside its window (0.094292ms)
✔ PR18 deletion HEAD keeps paged history below its oldest tuple (0.5985ms)
✔ PR18 deletion is never inferred from incremental or older pages (0.207417ms)
✔ PR18 empty deletion HEAD is not evidence that any ref was deleted (0.090042ms)
✔ PR18 deletion coverage ignores equal timestamps and timezone spellings (0.120333ms)
✔ PR18 mixed FB and IG page orders normalize chronologically after dedupe (0.326916ms)
✔ PR18 cap keeps newest1000 with mixed page order older=false (7.030375ms)
✔ PR18 cap keeps newest1000 with mixed page order older=true (6.745375ms)
✔ PR18 A3 invalid_ref remains a definite 422 refusal (0.079334ms)
✔ PR18 a full history buffer stops paging without discarding rows or advancing its cursor (0.187375ms)
✔ K3 reply text rejects every C0/C1 control except newline (0.578833ms)
✔ PR18 scan exhaustion parser requires a trusted explicit boolean (0.733833ms)
✔ PR18 approved seq DTO parser accepts safe numbers and explicit history null (0.495458ms)
✔ SQL operation marks map to every merchant-visible delivery state (0.104416ms)
✔ real bridge sealCursor uses payload.signature rather than plain base64url (19.17075ms)
✔ A2 grammar refuses private/duplicate/ambiguous cursors and keys on reads (0.967167ms)
✔ A3-A5 exact comment ref and bodies; explicit preemption private only (0.156791ms)
✔ A4/A5 preserve frozen refusal codes, never provider/debug text (0.048917ms)
✔ reset invalidates old buffers and cursor before reread; older page cannot advance live cursor (0.12675ms)
✔ filter resources have only authorised opaque ids; backoff is capped and success resets (0.051292ms)
ℹ tests 74
ℹ suites 0
ℹ pass 74
ℹ fail 0
ℹ cancelled 0
ℹ skipped 0
ℹ todo 0
ℹ duration_ms 591.016
✔ secondary failures preserve A1; only A1 is periodic; IG notice follows the platform/embeddability observation (279.642917ms)
✔ the existing console refresh also explicitly refreshes its parent list; no automatic list read (16.093959ms)
✔ parent forwards only an explicit refresh callback and retains the scene when list is unavailable (11.376291ms)
✔ every explicit browser response/event/navigation waiter has a finite sub-test budget (8.877959ms)
✔ A1 failures back off 3/6/12/24/30 seconds and success resets to five seconds (87.763625ms)
✔ Retry-After is a minimum; hidden tabs cancel polling; forbidden locks and conceals (45.729667ms)
✔ secondary reads are mount/refresh only, independent from A1 and non-fatal (41.207584ms)
✔ UNKNOWN journal restores the exact key/method/path/body and explicit retry after reload (42.439583ms)
✔ first definite 403 clears journal but locks commands; late success after navigation clears only its own key (23.954083ms)
✔ private reads preserve Retry-After seconds and dates, without changing existing error codes (31.271042ms)
✔ a restored in-flight or UNKNOWN request retains its journal after a replay 403 (66.9165ms)
✔ restored copy success dispatches completion only in the still-current scene (34.777ms)
✔ SessionCopy resyncs closed same-ID titles, preserves open edits and cancels to latest draft (22.326292ms)
✔ SessionCopy submit uses latest version; UNKNOWN request survives later draft/input changes (21.512708ms)
ℹ tests 14
ℹ suites 0
ℹ pass 14
ℹ fail 0
ℹ cancelled 0
ℹ skipped 0
ℹ todo 0
ℹ duration_ms 621.433583
✔ claims window modes match Go constants and every SQL match_mode CHECK (10.182458ms)
✔ host prompt stays verbatim at the frozen trunk contract; Japanese is absent (1.127125ms)
✔ bundle parser accepts manual (labelled) and Meta (unlabelled) bundles (0.529041ms)
✔ bundle parser rejects unknown platforms and label/platform mismatches (0.136833ms)
✔ offer parser carries the live price and rejects every out-of-range or missing field (0.218334ms)
✔ library and import parsers are closed; removal receipt is the only version-0 shape (0.182042ms)
✔ price input: exact decimal minor units, never float, bounded to the currency's places (8.912583ms)
✔ live-tools copy exists in all three locales with the same conflict reasons (0.580375ms)
✔ claims BFF allowlist is exactly M1–M7 per method (3.005166ms)
✔ M7 link response shape is closed (0.381792ms)
✔ host prompt copy is the frozen text, verbatim (0.185875ms)
ℹ tests 11
ℹ suites 0
ℹ pass 11
ℹ fail 0
ℹ cancelled 0
ℹ skipped 0
ℹ todo 0
ℹ duration_ms 112.522
NOT_RUN: tests/media/r04-input-runner.test.mjs (COMMERCE_R04_LIVEKIT_BINARY unset)
✔ main/detail/sku caps use the existing frozen image contract (0.666416ms)
✔ phone and tall dimensions fit2000 without enlarging small assets (0.15425ms)
✔ upload query requires one exact role and sku value; reads/actions carry no query (0.400958ms)
✔ role transport encodes current option values and refuses invalid identities (0.1685ms)
✔ effective image axis follows current options, then falls back to first (0.066542ms)
✔ detail and option photos cannot satisfy the main-photo recommendation (0.063083ms)
✔ PM-U copy has matching keys in ja and all currently routed locales (0.156166ms)
✔ real-upload mode builds both Next applications on a clean CI checkout (11.774542ms)
✔ upload recovery journal survives a new session while remaining product/store scoped (0.112208ms)
✔ an option upload receipt requires its captured axis, value and image id on canonical readback (0.110041ms)
✔ failed durable recovery storage cannot authorize a media write (0.0795ms)
✔ an active product needs a main image after canonical media is known; repair paths stay possible (0.052542ms)
✔ empty media sections render a readable localized placeholder until photos are present (5.159834ms)
✔ real-upload mode never exits through the storefront MOCK shortcut (34.656459ms)
✔ a valid active zero-main product keeps an inline repair hint rather than a page error (3.777584ms)
✔ a new product issues the image-axis stage only for a chosen axis (0.466291ms)
ℹ tests 16
ℹ suites 0
ℹ pass 16
ℹ fail 0
ℹ cancelled 0
ℹ skipped 0
ℹ todo 0
ℹ duration_ms 283.18
(node:93637) ExperimentalWarning: Transform Types is an experimental feature and might change at any time
(Use `node --trace-warnings ...` to show where the warning was created)
✔ a fitting PNG keeps the exact original File, bytes and alpha-capable format (0.795084ms)
✔ a JPEG exactly at both limits remains original, not a lossy re-encode (0.242ms)
✔ an oversized phone JPEG is encoded below the cap after oriented scaling (0.489792ms)
✔ a large transparent PNG stays alpha-capable and is never painted with an opaque matte (0.601291ms)
ℹ tests 4
ℹ suites 0
ℹ pass 4
ℹ fail 0
ℹ cancelled 0
ℹ skipped 0
ℹ todo 0
ℹ duration_ms 98.212416
✔ HTTPS picklist fixture carries Secure session cookies automatically while preserving CSRF refusals (104.456792ms)
✔ batch controls stay compact until an order selection or live-session scope exists (0.166167ms)
✔ selection has XOR bodies, canonical unique IDs and separate 500/100 limits (0.360625ms)
✔ cross-page selection retains existing rows, deduplicates and refuses overflow atomically (0.711834ms)
✔ pick projection rejects PII/extra keys, invalid quantities and unmatched order identities (0.532291ms)
✔ batch replies bind one-for-one to confirmed orders and preserve uncertainty code (0.116209ms)
✔ pick/export POSTs reject keys and all query variants except one exact template (1.870167ms)
✔ CSV filename binds to selected template and store; no path/header injection (0.176375ms)
✔ MOCK browser fixture list matches the incumbent closed order parser (13.403833ms)
✔ recovery never clears an unknown or missing current attempt (0.133417ms)
✔ recovery and order-detail MOCK fixtures satisfy real read parsers (8.568ms)
✔ order selection can read its session fence during SSR without browser globals (0.9525ms)
✔ MOU keeps native headed checks runnable on a Linux CI worker without DISPLAY (19.515125ms)
✔ pick fixture serves the scoped parcel reads required by the orders page (5.398625ms)
ℹ tests 14
ℹ suites 0
ℹ pass 14
ℹ fail 0
ℹ cancelled 0
ℹ skipped 0
ℹ todo 0
ℹ duration_ms 406.47925
✔ bodyless dissolve DELETE (empty body stream, no content-length) reaches Go with the CAS query, no body, no key (20.621625ms)
✔ every parcel DELETE must carry exactly one expected_version >= 1 (never forwarded without it) (3.101542ms)
✔ a DELETE that declares a body or chunked framing is refused (1.344417ms)
✔ DELETE needs the session, origin and CSRF like every command; other DELETEs stay unsupported (2.368541ms)
✔ GET parcel-groups (open groups read) and merge-suggestions pass with no query; a query or key is refused (12.747625ms)
✔ actual MOU parcel runner selects and collects the real parcel browser case (377.159584ms)
✔ merge suggestions accept the frozen shape (server-masked recipient) and reject drift (1.015375ms)
✔ created group requires the OPEN state and its members (0.125709ms)
✔ dissolved group is exactly id/state/version (0.080666ms)
✔ group shipment carries one SHIPPED version per member (1.961541ms)
✔ open groups (GET parcel-groups) accept the frozen shape and fail closed on drift (2.572ms)
✔ reconcile: a reload rebuilds OPEN panels, a vanished OPEN group is dropped, history and live versions are kept (0.70275ms)
✔ three locales cover the same keys and every refusal code (0.994709ms)
✔ the owner-ruling sentence is exact in all three locales (0.072208ms)
✔ the in_parcel_group copy is the same sentence in parcels-copy (blocked + errors) and orders-copy, in every locale (0.069667ms)
✔ groupOfOrder prefers the OPEN group over retained SHIPPED/DISSOLVED history (0.127209ms)
✔ parcelOrderNumber is the canonical LC-<32 uppercase hex> order number and matches the open-group parser (0.127875ms)
✔ parcel refresh generation: bumped by every successful poll, whatever the cursor (0.043959ms)
✔ parcel refresh generation: an in_parcel_group refusal bumps it, other refusals do not (0.046625ms)
✔ exactly the five W3-07B resources route (0.526667ms)
✔ dissolve carries exactly ?expected_version=N (N >= 1) (0.106166ms)
✔ readMergeSuggestions 401 immediately purges parent scope and refuses late sibling 200 (19.630833ms)
✔ readMergeSuggestions 403 immediately purges parent scope and refuses late sibling 200 (5.561625ms)
✔ readMergeSuggestions 404 immediately purges parent scope and refuses late sibling 200 (4.093416ms)
✔ readOpenParcelGroups 401 immediately purges parent scope and refuses late sibling 200 (3.350792ms)
✔ readOpenParcelGroups 403 immediately purges parent scope and refuses late sibling 200 (3.542416ms)
✔ readOpenParcelGroups 404 immediately purges parent scope and refuses late sibling 200 (7.043916ms)
✔ readMergeSuggestions 503 preserves parent and local retry recovers actual DTOs (6.894875ms)
✔ readOpenParcelGroups 503 preserves parent and local retry recovers actual DTOs (4.951417ms)
✔ captured parent groups callback refuses hidden scope (12.636708ms)
ℹ tests 30
ℹ suites 0
ℹ pass 30
ℹ fail 0
ℹ cancelled 0
ℹ skipped 0
ℹ todo 0
ℹ duration_ms 457.317667
✔ exactly the nine W6-01B resources are admitted, each only under its own method (1.698458ms)
✔ the customer list is claimed only when a tag filter is present (customers-request.ts stays the owner otherwise) (0.127916ms)
✔ near misses are refused (no generic proxying) (0.121667ms)
✔ reads: no body, no key, no transfer-encoding; tag-list takes no query at all (39.423584ms)
✔ customer-list query: closed keys, tag must be a canonical uuid, list bounds identical to customers-request (1.267083ms)
✔ note-list query: only limit and after, with the customers-list bounds (0.417042ms)
✔ writes: exactly one well-formed Idempotency-Key; the two DELETEs carry no body but still need the key (4.871208ms)
✔ validTagName mirrors Go (NFC first, 1..20, trimmed, no control/Cf) (1.976541ms)
✔ validNoteBody mirrors Go (1..1000, not blank, only \n \r \t controls) (0.303625ms)
✔ tag-create body: closed keys, valid name and one of the eight colors (0.211833ms)
✔ tag-patch body: at least one of name/color, nothing else (0.078667ms)
✔ owner-tags body: tag_ids (<=100 canonical uuids) + 64-hex revision, exact keys (0.131959ms)
✔ note bodies: create {body}; patch {body, version>=1}; deletes and reads carry no body at all (0.434792ms)
✔ parseTagCatalog decodes {items: TagRecord[]} with the store-catalogue bounds (1.354416ms)
✔ parseTagSet / parseDeletedTag / parseDeletedNote decode the frozen write receipts (1.028708ms)
✔ parseNoteRecord / parseNotePage decode notes with the Go note rules (1.056166ms)
✔ customer-tags copy: three locales, identical key sets, the integrator's ruled note-privacy text verbatim (0.223959ms)
✔ components wire the ruled copy and the tag/note controls the specs click (0.949167ms)
✔ tag read names must already be trimmed NFC and Unicode code-point bounded (0.11425ms)
✔ session change before network sends nothing (11.13475ms)
✔ session changes after network or during body parse drop the response (17.05875ms)
✔ transient session digest failure is settled only before dispatch (8.695583ms)
✔ lost response followed by a changed session is UNKNOWN after dispatch (3.166542ms)
✔ lost response does not auto-retry; explicit replay keeps method/key/payload/scope (15.892791ms)
✔ 5xx or malformed success is uncertain, coded refusal is settled (15.722958ms)
✔ passive tag/detail refresh preserves an unsaved new-note draft (39.236041ms)
✔ passive refresh updates visible notes but preserves edit draft and original CAS version (1.902208ms)
✔ explicit refresh signal clears old edit draft while passive array changes do not (1.528041ms)
✔ an unauthorized note read clears private note bodies and the draft (5.521166ms)
✔ a transient note read failure keeps the notes already shown (3.579708ms)
✔ an unauthorized note read signals the global logout once; a transient failure does not (6.453584ms)
✔ non-privacy writer: own notes keep Edit and Delete on a fresh mount, others' notes do not (1.814375ms)
✔ notes forbidden/not_found signals scope loss exactly once per mount, never on transient failure (12.791875ms)
✔ bad path/store/method/query/header is refused without authority or backend calls (30.323041ms)
✔ the actual proxy admits a tagged customer list with scoped search/cursor and rejects malformed tag authority (11.636ms)
✔ signed-out/cross-store/Origin-CSRF denials short circuit before body or forwarding (0.911083ms)
✔ closed bodies and DELETE payloads cannot reach Go (1.401916ms)
✔ all write methods preserve exact key/body/store and private success status (1.533875ms)
✔ note pagination preserved and hostile backend errors/bodies sanitized (4.361167ms)
✔ a catalogue forbidden or not_found asks the parent to re-run its guarded reads, with no logout (211.29275ms)
✔ transient catalogue failures stay local; unauthorized logs out but is not a scope loss (95.768833ms)
✔ after a tag write the manager stays mounted: the catalogue refreshes in place, never reloads (9.776042ms)
✔ a manager-reported scope loss reloads the customer list and catalogue guarded reads (26.546625ms)
✔ CustomerDetail forwards a scope-lost signal to the guarded read once per page (26.721375ms)
✔ badges are escaped server tag facts with human-readable names (3.093ms)
✔ actual customer notes render privacy notice, safe content, author fallback and read-only permissions (14.204042ms)
✔ unknown permissions and erased customer never offer note mutations (0.994541ms)
✔ write-only notes permit add but not edit/delete of notes the server does not mark own; privacy permission permits both (1.560667ms)
✔ manager trigger and all three localized buyer-export notices render through actual components (2.751291ms)
✔ UNKNOWN survives settled unauthorized retry until trusted success; fresh run ignored (32.726125ms)
✔ UNKNOWN survives settled forbidden retry until trusted success; fresh run ignored (1.965291ms)
✔ UNKNOWN survives settled version_changed retry until trusted success; fresh run ignored (1.237208ms)
✔ first-attempt preflight refusal is settled and permits a fresh action (0.725125ms)
✔ UNKNOWN and in-flight retries prevent duplicate dispatch; unmount discards stale outcome (0.410417ms)
✔ an unauthorized write signals the global logout; forbidden does not (0.901208ms)
✔ UNKNOWN command survives unmount/remount: still locked, same-key retry, cleared by trusted success (1.822792ms)
✔ a command unmounted while in flight is treated as UNKNOWN on remount (1.104083ms)
✔ a session boundary change drops the remembered UNKNOWN command (4.66625ms)
✔ a guarded read that ends signed-out signals the global logout once (6.105583ms)
✔ forbidden/unavailable failures and a successful read signal no logout (5.566916ms)
✔ refresh ending signed-out clears the view, blocks and signals the global logout once (11.932666ms)
✔ refresh ending forbidden or not-found clears the data without a logout (6.820834ms)
✔ a transient refresh failure keeps the ready view and signals nothing (7.082375ms)
✔ exactly the eight report GETs are admitted; every other method or path is refused (0.561125ms)
✔ report reads: query required, no body, no key, no transfer-encoding (44.478167ms)
✔ from/to: exactly once each, calendar-valid days, 0..91 apart (1.941083ms)
✔ session_id: only on the funnel (json and csv), a canonical uuid, once (0.879042ms)
✔ parseProductReport: echoed range/zone, <=1000 rows sorted by net desc, net = captured - refunded (5.574166ms)
✔ parseChannelReport: closed vocabulary order, money per environment strictly ascending, I05 inside every bucket (1.068792ms)
✔ parseFunnelReport: nested counts, session echo, ordered_without_link bound (0.697ms)
✔ parseManualReport: nullable principal/session ids, bucketed money like channels (0.5345ms)
✔ reports copy: three locales, identical key sets, the integrator's ruled money annotation verbatim (0.45225ms)
✔ Reports.tsx: four tabs, CSV per tab, ruled annotation, CSS/SVG charts only (no new dependencies) (1.590917ms)
✔ report CSV closed headers use actual Go slug, echoed dates and private no-store (0.442542ms)
✔ report response projection rejects unknown keys, mismatched range and non-private responses (2.393417ms)
✔ manual buckets follow Go's uncapped row count rather than a made-up 500-row limit (1.359375ms)
✔ display sorts only inside currency/environment groups, never sums money or mutates server rows (11.527125ms)
✔ page report query accepts exactly the four report names and defaults to products (0.098ms)
✔ actual product table renders offline separately, both modes, no UUID copy and sortable headers (29.932791ms)
✔ actual channel chart exposes exact numbers and both money modes using SVG (1.129583ms)
✔ actual funnel has four stages, nested widths and truthful zero-denominator text (1.444875ms)
✔ manual table resolves authorized labels, has honest fallback, and never presents UUIDs (2.051125ms)
✔ all report views render localized empty states (1.272541ms)
✔ actual BFF refuses malformed query, unknown store/session, disabled auth and missing CSV fences before Go (80.626917ms)
✔ actual BFF closed JSON projection and CSV scope/query preserve trusted token; no forwarded client authority (25.872084ms)
✔ actual BFF permission and malformed CSV response fences do not masquerade as a download (9.083167ms)
✔ audited browser GET accepts same-origin Fetch Metadata plus CSRF, never cross-site or forwarded Host (44.940625ms)
✔ actual CSV client preflight sends nothing after session change, and a lost audit response is uncertain with no retry (30.287916ms)
✔ actual CSV client refuses stale-session bytes and downloads only a closed private response (13.315084ms)
✔ report leaf gives the actual trusted fetch 65 seconds, rejects redirects and forwards only server bearer (6.740625ms)
✔ incoming request cancellation aborts the real report fetch once, returns safe unavailable and never retries (9.066042ms)
✔ CSV final synchronous fence conceals bytes when cancellation, hide or cookie rotation happens inside final await (30.558334ms)
✔ CSV end-to-end deadline covers store lookup and report budget; aborted preflight sends no audited request (12.8055ms)
✔ an uncertain export stays locked for its scope after another scope's export (8.119834ms)
✔ an uncertain export scope persists per store in tab storage and re-locks a fresh render (20.357375ms)
✔ unavailable tab storage fails closed to the in-memory lock without throwing (5.907958ms)
✔ export lock is stored before dispatch; refused/delivered outcomes release it, uncertain and cut-short keep it (37.221667ms)
✔ releasing one scope keeps the other uncertain scopes of the store (8.473583ms)
✔ export is refused and nothing is dispatched when the lock cannot be saved (denied, full or no storage) (13.48425ms)
✔ copy for an unsaved export lock exists in every locale (0.123583ms)
✔ product sort query parses strictly and defaults to net_minor descending (0.194917ms)
✔ legacy-store permission probe: forbidden/not-found/signed-out fail the read closed, transient falls back (11.176916ms)
✔ channel and funnel data retain their applied dates while draft dates wait for Show (85.82225ms)
✔ an uncertain export lock is bound to the session boundary, so a different user does not inherit it (21.524542ms)
✔ Finance landing links to reports under the same canSeeReports rule (11.943084ms)
✔ selected tag survives searches and cursor pagination while an empty filter is omitted (66.448833ms)
✔ customer list dispatch preserves legacy requests and sends every tag query to the closed W6 authority (343.06825ms)
✔ customers reports link is hidden only when permissions are present and lack orders:read (0.338125ms)
✔ reports are a finance subpage and preserve the existing single finance navigation entry (0.30575ms)
✔ an authoritative erased customer immediately unmounts the cached private tags/notes subtree (21.075ms)
✔ the actual customer row shows manual tags and imported status without changing consent (4.446583ms)
✔ P1 actual tag DELETE accepts an empty Next-style stream without JSON MIME (492.452542ms)
✔ P1 actual note DELETE accepts an empty Next-style stream without JSON MIME (1.109417ms)
✔ P1 body-carrying tag writes still require JSON MIME through the real BFF (0.259916ms)
✔ P2 customer bare/encoded tag keys are invalid422 through the actual leaf before any backend (2.980542ms)
✔ P2 report products real session/CSRF response is private and Vary Cookie (0.947208ms)
✔ P2 report products.csv real session/CSRF response is private and Vary Cookie (0.297ms)
✔ P2 report malformed query and wrong CSRF are rejected by actual helpers before upstream (0.220041ms)
ℹ tests 118
ℹ suites 0
ℹ pass 118
ℹ fail 0
ℹ cancelled 0
ℹ skipped 0
ℹ todo 0
ℹ duration_ms 1267.932125
✔ real coded errors retain baseline classification and normalize import leaf cache to private,no-store (39.226958ms)
✔ preflight missing CSRF is definite and sends nothing; actual route CSRF and session refusals stay definite (2.52275ms)
✔ actual route uses real cookies/store membership and method/error envelopes, no helper substitutions (5.321334ms)
✔ actual client/route preserves original Blob bytes, trusted transport and privacy projection on200/409 (1.925167ms)
✔ success or stale preview must remain private; malformed/unknown/mismatched coded errors are uncertain after commit (3.1715ms)
✔ lost/unreadable/session-changed dispatched commit remains UNKNOWN; no automatic retry (1.221833ms)
✔ actual failed-only result route strips IDs and real final session/cancel fence exposes no download (1.85575ms)
✔ actual route refuses unknown resource/query and duplicate session cookies before any upstream call (0.3235ms)
✔ actual route incoming cancellation aborts one dispatched transport and preserves client UNKNOWN (0.579708ms)
✔ real coded error cache may not be public, and closed payload may not acquire data-bearing fields (1.26275ms)
✔ copy still exposes specific merchant field reasons across three locales (3.731709ms)
✔ all real local and upstream import refusals including HEAD/unsupported are exact private,no-store (0.588875ms)
✔ fresh mismatched receipt stays UNKNOWN, exact manual replay mismatch becomes terminal without a third send (1.095375ms)
✔ terminal is impossible for malformed replay receipts or matching replayed counts (0.859333ms)
✔ Big5 bytes pass unchanged to upstream and real422 import envelope surfaces encoding_not_utf8 (0.488833ms)
✔ oversize file uses the actual header guard and specific size guidance in all locales without dispatch (11.859625ms)
✔ commit uses the original requested mapping, including an empty optional field, not resolved preview metadata (98.666667ms)
✔ an UNKNOWN commit remains locked through a later forbidden retry and only explicit same-file success unlocks (20.3845ms)
✔ leaving during a dispatched commit drops its payload and keeps an unconfirmed boolean without replay (9.621292ms)
✔ a definite first preflight refusal clears pending before sign-out and does not invent an unconfirmed import (13.154875ms)
✔ a replayed mismatched receipt ends UNKNOWN without offering another retry or unlocking historical orders (4.760625ms)
✔ real cookie and CSRF helpers generate and validate the actual host-cookie pair (2.474625ms)
✔ exact route rejects methods/keys/body/query/scope before any upstream request using real localError (5.082708ms)
✔ missing/duplicate session cookies reject and real clearAuthCookies expires session and CSRF (1.039417ms)
✔ actual authenticatedStores denies a store absent from the server projection (0.675792ms)
✔ private success routes server cookie token and exact canonical after, never caller bearer/cookie to Go (0.871375ms)
✔ actual safeError/localError preserve coded status with no-store and redact upstream diagnostics (0.879958ms)
✔ actual readBody and strict projection refuse MIME/oversize/extra private fields/city; network loss stays private (1.323875ms)
✔ actual client issues GET50/after through real route/private successful projection (8.159792ms)
✔ actual helper-issued browser fence rejects changed parent before dispatch (0.932916ms)
✔ private success from real route is discarded when the browser session changes during upstream read (1.818375ms)
✔ real localError no-store 401/403/404/503 preserves correct read category with no retry (3.344583ms)
✔ malformed sensitive backend projection becomes real unavailable, never a fake BFF success (0.543833ms)
✔ strict archive rows decode external order text, safe minor units and public keys (2.861583ms)
✔ PII-shaped city and extra sensitive fields never pass the safe projection (0.731958ms)
✔ all canonical Go cities pass; malformed types/bounds/order/time/money/cursor fail (1.115708ms)
✔ read grammar is exact limit/after, not the stale brief's cursor name (13.338083ms)
✔ three locales retain truthful history-not-revenue basis and copy parity (0.360375ms)
✔ SSR renders actual safe rows, shared money/time, total count and read-only three-locale basis (33.482542ms)
✔ SSR distinguishes empty archive, 403, session loss and unavailable without stale rows/count (31.315916ms)
✔ actual pagination callbacks use opaque trail; double click cannot skip; refresh/scope reset page1 (3.62475ms)
✔ the static import subpage wins over customer detail and leaves the single customers nav intact (1.200584ms)
✔ the actual list offers import only to privacy holders and carries the current authorized store (353.042834ms)
✔ the actual detail mounts archive only for an active imported customer and passes its fenced identity (57.580416ms)
✔ MIUI-READY-VISIBLE-STORE actual signed helper waits on the visible selector and retains cookie/wizard assertions (422.175625ms)
✔ MIUI-READY-DENIED read-only staff reaches the real shell refusal instead of waiting for a private wizard (36.356625ms)
✔ failure verdicts precede successful rows, by source row number, without mutating the input (1.158417ms)
✔ the failure download contains only failed row metadata, with no source cell or success identifier (0.348792ms)
✔ reads quoted/BOM header only, without decoding malformed bytes from data rows (3.611833ms)
✔ guess only unique metadata aliases with explicit unmapped values (0.479541ms)
✔ shared dynamic leaf admits only exact import methods/actions and bounded mapping/count (13.583459ms)
✔ failed CSV emits only row/outcome/code, refusing any unexpected identifier or raw cell (0.497083ms)
✔ raw-byte cap does not decode/rebuild uploads and cancels oversized chunks (19.23775ms)
✔ backend privacy projection strips all source IDs on successful and failed rows (3.071917ms)
✔ closed preview parser refuses data-bearing rows, unknown keys and inconsistent counts (0.774375ms)
✔ order preview counts units while first CSV record numbers can exceed rows_total (0.168458ms)
✔ commit receipt has exactly five keys and no extra customer cells (0.250833ms)
ℹ tests 57
ℹ suites 0
ℹ pass 57
ℹ fail 0
ℹ cancelled 0
ℹ skipped 0
ℹ todo 0
ℹ duration_ms 1017.530583
✔ G-UI8 storefront pages and the sweep's STOREFRONT_ROUTES are the same set (1.250417ms)
✔ parseShard: i/N, empty means unsharded, anything malformed throws (0.235625ms)
✔ assignShards: deterministic, every key owned once, near-balanced (LPT bound) (0.912916ms)
✔ planClick: for every N the shards partition the whole universe (every registry route x variant, storefront walk, journey) (1.538125ms)
✔ planClick at N=10 keeps every shard within ~1.3x of the mean planned cost (0.128041ms)
✔ aggregate click: honest shards pass for several N (2.446ms)
✔ aggregate click: a missing shard, a dropped page row, a lost journey, a failing row, a stale known defect and a missing platform marker are each a failure (3.759834ms)
✔ aggregate click: a route added to the registry after the shards ran cannot pass (the registry is re-read) (0.394125ms)
✔ aggregate visual: honest shards pass; a missing shard, a missing shot, a blocking verdict and a registry route outside the universe each fail (4.766ms)
✔ artifact discovery finds nested run evidence and retains platform marker refusal (3.809ms)
ℹ tests 10
ℹ suites 0
ℹ pass 10
ℹ fail 0
ℹ cancelled 0
ℹ skipped 0
ℹ todo 0
ℹ duration_ms 89.819291
ci-plan: 10 job(s); click-sweep x10 (aggregate)
  --browser-click-sweep@1/10  -> artifact gate-browser-click-sweep_1_10
  --browser-click-sweep@2/10  -> artifact gate-browser-click-sweep_2_10
  --browser-click-sweep@3/10  -> artifact gate-browser-click-sweep_3_10
  --browser-click-sweep@4/10  -> artifact gate-browser-click-sweep_4_10
  --browser-click-sweep@5/10  -> artifact gate-browser-click-sweep_5_10
  --browser-click-sweep@6/10  -> artifact gate-browser-click-sweep_6_10
  --browser-click-sweep@7/10  -> artifact gate-browser-click-sweep_7_10
  --browser-click-sweep@8/10  -> artifact gate-browser-click-sweep_8_10
  --browser-click-sweep@9/10  -> artifact gate-browser-click-sweep_9_10
  --browser-click-sweep@10/10  -> artifact gate-browser-click-sweep_10_10
✔ the full sweep and the full visual lint fan out into every shard and ask for the aggregate (1.659875ms)
✔ foundation-shards = the unit shard + every plan group; the serial `foundation` mode is untouched (1.467625ms)
✔ an explicit shard re-run (or a partial list) never claims the whole-run aggregate (0.104958ms)
✔ duplicates collapse, artifact names are safe and unique, bad input is refused (0.339167ms)
✔ main writes matrix / sweep_n / visual_n to GITHUB_OUTPUT (0.919709ms)
✔ mode discovery has no Docker/build dependency and includes the existing universe (44.20975ms)
✔ dry-run resolves a mode without executing dependencies and keeps its command environment (84.863917ms)
✔ one appended case is discovered and dispatched; malformed and duplicate registry entries fail closed (60.608417ms)
✔ registry discovery cannot silently lose indented, aliased or unrecognised Bash case arms (6.504708ms)
✔ an automatic port stolen after reservation retries and reaches the owned listener (131.7425ms)
✔ the exact old publish-gate startNext fails on the same forced real port handoff (108.739417ms)
✔ a caller-specified occupied port fails without allocation or retry (48.203709ms)
✔ a non-bind startup crash is not retried (37.069333ms)
✔ persistent automatic bind collisions stop after three total launches (108.337542ms)
✔ a readiness rejection while the child is alive preserves the original error and never retries (40.578708ms)
✔ a failure before spawning is not retried (0.385667ms)
✔ ready admin registration uses the authenticated Go fixture seam once, with no restart on a lost acknowledgement (6.615625ms)
✔ the real publish-mode registry runs every public-admin ownership regression as well as the existing browser test (14.567167ms)
✔ all eleven gate adapters preserve original assertions, readiness loops, spawn and environment statements (319.995125ms)
✔ ordinary and sharded browser jobs require only Chromium; default mixed modes keep WebKit (6.244667ms)
✔ explicit WebKit calibration takes the union without dropping Chromium (2.183375ms)
✔ every current browser arm declares requirements; unknown or missing declarations fail closed (26.808541ms)
✔ coverage assertion derives mixed Go roots and catches a new mode reusing them (99.765042ms)
✔ installer retries transient dependency failure at most three times under root timeouts (3228.981917ms)
✔ persistent dependency failure stops after three attempts and never downloads browsers (2916.84425ms)
✔ mixed engine installer preserves both dependencies and both binaries; first success needs no retry (1723.939625ms)
✔ invalid browser set cannot invoke dependency installer or browser downloads (333.499625ms)
✔ dependency CLI resolves from the directly declared package in the frozen pnpm installation (1725.537042ms)
✔ workflow keeps the overall fifteen-minute bound and partitions cache by planned engine set (0.983709ms)
✔ backend-only paths run foundation-shards only (1.249708ms)
✔ node tests of deploy scripts and of the CI planner are backend-only (they cannot change a browser) (1.517083ms)
✔ a UI path adds the whole browser set, including click-sweep and visual-lint (7.250458ms)
✔ docs-only and output-only diffs keep the single required check (foundation-shards) (0.303916ms)
✔ legacy browser_* paths still select all browsers; a known untagged foundation file stays backend-only (0.754209ms)
✔ legacy deploy prefixes remain selected and unrelated paths do not select smoke (2.369167ms)
✔ the browser set is release-gate's browser-mode universe minus the documented exclusions (81.234959ms)
✔ every real browser-tagged foundation file selects registry browser modes, including non-browser names (86.900458ms)
✔ tagged runner discovery follows registry additions, command arrays and line continuations (1.082458ms)
✔ deploy smoke is selected for its workflow, verdict/helpers and executable test inputs (2.664042ms)
✔ new selection never drops legacy modes or deploy for any tracked path (694.243791ms)
✔ CLI classifies merge-base and explicit head, including removed tags, deleted files and renames (725.884541ms)
✔ CLI selects modes the base added after divergence when the checkout is the PR merge (PR #22 review P1) (314.587584ms)
✔ CLI reads the merge checkout's source when the base adds a browser tag after the fork (PR #22 review P1) (305.487541ms)
✔ CLI explicit head and stdin include tags outside the checkout and uncommitted tag removals (270.334709ms)
✔ compound/legacy tags and unknown source are conservative; known untagged source stays backend-only (4.448125ms)
✔ explicit-head CLI derives tagged runner modes from that head's real registry (261.084208ms)
✔ real Git CLI preserves legacy selection: quotePath=true, "架构.md" (221.928042ms)
✔ real Git CLI preserves legacy selection: quotePath=true, "internal/示例.go" (169.089042ms)
✔ real Git CLI preserves legacy selection: quotePath=true, "tests/foundation/plain\tname_test.go" (177.278083ms)
✔ real Git CLI preserves legacy selection: quotePath=true, " deploy/scripts/synthetic-smoke.sh" (232.910292ms)
✔ real Git CLI preserves legacy selection: quotePath=false, "架构.md" (212.634167ms)
✔ real Git CLI preserves legacy selection: quotePath=false, "internal/示例.go" (203.928917ms)
✔ real Git CLI preserves legacy selection: quotePath=false, "tests/foundation/plain\tname_test.go" (341.5835ms)
✔ real Git CLI preserves legacy selection: quotePath=false, " deploy/scripts/synthetic-smoke.sh" (232.71925ms)
✔ stdin unions legacy trimming without trimming the source lookup path (140.087333ms)
✔ parser: only compiled, correctly-shaped Test functions of untagged _test.go files (1.524042ms)
✔ the real plan: every top-level test of tests/foundation runs in exactly one group (948.159ms)
✔ a new test (in no list) still runs, exactly once, in the catch-all group; the same name with no catch-all is red (1237.950917ms)
✔ a test listed in two groups is red; drift beyond the limit is red (1182.530084ms)
✔ regexes: anchored explicit lists; the catch-all skips exactly everyone else's tests (1.176625ms)
✔ pack: deterministic, balanced to within the longest test, every name once (10.101292ms)
✔ parseDurations: top-level lines only (0.231416ms)
ℹ tests 62
ℹ suites 0
ℹ pass 62
ℹ fail 0
ℹ cancelled 0
ℹ skipped 0
ℹ todo 0
ℹ duration_ms 10258.856875
✔ PR18 real BFF preserves invalid_ref and cursor errors without upstream retry (17.432834ms)
✔ PR18 valid A2 Unicode/escaped pages exceed 1 MiB but A8 cap stays unchanged (144.776083ms)
✔ K3 comment-only no_source cannot widen the existing inbox error seam (1.870458ms)
✔ LC-U2a real BFF seam A2-A5 exact grammar, privacy, denial and no diagnostic reflection (5.486ms)
✔ A8/A9/A13 and published templates: exact reads forward once with no-store (3.368292ms)
✔ real streamed POST bodies: A10-A14 exact keys reach upstream (4.731875ms)
✔ query, read headers, methods and body allowlists refuse before upstream (5.012417ms)
✔ session, CSRF and store authority precede content forwarding (1.401875ms)
✔ A12 fixed codes preserved; arbitrary upstream diagnostics stripped (6.050042ms)
✔ client preserves codes and receipt; changed/aborted session cannot publish private response (3.642167ms)
✔ A9 admits a full page of valid Unicode replies while bounding private response bytes (3.742125ms)
✔ non-JSON upstream 401 still expires both authentication cookies without diagnostic leakage (1.162917ms)
✔ real M7 response keeps no-referrer after matching Next production header rules (8.570041ms)
✔ three unit languages cover identical fixed labels and delivery states (1.122458ms)
✔ hiding aborts requests and rejects late responses, even after reveal (0.688375ms)
✔ switching selection invalidates both reads and write completions (0.2ms)
✔ owner and explicit inbox permissions only; viewer fails closed (0.123666ms)
✔ Messenger counts Unicode codepoints; Instagram counts NFC UTF8 bytes (1.238792ms)
✔ uncertain transport retries retain the exact submission; definitive conflicts retire it (0.852375ms)
✔ privacy calibration cannot activate with production origin or ordinary caller env (0.362875ms)
✔ late focus/pageshow while native document remains hidden cannot reveal requests (0.150708ms)
✔ terminal navigation revocation cannot be undone by focus or refresh until a new page fence (0.243625ms)
✔ a ticket from another store/page fence is never accepted (0.132042ms)
✔ focus while already visible preserves the active epoch and the uncertain reply receipt (0.102875ms)
ℹ tests 24
ℹ suites 0
ℹ pass 24
ℹ fail 0
ℹ cancelled 0
ℹ skipped 0
ℹ todo 0
ℹ duration_ms 344.244333
✔ installed APIRequestContext cookie rules exclude Secure cookie from HTTP127 but retain HTTPS/localhost (1.0275ms)
✔ actual INU02 cross uses browser auth and retains exact 404/DM absence (130.312208ms)
✔ actual INU02 cross still rejects wrong authority 401 (3.382666ms)
✔ actual INU02 cross still rejects wrong authority 200 (2.945542ms)
✔ actual INU02 cross still rejects DM in denied response (1.570167ms)
✔ actual INU02 denied uses browser auth and retains exact 403/DM absence (1.479542ms)
✔ actual INU02 denied still rejects wrong authority 401 (1.262792ms)
✔ actual INU02 denied still rejects wrong authority 200 (1.035875ms)
✔ actual INU02 denied still rejects DM in denied response (29.122833ms)
✔ actual login settles /en and fixture store (real switch, scoped=false) (121.61375ms)
✔ actual login settles /en and fixture store (real switch, scoped=true) (22.405417ms)
✔ actual login settles /en/inventory and fixture store (real switch, scoped=false) (23.20475ms)
✔ actual login settles /en/inventory and fixture store (real switch, scoped=true) (7.596833ms)
✔ actual login settles /en/messages and fixture store (real switch, scoped=false) (7.491041ms)
✔ actual login settles /en/messages and fixture store (real switch, scoped=true) (6.050625ms)
✔ actual login settles /en and fixture store (already selected, scoped=false) (1.552333ms)
✔ actual login settles /en and fixture store (already selected, scoped=true) (2.558958ms)
✔ actual login settles /en/inventory and fixture store (already selected, scoped=false) (27.614583ms)
✔ actual login settles /en/inventory and fixture store (already selected, scoped=true) (60.980208ms)
✔ actual login settles /en/messages and fixture store (already selected, scoped=false) (1.344916ms)
✔ actual login settles /en/messages and fixture store (already selected, scoped=true) (1.287834ms)
✔ bundle fixture uses real claim commands and mounts existing M6/M7 without issuing early (1.208917ms)
✔ sensitive bundle scenario clicks native clipboard with trace/video disabled and no token body reads (0.374584ms)
✔ persisted link and token-free command receipt are compared without disclosing credentials (0.151875ms)
✔ actual clipboard evaluator exports only safe summary and detects malformed or retained synthetic credentials (566.11325ms)
✔ claim-window fixture isolates recovery after the current migration permits multiple OPEN windows (9.311ms)
✔ ordinary Playwright diagnostics still capture failed-page ARIA when private guard is absent (1.520417ms)
✔ sensitive worker lifecycle prevents actual installed snapshot capture without masking the failure (24.491584ms)
✔ worker restores prior environment even when use rejects (absent) (2.20875ms)
✔ worker restores prior environment even when use rejects (empty) (140.3615ms)
✔ worker restores prior environment even when use rejects (existing-policy) (3.526ms)
✔ fixture is worker-auto and module collection does not suppress ordinary diagnostics (201.969459ms)
✔ ordinary matcher ARIA context bypasses fallback flag and remains in actual installed diagnostics (0.741875ms)
✔ private test teardown removes only matcher page context while preserving failure (failed status) (2.487708ms)
✔ private test teardown removes only matcher page context while preserving failure (rejected use) (1.388792ms)
✔ matcher guard is test-auto without replacing the installed artifact auto fixture (1.083209ms)
✔ real Playwright --list collects each original INU case and isolated INU09 exactly once (1966.101125ms)
✔ A real Inbox selection admits Go A9 attachments null without losing thread (265.590916ms)
✔ A real Inbox selection admits Go A9 attachments empty array without losing thread (6.993417ms)
✔ A malformed non-array A9 attachments is refused without painting DM or crashing selected entry (4.866333ms)
✔ C A8 HTTP200 empty list is ordinary data with no alert, selection or focus request storm (3.218083ms)
✔ C A8 list404 is scoped inbox unavailable in en, never an empty list or conversation denial (5.869125ms)
✔ C A8 list404 is scoped inbox unavailable in zh-TW, never an empty list or conversation denial (3.284833ms)
✔ C A8 list404 is scoped inbox unavailable in zh-CN, never an empty list or conversation denial (48.777ms)
✔ C click-sweep Go harness mounts existing Inbox/templates services (STRUCTURE_ONLY, Go NOT_RUN) (11.433958ms)
✔ C click-sweep includes actual-router owner200 empty inbox assertion (STRUCTURE_ONLY, Go NOT_RUN) (0.346083ms)
✔ inbox evidence is covered by the CI upload root (2.721334ms)
✔ failed Playwright closes its log and emits sanitized diagnostics before Fatalf (0.267083ms)
✔ failure diagnostics match INU cases/counts without admitting private text (1.28425ms)
✔ INU04 delayed handler 1 signals completion when fulfillment rejects (88.396458ms)
✔ INU04 delayed handler 2 signals completion when fulfillment rejects (4.197416ms)
✔ recoveryDone waits for actual held M7 completion in zh-TW (173.214708ms)
✔ recoveryDone waits for actual held M7 completion in zh-CN (4.285125ms)
✔ recoveryDone waits for actual held M7 completion in en (3.184875ms)
✔ review2 P1 bundle-only row opens real A13 and issues existing M7 claim link to clipboard (339.270083ms)
✔ review2 P1 clipboard denial recopy reuses cached issued URL without another M7 POST (6.34275ms)
✔ review2 P1 lost M7 ACK retries exact receipt and null replay token never mints a fresh key (7.909333ms)
✔ review2 P1 missing CSRF before cached recopy cannot copy or issue again (65.454ms)
✔ review2 P1 missing CSRF before uncertain retry rejects preserved receipt dispatch (9.556625ms)
✔ review2 P1 late issued-link completion after hide cannot write clipboard (8.918ms)
✔ review2 P1 late issued-link completion after selection cannot write clipboard (7.199042ms)
✔ review2 P1 late issued-link completion after unmount cannot write clipboard (9.210792ms)
✔ review2 P1 late issued-link completion after logout cannot write clipboard (4.7115ms)
✔ review2 P1 claim-link issuance denied without both live read/manage (inbox:read,live:read) (2.54675ms)
✔ review2 P1 claim-link issuance denied without both live read/manage (inbox:read,live:manage) (3.11175ms)
✔ review2 P1 missing authoritative recovery identity never guesses generation {"missingSession":true} (2.595833ms)
✔ review2 P1 missing authoritative recovery identity never guesses generation {"noBundle":true} (3.172125ms)
✔ review2 P2 exactly one matching binding uses named DM hard gate ok (4.213125ms)
✔ review2 P2 exactly one matching binding uses named DM hard gate review_required (2.749042ms)
✔ review2 P2 exactly one matching binding uses named DM hard gate missing_permission (33.28175ms)
✔ review2 P2 multiple same-provider bindings advisory only (dm_session:ok,dm_session:missing_permission) (11.13825ms)
✔ review2 P2 multiple same-provider bindings advisory only (dm_session:missing_permission,dm_session:reauth_required) (2.4915ms)
✔ review2 P2 multiple same-provider bindings advisory only (dm_session:ok,read_comment:missing_permission) (5.395958ms)
✔ review2 P2 multiple same-provider bindings advisory only (dm_session:review_required,dm_session:ok) (2.230042ms)
✔ review2 P2 actual scoped A12 409 capability refusal remains visible after advisory submit (7.212375ms)
✔ review2 P2 missing health and single binding without named DM remain disabled (5.362375ms)
✔ review2 P2 expired cached issued link cannot be recopied or silently reissued (7.561417ms)
✔ P1-1 actual visible focus preserves pending ticket, selection, revision and real retry receipt (2.992125ms)
✔ P1-1 actual unchanged-session pageshow checks without clearing; changed-session focus expires (0.995792ms)
✔ P1-1 actual hide/reveal clears and requests fresh revision, never accepts obsolete completion (0.702417ms)
✔ P1-1 changed-session visible focus expires even with a pending request (0.425ms)
✔ P1-2 actual A9 refresh 404 removes rendered DM and unsent draft (58.394459ms)
✔ P1-2 actual send-finally A9 404 removes DM, draft and uncertain immutable receipt (5.582666ms)
✔ actual uncertain send still retains exact receipt when A9 authority remains (0ms post-send A9) (10.821125ms)
✔ actual uncertain send still retains exact receipt when A9 authority remains (50ms post-send A9) (158.316708ms)
✔ actual A9 stale held completion cannot paint after component cleanup (8.882584ms)
✔ P2 actual A14 404 clears buyer facts and customer draft (explicit future-version MOCK) (2.784292ms)
✔ safe authority errors remain the actual InboxError transport class (0.186584ms)
✔ actual current A13 without version keeps A14 disabled; future MOCK grants no backend claim (5.81575ms)
✔ P1-2 actual A11 takeover write 404 clears private state despite failing follow-up A9 (3.147083ms)
✔ P1-2 actual A12 send write 404 clears private state despite failing follow-up A9 (5.928208ms)
✔ A13 server orders omission remains distinct from authorized omitted data (2.64175ms)
✔ A13 server orders omission remains distinct from authorized empty data (0.615708ms)
✔ A13 server orders omission remains distinct from authorized populated data (2.961708ms)
✔ PR18 host digest hardening sync-throw (239.657917ms)
✔ PR18 host digest hardening never-settles (1536.932417ms)
✔ actual shell-store-selector captures selection before synchronous privacy teardown (allowed=true) (61.466084ms)
✔ actual shell-store-selector captures selection before synchronous privacy teardown (allowed=false) (11.809375ms)
✔ actual locale-switch captures selection before synchronous privacy teardown (allowed=true) (5.040334ms)
✔ actual locale-switch captures selection before synchronous privacy teardown (allowed=false) (3.130458ms)
✔ persisted A9 UNKNOWN after page entry warns and blocks the real composer in en (128.4475ms)
✔ persisted A9 UNKNOWN after page entry warns and blocks the real composer in zh-TW (16.29025ms)
✔ persisted A9 UNKNOWN after page entry warns and blocks the real composer in zh-CN (7.101167ms)
✔ A12 queued ACK followed by final A9 UNKNOWN overrides the local queued notice and blocks another send (5.345583ms)
✔ a captured previously enabled composer cannot bypass final UNKNOWN learned by Refresh (5.472917ms)
✔ a later A9 page omitting the known UNKNOWN is not delivery reconciliation (19.428875ms)
✔ persisted queued is not mislabeled UNKNOWN and retains ordinary composer eligibility (2.51175ms)
✔ persisted sent is not mislabeled UNKNOWN and retains ordinary composer eligibility (9.513667ms)
✔ persisted failed is not mislabeled UNKNOWN and retains ordinary composer eligibility (1.248375ms)
✔ persisted blocked is not mislabeled UNKNOWN and retains ordinary composer eligibility (3.572333ms)
✔ fresh mount refuses when an old UNKNOWN is beyond 51 newer messages (fact=true) (5.120625ms)
✔ fresh mount refuses when an old UNKNOWN is beyond 51 newer messages (fact=null) (1.848709ms)
✔ fresh mount refuses when an old UNKNOWN is beyond 51 newer messages (fact=undefined) (8.053709ms)
✔ fresh mount refuses when an old UNKNOWN is beyond 51 newer messages (fact=false) (5.369959ms)
✔ a refreshed unknown authority replaces old clear authority even for a captured composer (7.572917ms)
✔ window strict eligibility with 300001ms before hard 24h deadline (14.625875ms)
✔ window strict eligibility with 300000ms before hard 24h deadline (3.594167ms)
✔ window strict eligibility with 60000ms before hard 24h deadline (1.104666ms)
✔ window strict eligibility with 0ms before hard 24h deadline (0.846625ms)
✔ window invalid server deadline fails closed without preparing a send (0.625459ms)
✔ window captured enabled form callback cannot POST after crossing safe cutoff (0.799083ms)
✔ window deadline timer closes controls at cutoff and hard end without waiting for 15s poll (0.780041ms)
✔ quota recovery gives exact zh-TW comment-quota and DM-window instructions beside copy only (0.38425ms)
✔ quota recovery gives exact zh-CN comment-quota and DM-window instructions beside copy only (0.090666ms)
✔ quota recovery gives exact en comment-quota and DM-window instructions beside copy only (0.089792ms)
ℹ tests 125
ℹ suites 0
ℹ pass 125
ℹ fail 0
ℹ cancelled 0
ℹ skipped 0
ℹ todo 0
ℹ duration_ms 3778.541958
✔ browser evidence uses unique local runs or the selected harness parent without rewriting history (96.267791ms)
✔ browser evidence rejects labels that escape the harness directory before creating files (30.018875ms)
✔ shell isolates visual fixtures from a click ledger when caller reuses its evidence root (30.286291ms)
✔ ops disk guard allocation isolates its log and child evidence from committed history (19.306625ms)
✔ visual artifact upload selects lint/index/shots and excludes raw unrelated evidence (14.66325ms)
✔ visual reviewer discovers nested per-run artifact shots through its real copy loop (63.869583ms)
✔ explicit evidence roots inside a repository must be ignored and untracked (PR #23 review) (555.844583ms)
✔ visual review refuses an incomplete report: every captured page needs exactly one PASS|FIX section (PR #23 review) (232.159417ms)
✔ reject quoted screenshot path (4.295708ms)
✔ reject computed writer (0.454083ms)
✔ reject renamed import (0.908708ms)
✔ reject local writer alias (0.615417ms)
✔ reject quoted reporter (0.333666ms)
✔ reject openSync write (0.36125ms)
✔ reject open write (0.543917ms)
✔ reject URL writer (0.363ms)
✔ reject bound writer (0.184542ms)
✔ reject bound path (0.214542ms)
✔ reject direct (0.102167ms)
✔ reject alias (0.208791ms)
✔ reject split join (0.114875ms)
✔ reject template (0.321ms)
✔ reject helper (0.476334ms)
✔ reject copy destination (0.08775ms)
✔ reject reporter (0.151541ms)
✔ reject traversal (0.086875ms)
✔ reject tracked nonoutput (0.061416ms)
✔ allow read-only open (0.4205ms)
✔ allow read-only URL open (0.157291ms)
✔ allow historical read (0.120583ms)
✔ allow copy source (0.053542ms)
✔ allow comment (0.214917ms)
✔ allow string data (0.061542ms)
✔ allow run directory (0.171875ms)
✔ Go Join aliases flag writes but not read-only history or comments (2.221333ms)
✔ producer discovery covers acceptance suites and helpers, not documentation/artifacts (0.235917ms)
✔ synthetic Go historical fixtures stay inside t.TempDir; real CopyFS destinations are audited (0.402875ms)
✔ Go OpenFile rejects create/write flags but preserves historical read-only descriptors (1.53075ms)
ℹ tests 38
ℹ suites 0
ℹ pass 38
ℹ fail 0
ℹ cancelled 0
ℹ skipped 0
ℹ todo 0
ℹ duration_ms 1081.787834
