✔ /products/{uuid} redirects permanently to the zh-TW product page (38.065333ms)
✔ non-uuid ids are 404, never redirected (0.949166ms)
✔ AT1: the locale redirect preserves the ad-click query without allowing a redirect target (0.1275ms)
✔ R10: standalone signed signals survive a missing or expired seven-day touch (32.076958ms)
✔ R10: standalone signals reject expiry, bad signature, duplicates and another host (0.543417ms)
✔ AT1 R5: browser identity survives expired touch and rolls for ninety days (0.65075ms)
✔ AT1 R5: missing ad parameters create no cookies; fbclid alone creates no touch (0.820083ms)
✔ AT1 R5: lc_ad alone updates attribution and does not replace fbc (1.272542ms)
✔ AT1: host-only first-party cookies contain no PII and read back exactly (0.628791ms)
✔ AT1: a later valid click replaces the draft but preserves the browser identifier (0.287375ms)
✔ R10: only a different fbclid replaces fbc and its first-seen timestamp (0.49975ms)
✔ AT1: malformed and ambiguous links do not overwrite a valid prior touch (0.689125ms)
✔ AT1: host and key binding reject copied cookies (0.406875ms)
✔ AT1: duplicates and tampering invalidate the entire envelope (0.309958ms)
✔ AT1: exactly seven days is valid, the next millisecond and future clicks are not (0.307166ms)
✔ catalog list query limits equal the Go v2 parser (internal/buyerhttp/catalogv2.go) (42.886209ms)
✔ collection list cap equals Go maxCollectionsPerStore (4.570959ms)
✔ design caps equal internal/design/schema.go (nav, sections, pages) (3.406625ms)
✔ CVS buyer-entered store bounds and return path equal Go (internal/checkout/cvs.go, migration 0093) (5.251583ms)
✔ transfer view: closed shape and state rules mirror Go validTransferView (0.747125ms)
✔ proof body and result: five digits, positive minor amount, ISO instant (0.175708ms)
✔ minorFromText: major units with at most two decimals, never a float surprise (0.091458ms)
✔ buyer email mirror: one plain address, 254 characters at most (0.097416ms)
✔ countdown: whole hours and minutes, never negative (0.331ms)
✔ copy: three locales carry every key and every refusal code (0.183709ms)
✔ options: a home row lists modes only with bank_transfer and then needs its window (0.234333ms)
✔ checkoutInput: a home bank_transfer body, the optional trimmed email, and every refusal before any request (0.369625ms)
✔ order: AWAITING_TRANSFER is a valid commercial state without a hold time (0.179209ms)
✔ BFF: exact transfer routes, keyed proof PUT, strict body, validated answers, no generic proxy (44.465083ms)
✔ BFF: transfer refusal codes pass through as definite 422; checkout accepts bank_transfer and a valid email only (8.116167ms)
✔ D06 order heading follows a settled transfer: never 'waiting for transfer' above a confirmed or expired one (0.097083ms)
✔ uncertain prepare blocks all mutations; changed cookie context resolves journal (20.042834ms)
✔ fully parsed local denial clears only its own pending operation (0.6705ms)
✔ malformed journal, unavailable lock and stale context fail before writes (1.141292ms)
✔ BPT05 exact handoff permits absent body/key, one fetch, no form persistence (31.128375ms)
✔ BPT05 wrong handoff form and ordinary writes fail before any fetch (0.502542ms)
✔ BPT05 unresolved cookie journal blocks handoff; lost response is one fetch without persistence (0.145791ms)
✔ SU02 refresh permits absent body/key, one fetch, no persistence (0.159625ms)
✔ SU02 refresh rejects a body, a key or a malformed path before any fetch (0.11875ms)
✔ SU02 cancel permits absent body/key, one fetch, no persistence (0.107125ms)
✔ SU02 cancel rejects a body, a key or a malformed path before any fetch (0.088875ms)
✔ BPT01 exact private path, headers, body and three-locale one-fetch transport (58.652166ms)
✔ BPT02 payment routes reject untrusted path, context, headers, key and body before fetch (6.997042ms)
✔ BPT03 hostile upstream success is sanitized, never returned as payment data (3.458542ms)
✔ BPT04 every handoff failure is nonretryable, including pre-route and transport loss (2.221583ms)
✔ SU02 five routes: exact upstream path, method, key, body, one fetch each (0.870334ms)
✔ SU02 refresh and cancel are keyless and pass every CSRF/context denial before fetch (2.169542ms)
✔ SU02 every handoff/refresh/cancel failure is nonretryable and sanitized (2.526ms)
✔ SU02 hostile Stripe bodies become the sanitized 503; PAYUNi and Stripe bodies stay byte-identical (6.328917ms)
✔ SU02 prepare accepts only the two known method codes (0.795125ms)
✔ disabled and invalid configuration fail closed before private fetch (27.530833ms)
✔ private authority, cookie lifecycle and strict local denial (24.094167ms)
✔ bad host, cookie, query and method never reach private API (2.397583ms)
✔ stalled inbound POST body is canceled at its deadline without a cookie or private call (3.458833ms)
✔ R10: Begin forwards independently signed signals; browser attribution and forwarded hosts are not authority (2.311708ms)
✔ CVS BFF: exact routes, keyed open/store, keyless verify, validated answers, no generic proxy (7.427083ms)
✔ CVS BFF: contract refusal codes pass through; pay_at_pickup_limit is a definite (non-retryable) 429 (2.614166ms)
✔ fragment grammar accepts only one canonical token (0.65425ms)
✔ claim projections are closed (0.451083ms)
✔ claim token rides only its header on B1/B2 and is never echoed (30.833833ms)
✔ claim-priced cart edits send only SKU and quantity, keeping server price authority (8.524459ms)
✔ direct-checkout sold-out projection is mandatory, boolean and closed (0.124292ms)
✔ claim redeem shares the purchase lock, guards recovery and never persists the token (1.536792ms)
✔ ClaimLink removal projects live-priced survivors on ready and conflict pages (165.631667ms)
✔ ClaimLink revisit checks out applied A while pending B is sold out or unavailable (11.230791ms)
✔ ClaimLink refreshes a nothing result after a second tab applied the claim (6.227375ms)
✔ ClaimLink does not navigate when a buyable claim target is absent or has changed quantity (12.225459ms)
✔ ClaimLink optional prior-order notice tolerates unreadable storage without bypassing recovery (30.263041ms)
✔ CVS01 map form: only the two ECPay e-map actions, exact fields, top-level-safe values (2.087042ms)
✔ CVS02 return path allowlist excludes /claim and anything but the checkout or product page (0.286042ms)
✔ CVS03 selection projection: VERIFIED<=>pickup, REJECTED<=>reject_code, absent keys read as null (0.959459ms)
✔ CVS04 buyer-entered store answer and request body (0.641291ms)
✔ CVS05 store code table (§16.1) keeps leading zeros and per-chain lengths (0.350833ms)
✔ CVS06 recipient mirror: real-name width 4..10 (CJK=2), no digits/symbols/emoji; 09 mobile (1.176959ms)
✔ CVS07 checkout draft: name, phone and mode only; read once; corrupt/foreign shapes are dropped (0.477917ms)
✔ CVS08 return URL: only ?cvs_selection=<uuid> is accepted (0.129833ms)
✔ CVS09 buyer order projection and copy keys: nothing but PICKED_UP says picked up (0.129167ms)
✔ CVS10 error codes: field mapping, definite refusals, official links are https constants (0.214542ms)
✔ CVS11 client transport: verify is the one new keyless POST; the server refusal code rides BuyerClientError.detail (21.433875ms)
✔ every locale x page has a title, an updated line and at least one section (1.921125ms)
✔ locales share the section count and per-section body count of every page (0.501291ms)
✔ final text is only the owner-confirmed company facts (CR 81215167 name + registered address); nothing else is final (0.3935ms)
✔ a legal page is published only when every text on it is final; buyers see no link to an unpublished one (1.261625ms)
✔ data-deletion path is named in the privacy page of every locale (0.175542ms)
✔ pendingOwnerText lists exactly the texts that keep a page unpublished and is written for the owner (1.771542ms)
✔ a live (claim-origin) price replaces the catalog price and strikes it through (4.4205ms)
✔ without a live price the catalog price and its compare-at are shown unchanged (0.18975ms)
✔ a live price equal to or above the catalog price is shown as set (strike hidden by the UI guard) (0.111417ms)
✔ a live price strikes the catalog price, never the variant sale price (0.097291ms)
✔ order ref: 12 hex (dashes or spaces, any case) or a full id (0.430375ms)
✔ contact: one email or a phone of 6..20 digits (0.149917ms)
✔ body is exactly {order_ref, contact}; the answer is exactly {order_id} (0.128958ms)
✔ BFF lookup: no cookie needed, fresh token goes upstream, cookie only on 200 and it carries that same token (39.102667ms)
✔ BFF lookup: strict local denial before any private fetch (2.630125ms)
✔ copy: three locales carry every key (0.558333ms)
✔ MS4 srcset descriptors use actual decoded widths and deduplicate small renditions (0.379291ms)
✔ MS1 product rendition allowlist preserves trusted Host and never forwards buyer cookies (24.223375ms)
✔ MS2 invalid, duplicate, extra, encoded widths and non-product variants fail before fetch (0.862917ms)
✔ MS3 old-image fallback is never promoted to immutable; committed variants are cacheable (4.229917ms)
✔ TWD whole amounts show no decimals in every locale and at every magnitude (line, subtotal, total, zero) (21.6285ms)
✔ cents appear only when there are cents, then always as two digits; the minor-unit arithmetic is untouched (0.1875ms)
✔ digits come from the currency: JPY none, USD two when there are cents (2.925125ms)
✔ one formatter: no component, page or lib builds a currency Intl.NumberFormat outside lib/money.ts (28.96275ms)
✔ fragment: exactly #o=<order id>&t=<43-char token>; anything else is null (2.090958ms)
✔ body is exactly {order_id, token, proof}; the answer is exactly the order the link named (0.361208ms)
✔ BFF link: no cookie needed, fresh token upstream, cookie only on a 200 naming the same order, link token never echoed (41.824708ms)
✔ BFF link: strict local denial before any private fetch (5.624833ms)
✔ copy: three locales, one refusal text, a retry and a lookup path (0.115542ms)
✔ BPU01 fresh payment writes exact metadata before prepare, one bodyless Take, no persistent form (28.931333ms)
✔ BPU01 lost prepare response replays original key/body only on explicit next click (3.317333ms)
✔ BPU01 lost handoff is permanently GET-only, even after a second click (2.15775ms)
✔ BPU01 storage, amount, scope and child/screen fences reject before irreversible writes (3.0395ms)
✔ BPU01 document/child loss after prepare but before Take leaves exact replay marker (0.405583ms)
✔ BPU01 malformed server handoff never submits and Take remains nonretryable (0.713625ms)
✔ BPU01 marker replacement before Take and after Take blocks release/form reuse (5.19775ms)
✔ BPU01 context replacement after prepare and after Take closes destination without form (1.6695ms)
✔ BPU01 synchronous destination refuses invalid locale before opening a window (0.300875ms)
✔ SU03 fresh Stripe pay: marker before prepare, one prepare, one handoff, navigate, URL never stored (2.533583ms)
✔ SU03 marker replay: lost prepare response replays key/body, no uncertain on PENDING view with leftover marker (5.330458ms)
✔ SU03 cross-device Continue needs no marker and never prepares (1.235791ms)
✔ SU03 marker/view matrix: PAYUNi marker on Stripe view and Stripe marker on PAYUNi view send nothing (3.728375ms)
✔ SU03 any other view renders without a POST (5.711917ms)
✔ SU03 CREATING: waits on the schedule without the lock, then hands off once when READY (16.465583ms)
✔ SU03 CREATING budget: 10 reads over 30 s, then the blank child is closed, no POST, no throw (11.533834ms)
✔ SU03 cancel_requested seen on the re-GET aborts before the handoff POST (1.357625ms)
✔ SU03 handoff outcomes: CREATING closes child, CLOSED/UNAVAILABLE/error/malformed reject; one POST each, never retried (7.1325ms)
✔ SU03 Stripe prepare errors, amount/currency mismatch and popup loss stop before any handoff (5.035167ms)
✔ SU03 two clicks make two handoff POSTs only because there were two clicks; sequential, none from reads (4.980291ms)
✔ SU03 navigate: validates again, needs an owned blank child, sets used before replace, no URL in errors (2.648375ms)
✔ SU03 refresh signal: keyless single POST, validated, throttled 1/10 s and 30 per page life, cancel never throttled (2.842958ms)
✔ SU03 signal failures are single-shot and sanitized: HTTP error, malformed body, wrong order (0.434542ms)
✔ private quote/option authority fields are required; only exact MANUAL home can checkout (1.520584ms)
✔ continue shopping advances only ordered version, clears hint, keeps SQL history authoritative (14.361333ms)
✔ lost next-cart response retries identical key/body and preserves a newer cart (2.527417ms)
✔ continuation never overwrites an already advanced cart (1.112333ms)
✔ unknown checkout blocks continuation without any business request (0.64825ms)
✔ two queued continuation clicks mutate once; stale order ID cannot clear another order (1.253792ms)
✔ CAS conflict resolves only after a newer cart is read (0.916292ms)
✔ locator removal failure retains next-cart journal and recovery survives missing locator (0.571833ms)
✔ order history summary rejects PII/unknown fields and malformed scope IDs (0.095333ms)
✔ native address validation mirrors printable Unicode, limits and phone; journal forbids PII (2.315166ms)
✔ address lost reply replays exact in-memory intent, then confirms current head (0.71375ms)
✔ address reload requires explicit new intent and exact observed CAS; stale head never auto-bumps (0.602541ms)
✔ old address receipt cannot confirm another tab's newer current head (0.173542ms)
✔ a late address CAS winner requires another explicit confirmation, not an automatic version bump (2.310083ms)
✔ checkout lost reply, queued duplicate and current GET reuse one key and one order (1.128875ms)
✔ uncertain checkout retains original journal across later 401/403/404/5xx and malformed success (0.702625ms)
✔ only a fresh definitive denial clears checkout; no order locator is invented (0.176458ms)
✔ locator storage failure after commit retains same key; reload GET failure keeps locator (0.380625ms)
✔ locator persisted but journal removal failed resumes pending receipt, not unrelated pointer (0.36975ms)
✔ unavailable storage, invalid locator and late changed context fail closed (0.185333ms)
✔ order locator readback mismatch and no-op journal removal both retain checkout recovery (0.331125ms)
✔ direct claim continuation refuses a newer ordered cart inside the purchase lock (0.239ms)
✔ direct claim continuation keeps next-cart recovery after a conflicting clear (0.196042ms)
✔ collector projection: admitted for derived connections, absent/null for primary (0.626209ms)
✔ collector rejects identifiers, extra keys and malformed text (0.103417ms)
✔ disclosure renders the contract §5 line with all three slots substituted (0.083458ms)
✔ the disclosure line exists exactly when the hosted view returns a collector (0.071625ms)
✔ a shop or collector name with a replacement pattern is shown literally (0.044ms)
✔ OrderPayment renders the disclosure with the view, above every pay button, through the helper only (4.302708ms)
✔ BPT03 exact valid projection and Go nanosecond UTC timestamps (11.096333ms)
✔ BPT03 view rejects private fields, inconsistent state and malformed names (0.465584ms)
✔ BPT03 prepared receipt enforces exact original credit-card amount (0.205792ms)
✔ BPT03 hosted form and replay are exact, bounded and action-allowlisted (1.56925ms)
✔ SU01 Stripe views: fresh, both methods, attempt states, PAYUNi unchanged (0.41275ms)
✔ SU01 Stripe view negatives (0.654ms)
✔ SU01 prepared amounts follow the corrected per-currency table (0.277542ms)
✔ SU01 Stripe handoff union and every redirect_url negative (0.536958ms)
✔ SU01 payment signal is exactly {order_id, scheduled:boolean} (0.209583ms)
✔ RUI01 refund summary: refunded states, pending money, absent ≡ null (0.299416ms)
✔ RUI01 refund summary negatives (0.278042ms)
✔ BPU03 neutral GET and POST return ignore every callback field and cookie (16.993125ms)
✔ primary origin: exact path/query, same host, and no URL-controlled destination (3.830708ms)
✔ GET and HEAD use trusted Host, private bounded uncached resolver and exact 301 (19.715209ms)
✔ no writes redirected; resolution failures fail closed; unknown hosts keep native 404 (0.6755ms)
✔ policy version is the frozen constant, in the customers-core D4 shape (0.391125ms)
✔ route table: exactly the four buyer privacy routes, methods and body kinds (0.383917ms)
✔ body shapes are closed and mirror the frozen Go inputs (no source, no policy_version) (0.0845ms)
✔ GET privacy validator: closed shape, erased owner holds no consent (0.112791ms)
✔ consent result and erasure summary validators (0.2045ms)
✔ buyer export envelope never carries customer_id (0.591708ms)
✔ failure classification: 410 and erased are the erased state (0.051875ms)
✔ copy: every locale has the same keys, the ads box discloses that sent events cannot be recalled (0.090541ms)
✔ selected option photo uses a main display slot without adding a fifth main image (3.359709ms)
✔ use-cover selection and a main-thumbnail selection restore the original main gallery (0.810166ms)
✔ cart thumbnail uses variant then catalog image_id, including when main images are absent (0.444959ms)
✔ migrated four-main/five-detail images stay separate when the option photo changes (0.79125ms)
✔ real cart-detail composition uses server SKU image_id (v2 detail available) (24.746334ms)
✔ real cart-detail composition uses server SKU image_id (v2 detail unavailable) (1.240333ms)
✔ parity: frontend caps equal the Go constants (1.472292ms)
✔ detail parser: 4 main + 20 detail + option-value images are accepted and mapped (0.6525ms)
✔ detail parser: 5 main, 21 detail, bad ids and over-cap option images are refused (0.136375ms)
✔ detail parser: a backend before product-media-v2 (no new keys) still parses with empty defaults (0.074417ms)
✔ v1 catalog row: images are main-only (<= 4) and image_id is a uuid or null (0.183417ms)
✔ PRO-S1 code mirror: any case and spaces normalise; impossible codes never become a request (0.441375ms)
✔ PRO-S2 promotion object: closed keys, kind/value pairing (0.159583ms)
✔ PRO-S3 quote validator: promotion is optional but never malformed; the discount stays the server's own number (0.248583ms)
✔ PRO-S4 journal grammar: a quote write may carry one canonical promo_code, nothing else (0.329084ms)
✔ PRO-S5 copy: three locales cover every refusal code and the same keys (0.412833ms)
✔ PRO-S6 BFF quote route: promo_code relayed untouched when canonical, refused before the private API otherwise (59.086375ms)
✔ PRO-S7 BFF: every promo_* refusal is a definite, non-retryable 422 with its own code (2.488333ms)
✔ demonstration disclosure is explicit and local-only (0.447916ms)
✔ cart selection preserves unrelated SKUs and the observed CAS version (5.192083ms)
✔ minor amounts are bounded before multiplication, including zero (0.074166ms)
✔ delivery identity includes country for one market and method (0.05525ms)
✔ journal is bound to context and rejects PII/unknown fields (0.196625ms)
✔ lost response replays exact key/body, then clears only after parsed receipt (40.317ms)
✔ RUI02 buyer order admits MERCHANT_SHIPPED only with a SHIPPED head; absent shipment ≡ null (0.957833ms)
✔ RUI02 shipment shape negatives (incl. unsafe links) (2.309167ms)
✔ RUI02 history summary admits MERCHANT_SHIPPED (a shipped order must not break the list) (2.219ms)
✔ CVSP01 options: CVS rows carry pickup_selection/payment_modes; unavailable rows are a separate shape (0.668584ms)
✔ CVSP02 CVS destination write: TW only, pickup_id required, empty home address; home unchanged (7.43675ms)
✔ CVSP03 checkoutInput: payment_mode only for CVS rows and only a mode the row offers (2.029792ms)
✔ COD confirmation includes expected fee, enforces collect cap and validates immutable order money (0.702167ms)
✔ CVSP04 buyer order: pay_at_pickup <=> collection_state; cvs_shipment only on a matching CVS destination (0.233791ms)
✔ CVSP05 journal accepts a CVS destination marker and a checkout body with payment_mode, nothing else (0.404625ms)
✔ validProduct accepts up to the Go photo cap and rejects one more (0.7925ms)
✔ design: garbage and hostile documents collapse to the safe default shape (2.365542ms)
✔ design: links, preview token propagation, nav resolution (0.299166ms)
✔ design: any merchant accent yields readable button text and link colour (WCAG AA) (0.536417ms)
✔ variants: resolution, disabled out-of-stock combinations, initial choice, price bounds (0.326833ms)
✔ catalog-v2 parsers accept the frozen shapes and refuse drift (1.26975ms)
✔ free-delivery progress words the hint only when a threshold exists (0.206208ms)
✔ list query: only whitelisted, canonical values survive (0.58475ms)
✔ seo: JSON-LD cannot break out of its script tag; offers reflect stock and price range (77.430125ms)
✔ seo: sitemap escapes and carries hreflang; robots refuses everything for a closed host (0.197ms)
✔ money: whole amounts drop cents, minor digits come from the currency, filters round-trip (0.660666ms)
✔ cart line write: replaces one line, keeps the others, 0 removes, CAS version is the one shown (5.678ms)
✔ cart problems map to buyer-facing classes without leaking transport detail (0.094875ms)
✔ checkout options accept the optional free-shipping threshold only as a positive integer or null (0.174917ms)
✔ no-image placeholder copy: exactly the locale label a photo-less card or gallery renders (0.050167ms)
✔ storefront image caps equal the Go catalog caps (internal/catalog MaxMainImages, MaxDetailImages) (11.646291ms)
✔ design text limits count code points like Go, never splitting a surrogate pair (0.231416ms)
✔ G3: same-series cards exclude the current product and never invent absent draft/foreign products (0.555959ms)
✔ G5: safety guidance exists in three languages without changing the five merchant policy approval boundaries (0.915958ms)
✔ G4: category chips omit empty collections; hidden collections absent from the public API stay absent (0.064959ms)
✔ OrderHistory renders server order instant in Taipei (6.627167ms)
✔ ClaimLink renders claim expiry in Taipei (3.590709ms)
✔ BankTransfer renders deadline and proof instant in Taipei (4.36075ms)
✔ BankTransfer proof echo labels store time in en (5.333625ms)
✔ BankTransfer proof echo labels store time in zh-TW (17.300916ms)
✔ BankTransfer proof echo labels store time in zh-CN (4.593875ms)
✔ BankTransfer input describes the device zone in en (1.5845ms)
✔ BankTransfer input describes the device zone in zh-TW (1.211875ms)
✔ BankTransfer input describes the device zone in zh-CN (3.566666ms)
✔ ShopFooter uses Taipei year across UTC year boundary (4.294416ms)
✔ BankTransfer deadline labels store time in en (2.95725ms)
✔ BankTransfer deadline labels store time in zh-TW (1.555875ms)
✔ BankTransfer deadline labels store time in zh-CN (1.225042ms)
✔ OrderHistory states the Taipei time zone once in en (0.802125ms)
✔ OrderHistory states the Taipei time zone once in zh-TW (0.675125ms)
✔ OrderHistory states the Taipei time zone once in zh-CN (0.621792ms)
✔ dictionaries have exact parity and non-empty values (0.588834ms)
✔ locale precedence and language quality mapping (0.605084ms)
✔ localized paths preserve deep links and reject dangerous input (0.367666ms)
✔ path locale only matches a canonical first segment (0.05225ms)
✔ the four constructs render (0.593542ms)
✔ XSS payloads stay inert text (0.4465ms)
✔ fuzz: any string over a hostile alphabet renders only whitelisted tags (13.540209ms)
✔ validator mirrors the Go rules (0.1885ms)
✔ SDN1 allowlist: exactly the contract routes, per method (1.127834ms)
✔ SDN1 allowlist: traversal, case, suffix and prefix tricks never match (0.522667ms)
✔ SDN1 request shape: no query string anywhere, reads carry no body, key, length or transfer-encoding (23.231167ms)
✔ SDN1 cap: 260 KiB = Go's 256 KiB document + 4 KiB envelope, and a body of exactly the cap is still below it (0.113959ms)
✔ SDN2 renderer: every XSS payload comes out as whitelisted tags and escaped text only (1.391458ms)
✔ SDN2 renderer: escape-first means the merchant's text never becomes markup (0.198708ms)
✔ SDN2 renderer: fuzz (seeded) never produces a tag outside the whitelist (59.2785ms)
✔ SDN2 client validator rejects what the server rejects (HTML, non-https links, `<` anywhere) (0.223041ms)
✔ cleanForSave turns cleared fields into null but keeps an empty body (0.401209ms)
✔ localIssues names each missing mandatory value by server path (0.494791ms)
✔ moved swaps neighbours and ignores out-of-range moves (0.072ms)
✔ parsers accept the exact Go shapes and refuse extra or missing keys (0.356125ms)
✔ BFF allowlist covers exactly the design resources (0.215833ms)
✔ validDesignRequest refuses queries and bodies on reads, ignores other paths (10.144791ms)
✔ designDetails forwards only a bounded {path, reason} pair (0.159958ms)
✔ accepts exactly the three locale invite paths with a 20-200 char token (0.780834ms)
✔ rejects anything that is not an exact same-origin relative invite path (0.163208ms)
✔ rejects percent-encoded variants of the exact shape (0.092ms)
✔ the token is an opaque invite token shape, never a URL (0.094208ms)
✔ fragment carrier: round-trips the exact invite path, is never a query string, and rejects hostile fragments (0.3735ms)
✔ dashboard: accepts the frozen shape, rejects drift (2.712417ms)
✔ import result: strict keys, closed error codes, committed never carries errors (0.280417ms)
✔ csv file guard mirrors the Go bounds (0.071791ms)
✔ manual options: a COD home row parses with its offer (D01: the page used to refuse the whole list) (4.068792ms)
✔ manual options: only bank_transfer / pay_at_pickup / cash_on_delivery, key must equal market|country|code (0.36975ms)
✔ manual result: link is https with the order id and a 43-char capability in the fragment only (0.867792ms)
✔ draft: first problem, and the body has no price-like field at all (1.63975ms)
✔ BFF grammar: exactly the seven tools resources (8.646917ms)
✔ regenerate body/result: exactly {order_id, locale} and a fresh https link naming that order (0.427708ms)
✔ copy parity: every locale has every key, import rules and error codes (1.113917ms)
✔ callback redirect target is always a same-origin /<locale>/settings path whatever the cookies, store, code or error say (3.29625ms)
✔ the binding cookie: exactly one canonical store uuid, path-scoped to the callback, HttpOnly, Lax, 10 minutes, Secure (0.242959ms)
✔ callback query: exactly one code and one state within charset/length bounds; Meta's error=… and repeats are not forwarded (1.175959ms)
✔ the dialog URL the BFF hands the browser is https://www.facebook.com only (0.271125ms)
✔ callback error mapping only ever yields fixed codes, never an upstream message (0.277125ms)
✔ selected Page qualifies only a bare Facebook id, never rewrites another Page or external URL (1.322ms)
✔ status: not connected, connected with and without Instagram, and every deviation throws (2.429375ms)
✔ pick state: closed shape, optional Instagram keys come as a pair, id must match (0.667083ms)
✔ route grammar: only status/states/pick/disconnect; start and callback are dedicated routes; no query; reads carry no body or key (14.018375ms)
✔ connect cookie, body and callback redirect never carry code/state and only fixed codes (0.288791ms)
✔ copy: three locales have the same keys and every Go error code has a message (0.094708ms)
✔ review-required remains restricted; evidence does not promote state (0.811875ms)
✔ legacy omission remains unidentified, independent of array order (0.155375ms)
✔ closed shapes reject unknown state/provider/evidence, leaked fields and inconsistent severity (0.5675ms)
✔ duplicate capabilities/pages and unbounded arrays cannot become trusted state (0.30825ms)
✔ worst Page determines advice, no raw upstream reason reaches copy (0.421625ms)
✔ recheck receipt means scheduled; timestamps and closed keys are checked (0.624875ms)
✔ exact keyless route grammar rejects query/key/body confusion (19.245667ms)
✔ recheck takes exactly page_id and no caller-provided scope (0.265208ms)
✔ blocking advice comes from the blocking capability, not a secondary public-reply warning (0.230417ms)
✔ clean health browser mode prepares admin standalone before starting its fixture (7.652333ms)
✔ en: expired connection retains its full refusal inside a wrapping badge (10.154833ms)
✔ zh-TW: expired connection retains its full refusal inside a wrapping badge (0.921334ms)
✔ zh-CN: expired connection retains its full refusal inside a wrapping badge (0.531834ms)
✔ actual B1 snapshot state remains ok even when a fixture expected review_required (0.086625ms)
✔ D02 TWD input: whole dollars only, x100 on the wire (11.556958ms)
✔ D02 TWD edit text: whole dollars have no decimals; a legacy amount with cents is never shown as another price (0.6425ms)
✔ D02 display: NT$ without decimals in every language, cents only when there are cents (3.492125ms)
✔ D02 live-price input (Studio claims): TWD whole dollars, other currencies their decimals (0.181958ms)
✔ D02 discount code amounts: TWD whole dollars, a decimal is refused before it is sent (0.273208ms)
✔ D02 no admin copy or component says 'minor units' to the merchant (114.264708ms)
✔ M06 time: Asia/Taipei everywhere, labelled, never UTC (12.482042ms)
✔ settings answer: exactly one boolean key (1.533833ms)
✔ PUT body is the frozen single key (0.092041ms)
✔ BFF grammar: GET read, PUT keyed command, nothing else (0.186084ms)
✔ copy: three locales, same keys, no empty text (0.129292ms)
✔ PRM01 parse: exact keys, kind/value pairing and ranges; duplicates and unknown keys are refused (9.106875ms)
✔ PRM02 Taipei wall time: +08:00 on the wire, instant shown back in Taipei, impossible dates refused (12.083084ms)
✔ PRM03 create body: normalised code, major units to minor units, optional fields null, whole body validated (2.428916ms)
✔ PRM04 update + toggle: version CAS key, form round trip, pause keeps every other field (0.394459ms)
✔ PRM05 BFF grammar: exactly list, create and update; nothing generic (0.177125ms)
✔ PRM06 copy: three locales carry the same keys and every refusal code the Go routes can answer (0.115584ms)
✔ G-UI3/G-UI5 architecture constraints pass with shrinking legacy exceptions (779.3465ms)
✔ G-UI3/G-UI5 negatives: new formatter, component fetch, >800 lines and wider allowance fail (0.3725ms)
✔ Readiness jump controls expose the actual active section, not a click flag (2.830833ms)
✔ Integrator P2: legal CN comment ordering and a distinct three-image recommendation (0.176167ms)
✔ ADM04 and ADM06 explain unavailable SKUs and keep collection vocabulary consistent (1.616125ms)
✔ ADM06 create/detail titles share the route vocabulary without adding a phantom Next page (0.310375ms)
✔ G-UI1 Next pages and route registry are bidirectional, unique, typed, documented (3.686ms)
✔ G-UI1 copy key parity: no missing or extra key in any locale (0.102792ms)
✔ G-UI2 staff without catalog:read cannot see products/inventory or open a product URL (0.187541ms)
✔ G-UI2 every route permission is a permission Go knows, and /orders/new needs inventory:reserve (242.6985ms)
✔ G-UI1 dynamic and public routes match, details never appear as navigation (0.426416ms)
✔ W6-U2 ledger is a settings in-page route, preserving existing navigation (0.3855ms)
✔ Every browser spec clicks nav-orders: the orders group stays a singleton, so returns/new/print routes are nav: false (0.645792ms)
✔ shell-registry: every routed path has exactly one nonempty shared h1 in all three locales (214.563834ms)
✔ shell-registry: orders stays one actual group button on live and non-live routes (1.274375ms)
✔ shell-registry: loading/expired/unavailable/forbidden keep one safe heading and never leak private content (2.031417ms)
✔ created address is a strict HTTPS origin matching the assigned handle (0.464125ms)
✔ DNS instructions must name the requested origin and a bare hostname target (0.294542ms)
✔ domain kind is authoritative and closed, not inferred from host or token (0.140792ms)
✔ apex DNS retains every concrete IPv4/IPv6 address and rejects malformed values (0.560958ms)
✔ pending domain journal preserves exact action/key/target; legacy or corrupt markers never replay (0.40775ms)
✔ browser-origin gate: every refusal happens before Go is called, for every action (21.294417ms)
✔ only POST exists on the team routes (1.752333ms)
✔ unknown action is a local 404 and never reaches Go (0.577625ms)
✔ strict request grammar: wrong keys, types, ids, roles, locales and token shapes are 422 locally (5.57275ms)
✔ what reaches Go: BFF key, bearer from the cookie, no Cookie/Origin, body unchanged, exactly one call per request (37.71525ms)
✔ Go failures are rebuilt locally from allow-listed codes, never retried, and never echo the token (18.343958ms)
✔ team answer: accepts the frozen shape, null role and OIDC member without email (1.213542ms)
✔ team answer: unknown key, unknown role, bad id, bad mail state are rejected (0.733ms)
✔ invite and accept answers are strict (0.923834ms)
✔ request grammar: every action has an exact key set and rejects junk values (0.274041ms)
✔ copy: three locales carry the same keys and a label for every role (0.430792ms)
✔ role-aware navigation: hides entries the member's permissions cannot use; unknown shows all; Team is owner-only (0.2115ms)
✔ P02 settlements directory rejects missing/link/owner/group/mode with a valid control (460.454208ms)
✔ preflight health permission grammars and API/worker consistency fail closed (2498.685875ms)
✔ merchant alert flag is explicit 0|1 and independently requires SMTP (1550.797667ms)
✔ shared loader makes API/worker LIVE pair file-only before Compose interpolation (305.498292ms)
✔ export bind accepts omitted JSON false but rejects unsafe source/config mutations (0.931375ms)
✔ sanctioned operator allowlist and fail-closed gates (fake docker, no network) (1448.673084ms)
✔ platform operator custody, export mount and binary are wired (150.205209ms)
✔ actual export bind refuses a missing directory; enabling auto-create is detected (351.93025ms)
✔ R3 preflight rejects cancelled PAYUNi, validates Page app and keeps LIVE pair mandatory (760.581334ms)
✔ R3 smoke exercises exact denied probes, accepts 404 only for disabled mounts (97.942ms)
✔ positive control: a complete, valid configuration raises no META_LOGIN finding (1179.040083ms)
✔ feature off (COMMERCE_META_LOGIN_CONFIG_ID empty): no rule applies even with the other keys empty (235.128459ms)
✔ P06: the Page route needs the webhook receiver (221.794459ms)
✔ P06: sessions come from identity (222.468917ms)
✔ P06: without the claims profile nobody sends the private replies (a WARN, not a FAIL) (225.683167ms)
✔ P08: COMMERCE_META_LOGIN_CONFIG_ID must be numeric ("abc") (224.673042ms)
✔ P08: COMMERCE_META_LOGIN_CONFIG_ID must be numeric ("12 34") (207.316875ms)
✔ P08: COMMERCE_META_LOGIN_CONFIG_ID must be numeric ("111111111111") (208.336417ms)
✔ P08: COMMERCE_META_LOGIN_CONFIG_ID must be numeric ("0x10") (199.228333ms)
✔ P08: COMMERCE_META_LOGIN_CONFIG_ID must be numeric ("-1") (220.1885ms)
✔ P08: COMMERCE_META_LOGIN_REDIRECT_URI must be exactly https://<LC_ADMIN_HOST>/api/meta/callback (wrong host) (232.035542ms)
✔ P08: COMMERCE_META_LOGIN_REDIRECT_URI must be exactly https://<LC_ADMIN_HOST>/api/meta/callback (http scheme) (218.265417ms)
✔ P08: COMMERCE_META_LOGIN_REDIRECT_URI must be exactly https://<LC_ADMIN_HOST>/api/meta/callback (the ads callback path) (175.754875ms)
✔ P08: COMMERCE_META_LOGIN_REDIRECT_URI must be exactly https://<LC_ADMIN_HOST>/api/meta/callback (trailing slash) (179.994875ms)
✔ P08: COMMERCE_META_LOGIN_REDIRECT_URI must be exactly https://<LC_ADMIN_HOST>/api/meta/callback (query string) (171.545958ms)
✔ P08: COMMERCE_META_LOGIN_REDIRECT_URI must be exactly https://<LC_ADMIN_HOST>/api/meta/callback (empty) (185.626ms)
✔ P08: COMMERCE_META_LOGIN_GRAPH_VERSION grammar vNN.N ("26.0") (176.772666ms)
✔ P08: COMMERCE_META_LOGIN_GRAPH_VERSION grammar vNN.N ("v26") (146.846083ms)
✔ P08: COMMERCE_META_LOGIN_GRAPH_VERSION grammar vNN.N ("v26.0.1") (146.993833ms)
✔ P08: COMMERCE_META_LOGIN_GRAPH_VERSION grammar vNN.N ("latest") (170.689125ms)
✔ P08: COMMERCE_META_LOGIN_GRAPH_VERSION grammar vNN.N ("") (221.605125ms)
✔ P08: COMMERCE_META_LOGIN_GRAPH_VERSION grammar vNN.N ("v1000.0") (156.674417ms)
✔ P08: COMMERCE_META_LOGIN_GRAPH_VERSION accepts v26.0 (156.41025ms)
✔ P08: COMMERCE_META_LOGIN_GRAPH_VERSION accepts v22.0 (145.408541ms)
✔ P08: COMMERCE_META_LOGIN_GRAPH_VERSION accepts v99.9 (142.233042ms)
✔ production without any alert channel is a FAIL (nobody would hear the next outage) (1102.737208ms)
✔ outside production the same gap is only a WARN (228.536166ms)
✔ a webhook alone satisfies the rule (213.968083ms)
✔ an e-mail target with a complete relay (host, username, secret) satisfies the rule (214.163458ms)
✔ an e-mail target without the relay secret cannot be sent: FAIL in production, WARN elsewhere (424.095792ms)
✔ the example's CHANGE_ME_SENDER placeholder is not a relay: the e-mail target cannot be sent (202.3295ms)
✔ LC_ALERT_EMAIL must be one plain address ("not-an-address") (184.175292ms)
✔ LC_ALERT_EMAIL must be one plain address ("two@fake.invalid,three@fake.invalid") (232.680667ms)
✔ LC_ALERT_EMAIL must be one plain address ("a b@fake.invalid") (212.045417ms)
✔ LC_ALERT_EMAIL must be one plain address ("<owner@fake.invalid>") (239.424042ms)
✔ LC_ALERT_EMAIL must be one plain address ("owner@fake") (221.752583ms)
✔ storefront cart-line removal is reversible: clicked for real, not guarded (1.466209ms)
✔ destructive / irreversible / sign-out classification (owner list, en + zh) (0.783542ms)
✔ alike controls (rows with ids / numbers) share one class key (0.141083ms)
✔ known defects classify, never silence: stale entries are reported (0.554209ms)
✔ the markdown ledger has one row per interaction and names the verdict (0.251334ms)
✔ protocolHrefOK accepts well-formed tel:/mailto: and rejects malformed ones (0.222583ms)
✔ J1 waits for enabled media and clicks a real chooser; the uploaded cover is bound to the main section (497.16725ms)
✔ J1 cannot credit a detail-image receipt as the main cover (0.760417ms)
✔ J1 refuses a failed cover upload rather than continuing to activate (0.207166ms)
✔ thresholds are the named constants of the brief (2.888417ms)
✔ R1: document wider than the viewport, and the outermost element past the edge (0.418167ms)
✔ R2: label tops, control tops and control heights of one visual row (1.035833ms)
✔ R2: what is one row and what is not (0.163917ms)
✔ R2: a button beside a field has to line up with its control (0.154875ms)
✔ R3: a row made tall by stacked controls, a control wider than its cell (0.795792ms)
✔ R3: a matrix whose EVERY row is doubled by a stacked stock cell (the median cannot see it) (1.515333ms)
✔ R4: small text, helper text apart, icons and duplicates excepted (1.614ms)
✔ R5: tap targets on the 390 viewport only (2.029959ms)
✔ R6: interactive elements and text boxes that overlap (1.072041ms)
✔ R7: text clipped inside a control or label (either side), and select values that do not fit (0.696333ms)
✔ R8: the same visible label twice in one list (0.272667ms)
✔ evaluate() tags severity, selectRecords() keeps distinct groups first and counts every instance (2.358875ms)
✔ R9: text and controls flush to the screen edge at 390 (0.7115ms)
✔ R6/R9 judge the visible (ancestor-clipped) rectangle, not the raw one (integrator ruling 2026-10-05) (0.404ms)
✔ R10: a fixed or sticky bar covering main content after scrolling (0.598417ms)
✔ R11: controls narrower than a usable width (0.442667ms)
ℹ tests 437
ℹ suites 0
ℹ pass 437
ℹ fail 0
ℹ cancelled 0
ℹ skipped 0
ℹ todo 0
ℹ duration_ms 8483.90275
✔ closed projections reject secret-shaped extras, invalid enums, IDs and contradictory capabilities (0.722292ms)
✔ detail accepts only bounded events and keeps actual server action flags (0.339167ms)
✔ BFF exact routes and request grammar forbid keys/body on reads, filters on detail and arbitrary writes (8.551209ms)
✔ copy parity, safe object navigation and UNKNOWN/protective reasons (0.155625ms)
✔ read-only store capability never exposes a command even if the state allows one (0.057416ms)
✔ duplicate escaped keys cannot bypass the exact command grammar (0.043042ms)
✔ query backoff affects only its operation and expires without another action (0.048042ms)
✔ merchant reason text translates ledger events and conceals unknown or prototype codes (0.10075ms)
✔ ledger read navigation requires effective integration:read permission regardless of role (0.070166ms)
ℹ tests 9
ℹ suites 0
ℹ pass 9
ℹ fail 0
ℹ cancelled 0
ℹ skipped 0
ℹ todo 0
ℹ duration_ms 77.899083
✔ OrderHistory renders server order instant in Taipei (6.336541ms)
✔ ClaimLink renders claim expiry in Taipei (1.821792ms)
✔ BankTransfer renders deadline and proof instant in Taipei (1.763834ms)
✔ BankTransfer proof echo labels store time in en (1.445542ms)
✔ BankTransfer proof echo labels store time in zh-TW (1.331125ms)
✔ BankTransfer proof echo labels store time in zh-CN (1.264959ms)
✔ BankTransfer input describes the device zone in en (1.156667ms)
✔ BankTransfer input describes the device zone in zh-TW (0.966083ms)
✔ BankTransfer input describes the device zone in zh-CN (1.636167ms)
✔ ShopFooter uses Taipei year across UTC year boundary (1.566625ms)
✔ BankTransfer deadline labels store time in en (1.171583ms)
✔ BankTransfer deadline labels store time in zh-TW (1.058209ms)
✔ BankTransfer deadline labels store time in zh-CN (0.982209ms)
✔ OrderHistory states the Taipei time zone once in en (0.716542ms)
✔ OrderHistory states the Taipei time zone once in zh-TW (0.662666ms)
✔ OrderHistory states the Taipei time zone once in zh-CN (0.6355ms)
✔ Meta rejection wording is preserved as bounded Unicode text, never translated (1.073666ms)
✔ frozen error codes: model list equals the frozen list, each is read from both error shapes (0.349ms)
✔ copy: every code, status, op state and connect error has text in all three locales (0.2525ms)
✔ copy never calls a budget a hard stop and never offers resume (0.227292ms)
✔ draft: every §5.1 status parses; unknown status/template/op state is an error, never guessed (0.348292ms)
✔ draft: optional fields, remote ids and the Ads Manager link (0.159542ms)
✔ action hints: pause whenever a remote id exists and not ENDED; a paused draft is only ever copied (X7) (0.190208ms)
✔ money: whole units to minor with integer math; TWD must be whole (8.066958ms)
✔ Taipei schedule: wall inputs and draft projections ignore the viewer zone (3.5545ms)
✔ Taipei schedule: invalid calendar days are rejected and all copy names UTC+8 (0.267167ms)
✔ draft input: exact 11-key body and every local rule (2.994083ms)
✔ draft form round trip and X7 copy (blank schedule, no id, no revision) (0.178667ms)
✔ settings parser: environment enum, connections, identities, capi (0.331084ms)
✔ connect state parser: pick list kinds and id match (0.102167ms)
✔ report: three separate blocks, orders may be null, no combined figure (0.220708ms)
✔ default report window is the Asia/Taipei store day whatever the viewer's zone is (Taipei midnight boundary) (3.406917ms)
✔ capi body and validation (0.074959ms)
✔ W6-06B unbind response: exact keys, account, UUIDs and outcome semantics (0.149292ms)
✔ W6-06B in-flight details preserve bounded items and total, reject unknown shapes (0.148416ms)
✔ W6-06B catalog feed has exact public URL/domain pairs or published-store empty (0.378792ms)
✔ W6-06B copy preserves unbind boundaries and feed recovery in three locales (0.052916ms)
✔ W6-06B feed selection follows origin order, not full feed URL order (0.057791ms)
✔ customer list accepts the frozen row and rejects unknown keys, dup ids, bad cursor, oversize (1.811208ms)
✔ customer row invariants: nulls for bundle-only/erased, counts, money, consents (0.200292ms)
✔ customer detail: bounded lists, order summaries reuse the orders parser, id must match (1.643541ms)
✔ erasure summary is four counts only (0.069458ms)
✔ finance summary: net = captured - refunded (I05), totals carry an empty day, sandbox flag (0.261125ms)
✔ financeDay is the UTC+8 day (0.051042ms)
✔ finance defaults keep Taipei dates across midnight, leap day and year end (0.06725ms)
✔ tags and notes are parsed strictly (W6-01B) (0.977166ms)
✔ TSX seam refuses an unlisted import (3.372875ms)
✔ Ads merchant timestamp uses Taipei at the year boundary (11.633291ms)
✔ Design version published_at cell uses Taipei at the year boundary (3.808375ms)
✔ ManualOrder bank-transfer expiry uses Taipei at the year boundary (4.856917ms)
✔ shared ManualOrder form keeps fresh defaults and legacy input IDs (4.410416ms)
✔ shared drawer quantity controls namespace IDs, bound quantity and remove zero in all locales (11.286125ms)
✔ shared delivery choice emits one patch with the only allowed payment mode (3.802292ms)
ℹ tests 53
ℹ suites 0
ℹ pass 53
ℹ fail 0
ℹ cancelled 0
ℹ skipped 0
ℹ todo 0
ℹ duration_ms 110.02225
✔ OrderHistory renders server order instant in Taipei (6.360042ms)
✔ ClaimLink renders claim expiry in Taipei (1.825625ms)
✔ BankTransfer renders deadline and proof instant in Taipei (1.778917ms)
✔ BankTransfer proof echo labels store time in en (1.18575ms)
✔ BankTransfer proof echo labels store time in zh-TW (1.2085ms)
✔ BankTransfer proof echo labels store time in zh-CN (1.102666ms)
✔ BankTransfer input describes the device zone in en (1.014959ms)
✔ BankTransfer input describes the device zone in zh-TW (1.31925ms)
✔ BankTransfer input describes the device zone in zh-CN (1.400875ms)
✔ ShopFooter uses Taipei year across UTC year boundary (1.605834ms)
✔ BankTransfer deadline labels store time in en (1.194875ms)
✔ BankTransfer deadline labels store time in zh-TW (1.096708ms)
✔ BankTransfer deadline labels store time in zh-CN (0.984459ms)
✔ OrderHistory states the Taipei time zone once in en (0.702167ms)
✔ OrderHistory states the Taipei time zone once in zh-TW (0.619959ms)
✔ OrderHistory states the Taipei time zone once in zh-CN (0.598084ms)
✔ Meta rejection wording is preserved as bounded Unicode text, never translated (1.045666ms)
✔ frozen error codes: model list equals the frozen list, each is read from both error shapes (0.340166ms)
✔ copy: every code, status, op state and connect error has text in all three locales (0.247416ms)
✔ copy never calls a budget a hard stop and never offers resume (0.221292ms)
✔ draft: every §5.1 status parses; unknown status/template/op state is an error, never guessed (0.341542ms)
✔ draft: optional fields, remote ids and the Ads Manager link (0.161209ms)
✔ action hints: pause whenever a remote id exists and not ENDED; a paused draft is only ever copied (X7) (0.188458ms)
✔ money: whole units to minor with integer math; TWD must be whole (8.84275ms)
✔ Taipei schedule: wall inputs and draft projections ignore the viewer zone (3.355583ms)
✔ Taipei schedule: invalid calendar days are rejected and all copy names UTC+8 (0.303458ms)
✔ draft input: exact 11-key body and every local rule (2.853667ms)
✔ draft form round trip and X7 copy (blank schedule, no id, no revision) (0.191625ms)
✔ settings parser: environment enum, connections, identities, capi (0.324167ms)
✔ connect state parser: pick list kinds and id match (0.1095ms)
✔ report: three separate blocks, orders may be null, no combined figure (0.227542ms)
✔ default report window is the Asia/Taipei store day whatever the viewer's zone is (Taipei midnight boundary) (1.823875ms)
✔ capi body and validation (0.107125ms)
✔ W6-06B unbind response: exact keys, account, UUIDs and outcome semantics (0.170291ms)
✔ W6-06B in-flight details preserve bounded items and total, reject unknown shapes (0.164417ms)
✔ W6-06B catalog feed has exact public URL/domain pairs or published-store empty (0.182291ms)
✔ W6-06B copy preserves unbind boundaries and feed recovery in three locales (0.287625ms)
✔ W6-06B feed selection follows origin order, not full feed URL order (0.066667ms)
✔ customer list accepts the frozen row and rejects unknown keys, dup ids, bad cursor, oversize (1.753583ms)
✔ customer row invariants: nulls for bundle-only/erased, counts, money, consents (0.201584ms)
✔ customer detail: bounded lists, order summaries reuse the orders parser, id must match (1.300084ms)
✔ erasure summary is four counts only (0.086333ms)
✔ finance summary: net = captured - refunded (I05), totals carry an empty day, sandbox flag (0.289334ms)
✔ financeDay is the UTC+8 day (0.054125ms)
✔ finance defaults keep Taipei dates across midnight, leap day and year end (0.071625ms)
✔ tags and notes are parsed strictly (W6-01B) (0.500166ms)
✔ TSX seam refuses an unlisted import (3.413334ms)
✔ Ads merchant timestamp uses Taipei at the year boundary (13.681125ms)
✔ Design version published_at cell uses Taipei at the year boundary (2.293167ms)
✔ ManualOrder bank-transfer expiry uses Taipei at the year boundary (2.393583ms)
✔ shared ManualOrder form keeps fresh defaults and legacy input IDs (4.394792ms)
✔ shared drawer quantity controls namespace IDs, bound quantity and remove zero in all locales (12.34375ms)
✔ shared delivery choice emits one patch with the only allowed payment mode (3.517167ms)
ℹ tests 53
ℹ suites 0
ℹ pass 53
ℹ fail 0
ℹ cancelled 0
ℹ skipped 0
ℹ todo 0
ℹ duration_ms 110.205375
✔ legacy display sentinels preserve a list row without admitting arbitrary or private data (1.894541ms)
✔ orders-v2 accepts bounded filters and Taipei inclusive dates; rejects ambiguity (0.406167ms)
✔ orders-v2 rejects client count approximations, unbounded or extra response data (0.129084ms)
✔ all three locales label every task queue, payment and delivery mode (0.264667ms)
ℹ tests 4
ℹ suites 0
ℹ pass 4
ℹ fail 0
ℹ cancelled 0
ℹ skipped 0
ℹ todo 0
ℹ duration_ms 67.891833
✔ numeric store IDs have no suggestion BFF or browser client (0.507541ms)
ℹ tests 1
ℹ suites 0
ℹ pass 1
ℹ fail 0
ℹ cancelled 0
ℹ skipped 0
ℹ todo 0
ℹ duration_ms 56.889334
✔ ADM10 operator sentence is localized while product and company facts stay authoritative (0.358625ms)
✔ PS review: actual Host matching normalizes case, port and a terminal DNS dot, never forwarded authority (0.196292ms)
✔ PS review: privacy/terms retain Messenger and Instagram purpose disclosure; deletion uses exact UI labels (0.096042ms)
✔ P2-N1 zh-TW/privacy: current comments and private reply, conditional inbound messages (0.071208ms)
✔ P2-N1 zh-TW/terms: current comments and private reply, conditional inbound messages (0.03875ms)
✔ P2-N1 zh-CN/privacy: current comments and private reply, conditional inbound messages (0.031834ms)
✔ P2-N1 zh-CN/terms: current comments and private reply, conditional inbound messages (0.041083ms)
✔ P2-N1 en/privacy: current comments and private reply, conditional inbound messages (0.043792ms)
✔ P2-N1 en/terms: current comments and private reply, conditional inbound messages (0.038875ms)
✔ PS1 legal identity is one untranslated source (0.074417ms)
✔ PS1 contact and hosts come only from configuration; production fails closed (0.307334ms)
✔ PS2 public routes default to zh-TW, restrict page/locale, and never include admin (0.328708ms)
✔ PS4 optional Meta verification value never has a fake default (0.048708ms)
✔ PS1 every locale uses the same product name in auth page titles (0.039875ms)
✔ PS1 public page copy has three complete locales, no invented operator identity or contact (0.19525ms)
✔ PS1 production build validates config; public data is not bundled through NEXT_PUBLIC (0.187333ms)
✔ PS review: admin image installs the manifests for its workspace dependencies before building (0.435292ms)
ℹ tests 17
ℹ suites 0
ℹ pass 17
ℹ fail 0
ℹ cancelled 0
ℹ skipped 0
ℹ todo 0
ℹ duration_ms 67.2845
✔ R11 SQL's exact receipt states are accepted; missing/forged operation/state remains unknown (0.724917ms)
✔ R11 durable receipt journal validates phase against exact operation state (0.317083ms)
✔ R11 actual read control distinguishes replay/inflight/unknown/failure in en (3.656667ms)
✔ R11 actual read control distinguishes replay/inflight/unknown/failure in zh-TW (0.597042ms)
✔ R11 actual read control distinguishes replay/inflight/unknown/failure in zh-CN (0.486459ms)
✔ unknown journal retains exact key/boundary and is scoped to store+session; malformed state fails closed (0.107542ms)
✔ R12 read hook keeps network UNKNOWN on one key and explicitly refreshes acknowledged UNKNOWN (9.513584ms)
✔ actual POST transport uses CSRF and session fence; 403 independent of response text (11.45375ms)
✔ R10 ROAS has exactly two decimals in en (7.887333ms)
✔ R10 unknown ROAS is never fabricated as zero in en (0.069958ms)
✔ R10 ROAS has exactly two decimals in zh-TW (0.145ms)
✔ R10 unknown ROAS is never fabricated as zero in zh-TW (0.033208ms)
✔ R10 ROAS has exactly two decimals in zh-CN (0.114292ms)
✔ R10 unknown ROAS is never fabricated as zero in zh-CN (0.029167ms)
✔ shared presentation preserves registry title and one empty buyer message in en (21.208208ms)
✔ R11 large linked-draft list is complete but collapsed in en (2.899583ms)
✔ shared presentation preserves registry title and one empty buyer message in zh-TW (4.999625ms)
✔ R11 large linked-draft list is complete but collapsed in zh-TW (2.281792ms)
✔ shared presentation preserves registry title and one empty buyer message in zh-CN (4.799875ms)
✔ R11 large linked-draft list is complete but collapsed in zh-CN (2.3085ms)
✔ R11 timeline distinguishes local unknown spend from explicit Meta zero in en (2.606541ms)
✔ R11 timeline distinguishes local unknown spend from explicit Meta zero in zh-TW (2.64675ms)
✔ R11 timeline distinguishes local unknown spend from explicit Meta zero in zh-CN (1.79ms)
✔ R11 I12 nullable Meta evidence survives without becoming zero (0.154208ms)
✔ R11 actual panel rendering preserves unknowns and reconnect route in en (9.425ms)
✔ R11 actual panel rendering preserves unknowns and reconnect route in zh-TW (9.78925ms)
✔ R11 actual panel rendering preserves unknowns and reconnect route in zh-CN (10.662375ms)
✔ D1, D6, R7: exact amounts and sources remain independent, account days stay labelled (0.139584ms)
✔ R12: null stays unknown and unread / unauthorised / insufficient remain different states (0.194292ms)
✔ R12 granted but unread audience offers a read, never reconnect in en (1.488416ms)
✔ R12 granted but unread audience offers a read, never reconnect in zh-TW (1.50075ms)
✔ R12 granted but unread audience offers a read, never reconnect in zh-CN (1.488375ms)
✔ I12 forged / missing frozen fields never silently become zeros (0.785208ms)
✔ only whitelisted aggregates survive: extra identifiers and HTML are never interpreted (0.061166ms)
✔ attribution is a read-only BFF resource with exact bounded query grammar (0.264042ms)
✔ audience-read is exactly the new local intention POST and never a data GET or queried write (0.206417ms)
✔ route fails closed without ads:read and is not a duplicate navigation entry; locale keys match (0.087666ms)
ℹ tests 37
ℹ suites 0
ℹ pass 37
ℹ fail 0
ℹ cancelled 0
ℹ skipped 0
ℹ todo 0
ℹ duration_ms 339.990916
✔ card-payments copy: identical key sets in all three locales (1.558334ms)
✔ merchant terms are quoted verbatim (contract §5) in the enable dialog (0.229084ms)
✔ ruling-fixed strings: platform not OPEN and BLOCKED note (0.094834ms)
✔ error map covers every frozen refusal code from migrations/0137 (0.131208ms)
✔ no Stripe account id, key or approval id shape appears in any copy string (0.489542ms)
✔ storefront collector disclosure matches contract §5 templates in three languages (0.151667ms)
✔ the merchant terms in the dialog are the contract §5 sentence, extracted from the contract (0.282958ms)
✔ the storefront templates are the contract §5 lines, extracted from the contract (0.766ms)
✔ settlement copy: deduction columns are labelled as deductions in every language, with a legend and the net formula (0.53475ms)
✔ there is no separate 'not on the allowlist' message: it reads as not open (review P1-2) (0.170583ms)
✔ card summary accepts the frozen shape incl. all-null platform NONE (0.801333ms)
✔ card summary rejects unknown keys, bad enums, bad money, bad version (0.272083ms)
✔ card result is exactly {state, version, max_minor, currency, descriptor_preview} (0.090083ms)
✔ descriptor suffix rule: charset, 2..10 chars, must contain a letter (0.113917ms)
✔ the suffix length rule is the charset rule's 10; the 22-character descriptor total stays the server's (SANDBOX L=10, LIVE PrefixLength) (0.051917ms)
✔ descriptor preview mirrors the contract projection (base + '* ' + suffix) (0.166917ms)
✔ settlement list accepts statements without payout/lines keys (omitempty) (0.849375ms)
✔ settlement detail carries lines whose count and sums match the totals (0.632458ms)
✔ settlement parsers reject malformed reads (0.702875ms)
✔ fees, refunds and disputes are signed exactly as the ledger stores them (0.150166ms)
✔ a returned fee is a positive line fee; the detail's lines must add up to the statement totals (0.4195ms)
✔ closed_at/paid_at accept the offsets PostgreSQL emits as well as Z (0.280834ms)
✔ a payout reference shaped like a Stripe key or account id is never displayed (0.293833ms)
✔ platform not OPEN: 'not open yet' and no enable control, for every non-OPEN state; the platform badge still tells why (0.772ms)
✔ allowlisted + OPEN: enable from NONE/DISABLED, disable from ENABLED (0.13175ms)
✔ not allowlisted on an OPEN platform reads exactly like not open: the same message, no 'platform open' badge, no enable (review P1-2) (0.158125ms)
✔ BLOCKED: the suspended note, disable only, never enable (whatever the platform says) (0.121916ms)
✔ without billing:manage nothing can be changed, but the state is still readable (0.062916ms)
✔ enable carries the platform's current terms, the suffix and the version read; NONE starts at 0 (0.058ms)
✔ disable never sends a suffix and quotes the terms the store accepted (the platform's may have moved on) (0.035625ms)
✔ a retained suffix is recovered from the final preview so a re-enable can keep it (0.034083ms)
✔ the period label shows the last day inside the (exclusive-end) week (0.782083ms)
✔ payout state: paid, pending only when money is due, none when the week nets to zero or less (0.060833ms)
✔ card-payments and settlements are nav:false routes, so no group loses or gains a nav button (0.155792ms)
✔ settlements need billing:manage, the card page integration:read; the owner opens both (0.118333ms)
✔ statement cells: a dispute reversal and a returned fee read as credits (+) and every deduction as -, and the columns add up to the server's net (8.597084ms)
✔ the detail parser requires the lines of a statement that has lines; a quiet week (line_count 0) may omit them (0.121458ms)
✔ route table: exactly the four resources, nothing generic (0.483583ms)
✔ query grammar: card and settlement-detail are exact; settlements takes before/limit only (0.210041ms)
✔ request fence: keyless PUT (CAS), bodyless GETs, no transfer-encoding (16.531917ms)
✔ PUT body is the exact frozen shape {enabled, terms_version, descriptor_suffix, expected_version} (0.444166ms)
✔ the BFF route wires the card grammar: keyless CAS PUT, exact body, no-store, auth required (0.343458ms)
✔ the real card summary parses and drives the display state machine (1.334166ms)
✔ the real statement list parses: newest first, no lines, three payout states (0.736375ms)
✔ every real detail parses with its lines and the lines add up to the statement (0.93125ms)
✔ an empty ledger parses to no statements (0.249959ms)
✔ no account id, key or approval shape is in any real body (0.376166ms)
✔ the real statements display literally as signed contributions that add up to the server's net (10.383708ms)
ℹ tests 48
ℹ suites 0
ℹ pass 48
ℹ fail 0
ℹ cancelled 0
ℹ skipped 0
ℹ todo 0
ℹ duration_ms 106.353792
✔ option/slug/SKU caps equal internal/catalog (options.go, catalog.go) (4.022583ms)
✔ text caps equal the Go validators (name 120, description 8000, SEO 70/160, collection title 80) (1.445042ms)
✔ photo caps equal Go (MaxMainImages, MaxDetailImages, MaxImageBytes) and the SKU code pattern (1.122125ms)
✔ PE13 Cartesian matrix is local, preserves edits and deduplicates values (1.227667ms)
✔ PE13 bulk quantity skips negative rows without modifying them (0.144916ms)
✔ PE12 untracked document uses whole currency and per-order cap, never quantity (7.950833ms)
✔ PE14 missing readback is not guessed or silently cleared by full replacement (0.061042ms)
✔ bulk status accepts explicit per-item results, never empty or duplicated confirmations (0.166125ms)
✔ matrix refuses over 100 SKUs before expansion (0.08775ms)
✔ parity: admin caps equal the Go constants (0.600125ms)
✔ image list: 4 main + 20 detail + 2 sku in role order is accepted (0.302917ms)
✔ image list: 5 main, 21 detail, wrong role order, gaps and extra keys are refused (0.135417ms)
✔ single image: role is required and its position is bounded by the role cap (0.062542ms)
✔ option text limits count Go runes rather than UTF-16 units (0.719209ms)
✔ PE14 new edit SKU carries its own shipping and clears no existing fields (9.40175ms)
✔ PE14 patch changes only price and preserves unmentioned fields (0.18525ms)
✔ PE14 on_hand is not available, zero target is transmitted, ambiguous warehouse refuses (0.290875ms)
✔ PE14 explicit clears and shipping remain per SKU on an active row (0.120125ms)
✔ PE14 archive supersedes every other edit on that SKU (b77eeb11) (0.118375ms)
✔ PE14 no-op has no command fields and changed axes explicitly archive omitted variants (0.082125ms)
ℹ tests 20
ℹ suites 0
ℹ pass 20
ℹ fail 0
ℹ cancelled 0
ℹ skipped 0
ℹ todo 0
ℹ duration_ms 95.032333
(node:74698) ExperimentalWarning: Transform Types is an experimental feature and might change at any time
(Use `node --trace-warnings ...` to show where the warning was created)
✔ UNKNOWN retry client authorization loss requires reconciliation, not a fresh command (3.019417ms)
✔ UNKNOWN retry 401 authorization loss requires reconciliation, not a fresh command (8.371417ms)
✔ UNKNOWN retry 403 authorization loss requires reconciliation, not a fresh command (0.512834ms)
✔ a conclusive command rejection stays distinct from authorization loss (0.573625ms)
ℹ tests 4
ℹ suites 0
ℹ pass 4
ℹ fail 0
ℹ cancelled 0
ℹ skipped 0
ℹ todo 0
ℹ duration_ms 111.046
(node:74701) ExperimentalWarning: Transform Types is an experimental feature and might change at any time
(Use `node --trace-warnings ...` to show where the warning was created)
✔ offer controls read authoritative limits without parsing unrelated KEYWORD_QTY_CONTAINS window/stats (10.702167ms)
✔ offer controls accept 101 through the backend cap of 200 distinct offers, reject 201 (1.767583ms)
✔ offer toggle preserves exactly the authoritative maximum in the real M4 payload (2.287041ms)
✔ console BFF admits exactly A1/A7/A6 and A5 read/copy methods (0.316458ms)
✔ Next proxy admits the exact console family and results query before the BFF (64.73725ms)
✔ results query is canonical repeated session_id 1..50, everything else queryless (0.07975ms)
✔ real BFF route forwards only exact resources, authenticates scope and returns private scrubbed errors (31.789166ms)
✔ new commands reject unknown keys and preserve frozen copy/lifecycle/recommend body (0.121375ms)
✔ browser commands reuse Studio fences, exact no-comment recommend body and backend refusal codes (1.167417ms)
✔ results client preserves canonical ids/order and rejects invalid list before fetch (0.236834ms)
✔ stock client reuses catalog transport/key/parser and fences a changed login without retries (0.949542ms)
✔ journal replay sends the exact original method/path/body/key for all five commands (1.704125ms)
(node:74702) ExperimentalWarning: Transform Types is an experimental feature and might change at any time
(Use `node --trace-warnings ...` to show where the warning was created)
✔ A1 strict MOCK snapshot preserves unavailable counts, capability unknown and server stock (2.231875ms)
✔ A7 returns a separate lifecycle version and closed full KEYWORD_QTY_CONTAINS window (0.123916ms)
✔ A5 results retain separate environments/currencies and bind exact requested ids/order (0.155334ms)
✔ A5 copy parses real Go envelope, copied offer prices and KEYWORD_QTY_CONTAINS window (0.335459ms)
✔ A6 accepts optional operation UUID, never guessed send success (0.134417ms)
(node:74703) ExperimentalWarning: Transform Types is an experimental feature and might change at any time
(Use `node --trace-warnings ...` to show where the warning was created)
✔ Live settings navigation accepts a scene picker entry but never a malformed or unscoped deep link (0.694583ms)
✔ LC-B7 stock permission admits live_adjust without inventory:write, not unrelated grants (0.079291ms)
✔ Instagram comment total stays unavailable; Facebook observed count is not a platform total (0.069375ms)
✔ LC-U1 one primary action follows lifecycle, never planning or transport state (0.055709ms)
✔ LC-U1 stock target uses sellable delta and rejects fractions, negative and over-limit changes (0.081834ms)
✔ LC-U1 links only explicit FB post identities, never arbitrary URLs or guessed videos (0.084333ms)
✔ LC-U1 Facebook preview keeps the original no-frame CSP and uses a safe external link (0.2695ms)
✔ LC-U1 delayed copy completion cannot navigate after store switch or unmount (0.105542ms)
✔ LC-U1 receipt fence survives cookie rotation; pending replay still has a separate session boundary (0.109833ms)
ℹ tests 26
ℹ suites 0
ℹ pass 26
ℹ fail 0
ℹ cancelled 0
ℹ skipped 0
ℹ todo 0
ℹ duration_ms 250.483125
✔ real SQL UNKNOWN mark blocks public-mode switching without a local receipt (13.99525ms)
✔ UNKNOWN and queued public receipt survive selection remount without storing private identifiers (2.510958ms)
✔ actual A2 hook fake clock: 3/6/12/24/30 backoff, success reset, hide clears and stops, 403 locks (5.432375ms)
✔ actual reset clears selected buyer and rereads without the old epoch cursor (1.148209ms)
✔ reply hints, coded error, UNKNOWN and capability state execute the actual composer (1.106ms)
✔ SQL operation marks map to every merchant-visible delivery state (0.595292ms)
✔ real bridge sealCursor uses payload.signature rather than plain base64url (9.121167ms)
✔ A2 grammar refuses private/duplicate/ambiguous cursors and keys on reads (0.817208ms)
✔ A3-A5 exact comment ref and bodies; explicit preemption private only (0.261125ms)
✔ A4/A5 preserve frozen refusal codes, never provider/debug text (0.071375ms)
✔ reset invalidates old buffers and cursor before reread; older page cannot advance live cursor (0.097ms)
✔ filter resources have only authorised opaque ids; backoff is capped and success resets (0.063167ms)
ℹ tests 12
ℹ suites 0
ℹ pass 12
ℹ fail 0
ℹ cancelled 0
ℹ skipped 0
ℹ todo 0
ℹ duration_ms 342.976583
✔ secondary failures preserve A1; only A1 is periodic; IG notice follows the platform/embeddability observation (174.393333ms)
✔ the existing console refresh also explicitly refreshes its parent list; no automatic list read (13.063917ms)
✔ parent forwards only an explicit refresh callback and retains the scene when list is unavailable (9.606416ms)
✔ every explicit browser response/event/navigation waiter has a finite sub-test budget (6.342834ms)
✔ A1 failures back off 3/6/12/24/30 seconds and success resets to five seconds (70.925125ms)
✔ Retry-After is a minimum; hidden tabs cancel polling; forbidden locks and conceals (28.774375ms)
✔ secondary reads are mount/refresh only, independent from A1 and non-fatal (22.3825ms)
✔ UNKNOWN journal restores the exact key/method/path/body and explicit retry after reload (20.648625ms)
✔ first definite 403 clears journal but locks commands; late success after navigation clears only its own key (19.226709ms)
✔ private reads preserve Retry-After seconds and dates, without changing existing error codes (17.457958ms)
✔ a restored in-flight or UNKNOWN request retains its journal after a replay 403 (48.120417ms)
✔ restored copy success dispatches completion only in the still-current scene (29.573583ms)
✔ SessionCopy resyncs closed same-ID titles, preserves open edits and cancels to latest draft (19.55125ms)
✔ SessionCopy submit uses latest version; UNKNOWN request survives later draft/input changes (17.202875ms)
ℹ tests 14
ℹ suites 0
ℹ pass 14
ℹ fail 0
ℹ cancelled 0
ℹ skipped 0
ℹ todo 0
ℹ duration_ms 472.879166
✔ claims window modes match Go constants and every SQL match_mode CHECK (5.180208ms)
✔ host prompt stays verbatim at the frozen trunk contract; Japanese is absent (1.171333ms)
✔ bundle parser accepts manual (labelled) and Meta (unlabelled) bundles (0.517333ms)
✔ bundle parser rejects unknown platforms and label/platform mismatches (0.140959ms)
✔ offer parser carries the live price and rejects every out-of-range or missing field (0.223292ms)
✔ library and import parsers are closed; removal receipt is the only version-0 shape (0.184875ms)
✔ price input: exact decimal minor units, never float, bounded to the currency's places (7.673666ms)
✔ live-tools copy exists in all three locales with the same conflict reasons (0.448791ms)
✔ claims BFF allowlist is exactly M1–M7 per method (1.87175ms)
✔ M7 link response shape is closed (0.367042ms)
✔ host prompt copy is the frozen text, verbatim (0.162416ms)
ℹ tests 11
ℹ suites 0
ℹ pass 11
ℹ fail 0
ℹ cancelled 0
ℹ skipped 0
ℹ todo 0
ℹ duration_ms 93.872875
NOT_RUN: tests/media/r04-input-runner.test.mjs (COMMERCE_R04_LIVEKIT_BINARY unset)
✔ main/detail/sku caps use the existing frozen image contract (0.506875ms)
✔ phone and tall dimensions fit2000 without enlarging small assets (0.120125ms)
✔ upload query requires one exact role and sku value; reads/actions carry no query (0.318958ms)
✔ role transport encodes current option values and refuses invalid identities (0.135708ms)
✔ effective image axis follows current options, then falls back to first (0.054458ms)
✔ detail and option photos cannot satisfy the main-photo recommendation (0.052417ms)
✔ PM-U copy has matching keys in ja and all currently routed locales (0.102042ms)
✔ real-upload mode builds both Next applications on a clean CI checkout (7.3195ms)
✔ upload recovery journal survives a new session while remaining product/store scoped (0.067625ms)
✔ an option upload receipt requires its captured axis, value and image id on canonical readback (0.081792ms)
✔ failed durable recovery storage cannot authorize a media write (0.062666ms)
✔ an active product needs a main image after canonical media is known; repair paths stay possible (0.040541ms)
✔ empty media sections render a readable localized placeholder until photos are present (4.14325ms)
✔ real-upload mode never exits through the storefront MOCK shortcut (7.298792ms)
✔ a valid active zero-main product keeps an inline repair hint rather than a page error (3.702333ms)
✔ a new product issues the image-axis stage only for a chosen axis (0.695208ms)
ℹ tests 16
ℹ suites 0
ℹ pass 16
ℹ fail 0
ℹ cancelled 0
ℹ skipped 0
ℹ todo 0
ℹ duration_ms 218.681417
(node:74758) ExperimentalWarning: Transform Types is an experimental feature and might change at any time
(Use `node --trace-warnings ...` to show where the warning was created)
✔ a fitting PNG keeps the exact original File, bytes and alpha-capable format (0.793291ms)
✔ a JPEG exactly at both limits remains original, not a lossy re-encode (0.367542ms)
✔ an oversized phone JPEG is encoded below the cap after oriented scaling (0.503791ms)
✔ a large transparent PNG stays alpha-capable and is never painted with an opaque matte (0.371917ms)
ℹ tests 4
ℹ suites 0
ℹ pass 4
ℹ fail 0
ℹ cancelled 0
ℹ skipped 0
ℹ todo 0
ℹ duration_ms 80.622167
✔ HTTPS picklist fixture carries Secure session cookies automatically while preserving CSRF refusals (61.496083ms)
✔ batch controls stay compact until an order selection or live-session scope exists (0.123292ms)
✔ selection has XOR bodies, canonical unique IDs and separate 500/100 limits (0.354459ms)
✔ cross-page selection retains existing rows, deduplicates and refuses overflow atomically (0.66475ms)
✔ pick projection rejects PII/extra keys, invalid quantities and unmatched order identities (0.462375ms)
✔ batch replies bind one-for-one to confirmed orders and preserve uncertainty code (0.10375ms)
✔ pick/export POSTs reject keys and all query variants except one exact template (1.514208ms)
✔ CSV filename binds to selected template and store; no path/header injection (0.158084ms)
✔ MOCK browser fixture list matches the incumbent closed order parser (9.543292ms)
✔ recovery never clears an unknown or missing current attempt (0.107833ms)
✔ recovery and order-detail MOCK fixtures satisfy real read parsers (8.134625ms)
✔ order selection can read its session fence during SSR without browser globals (0.696708ms)
✔ MOU keeps native headed checks runnable on a Linux CI worker without DISPLAY (9.355208ms)
ℹ tests 13
ℹ suites 0
ℹ pass 13
ℹ fail 0
ℹ cancelled 0
ℹ skipped 0
ℹ todo 0
ℹ duration_ms 301.854833
✔ exactly the nine W6-01B resources are admitted, each only under its own method (0.774042ms)
✔ the customer list is claimed only when a tag filter is present (customers-request.ts stays the owner otherwise) (0.080208ms)
✔ near misses are refused (no generic proxying) (0.071375ms)
✔ reads: no body, no key, no transfer-encoding; tag-list takes no query at all (24.821708ms)
✔ customer-list query: closed keys, tag must be a canonical uuid, list bounds identical to customers-request (1.119792ms)
✔ note-list query: only limit and after, with the customers-list bounds (0.257125ms)
✔ writes: exactly one well-formed Idempotency-Key; the two DELETEs carry no body but still need the key (4.634083ms)
✔ validTagName mirrors Go (NFC first, 1..20, trimmed, no control/Cf) (0.8775ms)
✔ validNoteBody mirrors Go (1..1000, not blank, only \n \r \t controls) (0.252042ms)
✔ tag-create body: closed keys, valid name and one of the eight colors (0.199792ms)
✔ tag-patch body: at least one of name/color, nothing else (0.0845ms)
✔ owner-tags body: tag_ids (<=100 canonical uuids) + 64-hex revision, exact keys (0.144334ms)
✔ note bodies: create {body}; patch {body, version>=1}; deletes and reads carry no body at all (0.12975ms)
✔ parseTagCatalog decodes {items: TagRecord[]} with the store-catalogue bounds (0.706709ms)
✔ parseTagSet / parseDeletedTag / parseDeletedNote decode the frozen write receipts (0.206459ms)
✔ parseNoteRecord / parseNotePage decode notes with the Go note rules (1.183625ms)
✔ customer-tags copy: three locales, identical key sets, the integrator's ruled note-privacy text verbatim (0.240834ms)
✔ components wire the ruled copy and the tag/note controls the specs click (1.816458ms)
✔ tag read names must already be trimmed NFC and Unicode code-point bounded (0.116ms)
✔ session change before network sends nothing (10.388ms)
✔ session changes after network or during body parse drop the response (10.76225ms)
✔ transient session digest failure is settled only before dispatch (1.97ms)
✔ lost response followed by a changed session is UNKNOWN after dispatch (0.942542ms)
✔ lost response does not auto-retry; explicit replay keeps method/key/payload/scope (4.095875ms)
✔ 5xx or malformed success is uncertain, coded refusal is settled (5.545291ms)
✔ passive tag/detail refresh preserves an unsaved new-note draft (11.99975ms)
✔ passive refresh updates visible notes but preserves edit draft and original CAS version (1.93475ms)
✔ explicit refresh signal clears old edit draft while passive array changes do not (1.368375ms)
✔ an unauthorized note read clears private note bodies and the draft (4.099667ms)
✔ a transient note read failure keeps the notes already shown (5.53375ms)
✔ an unauthorized note read signals the global logout once; a transient failure does not (20.333625ms)
✔ non-privacy writer: own notes keep Edit and Delete on a fresh mount, others' notes do not (1.530292ms)
✔ notes forbidden/not_found signals scope loss exactly once per mount, never on transient failure (13.692208ms)
✔ bad path/store/method/query/header is refused without authority or backend calls (17.833542ms)
✔ the actual proxy admits a tagged customer list with scoped search/cursor and rejects malformed tag authority (2.32375ms)
✔ signed-out/cross-store/Origin-CSRF denials short circuit before body or forwarding (0.301333ms)
✔ closed bodies and DELETE payloads cannot reach Go (0.970167ms)
✔ all write methods preserve exact key/body/store and private success status (1.388084ms)
✔ note pagination preserved and hostile backend errors/bodies sanitized (5.584875ms)
✔ a catalogue forbidden or not_found asks the parent to re-run its guarded reads, with no logout (123.640667ms)
✔ transient catalogue failures stay local; unauthorized logs out but is not a scope loss (61.202667ms)
✔ after a tag write the manager stays mounted: the catalogue refreshes in place, never reloads (33.047708ms)
✔ a manager-reported scope loss reloads the customer list and catalogue guarded reads (11.68425ms)
✔ CustomerDetail forwards a scope-lost signal to the guarded read once per page (15.98625ms)
✔ badges are escaped server tag facts with human-readable names (3.081958ms)
✔ actual customer notes render privacy notice, safe content, author fallback and read-only permissions (13.2565ms)
✔ unknown permissions and erased customer never offer note mutations (1.636375ms)
✔ write-only notes permit add but not edit/delete of notes the server does not mark own; privacy permission permits both (1.381875ms)
✔ manager trigger and all three localized buyer-export notices render through actual components (1.79075ms)
✔ UNKNOWN survives settled unauthorized retry until trusted success; fresh run ignored (2.519375ms)
✔ UNKNOWN survives settled forbidden retry until trusted success; fresh run ignored (0.432ms)
✔ UNKNOWN survives settled version_changed retry until trusted success; fresh run ignored (0.441708ms)
✔ first-attempt preflight refusal is settled and permits a fresh action (0.386583ms)
✔ UNKNOWN and in-flight retries prevent duplicate dispatch; unmount discards stale outcome (0.338042ms)
✔ an unauthorized write signals the global logout; forbidden does not (1.242125ms)
✔ UNKNOWN command survives unmount/remount: still locked, same-key retry, cleared by trusted success (0.388417ms)
✔ a command unmounted while in flight is treated as UNKNOWN on remount (0.334416ms)
✔ a session boundary change drops the remembered UNKNOWN command (3.872459ms)
✔ a guarded read that ends signed-out signals the global logout once (3.045875ms)
✔ forbidden/unavailable failures and a successful read signal no logout (37.99725ms)
✔ refresh ending signed-out clears the view, blocks and signals the global logout once (4.00475ms)
✔ refresh ending forbidden or not-found clears the data without a logout (14.7165ms)
✔ a transient refresh failure keeps the ready view and signals nothing (6.930208ms)
✔ exactly the eight report GETs are admitted; every other method or path is refused (0.57125ms)
✔ report reads: query required, no body, no key, no transfer-encoding (10.134167ms)
✔ from/to: exactly once each, calendar-valid days, 0..91 apart (1.593958ms)
✔ session_id: only on the funnel (json and csv), a canonical uuid, once (0.513166ms)
✔ parseProductReport: echoed range/zone, <=1000 rows sorted by net desc, net = captured - refunded (5.797458ms)
✔ parseChannelReport: closed vocabulary order, money per environment strictly ascending, I05 inside every bucket (1.486916ms)
✔ parseFunnelReport: nested counts, session echo, ordered_without_link bound (1.686125ms)
✔ parseManualReport: nullable principal/session ids, bucketed money like channels (0.618584ms)
✔ reports copy: three locales, identical key sets, the integrator's ruled money annotation verbatim (0.510875ms)
✔ Reports.tsx: four tabs, CSV per tab, ruled annotation, CSS/SVG charts only (no new dependencies) (1.32925ms)
✔ report CSV closed headers use actual Go slug, echoed dates and private no-store (0.420209ms)
✔ report response projection rejects unknown keys, mismatched range and non-private responses (3.0565ms)
✔ manual buckets follow Go's uncapped row count rather than a made-up 500-row limit (1.879416ms)
✔ display sorts only inside currency/environment groups, never sums money or mutates server rows (8.908625ms)
✔ page report query accepts exactly the four report names and defaults to products (0.112125ms)
✔ actual product table renders offline separately, both modes, no UUID copy and sortable headers (22.990333ms)
✔ actual channel chart exposes exact numbers and both money modes using SVG (1.040291ms)
✔ actual funnel has four stages, nested widths and truthful zero-denominator text (1.263083ms)
✔ manual table resolves authorized labels, has honest fallback, and never presents UUIDs (1.694292ms)
✔ all report views render localized empty states (0.545917ms)
✔ actual BFF refuses malformed query, unknown store/session, disabled auth and missing CSV fences before Go (59.307958ms)
✔ actual BFF closed JSON projection and CSV scope/query preserve trusted token; no forwarded client authority (19.388916ms)
✔ actual BFF permission and malformed CSV response fences do not masquerade as a download (8.17475ms)
✔ audited browser GET accepts same-origin Fetch Metadata plus CSRF, never cross-site or forwarded Host (14.816042ms)
✔ actual CSV client preflight sends nothing after session change, and a lost audit response is uncertain with no retry (10.283416ms)
✔ actual CSV client refuses stale-session bytes and downloads only a closed private response (10.23875ms)
✔ report leaf gives the actual trusted fetch 65 seconds, rejects redirects and forwards only server bearer (8.550042ms)
✔ incoming request cancellation aborts the real report fetch once, returns safe unavailable and never retries (5.031459ms)
✔ CSV final synchronous fence conceals bytes when cancellation, hide or cookie rotation happens inside final await (16.955542ms)
✔ CSV end-to-end deadline covers store lookup and report budget; aborted preflight sends no audited request (13.010209ms)
✔ an uncertain export stays locked for its scope after another scope's export (3.579958ms)
✔ an uncertain export scope persists per store in tab storage and re-locks a fresh render (21.113667ms)
✔ unavailable tab storage fails closed to the in-memory lock without throwing (3.051584ms)
✔ export lock is stored before dispatch; refused/delivered outcomes release it, uncertain and cut-short keep it (29.146209ms)
✔ releasing one scope keeps the other uncertain scopes of the store (6.035792ms)
✔ export is refused and nothing is dispatched when the lock cannot be saved (denied, full or no storage) (5.875542ms)
✔ copy for an unsaved export lock exists in every locale (0.086292ms)
✔ product sort query parses strictly and defaults to net_minor descending (0.166333ms)
✔ legacy-store permission probe: forbidden/not-found/signed-out fail the read closed, transient falls back (9.622083ms)
✔ channel and funnel data retain their applied dates while draft dates wait for Show (83.471625ms)
✔ an uncertain export lock is bound to the session boundary, so a different user does not inherit it (18.406666ms)
✔ Finance landing links to reports under the same canSeeReports rule (10.386375ms)
✔ selected tag survives searches and cursor pagination while an empty filter is omitted (62.789209ms)
✔ customer list dispatch preserves legacy requests and sends every tag query to the closed W6 authority (211.755083ms)
✔ customers reports link is hidden only when permissions are present and lack orders:read (0.127ms)
✔ reports are a finance subpage and preserve the existing single finance navigation entry (0.111209ms)
✔ an authoritative erased customer immediately unmounts the cached private tags/notes subtree (17.666167ms)
✔ the actual customer row shows manual tags and imported status without changing consent (3.765375ms)
✔ P1 actual tag DELETE accepts an empty Next-style stream without JSON MIME (365.425584ms)
✔ P1 actual note DELETE accepts an empty Next-style stream without JSON MIME (2.362791ms)
✔ P1 body-carrying tag writes still require JSON MIME through the real BFF (0.298959ms)
✔ P2 customer bare/encoded tag keys are invalid422 through the actual leaf before any backend (2.665792ms)
✔ P2 report products real session/CSRF response is private and Vary Cookie (0.919917ms)
✔ P2 report products.csv real session/CSRF response is private and Vary Cookie (0.286917ms)
✔ P2 report malformed query and wrong CSRF are rejected by actual helpers before upstream (0.201125ms)
ℹ tests 118
ℹ suites 0
ℹ pass 118
ℹ fail 0
ℹ cancelled 0
ℹ skipped 0
ℹ todo 0
ℹ duration_ms 897.148084
✔ parseShard: i/N, empty means unsharded, anything malformed throws (0.643958ms)
✔ assignShards: deterministic, every key owned once, near-balanced (LPT bound) (0.842291ms)
✔ planClick: for every N the shards partition the whole universe (every registry route x variant, storefront walk, journey) (1.425458ms)
✔ planClick at N=10 keeps every shard within ~1.3x of the mean planned cost (0.143458ms)
✔ aggregate click: honest shards pass for several N (2.255333ms)
✔ aggregate click: a missing shard, a dropped page row, a lost journey, a failing row, a stale known defect and a missing platform marker are each a failure (3.030208ms)
✔ aggregate click: a route added to the registry after the shards ran cannot pass (the registry is re-read) (0.342708ms)
✔ aggregate visual: honest shards pass; a missing shard, a missing shot, a blocking verdict and a registry route outside the universe each fail (4.463416ms)
ℹ tests 8
ℹ suites 0
ℹ pass 8
ℹ fail 0
ℹ cancelled 0
ℹ skipped 0
ℹ todo 0
ℹ duration_ms 79.719667
ci-plan: 10 job(s); click-sweep x10 (aggregate)
  --browser-click-sweep@1/10  -> artifact gate-browser-click-sweep_1_10
  --browser-click-sweep@2/10  -> artifact gate-browser-click-sweep_2_10
  --browser-click-sweep@3/10  -> artifact gate-browser-click-sweep_3_10
  --browser-click-sweep@4/10  -> artifact gate-browser-click-sweep_4_10
  --browser-click-sweep@5/10  -> artifact gate-browser-click-sweep_5_10
  --browser-click-sweep@6/10  -> artifact gate-browser-click-sweep_6_10
  --browser-click-sweep@7/10  -> artifact gate-browser-click-sweep_7_10
  --browser-click-sweep@8/10  -> artifact gate-browser-click-sweep_8_10
  --browser-click-sweep@9/10  -> artifact gate-browser-click-sweep_9_10
  --browser-click-sweep@10/10  -> artifact gate-browser-click-sweep_10_10
✔ the full sweep and the full visual lint fan out into every shard and ask for the aggregate (0.8565ms)
✔ foundation-shards = the unit shard + every plan group; the serial `foundation` mode is untouched (0.600916ms)
✔ an explicit shard re-run (or a partial list) never claims the whole-run aggregate (0.098583ms)
✔ duplicates collapse, artifact names are safe and unique, bad input is refused (0.313042ms)
✔ main writes matrix / sweep_n / visual_n to GITHUB_OUTPUT (1.509041ms)
✔ backend-only paths run foundation-shards only (0.938584ms)
✔ node tests of deploy scripts and of the CI planner are backend-only (they cannot change a browser) (0.30475ms)
✔ a UI path adds the whole browser set, including click-sweep and visual-lint (1.480791ms)
✔ docs-only and output-only diffs keep the single required check (foundation-shards) (0.259875ms)
✔ tests/foundation/browser_* is a browser path, other tests/foundation files are not (0.299875ms)
✔ deploy flag: deploy/ and scripts/deploy* only (0.811625ms)
✔ the browser set is release-gate's browser-mode universe minus the documented exclusions (10.546875ms)
✔ parser: only compiled, correctly-shaped Test functions of untagged _test.go files (2.149042ms)
✔ the real plan: every top-level test of tests/foundation runs in exactly one group (533.151083ms)
✔ a new test (in no list) still runs, exactly once, in the catch-all group; the same name with no catch-all is red (789.313959ms)
✔ a test listed in two groups is red; drift beyond the limit is red (775.737125ms)
✔ regexes: anchored explicit lists; the catch-all skips exactly everyone else's tests (0.348958ms)
✔ pack: deterministic, balanced to within the longest test, every name once (3.310208ms)
✔ parseDurations: top-level lines only (0.146584ms)
ℹ tests 19
ℹ suites 0
ℹ pass 19
ℹ fail 0
ℹ cancelled 0
ℹ skipped 0
ℹ todo 0
ℹ duration_ms 2381.181417
✔ LC-U2a real BFF seam A2-A5 exact grammar, privacy, denial and no diagnostic reflection (21.869333ms)
✔ A8/A9/A13 and published templates: exact reads forward once with no-store (4.110792ms)
✔ real streamed POST bodies: A10-A14 exact keys reach upstream (4.175041ms)
✔ query, read headers, methods and body allowlists refuse before upstream (5.824459ms)
✔ session, CSRF and store authority precede content forwarding (0.872583ms)
✔ A12 fixed codes preserved; arbitrary upstream diagnostics stripped (4.822708ms)
✔ client preserves codes and receipt; changed/aborted session cannot publish private response (3.040083ms)
✔ A9 admits a full page of valid Unicode replies while bounding private response bytes (6.265791ms)
✔ non-JSON upstream 401 still expires both authentication cookies without diagnostic leakage (1.829708ms)
✔ real M7 response keeps no-referrer after matching Next production header rules (16.885583ms)
✔ three unit languages cover identical fixed labels and delivery states (0.728875ms)
✔ hiding aborts requests and rejects late responses, even after reveal (0.383416ms)
✔ switching selection invalidates both reads and write completions (0.066542ms)
✔ owner and explicit inbox permissions only; viewer fails closed (0.054875ms)
✔ Messenger counts Unicode codepoints; Instagram counts NFC UTF8 bytes (0.477875ms)
✔ uncertain transport retries retain the exact submission; definitive conflicts retire it (0.376458ms)
✔ privacy calibration cannot activate with production origin or ordinary caller env (0.129542ms)
✔ late focus/pageshow while native document remains hidden cannot reveal requests (0.0795ms)
✔ terminal navigation revocation cannot be undone by focus or refresh until a new page fence (0.057875ms)
✔ a ticket from another store/page fence is never accepted (0.071167ms)
✔ focus while already visible preserves the active epoch and the uncertain reply receipt (0.075417ms)
ℹ tests 21
ℹ suites 0
ℹ pass 21
ℹ fail 0
ℹ cancelled 0
ℹ skipped 0
ℹ todo 0
ℹ duration_ms 173.849792
✔ installed APIRequestContext cookie rules exclude Secure cookie from HTTP127 but retain HTTPS/localhost (0.411083ms)
✔ actual INU02 cross uses browser auth and retains exact 404/DM absence (25.007209ms)
✔ actual INU02 cross still rejects wrong authority 401 (4.444208ms)
✔ actual INU02 cross still rejects wrong authority 200 (1.71225ms)
✔ actual INU02 cross still rejects DM in denied response (1.330667ms)
✔ actual INU02 denied uses browser auth and retains exact 403/DM absence (1.2045ms)
✔ actual INU02 denied still rejects wrong authority 401 (1.105458ms)
✔ actual INU02 denied still rejects wrong authority 200 (0.972084ms)
✔ actual INU02 denied still rejects DM in denied response (8.149417ms)
✔ actual login settles /en and fixture store (real switch, scoped=false) (29.675375ms)
✔ actual login settles /en and fixture store (real switch, scoped=true) (16.266666ms)
✔ actual login settles /en/inventory and fixture store (real switch, scoped=false) (12.626167ms)
✔ actual login settles /en/inventory and fixture store (real switch, scoped=true) (7.350083ms)
✔ actual login settles /en/messages and fixture store (real switch, scoped=false) (2.245917ms)
✔ actual login settles /en/messages and fixture store (real switch, scoped=true) (4.424333ms)
✔ actual login settles /en and fixture store (already selected, scoped=false) (5.535667ms)
✔ actual login settles /en and fixture store (already selected, scoped=true) (2.2435ms)
✔ actual login settles /en/inventory and fixture store (already selected, scoped=false) (6.828417ms)
✔ actual login settles /en/inventory and fixture store (already selected, scoped=true) (20.752042ms)
✔ actual login settles /en/messages and fixture store (already selected, scoped=false) (4.5835ms)
✔ actual login settles /en/messages and fixture store (already selected, scoped=true) (4.034334ms)
✔ bundle fixture uses real claim commands and mounts existing M6/M7 without issuing early (1.271375ms)
✔ sensitive bundle scenario clicks native clipboard with trace/video disabled and no token body reads (0.175083ms)
✔ persisted link and token-free command receipt are compared without disclosing credentials (0.1245ms)
✔ actual clipboard evaluator exports only safe summary and detects malformed or retained synthetic credentials (218.935041ms)
✔ claim-window fixture isolates recovery after the current migration permits multiple OPEN windows (3.867791ms)
✔ ordinary Playwright diagnostics still capture failed-page ARIA when private guard is absent (0.735875ms)
✔ sensitive worker lifecycle prevents actual installed snapshot capture without masking the failure (32.533166ms)
✔ worker restores prior environment even when use rejects (absent) (17.427083ms)
✔ worker restores prior environment even when use rejects (empty) (41.705667ms)
✔ worker restores prior environment even when use rejects (existing-policy) (1.938375ms)
✔ fixture is worker-auto and module collection does not suppress ordinary diagnostics (29.582292ms)
✔ ordinary matcher ARIA context bypasses fallback flag and remains in actual installed diagnostics (0.736417ms)
✔ private test teardown removes only matcher page context while preserving failure (failed status) (2.522167ms)
✔ private test teardown removes only matcher page context while preserving failure (rejected use) (1.303ms)
✔ matcher guard is test-auto without replacing the installed artifact auto fixture (4.096625ms)
✔ real Playwright --list collects each original INU case and isolated INU09 exactly once (1009.633833ms)
✔ A real Inbox selection admits Go A9 attachments null without losing thread (41.6565ms)
✔ A real Inbox selection admits Go A9 attachments empty array without losing thread (6.630083ms)
✔ A malformed non-array A9 attachments is refused without painting DM or crashing selected entry (3.6125ms)
✔ C A8 HTTP200 empty list is ordinary data with no alert, selection or focus request storm (1.363ms)
✔ C A8 list404 is scoped inbox unavailable in en, never an empty list or conversation denial (2.1785ms)
✔ C A8 list404 is scoped inbox unavailable in zh-TW, never an empty list or conversation denial (1.263375ms)
✔ C A8 list404 is scoped inbox unavailable in zh-CN, never an empty list or conversation denial (1.494958ms)
✔ C click-sweep Go harness mounts existing Inbox/templates services (STRUCTURE_ONLY, Go NOT_RUN) (0.482791ms)
✔ C click-sweep includes actual-router owner200 empty inbox assertion (STRUCTURE_ONLY, Go NOT_RUN) (0.302458ms)
✔ inbox evidence is covered by the CI upload root (0.748167ms)
✔ failed Playwright closes its log and emits sanitized diagnostics before Fatalf (0.105875ms)
✔ failure diagnostics match INU cases/counts without admitting private text (0.589416ms)
✔ INU04 delayed handler 1 signals completion when fulfillment rejects (30.489917ms)
✔ INU04 delayed handler 2 signals completion when fulfillment rejects (1.485334ms)
✔ recoveryDone waits for actual held M7 completion in zh-TW (56.599625ms)
✔ recoveryDone waits for actual held M7 completion in zh-CN (19.0425ms)
✔ recoveryDone waits for actual held M7 completion in en (1.762916ms)
✔ review2 P1 bundle-only row opens real A13 and issues existing M7 claim link to clipboard (29.318042ms)
✔ review2 P1 clipboard denial recopy reuses cached issued URL without another M7 POST (5.684834ms)
✔ review2 P1 lost M7 ACK retries exact receipt and null replay token never mints a fresh key (6.599292ms)
✔ review2 P1 missing CSRF before cached recopy cannot copy or issue again (7.420792ms)
✔ review2 P1 missing CSRF before uncertain retry rejects preserved receipt dispatch (9.09275ms)
✔ review2 P1 late issued-link completion after hide cannot write clipboard (4.326125ms)
✔ review2 P1 late issued-link completion after selection cannot write clipboard (4.8815ms)
✔ review2 P1 late issued-link completion after unmount cannot write clipboard (5.475667ms)
✔ review2 P1 late issued-link completion after logout cannot write clipboard (5.969042ms)
✔ review2 P1 claim-link issuance denied without both live read/manage (inbox:read,live:read) (8.718459ms)
✔ review2 P1 claim-link issuance denied without both live read/manage (inbox:read,live:manage) (5.411292ms)
✔ review2 P1 missing authoritative recovery identity never guesses generation {"missingSession":true} (4.381541ms)
✔ review2 P1 missing authoritative recovery identity never guesses generation {"noBundle":true} (10.768833ms)
✔ review2 P2 exactly one matching binding uses named DM hard gate ok (5.890417ms)
✔ review2 P2 exactly one matching binding uses named DM hard gate review_required (2.206208ms)
✔ review2 P2 exactly one matching binding uses named DM hard gate missing_permission (2.171208ms)
✔ review2 P2 multiple same-provider bindings advisory only (dm_session:ok,dm_session:missing_permission) (2.3155ms)
✔ review2 P2 multiple same-provider bindings advisory only (dm_session:missing_permission,dm_session:reauth_required) (1.939209ms)
✔ review2 P2 multiple same-provider bindings advisory only (dm_session:ok,read_comment:missing_permission) (2.579ms)
✔ review2 P2 multiple same-provider bindings advisory only (dm_session:review_required,dm_session:ok) (1.784584ms)
✔ review2 P2 actual scoped A12 409 capability refusal remains visible after advisory submit (11.22675ms)
✔ review2 P2 missing health and single binding without named DM remain disabled (2.060791ms)
✔ review2 P2 expired cached issued link cannot be recopied or silently reissued (3.087333ms)
✔ P1-1 actual visible focus preserves pending ticket, selection, revision and real retry receipt (1.76475ms)
✔ P1-1 actual unchanged-session pageshow checks without clearing; changed-session focus expires (0.300583ms)
✔ P1-1 actual hide/reveal clears and requests fresh revision, never accepts obsolete completion (0.27675ms)
✔ P1-1 changed-session visible focus expires even with a pending request (0.173083ms)
✔ P1-2 actual A9 refresh 404 removes rendered DM and unsent draft (15.042834ms)
✔ P1-2 actual send-finally A9 404 removes DM, draft and uncertain immutable receipt (3.2625ms)
✔ actual uncertain send still retains exact receipt when A9 authority remains (0ms post-send A9) (4.011291ms)
✔ actual uncertain send still retains exact receipt when A9 authority remains (50ms post-send A9) (106.068833ms)
✔ actual A9 stale held completion cannot paint after component cleanup (0.832667ms)
✔ P2 actual A14 404 clears buyer facts and customer draft (explicit future-version MOCK) (1.136917ms)
✔ safe authority errors remain the actual InboxError transport class (0.0405ms)
✔ actual current A13 without version keeps A14 disabled; future MOCK grants no backend claim (0.577083ms)
✔ P1-2 actual A11 takeover write 404 clears private state despite failing follow-up A9 (1.0755ms)
✔ P1-2 actual A12 send write 404 clears private state despite failing follow-up A9 (0.7375ms)
✔ A13 server orders omission remains distinct from authorized omitted data (0.5065ms)
✔ A13 server orders omission remains distinct from authorized empty data (0.329167ms)
✔ A13 server orders omission remains distinct from authorized populated data (0.407208ms)
✔ actual shell-store-selector captures selection before synchronous privacy teardown (allowed=true) (34.382459ms)
✔ actual shell-store-selector captures selection before synchronous privacy teardown (allowed=false) (12.345708ms)
✔ actual locale-switch captures selection before synchronous privacy teardown (allowed=true) (5.827625ms)
✔ actual locale-switch captures selection before synchronous privacy teardown (allowed=false) (1.47475ms)
✔ persisted A9 UNKNOWN after page entry warns and blocks the real composer in en (22.742709ms)
✔ persisted A9 UNKNOWN after page entry warns and blocks the real composer in zh-TW (1.479083ms)
✔ persisted A9 UNKNOWN after page entry warns and blocks the real composer in zh-CN (1.074291ms)
✔ A12 queued ACK followed by final A9 UNKNOWN overrides the local queued notice and blocks another send (1.615459ms)
✔ a captured previously enabled composer cannot bypass final UNKNOWN learned by Refresh (1.071208ms)
✔ a later A9 page omitting the known UNKNOWN is not delivery reconciliation (1.385167ms)
✔ persisted queued is not mislabeled UNKNOWN and retains ordinary composer eligibility (0.552917ms)
✔ persisted sent is not mislabeled UNKNOWN and retains ordinary composer eligibility (0.454125ms)
✔ persisted failed is not mislabeled UNKNOWN and retains ordinary composer eligibility (0.488959ms)
✔ persisted blocked is not mislabeled UNKNOWN and retains ordinary composer eligibility (0.487458ms)
✔ fresh mount refuses when an old UNKNOWN is beyond 51 newer messages (fact=true) (1.039208ms)
✔ fresh mount refuses when an old UNKNOWN is beyond 51 newer messages (fact=null) (1.010167ms)
✔ fresh mount refuses when an old UNKNOWN is beyond 51 newer messages (fact=undefined) (1.429792ms)
✔ fresh mount refuses when an old UNKNOWN is beyond 51 newer messages (fact=false) (1.480041ms)
✔ a refreshed unknown authority replaces old clear authority even for a captured composer (0.911708ms)
✔ window strict eligibility with 300001ms before hard 24h deadline (15.151417ms)
✔ window strict eligibility with 300000ms before hard 24h deadline (1.3955ms)
✔ window strict eligibility with 60000ms before hard 24h deadline (0.954708ms)
✔ window strict eligibility with 0ms before hard 24h deadline (0.867125ms)
✔ window invalid server deadline fails closed without preparing a send (0.648917ms)
✔ window captured enabled form callback cannot POST after crossing safe cutoff (0.627291ms)
✔ window deadline timer closes controls at cutoff and hard end without waiting for 15s poll (0.625666ms)
✔ quota recovery gives exact zh-TW comment-quota and DM-window instructions beside copy only (0.33325ms)
✔ quota recovery gives exact zh-CN comment-quota and DM-window instructions beside copy only (0.081334ms)
✔ quota recovery gives exact en comment-quota and DM-window instructions beside copy only (0.082166ms)
ℹ tests 123
ℹ suites 0
ℹ pass 123
ℹ fail 0
ℹ cancelled 0
ℹ skipped 0
ℹ todo 0
ℹ duration_ms 1244.656583
✔ A15 real Request exact XOR selectors, bearer/store authorization, private closed success (15.631834ms)
✔ A16 actual CSRF origin exact body/key, replay null-link and safe conflict detail (7.751791ms)
✔ real csrf/session helpers fence both reads and immutable receipt writes (20.75775ms)
✔ unknown network/body/status is uncertain, no auto retry, no diagnostic reflected (2.790417ms)
✔ logout during response.json discards private reads and successful write results (1.86275ms)
✔ LC-U3 all coded errors have explicit safe copy en (0.399875ms)
✔ LC-U3 eligibility and every live/send reason en (0.113167ms)
✔ LC-U3 all coded errors have explicit safe copy zh-TW (0.055375ms)
✔ LC-U3 eligibility and every live/send reason zh-TW (0.062792ms)
✔ LC-U3 all coded errors have explicit safe copy zh-CN (0.048041ms)
✔ LC-U3 eligibility and every live/send reason zh-CN (0.063167ms)
✔ A15 exact selector XOR and method resources (1.43ms)
✔ A15 closed fields, inactive delivery omitted, no inferred customer or price sums (16.995375ms)
✔ A16 exact nested body and builder never carries prices or truncates bundles (2.456ms)
✔ A16 replay null link is opt-in; send and price states stay closed (0.726792ms)
✔ A16 coded errors close status/code pairs and preserve only the permitted order pointer (0.436ms)
ℹ tests 16
ℹ suites 0
ℹ pass 16
ℹ fail 0
ℹ cancelled 0
ℹ skipped 0
ℹ todo 0
ℹ duration_ms 133.110458
(node:74863) ExperimentalWarning: Transform Types is an experimental feature and might change at any time
(Use `node --trace-warnings ...` to show where the warning was created)
✔ UNKNOWN preserves the exact original bytes and key despite draft edits (0.404708ms)
✔ navigation guard stores only an opaque boolean and blocks replacement attempts (0.7115ms)
✔ unavailable storage never permits an unguarded money write (0.064416ms)
✔ post-dispatch auth refusal can follow commit and must retain the order guard (0.11825ms)
✔ a definitive response unlocks only the explicit new-attempt action (0.901ms)
ℹ tests 5
ℹ suites 0
ℹ pass 5
ℹ fail 0
ℹ cancelled 0
ℹ skipped 0
ℹ todo 0
ℹ duration_ms 80.715083
