✔ /products/{uuid} redirects permanently to the zh-TW product page (52.734084ms)
✔ non-uuid ids are 404, never redirected (1.034292ms)
✔ AT1: the locale redirect preserves the ad-click query without allowing a redirect target (0.13925ms)
✔ R10: standalone signed signals survive a missing or expired seven-day touch (12.450958ms)
✔ R10: standalone signals reject expiry, bad signature, duplicates and another host (0.726333ms)
✔ AT1 R5: browser identity survives expired touch and rolls for ninety days (0.270708ms)
✔ AT1 R5: missing ad parameters create no cookies; fbclid alone creates no touch (0.179917ms)
✔ AT1 R5: lc_ad alone updates attribution and does not replace fbc (0.132ms)
✔ AT1: host-only first-party cookies contain no PII and read back exactly (0.231709ms)
✔ AT1: a later valid click replaces the draft but preserves the browser identifier (0.103ms)
✔ R10: only a different fbclid replaces fbc and its first-seen timestamp (0.181291ms)
✔ AT1: malformed and ambiguous links do not overwrite a valid prior touch (0.29625ms)
✔ AT1: host and key binding reject copied cookies (0.160041ms)
✔ AT1: duplicates and tampering invalidate the entire envelope (0.123083ms)
✔ AT1: exactly seven days is valid, the next millisecond and future clicks are not (0.125459ms)
✔ catalog list query limits equal the Go v2 parser (internal/buyerhttp/catalogv2.go) (21.206375ms)
✔ collection list cap equals Go maxCollectionsPerStore (2.166291ms)
✔ design caps equal internal/design/schema.go (nav, sections, pages) (2.19325ms)
✔ CVS buyer-entered store bounds and return path equal Go (internal/checkout/cvs.go, migration 0093) (4.856708ms)
✔ transfer view: closed shape and state rules mirror Go validTransferView (2.109667ms)
✔ proof body and result: five digits, positive minor amount, ISO instant (0.697584ms)
✔ minorFromText: major units with at most two decimals, never a float surprise (0.313709ms)
✔ buyer email mirror: one plain address, 254 characters at most (0.2235ms)
✔ countdown: whole hours and minutes, never negative (0.399292ms)
✔ copy: three locales carry every key and every refusal code (0.234375ms)
✔ options: a home row lists modes only with bank_transfer and then needs its window (0.3ms)
✔ checkoutInput: a home bank_transfer body, the optional trimmed email, and every refusal before any request (2.8015ms)
✔ order: AWAITING_TRANSFER is a valid commercial state without a hold time (0.676792ms)
✔ BFF: exact transfer routes, keyed proof PUT, strict body, validated answers, no generic proxy (72.066084ms)
✔ BFF: transfer refusal codes pass through as definite 422; checkout accepts bank_transfer and a valid email only (19.305ms)
✔ D06 order heading follows a settled transfer: never 'waiting for transfer' above a confirmed or expired one (0.341ms)
✔ uncertain prepare blocks all mutations; changed cookie context resolves journal (18.557333ms)
✔ fully parsed local denial clears only its own pending operation (47.325208ms)
✔ malformed journal, unavailable lock and stale context fail before writes (17.969459ms)
✔ BPT05 exact handoff permits absent body/key, one fetch, no form persistence (28.037834ms)
✔ BPT05 wrong handoff form and ordinary writes fail before any fetch (17.576208ms)
✔ BPT05 unresolved cookie journal blocks handoff; lost response is one fetch without persistence (0.20575ms)
✔ SU02 refresh permits absent body/key, one fetch, no persistence (0.210292ms)
✔ SU02 refresh rejects a body, a key or a malformed path before any fetch (0.144542ms)
✔ SU02 cancel permits absent body/key, one fetch, no persistence (0.115084ms)
✔ SU02 cancel rejects a body, a key or a malformed path before any fetch (0.102625ms)
✔ BPT01 exact private path, headers, body and three-locale one-fetch transport (44.998209ms)
✔ BPT02 payment routes reject untrusted path, context, headers, key and body before fetch (10.318ms)
✔ BPT03 hostile upstream success is sanitized, never returned as payment data (3.624459ms)
✔ BPT04 every handoff failure is nonretryable, including pre-route and transport loss (2.969ms)
✔ SU02 five routes: exact upstream path, method, key, body, one fetch each (8.553959ms)
✔ SU02 refresh and cancel are keyless and pass every CSRF/context denial before fetch (40.192833ms)
✔ SU02 every handoff/refresh/cancel failure is nonretryable and sanitized (33.688584ms)
✔ SU02 hostile Stripe bodies become the sanitized 503; PAYUNi and Stripe bodies stay byte-identical (12.176ms)
✔ SU02 prepare accepts only the two known method codes (1.182125ms)
✔ disabled and invalid configuration fail closed before private fetch (78.550959ms)
✔ private authority, cookie lifecycle and strict local denial (24.058375ms)
✔ bad host, cookie, query and method never reach private API (5.127875ms)
✔ stalled inbound POST body is canceled at its deadline without a cookie or private call (2.353125ms)
✔ R10: Begin forwards independently signed signals; browser attribution and forwarded hosts are not authority (15.952792ms)
✔ CVS BFF: exact routes, keyed open/store, keyless verify, validated answers, no generic proxy (3.576375ms)
✔ CVS BFF: contract refusal codes pass through; pay_at_pickup_limit is a definite (non-retryable) 429 (5.452042ms)
✔ fragment grammar accepts only one canonical token (0.463875ms)
✔ claim projections are closed (0.24925ms)
✔ claim token rides only its header on B1/B2 and is never echoed (106.2875ms)
✔ claim-priced cart edits send only SKU and quantity, keeping server price authority (18.502625ms)
✔ direct-checkout sold-out projection is mandatory, boolean and closed (0.774917ms)
✔ claim redeem shares the purchase lock, guards recovery and never persists the token (1.827167ms)
✔ ClaimLink removal projects live-priced survivors on ready and conflict pages (2417.688625ms)
✔ ClaimLink revisit checks out applied A while pending B is sold out or unavailable (5.415458ms)
✔ ClaimLink refreshes a nothing result after a second tab applied the claim (3.447875ms)
✔ ClaimLink does not navigate when a buyable claim target is absent or has changed quantity (4.390208ms)
✔ ClaimLink optional prior-order notice tolerates unreadable storage without bypassing recovery (9.305ms)
✔ CVS01 map form: only the two ECPay e-map actions, exact fields, top-level-safe values (14.019541ms)
✔ CVS02 return path allowlist excludes /claim and anything but the checkout or product page (0.87525ms)
✔ CVS03 selection projection: VERIFIED<=>pickup, REJECTED<=>reject_code, absent keys read as null (2.094792ms)
✔ CVS04 buyer-entered store answer and request body (1.329084ms)
✔ CVS05 store code table (§16.1) keeps leading zeros and per-chain lengths (0.529375ms)
✔ CVS06 recipient mirror: real-name width 4..10 (CJK=2), no digits/symbols/emoji; 09 mobile (0.842375ms)
✔ CVS07 checkout draft: name, phone and mode only; read once; corrupt/foreign shapes are dropped (1.098042ms)
✔ CVS08 return URL: only ?cvs_selection=<uuid> is accepted (0.142958ms)
✔ CVS09 buyer order projection and copy keys: nothing but PICKED_UP says picked up (0.130917ms)
✔ CVS10 error codes: field mapping, definite refusals, official links are https constants (0.226ms)
✔ CVS11 client transport: verify is the one new keyless POST; the server refusal code rides BuyerClientError.detail (36.917584ms)
✔ every locale x page has a title, an updated line and at least one section (2.457375ms)
✔ locales share the section count and per-section body count of every page (1.6945ms)
✔ final text is only the owner-confirmed company facts (CR 81215167 name + registered address); nothing else is final (0.632125ms)
✔ a legal page is published only when every text on it is final; buyers see no link to an unpublished one (1.800916ms)
✔ data-deletion path is named in the privacy page of every locale (0.174625ms)
✔ pendingOwnerText lists exactly the texts that keep a page unpublished and is written for the owner (1.833583ms)
✔ a live (claim-origin) price replaces the catalog price and strikes it through (0.654541ms)
✔ without a live price the catalog price and its compare-at are shown unchanged (0.06125ms)
✔ a live price equal to or above the catalog price is shown as set (strike hidden by the UI guard) (0.104959ms)
✔ a live price strikes the catalog price, never the variant sale price (0.099375ms)
✔ order ref: 12 hex (dashes or spaces, any case) or a full id (0.4545ms)
✔ contact: one email or a phone of 6..20 digits (0.146917ms)
✔ body is exactly {order_ref, contact}; the answer is exactly {order_id} (0.165875ms)
✔ BFF lookup: no cookie needed, fresh token goes upstream, cookie only on 200 and it carries that same token (55.444166ms)
✔ BFF lookup: strict local denial before any private fetch (0.812667ms)
✔ copy: three locales carry every key (0.193791ms)
✔ MS4 srcset descriptors use actual decoded widths and deduplicate small renditions (1.094625ms)
✔ MS1 product rendition allowlist preserves trusted Host and never forwards buyer cookies (40.678ms)
✔ MS2 invalid, duplicate, extra, encoded widths and non-product variants fail before fetch (10.322875ms)
✔ MS3 old-image fallback is never promoted to immutable; committed variants are cacheable (2.530416ms)
✔ TWD whole amounts show no decimals in every locale and at every magnitude (line, subtotal, total, zero) (20.916042ms)
✔ cents appear only when there are cents, then always as two digits; the minor-unit arithmetic is untouched (0.203041ms)
✔ digits come from the currency: JPY none, USD two when there are cents (1.041375ms)
✔ one formatter: no component, page or lib builds a currency Intl.NumberFormat outside lib/money.ts (27.330583ms)
✔ locale probe bounds a missing destination head with a route/device diagnostic (6.277125ms)
✔ locale probe clears its deadline when the real head promise completes (1.361291ms)
✔ fragment: exactly #o=<order id>&t=<43-char token>; anything else is null (4.390625ms)
✔ body is exactly {order_id, token, proof}; the answer is exactly the order the link named (0.2005ms)
✔ BFF link: no cookie needed, fresh token upstream, cookie only on a 200 naming the same order, link token never echoed (44.826208ms)
✔ BFF link: strict local denial before any private fetch (10.854834ms)
✔ copy: three locales, one refusal text, a retry and a lookup path (0.32975ms)
✔ BPU01 fresh payment writes exact metadata before prepare, one bodyless Take, no persistent form (51.977166ms)
✔ BPU01 lost prepare response replays original key/body only on explicit next click (5.769958ms)
✔ BPU01 lost handoff is permanently GET-only, even after a second click (0.897584ms)
✔ BPU01 storage, amount, scope and child/screen fences reject before irreversible writes (0.756125ms)
✔ BPU01 document/child loss after prepare but before Take leaves exact replay marker (0.343041ms)
✔ BPU01 malformed server handoff never submits and Take remains nonretryable (0.9585ms)
✔ BPU01 marker replacement before Take and after Take blocks release/form reuse (1.178042ms)
✔ BPU01 context replacement after prepare and after Take closes destination without form (5.300292ms)
✔ BPU01 synchronous destination refuses invalid locale before opening a window (0.955375ms)
✔ SU03 fresh Stripe pay: marker before prepare, one prepare, one handoff, navigate, URL never stored (2.973333ms)
✔ SU03 marker replay: lost prepare response replays key/body, no uncertain on PENDING view with leftover marker (2.932125ms)
✔ SU03 cross-device Continue needs no marker and never prepares (5.291083ms)
✔ SU03 marker/view matrix: PAYUNi marker on Stripe view and Stripe marker on PAYUNi view send nothing (1.067625ms)
✔ SU03 any other view renders without a POST (0.913167ms)
✔ SU03 CREATING: waits on the schedule without the lock, then hands off once when READY (6.612542ms)
✔ SU03 CREATING budget: 10 reads over 30 s, then the blank child is closed, no POST, no throw (6.029834ms)
✔ SU03 cancel_requested seen on the re-GET aborts before the handoff POST (1.622458ms)
✔ SU03 handoff outcomes: CREATING closes child, CLOSED/UNAVAILABLE/error/malformed reject; one POST each, never retried (19.35325ms)
✔ SU03 Stripe prepare errors, amount/currency mismatch and popup loss stop before any handoff (1.113417ms)
✔ SU03 two clicks make two handoff POSTs only because there were two clicks; sequential, none from reads (3.444959ms)
✔ SU03 navigate: validates again, needs an owned blank child, sets used before replace, no URL in errors (0.499292ms)
✔ SU03 refresh signal: keyless single POST, validated, throttled 1/10 s and 30 per page life, cancel never throttled (2.3385ms)
✔ SU03 signal failures are single-shot and sanitized: HTTP error, malformed body, wrong order (0.381584ms)
✔ private quote/option authority fields are required; only exact MANUAL home can checkout (1.521875ms)
✔ continue shopping advances only ordered version, clears hint, keeps SQL history authoritative (27.065292ms)
✔ lost next-cart response retries identical key/body and preserves a newer cart (4.329958ms)
✔ continuation never overwrites an already advanced cart (2.198041ms)
✔ unknown checkout blocks continuation without any business request (3.443417ms)
✔ two queued continuation clicks mutate once; stale order ID cannot clear another order (2.107959ms)
✔ CAS conflict resolves only after a newer cart is read (0.858334ms)
✔ locator removal failure retains next-cart journal and recovery survives missing locator (0.757458ms)
✔ order history summary rejects PII/unknown fields and malformed scope IDs (0.097166ms)
✔ native address validation mirrors printable Unicode, limits and phone; journal forbids PII (1.847792ms)
✔ address lost reply replays exact in-memory intent, then confirms current head (0.688333ms)
✔ address reload requires explicit new intent and exact observed CAS; stale head never auto-bumps (0.5785ms)
✔ old address receipt cannot confirm another tab's newer current head (1.590791ms)
✔ a late address CAS winner requires another explicit confirmation, not an automatic version bump (0.510625ms)
✔ checkout lost reply, queued duplicate and current GET reuse one key and one order (1.751042ms)
✔ uncertain checkout retains original journal across later 401/403/404/5xx and malformed success (0.72925ms)
✔ only a fresh definitive denial clears checkout; no order locator is invented (0.17075ms)
✔ locator storage failure after commit retains same key; reload GET failure keeps locator (3.490959ms)
✔ locator persisted but journal removal failed resumes pending receipt, not unrelated pointer (1.459625ms)
✔ unavailable storage, invalid locator and late changed context fail closed (0.311542ms)
✔ order locator readback mismatch and no-op journal removal both retain checkout recovery (0.394583ms)
✔ direct claim continuation refuses a newer ordered cart inside the purchase lock (0.274833ms)
✔ direct claim continuation keeps next-cart recovery after a conflicting clear (0.223583ms)
✔ collector projection: admitted for derived connections, absent/null for primary (0.671208ms)
✔ collector rejects identifiers, extra keys and malformed text (0.120333ms)
✔ disclosure renders the contract §5 line with all three slots substituted (0.092ms)
✔ the disclosure line exists exactly when the hosted view returns a collector (0.078333ms)
✔ a shop or collector name with a replacement pattern is shown literally (0.0495ms)
✔ OrderPayment renders the disclosure with the view, above every pay button, through the helper only (2.891208ms)
✔ BPT03 exact valid projection and Go nanosecond UTC timestamps (10.58425ms)
✔ BPT03 view rejects private fields, inconsistent state and malformed names (0.649375ms)
✔ BPT03 prepared receipt enforces exact original credit-card amount (0.407334ms)
✔ BPT03 hosted form and replay are exact, bounded and action-allowlisted (3.960709ms)
✔ SU01 Stripe views: fresh, both methods, attempt states, PAYUNi unchanged (0.200916ms)
✔ SU01 Stripe view negatives (0.141958ms)
✔ SU01 prepared amounts follow the corrected per-currency table (0.116417ms)
✔ SU01 Stripe handoff union and every redirect_url negative (0.257375ms)
✔ SU01 payment signal is exactly {order_id, scheduled:boolean} (0.112958ms)
✔ RUI01 refund summary: refunded states, pending money, absent ≡ null (0.149ms)
✔ RUI01 refund summary negatives (0.136541ms)
✔ BPU03 neutral GET and POST return ignore every callback field and cookie (11.807083ms)
✔ primary origin: exact path/query, same host, and no URL-controlled destination (8.209583ms)
✔ GET and HEAD use trusted Host, private bounded uncached resolver and exact 301 (25.3975ms)
✔ no writes redirected; resolution failures fail closed; unknown hosts keep native 404 (2.343917ms)
✔ policy version is the frozen constant, in the customers-core D4 shape (0.406875ms)
✔ route table: exactly the four buyer privacy routes, methods and body kinds (0.378166ms)
✔ body shapes are closed and mirror the frozen Go inputs (no source, no policy_version) (0.093709ms)
✔ GET privacy validator: closed shape, erased owner holds no consent (0.126042ms)
✔ consent result and erasure summary validators (0.318666ms)
✔ buyer export envelope never carries customer_id (0.100375ms)
✔ failure classification: 410 and erased are the erased state (0.872167ms)
✔ copy: every locale has the same keys, the ads box discloses that sent events cannot be recalled (0.119416ms)
✔ selected option photo uses a main display slot without adding a fifth main image (0.761541ms)
✔ use-cover selection and a main-thumbnail selection restore the original main gallery (0.088417ms)
✔ cart thumbnail uses variant then catalog image_id, including when main images are absent (0.093041ms)
✔ migrated four-main/five-detail images stay separate when the option photo changes (0.113459ms)
✔ real cart-detail composition uses server SKU image_id (v2 detail available) (87.665917ms)
✔ real cart-detail composition uses server SKU image_id (v2 detail unavailable) (0.5615ms)
✔ parity: frontend caps equal the Go constants (1.426084ms)
✔ detail parser: 4 main + 20 detail + option-value images are accepted and mapped (1.540333ms)
✔ detail parser: 5 main, 21 detail, bad ids and over-cap option images are refused (0.5915ms)
✔ detail parser: a backend before product-media-v2 (no new keys) still parses with empty defaults (0.363375ms)
✔ v1 catalog row: images are main-only (<= 4) and image_id is a uuid or null (0.845375ms)
✔ PRO-S1 code mirror: any case and spaces normalise; impossible codes never become a request (0.437708ms)
✔ PRO-S2 promotion object: closed keys, kind/value pairing (0.157583ms)
✔ PRO-S3 quote validator: promotion is optional but never malformed; the discount stays the server's own number (5.664209ms)
✔ PRO-S4 journal grammar: a quote write may carry one canonical promo_code, nothing else (26.202167ms)
✔ PRO-S5 copy: three locales cover every refusal code and the same keys (0.6645ms)
✔ PRO-S6 BFF quote route: promo_code relayed untouched when canonical, refused before the private API otherwise (50.322708ms)
✔ PRO-S7 BFF: every promo_* refusal is a definite, non-retryable 422 with its own code (6.249291ms)
✔ demonstration disclosure is explicit and local-only (1.086542ms)
✔ cart selection preserves unrelated SKUs and the observed CAS version (33.329708ms)
✔ minor amounts are bounded before multiplication, including zero (0.084583ms)
✔ delivery identity includes country for one market and method (0.063041ms)
✔ journal is bound to context and rejects PII/unknown fields (0.232875ms)
✔ lost response replays exact key/body, then clears only after parsed receipt (58.975334ms)
✔ RUI02 buyer order admits MERCHANT_SHIPPED only with a SHIPPED head; absent shipment ≡ null (0.470625ms)
✔ RUI02 shipment shape negatives (incl. unsafe links) (0.241333ms)
✔ RUI02 history summary admits MERCHANT_SHIPPED (a shipped order must not break the list) (0.089583ms)
✔ CVSP01 options: CVS rows carry pickup_selection/payment_modes; unavailable rows are a separate shape (0.887125ms)
✔ CVSP02 CVS destination write: TW only, pickup_id required, empty home address; home unchanged (3.529625ms)
✔ CVSP03 checkoutInput: payment_mode only for CVS rows and only a mode the row offers (0.706875ms)
✔ COD confirmation includes expected fee, enforces collect cap and validates immutable order money (0.633417ms)
✔ CVSP04 buyer order: pay_at_pickup <=> collection_state; cvs_shipment only on a matching CVS destination (0.590375ms)
✔ CVSP05 journal accepts a CVS destination marker and a checkout body with payment_mode, nothing else (0.588708ms)
✔ validProduct accepts up to the Go photo cap and rejects one more (2.884542ms)
✔ design: garbage and hostile documents collapse to the safe default shape (1.051292ms)
✔ design: links, preview token propagation, nav resolution (0.119791ms)
✔ design: any merchant accent yields readable button text and link colour (WCAG AA) (0.238ms)
✔ variants: resolution, disabled out-of-stock combinations, initial choice, price bounds (1.147792ms)
✔ catalog-v2 parsers accept the frozen shapes and refuse drift (2.359375ms)
✔ free-delivery progress words the hint only when a threshold exists (0.499625ms)
✔ list query: only whitelisted, canonical values survive (0.534709ms)
✔ seo: JSON-LD cannot break out of its script tag; offers reflect stock and price range (10.866292ms)
✔ seo: sitemap escapes and carries hreflang; robots refuses everything for a closed host (1.613209ms)
✔ money: whole amounts drop cents, minor digits come from the currency, filters round-trip (0.82725ms)
✔ cart line write: replaces one line, keeps the others, 0 removes, CAS version is the one shown (0.885625ms)
✔ cart problems map to buyer-facing classes without leaking transport detail (0.087709ms)
✔ checkout options accept the optional free-shipping threshold only as a positive integer or null (0.212416ms)
✔ no-image placeholder copy: exactly the locale label a photo-less card or gallery renders (0.07175ms)
✔ storefront image caps equal the Go catalog caps (internal/catalog MaxMainImages, MaxDetailImages) (12.602333ms)
✔ design text limits count code points like Go, never splitting a surrogate pair (0.308291ms)
✔ G3: same-series cards exclude the current product and never invent absent draft/foreign products (1.365541ms)
✔ G5: safety guidance exists in three languages without changing the five merchant policy approval boundaries (2.523625ms)
✔ G4: category chips omit empty collections; hidden collections absent from the public API stay absent (0.126375ms)
✔ OrderHistory renders server order instant in Taipei (1991.251625ms)
✔ ClaimLink renders claim expiry in Taipei (4.234917ms)
✔ BankTransfer renders deadline and proof instant in Taipei (4.598875ms)
✔ BankTransfer proof echo labels store time in en (2.214125ms)
✔ BankTransfer proof echo labels store time in zh-TW (2.784584ms)
✔ BankTransfer proof echo labels store time in zh-CN (3.046375ms)
✔ BankTransfer input describes the device zone in en (2.160208ms)
✔ BankTransfer input describes the device zone in zh-TW (2.943958ms)
✔ BankTransfer input describes the device zone in zh-CN (2.655959ms)
✔ BankTransfer input has a generic label when Intl has no zone in en (1.978459ms)
✔ BankTransfer input has a generic label when Intl has no zone in zh-TW (1.507333ms)
✔ BankTransfer input has a generic label when Intl has no zone in zh-CN (1.497458ms)
✔ ShopFooter uses Taipei year across UTC year boundary (3.129542ms)
✔ BankTransfer deadline labels store time in en (2.826625ms)
✔ BankTransfer deadline labels store time in zh-TW (2.177917ms)
✔ BankTransfer deadline labels store time in zh-CN (3.084083ms)
✔ OrderHistory states the Taipei time zone once in en (1.729125ms)
✔ OrderHistory states the Taipei time zone once in zh-TW (1.595083ms)
✔ OrderHistory states the Taipei time zone once in zh-CN (1.189667ms)
✔ dictionaries have exact parity and non-empty values (1.217416ms)
✔ locale precedence and language quality mapping (0.693875ms)
✔ localized paths preserve deep links and reject dangerous input (0.35ms)
✔ path locale only matches a canonical first segment (0.049041ms)
✔ the four constructs render (0.63725ms)
✔ XSS payloads stay inert text (0.4565ms)
✔ fuzz: any string over a hostile alphabet renders only whitelisted tags (7.8665ms)
✔ validator mirrors the Go rules (0.24475ms)
✔ SDN1 allowlist: exactly the contract routes, per method (2.95125ms)
✔ SDN1 allowlist: traversal, case, suffix and prefix tricks never match (0.927917ms)
✔ SDN1 request shape: no query string anywhere, reads carry no body, key, length or transfer-encoding (22.190625ms)
✔ SDN1 cap: 260 KiB = Go's 256 KiB document + 4 KiB envelope, and a body of exactly the cap is still below it (0.076375ms)
✔ SDN2 renderer: every XSS payload comes out as whitelisted tags and escaped text only (0.851125ms)
✔ SDN2 renderer: escape-first means the merchant's text never becomes markup (0.105125ms)
✔ SDN2 renderer: fuzz (seeded) never produces a tag outside the whitelist (22.633041ms)
✔ SDN2 client validator rejects what the server rejects (HTML, non-https links, `<` anywhere) (0.474542ms)
✔ cleanForSave turns cleared fields into null but keeps an empty body (2.554792ms)
✔ localIssues names each missing mandatory value by server path (0.720125ms)
✔ moved swaps neighbours and ignores out-of-range moves (0.081792ms)
✔ parsers accept the exact Go shapes and refuse extra or missing keys (0.391667ms)
✔ BFF allowlist covers exactly the design resources (0.2295ms)
✔ validDesignRequest refuses queries and bodies on reads, ignores other paths (34.6255ms)
✔ designDetails forwards only a bounded {path, reason} pair (0.202083ms)
✔ accepts exactly the three locale invite paths with a 20-200 char token (0.43925ms)
✔ rejects anything that is not an exact same-origin relative invite path (0.088791ms)
✔ rejects percent-encoded variants of the exact shape (0.052125ms)
✔ the token is an opaque invite token shape, never a URL (0.046417ms)
✔ fragment carrier: round-trips the exact invite path, is never a query string, and rejects hostile fragments (0.1915ms)
✔ dashboard: accepts the frozen shape, rejects drift (7.706958ms)
✔ import result: strict keys, closed error codes, committed never carries errors (0.299625ms)
✔ csv file guard mirrors the Go bounds (0.0715ms)
✔ manual options: a COD home row parses with its offer (D01: the page used to refuse the whole list) (0.787625ms)
✔ manual options: only bank_transfer / pay_at_pickup / cash_on_delivery, key must equal market|country|code (0.138166ms)
✔ manual result: link is https with the order id and a 43-char capability in the fragment only (0.260166ms)
✔ draft: first problem, and the body has no price-like field at all (0.433708ms)
✔ BFF grammar: exactly the seven tools resources (0.090375ms)
✔ regenerate body/result: exactly {order_id, locale} and a fresh https link naming that order (0.140792ms)
✔ copy parity: every locale has every key, import rules and error codes (0.433291ms)
✔ callback redirect target is always a same-origin /<locale>/settings path whatever the cookies, store, code or error say (3.917917ms)
✔ the binding cookie: exactly one canonical store uuid, path-scoped to the callback, HttpOnly, Lax, 10 minutes, Secure (0.486583ms)
✔ callback query: exactly one code and one state within charset/length bounds; Meta's error=… and repeats are not forwarded (1.660542ms)
✔ the dialog URL the BFF hands the browser is https://www.facebook.com only (0.624708ms)
✔ callback error mapping only ever yields fixed codes, never an upstream message (0.443958ms)
✔ selected Page qualifies only a bare Facebook id, never rewrites another Page or external URL (4.173542ms)
✔ status: not connected, connected with and without Instagram, and every deviation throws (2.350875ms)
✔ pick state: closed shape, optional Instagram keys come as a pair, id must match (0.95025ms)
✔ route grammar: only status/states/pick/disconnect; start and callback are dedicated routes; no query; reads carry no body or key (20.14525ms)
✔ connect cookie, body and callback redirect never carry code/state and only fixed codes (0.300959ms)
✔ copy: three locales have the same keys and every Go error code has a message (0.096666ms)
✔ review-required remains restricted; evidence does not promote state (8.9265ms)
✔ legacy omission remains unidentified, independent of array order (13.076875ms)
✔ closed shapes reject unknown state/provider/evidence, leaked fields and inconsistent severity (0.275125ms)
✔ duplicate capabilities/pages and unbounded arrays cannot become trusted state (0.106833ms)
✔ worst Page determines advice, no raw upstream reason reaches copy (0.126459ms)
✔ recheck receipt means scheduled; timestamps and closed keys are checked (0.100708ms)
✔ exact keyless route grammar rejects query/key/body confusion (14.352208ms)
✔ recheck takes exactly page_id and no caller-provided scope (0.399459ms)
✔ blocking advice comes from the blocking capability, not a secondary public-reply warning (0.333292ms)
✔ clean health browser mode prepares admin standalone before starting its fixture (19.294458ms)
✔ en: expired connection retains its full refusal inside a wrapping badge (15.478375ms)
✔ zh-TW: expired connection retains its full refusal inside a wrapping badge (1.01325ms)
✔ zh-CN: expired connection retains its full refusal inside a wrapping badge (1.133584ms)
✔ actual B1 snapshot state remains ok even when a fixture expected review_required (0.373625ms)
✔ D02 TWD input: whole dollars only, x100 on the wire (14.074834ms)
✔ D02 TWD edit text: whole dollars have no decimals; a legacy amount with cents is never shown as another price (0.241792ms)
✔ D02 display: NT$ without decimals in every language, cents only when there are cents (3.178042ms)
✔ D02 live-price input (Studio claims): TWD whole dollars, other currencies their decimals (0.188042ms)
✔ D02 discount code amounts: TWD whole dollars, a decimal is refused before it is sent (0.322208ms)
✔ D02 no admin copy or component says 'minor units' to the merchant (88.2925ms)
✔ M06 time: Asia/Taipei everywhere, labelled, never UTC (8.755417ms)
✔ settings answer: exactly one boolean key (1.218875ms)
✔ PUT body is the frozen single key (0.186458ms)
✔ BFF grammar: GET read, PUT keyed command, nothing else (0.67025ms)
✔ copy: three locales, same keys, no empty text (0.192458ms)
✔ PRM01 parse: exact keys, kind/value pairing and ranges; duplicates and unknown keys are refused (7.99875ms)
✔ PRM02 Taipei wall time: +08:00 on the wire, instant shown back in Taipei, impossible dates refused (17.977958ms)
✔ PRM03 create body: normalised code, major units to minor units, optional fields null, whole body validated (4.851458ms)
✔ PRM04 update + toggle: version CAS key, form round trip, pause keeps every other field (2.051417ms)
✔ PRM05 BFF grammar: exactly list, create and update; nothing generic (0.363667ms)
✔ PRM06 copy: three locales carry the same keys and every refusal code the Go routes can answer (0.299833ms)
✔ G-UI3/G-UI5 architecture constraints pass with shrinking legacy exceptions (1705.43575ms)
✔ G-UI3/G-UI5 negatives: new formatter, component fetch, >800 lines and wider allowance fail (0.518041ms)
✔ Readiness jump controls expose the actual active section, not a click flag (1.661083ms)
✔ Integrator P2: legal CN comment ordering and a distinct three-image recommendation (0.288625ms)
✔ ADM04 and ADM06 explain unavailable SKUs and keep collection vocabulary consistent (1.267125ms)
✔ ADM06 create/detail titles share the route vocabulary without adding a phantom Next page (0.398542ms)
✔ G-UI1 Next pages and route registry are bidirectional, unique, typed, documented (1.904916ms)
✔ G-UI1 copy key parity: no missing or extra key in any locale (0.106958ms)
✔ G-UI2 staff without catalog:read cannot see products/inventory or open a product URL (0.172292ms)
✔ G-UI2 every route permission is a permission Go knows, and /orders/new needs inventory:reserve (244.223833ms)
✔ G-UI1 dynamic and public routes match, details never appear as navigation (0.20625ms)
✔ W6-U2 ledger is a settings in-page route, preserving existing navigation (0.115375ms)
✔ Every browser spec clicks nav-orders: the orders group stays a singleton, so returns/new/print routes are nav: false (0.210542ms)
✔ shell-registry: every routed path has exactly one nonempty shared h1 in all three locales (1075.5415ms)
✔ shell-registry: orders stays one actual group button on live and non-live routes (1.287958ms)
✔ shell-registry: loading/expired/unavailable/forbidden keep one safe heading and never leak private content (2.40125ms)
✔ created address is a strict HTTPS origin matching the assigned handle (0.487167ms)
✔ DNS instructions must name the requested origin and a bare hostname target (0.254042ms)
✔ domain kind is authoritative and closed, not inferred from host or token (0.197667ms)
✔ apex DNS retains every concrete IPv4/IPv6 address and rejects malformed values (0.571209ms)
✔ pending domain journal preserves exact action/key/target; legacy or corrupt markers never replay (0.481292ms)
✔ browser-origin gate: every refusal happens before Go is called, for every action (47.063375ms)
✔ only POST exists on the team routes (0.722125ms)
✔ unknown action is a local 404 and never reaches Go (0.467208ms)
✔ strict request grammar: wrong keys, types, ids, roles, locales and token shapes are 422 locally (6.227292ms)
✔ what reaches Go: BFF key, bearer from the cookie, no Cookie/Origin, body unchanged, exactly one call per request (79.2745ms)
✔ Go failures are rebuilt locally from allow-listed codes, never retried, and never echo the token (35.586083ms)
✔ team answer: accepts the frozen shape, null role and OIDC member without email (0.923ms)
✔ team answer: unknown key, unknown role, bad id, bad mail state are rejected (0.300875ms)
✔ invite and accept answers are strict (0.393ms)
✔ request grammar: every action has an exact key set and rejects junk values (0.305333ms)
✔ copy: three locales carry the same keys and a label for every role (0.431ms)
✔ role-aware navigation: hides entries the member's permissions cannot use; unknown shows all; Team is owner-only (0.20025ms)
✔ P02 settlements directory rejects missing/link/owner/group/mode with a valid control (1229.863708ms)
✔ preflight health permission grammars and API/worker consistency fail closed (3351.669416ms)
✔ merchant alert flag is explicit 0|1 and independently requires SMTP (1887.881917ms)
✔ shared loader makes API/worker LIVE pair file-only before Compose interpolation (349.49775ms)
✔ export bind accepts omitted JSON false but rejects unsafe source/config mutations (0.927167ms)
✔ sanctioned operator allowlist and fail-closed gates (fake docker, no network) (2200.286708ms)
✔ platform operator custody, export mount and binary are wired (182.889792ms)
✔ actual export bind refuses a missing directory; enabling auto-create is detected (458.707042ms)
✔ R3 preflight rejects cancelled PAYUNi, validates Page app and keeps LIVE pair mandatory (1010.457083ms)
✔ R3 smoke exercises exact denied probes, accepts 404 only for disabled mounts (109.105292ms)
✔ positive control: a complete, valid configuration raises no META_LOGIN finding (2141.053542ms)
✔ feature off (COMMERCE_META_LOGIN_CONFIG_ID empty): no rule applies even with the other keys empty (296.343916ms)
✔ P06: the Page route needs the webhook receiver (304.545334ms)
✔ P06: sessions come from identity (273.628417ms)
✔ P06: without the claims profile nobody sends the private replies (a WARN, not a FAIL) (284.572416ms)
✔ P08: COMMERCE_META_LOGIN_CONFIG_ID must be numeric ("abc") (279.374959ms)
✔ P08: COMMERCE_META_LOGIN_CONFIG_ID must be numeric ("12 34") (299.030542ms)
✔ P08: COMMERCE_META_LOGIN_CONFIG_ID must be numeric ("111111111111") (297.143417ms)
✔ P08: COMMERCE_META_LOGIN_CONFIG_ID must be numeric ("0x10") (264.256208ms)
✔ P08: COMMERCE_META_LOGIN_CONFIG_ID must be numeric ("-1") (292.76ms)
✔ P08: COMMERCE_META_LOGIN_REDIRECT_URI must be exactly https://<LC_ADMIN_HOST>/api/meta/callback (wrong host) (286.940292ms)
✔ P08: COMMERCE_META_LOGIN_REDIRECT_URI must be exactly https://<LC_ADMIN_HOST>/api/meta/callback (http scheme) (261.298167ms)
✔ P08: COMMERCE_META_LOGIN_REDIRECT_URI must be exactly https://<LC_ADMIN_HOST>/api/meta/callback (the ads callback path) (221.36625ms)
✔ P08: COMMERCE_META_LOGIN_REDIRECT_URI must be exactly https://<LC_ADMIN_HOST>/api/meta/callback (trailing slash) (208.922542ms)
✔ P08: COMMERCE_META_LOGIN_REDIRECT_URI must be exactly https://<LC_ADMIN_HOST>/api/meta/callback (query string) (198.463333ms)
✔ P08: COMMERCE_META_LOGIN_REDIRECT_URI must be exactly https://<LC_ADMIN_HOST>/api/meta/callback (empty) (212.249ms)
✔ P08: COMMERCE_META_LOGIN_GRAPH_VERSION grammar vNN.N ("26.0") (190.52125ms)
✔ P08: COMMERCE_META_LOGIN_GRAPH_VERSION grammar vNN.N ("v26") (174.266542ms)
✔ P08: COMMERCE_META_LOGIN_GRAPH_VERSION grammar vNN.N ("v26.0.1") (181.916541ms)
✔ P08: COMMERCE_META_LOGIN_GRAPH_VERSION grammar vNN.N ("latest") (183.211458ms)
✔ P08: COMMERCE_META_LOGIN_GRAPH_VERSION grammar vNN.N ("") (418.561ms)
✔ P08: COMMERCE_META_LOGIN_GRAPH_VERSION grammar vNN.N ("v1000.0") (281.985875ms)
✔ P08: COMMERCE_META_LOGIN_GRAPH_VERSION accepts v26.0 (188.8425ms)
✔ P08: COMMERCE_META_LOGIN_GRAPH_VERSION accepts v22.0 (191.169458ms)
✔ P08: COMMERCE_META_LOGIN_GRAPH_VERSION accepts v99.9 (178.260709ms)
✔ production without any alert channel is a FAIL (nobody would hear the next outage) (2096.423542ms)
✔ outside production the same gap is only a WARN (297.367542ms)
✔ a webhook alone satisfies the rule (304.810875ms)
✔ an e-mail target with a complete relay (host, username, secret) satisfies the rule (273.993084ms)
✔ an e-mail target without the relay secret cannot be sent: FAIL in production, WARN elsewhere (563.566833ms)
✔ the example's CHANGE_ME_SENDER placeholder is not a relay: the e-mail target cannot be sent (299.844125ms)
✔ LC_ALERT_EMAIL must be one plain address ("not-an-address") (296.088125ms)
✔ LC_ALERT_EMAIL must be one plain address ("two@fake.invalid,three@fake.invalid") (284.400042ms)
✔ LC_ALERT_EMAIL must be one plain address ("a b@fake.invalid") (279.181041ms)
✔ LC_ALERT_EMAIL must be one plain address ("<owner@fake.invalid>") (305.018584ms)
✔ LC_ALERT_EMAIL must be one plain address ("owner@fake") (275.181833ms)
✔ storefront cart-line removal is reversible: clicked for real, not guarded (1.737459ms)
✔ destructive / irreversible / sign-out classification (owner list, en + zh) (1.7075ms)
✔ alike controls (rows with ids / numbers) share one class key (1.279583ms)
✔ known defects classify, never silence: stale entries are reported (0.840459ms)
✔ the markdown ledger has one row per interaction and names the verdict (0.288334ms)
✔ protocolHrefOK accepts well-formed tel:/mailto: and rejects malformed ones (0.237792ms)
✔ J1 waits for enabled media and clicks a real chooser; the uploaded cover is bound to the main section (1100.714875ms)
✔ J1 cannot credit a detail-image receipt as the main cover (1.570417ms)
✔ J1 refuses a failed cover upload rather than continuing to activate (0.327042ms)
✔ thresholds are the named constants of the brief (2.534625ms)
✔ R1: document wider than the viewport, and the outermost element past the edge (0.743208ms)
✔ R2: label tops, control tops and control heights of one visual row (1.080042ms)
✔ R2: what is one row and what is not (0.448208ms)
✔ R2: a button beside a field has to line up with its control (0.4725ms)
✔ R3: a row made tall by stacked controls, a control wider than its cell (1.154625ms)
✔ R3: a matrix whose EVERY row is doubled by a stacked stock cell (the median cannot see it) (0.609333ms)
✔ R4: small text, helper text apart, icons and duplicates excepted (0.348834ms)
✔ R5: tap targets on the 390 viewport only (0.807625ms)
✔ R6: interactive elements and text boxes that overlap (0.374792ms)
✔ R7: text clipped inside a control or label (either side), and select values that do not fit (0.949334ms)
✔ R8: the same visible label twice in one list (0.241542ms)
✔ evaluate() tags severity, selectRecords() keeps distinct groups first and counts every instance (0.410375ms)
✔ R9: text and controls flush to the screen edge at 390 (1.065958ms)
✔ R6/R9 judge the visible (ancestor-clipped) rectangle, not the raw one (integrator ruling 2026-10-05) (0.169209ms)
✔ R10: a fixed or sticky bar covering main content after scrolling (0.397666ms)
✔ R11: controls narrower than a usable width (0.490958ms)
ℹ tests 442
ℹ suites 0
ℹ pass 442
ℹ fail 0
ℹ cancelled 0
ℹ skipped 0
ℹ todo 0
ℹ duration_ms 11965.579917
✔ closed projections reject secret-shaped extras, invalid enums, IDs and contradictory capabilities (0.7225ms)
✔ detail accepts only bounded events and keeps actual server action flags (0.427375ms)
✔ BFF exact routes and request grammar forbid keys/body on reads, filters on detail and arbitrary writes (10.684041ms)
✔ copy parity, safe object navigation and UNKNOWN/protective reasons (0.171375ms)
✔ read-only store capability never exposes a command even if the state allows one (0.062541ms)
✔ duplicate escaped keys cannot bypass the exact command grammar (0.046042ms)
✔ query backoff affects only its operation and expires without another action (0.050334ms)
✔ merchant reason text translates ledger events and conceals unknown or prototype codes (0.102ms)
✔ ledger read navigation requires effective integration:read permission regardless of role (0.073875ms)
ℹ tests 9
ℹ suites 0
ℹ pass 9
ℹ fail 0
ℹ cancelled 0
ℹ skipped 0
ℹ todo 0
ℹ duration_ms 89.157125
✔ OrderHistory renders server order instant in Taipei (8.740833ms)
✔ ClaimLink renders claim expiry in Taipei (2.81175ms)
✔ BankTransfer renders deadline and proof instant in Taipei (3.537041ms)
✔ BankTransfer proof echo labels store time in en (1.654417ms)
✔ BankTransfer proof echo labels store time in zh-TW (2.515292ms)
✔ BankTransfer proof echo labels store time in zh-CN (1.804334ms)
✔ BankTransfer input describes the device zone in en (1.830541ms)
✔ BankTransfer input describes the device zone in zh-TW (1.855625ms)
✔ BankTransfer input describes the device zone in zh-CN (1.464125ms)
✔ BankTransfer input has a generic label when Intl has no zone in en (1.2865ms)
✔ BankTransfer input has a generic label when Intl has no zone in zh-TW (1.102291ms)
✔ BankTransfer input has a generic label when Intl has no zone in zh-CN (1.004917ms)
✔ ShopFooter uses Taipei year across UTC year boundary (3.079417ms)
✔ BankTransfer deadline labels store time in en (1.772416ms)
✔ BankTransfer deadline labels store time in zh-TW (1.438792ms)
✔ BankTransfer deadline labels store time in zh-CN (1.10625ms)
✔ OrderHistory states the Taipei time zone once in en (0.783584ms)
✔ OrderHistory states the Taipei time zone once in zh-TW (0.727875ms)
✔ OrderHistory states the Taipei time zone once in zh-CN (0.745625ms)
✔ Meta rejection wording is preserved as bounded Unicode text, never translated (2.405417ms)
✔ frozen error codes: model list equals the frozen list, each is read from both error shapes (0.626208ms)
✔ copy: every code, status, op state and connect error has text in all three locales (0.320709ms)
✔ copy never calls a budget a hard stop and never offers resume (0.282292ms)
✔ draft: every §5.1 status parses; unknown status/template/op state is an error, never guessed (0.4035ms)
✔ draft: optional fields, remote ids and the Ads Manager link (0.181459ms)
✔ action hints: pause whenever a remote id exists and not ENDED; a paused draft is only ever copied (X7) (0.204583ms)
✔ money: whole units to minor with integer math; TWD must be whole (8.778167ms)
✔ Taipei schedule: wall inputs and draft projections ignore the viewer zone (3.247708ms)
✔ Taipei schedule: invalid calendar days are rejected and all copy names UTC+8 (0.275167ms)
✔ draft input: exact 11-key body and every local rule (3.115084ms)
✔ draft form round trip and X7 copy (blank schedule, no id, no revision) (0.247375ms)
✔ settings parser: environment enum, connections, identities, capi (0.391292ms)
✔ connect state parser: pick list kinds and id match (0.113333ms)
✔ report: three separate blocks, orders may be null, no combined figure (0.259417ms)
✔ default report window is the Asia/Taipei store day whatever the viewer's zone is (Taipei midnight boundary) (5.288583ms)
✔ capi body and validation (0.255334ms)
✔ W6-06B unbind response: exact keys, account, UUIDs and outcome semantics (0.196125ms)
✔ W6-06B in-flight details preserve bounded items and total, reject unknown shapes (0.177125ms)
✔ W6-06B catalog feed has exact public URL/domain pairs or published-store empty (0.163583ms)
✔ W6-06B copy preserves unbind boundaries and feed recovery in three locales (0.068417ms)
✔ W6-06B feed selection follows origin order, not full feed URL order (0.074708ms)
✔ customer list accepts the frozen row and rejects unknown keys, dup ids, bad cursor, oversize (2.666125ms)
✔ customer row invariants: nulls for bundle-only/erased, counts, money, consents (0.241208ms)
✔ customer detail: bounded lists, order summaries reuse the orders parser, id must match (1.842834ms)
✔ erasure summary is four counts only (0.075042ms)
✔ finance summary: net = captured - refunded (I05), totals carry an empty day, sandbox flag (0.266083ms)
✔ financeDay is the UTC+8 day (0.053792ms)
✔ finance defaults keep Taipei dates across midnight, leap day and year end (0.068541ms)
✔ tags and notes are parsed strictly (W6-01B) (0.52375ms)
✔ TSX seam refuses an unlisted import (8.229417ms)
✔ Ads merchant timestamp uses Taipei at the year boundary (19.999667ms)
✔ Design version published_at cell uses Taipei at the year boundary (5.103834ms)
✔ ManualOrder bank-transfer expiry uses Taipei at the year boundary (4.765458ms)
ℹ tests 53
ℹ suites 0
ℹ pass 53
ℹ fail 0
ℹ cancelled 0
ℹ skipped 0
ℹ todo 0
ℹ duration_ms 151.195458
✔ OrderHistory renders server order instant in Taipei (8.000209ms)
✔ ClaimLink renders claim expiry in Taipei (2.376292ms)
✔ BankTransfer renders deadline and proof instant in Taipei (1.978417ms)
✔ BankTransfer proof echo labels store time in en (1.275792ms)
✔ BankTransfer proof echo labels store time in zh-TW (1.484209ms)
✔ BankTransfer proof echo labels store time in zh-CN (1.670292ms)
✔ BankTransfer input describes the device zone in en (1.429084ms)
✔ BankTransfer input describes the device zone in zh-TW (1.731416ms)
✔ BankTransfer input describes the device zone in zh-CN (1.43075ms)
✔ BankTransfer input has a generic label when Intl has no zone in en (1.583416ms)
✔ BankTransfer input has a generic label when Intl has no zone in zh-TW (1.203208ms)
✔ BankTransfer input has a generic label when Intl has no zone in zh-CN (1.043666ms)
✔ ShopFooter uses Taipei year across UTC year boundary (1.508333ms)
✔ BankTransfer deadline labels store time in en (1.080667ms)
✔ BankTransfer deadline labels store time in zh-TW (0.9955ms)
✔ BankTransfer deadline labels store time in zh-CN (1.003875ms)
✔ OrderHistory states the Taipei time zone once in en (0.751458ms)
✔ OrderHistory states the Taipei time zone once in zh-TW (0.630667ms)
✔ OrderHistory states the Taipei time zone once in zh-CN (0.571459ms)
✔ Meta rejection wording is preserved as bounded Unicode text, never translated (1.162875ms)
✔ frozen error codes: model list equals the frozen list, each is read from both error shapes (0.393834ms)
✔ copy: every code, status, op state and connect error has text in all three locales (0.260708ms)
✔ copy never calls a budget a hard stop and never offers resume (0.245042ms)
✔ draft: every §5.1 status parses; unknown status/template/op state is an error, never guessed (0.50675ms)
✔ draft: optional fields, remote ids and the Ads Manager link (0.17325ms)
✔ action hints: pause whenever a remote id exists and not ENDED; a paused draft is only ever copied (X7) (0.245125ms)
✔ money: whole units to minor with integer math; TWD must be whole (8.827ms)
✔ Taipei schedule: wall inputs and draft projections ignore the viewer zone (3.723291ms)
✔ Taipei schedule: invalid calendar days are rejected and all copy names UTC+8 (0.296916ms)
✔ draft input: exact 11-key body and every local rule (3.145083ms)
✔ draft form round trip and X7 copy (blank schedule, no id, no revision) (0.194959ms)
✔ settings parser: environment enum, connections, identities, capi (0.335833ms)
✔ connect state parser: pick list kinds and id match (0.103292ms)
✔ report: three separate blocks, orders may be null, no combined figure (0.237042ms)
✔ default report window is the Asia/Taipei store day whatever the viewer's zone is (Taipei midnight boundary) (2.107333ms)
✔ capi body and validation (0.123833ms)
✔ W6-06B unbind response: exact keys, account, UUIDs and outcome semantics (0.189167ms)
✔ W6-06B in-flight details preserve bounded items and total, reject unknown shapes (0.169334ms)
✔ W6-06B catalog feed has exact public URL/domain pairs or published-store empty (0.167292ms)
✔ W6-06B copy preserves unbind boundaries and feed recovery in three locales (0.059791ms)
✔ W6-06B feed selection follows origin order, not full feed URL order (0.066167ms)
✔ customer list accepts the frozen row and rejects unknown keys, dup ids, bad cursor, oversize (1.959834ms)
✔ customer row invariants: nulls for bundle-only/erased, counts, money, consents (0.235459ms)
✔ customer detail: bounded lists, order summaries reuse the orders parser, id must match (1.393833ms)
✔ erasure summary is four counts only (0.088ms)
✔ finance summary: net = captured - refunded (I05), totals carry an empty day, sandbox flag (0.295917ms)
✔ financeDay is the UTC+8 day (0.058125ms)
✔ finance defaults keep Taipei dates across midnight, leap day and year end (0.080042ms)
✔ tags and notes are parsed strictly (W6-01B) (0.529959ms)
✔ TSX seam refuses an unlisted import (3.3785ms)
✔ Ads merchant timestamp uses Taipei at the year boundary (15.405208ms)
✔ Design version published_at cell uses Taipei at the year boundary (3.722875ms)
✔ ManualOrder bank-transfer expiry uses Taipei at the year boundary (3.597291ms)
ℹ tests 53
ℹ suites 0
ℹ pass 53
ℹ fail 0
ℹ cancelled 0
ℹ skipped 0
ℹ todo 0
ℹ duration_ms 131.699333
✔ legacy display sentinels preserve a list row without admitting arbitrary or private data (1.985917ms)
✔ orders-v2 accepts bounded filters and Taipei inclusive dates; rejects ambiguity (0.4325ms)
✔ orders-v2 rejects client count approximations, unbounded or extra response data (0.146042ms)
✔ all three locales label every task queue, payment and delivery mode (0.302833ms)
ℹ tests 4
ℹ suites 0
ℹ pass 4
ℹ fail 0
ℹ cancelled 0
ℹ skipped 0
ℹ todo 0
ℹ duration_ms 72.595042
✔ numeric store IDs have no suggestion BFF or browser client (1.112708ms)
ℹ tests 1
ℹ suites 0
ℹ pass 1
ℹ fail 0
ℹ cancelled 0
ℹ skipped 0
ℹ todo 0
ℹ duration_ms 64.694875
✔ ADM10 operator sentence is localized while product and company facts stay authoritative (0.380333ms)
✔ PS review: actual Host matching normalizes case, port and a terminal DNS dot, never forwarded authority (0.231625ms)
✔ PS review: privacy/terms retain Messenger and Instagram purpose disclosure; deletion uses exact UI labels (0.101917ms)
✔ P2-N1 zh-TW/privacy: current comments and private reply, conditional inbound messages (0.081125ms)
✔ P2-N1 zh-TW/terms: current comments and private reply, conditional inbound messages (0.040583ms)
✔ P2-N1 zh-CN/privacy: current comments and private reply, conditional inbound messages (0.034042ms)
✔ P2-N1 zh-CN/terms: current comments and private reply, conditional inbound messages (0.049125ms)
✔ P2-N1 en/privacy: current comments and private reply, conditional inbound messages (0.0455ms)
✔ P2-N1 en/terms: current comments and private reply, conditional inbound messages (0.042ms)
✔ PS1 legal identity is one untranslated source (0.080667ms)
✔ PS1 contact and hosts come only from configuration; production fails closed (0.328583ms)
✔ PS2 public routes default to zh-TW, restrict page/locale, and never include admin (0.385625ms)
✔ PS4 optional Meta verification value never has a fake default (0.051ms)
✔ PS1 every locale uses the same product name in auth page titles (0.042041ms)
✔ PS1 public page copy has three complete locales, no invented operator identity or contact (0.1965ms)
✔ PS1 production build validates config; public data is not bundled through NEXT_PUBLIC (0.911959ms)
✔ PS review: admin image installs the manifests for its workspace dependencies before building (0.332292ms)
ℹ tests 17
ℹ suites 0
ℹ pass 17
ℹ fail 0
ℹ cancelled 0
ℹ skipped 0
ℹ todo 0
ℹ duration_ms 81.396416
✔ R11 SQL's exact receipt states are accepted; missing/forged operation/state remains unknown (0.756125ms)
✔ R11 durable receipt journal validates phase against exact operation state (0.389166ms)
✔ R11 actual read control distinguishes replay/inflight/unknown/failure in en (3.97825ms)
✔ R11 actual read control distinguishes replay/inflight/unknown/failure in zh-TW (0.6505ms)
✔ R11 actual read control distinguishes replay/inflight/unknown/failure in zh-CN (0.43525ms)
✔ unknown journal retains exact key/boundary and is scoped to store+session; malformed state fails closed (0.128083ms)
✔ R12 read hook keeps network UNKNOWN on one key and explicitly refreshes acknowledged UNKNOWN (13.777917ms)
✔ actual POST transport uses CSRF and session fence; 403 independent of response text (13.160291ms)
✔ R10 ROAS has exactly two decimals in en (9.617084ms)
✔ R10 unknown ROAS is never fabricated as zero in en (0.076125ms)
✔ R10 ROAS has exactly two decimals in zh-TW (0.151291ms)
✔ R10 unknown ROAS is never fabricated as zero in zh-TW (0.036709ms)
✔ R10 ROAS has exactly two decimals in zh-CN (0.120625ms)
✔ R10 unknown ROAS is never fabricated as zero in zh-CN (0.030666ms)
✔ shared presentation preserves registry title and one empty buyer message in en (23.024583ms)
✔ R11 large linked-draft list is complete but collapsed in en (3.010042ms)
✔ shared presentation preserves registry title and one empty buyer message in zh-TW (5.713709ms)
✔ R11 large linked-draft list is complete but collapsed in zh-TW (3.051667ms)
✔ shared presentation preserves registry title and one empty buyer message in zh-CN (5.403125ms)
✔ R11 large linked-draft list is complete but collapsed in zh-CN (2.485208ms)
✔ R11 timeline distinguishes local unknown spend from explicit Meta zero in en (3.05875ms)
✔ R11 timeline distinguishes local unknown spend from explicit Meta zero in zh-TW (3.410541ms)
✔ R11 timeline distinguishes local unknown spend from explicit Meta zero in zh-CN (2.363ms)
✔ R11 I12 nullable Meta evidence survives without becoming zero (0.260458ms)
✔ R11 actual panel rendering preserves unknowns and reconnect route in en (9.99575ms)
✔ R11 actual panel rendering preserves unknowns and reconnect route in zh-TW (10.841917ms)
✔ R11 actual panel rendering preserves unknowns and reconnect route in zh-CN (11.732042ms)
✔ D1, D6, R7: exact amounts and sources remain independent, account days stay labelled (0.2ms)
✔ R12: null stays unknown and unread / unauthorised / insufficient remain different states (0.236292ms)
✔ R12 granted but unread audience offers a read, never reconnect in en (1.60925ms)
✔ R12 granted but unread audience offers a read, never reconnect in zh-TW (1.592625ms)
✔ R12 granted but unread audience offers a read, never reconnect in zh-CN (1.548417ms)
✔ I12 forged / missing frozen fields never silently become zeros (0.800583ms)
✔ only whitelisted aggregates survive: extra identifiers and HTML are never interpreted (0.056084ms)
✔ attribution is a read-only BFF resource with exact bounded query grammar (0.29125ms)
✔ audience-read is exactly the new local intention POST and never a data GET or queried write (0.230417ms)
✔ route fails closed without ads:read and is not a duplicate navigation entry; locale keys match (0.090834ms)
ℹ tests 37
ℹ suites 0
ℹ pass 37
ℹ fail 0
ℹ cancelled 0
ℹ skipped 0
ℹ todo 0
ℹ duration_ms 386.547375
✔ card-payments copy: identical key sets in all three locales (0.767958ms)
✔ merchant terms are quoted verbatim (contract §5) in the enable dialog (0.091833ms)
✔ ruling-fixed strings: platform not OPEN and BLOCKED note (0.040833ms)
✔ error map covers every frozen refusal code from migrations/0137 (0.064667ms)
✔ no Stripe account id, key or approval id shape appears in any copy string (0.258208ms)
✔ storefront collector disclosure matches contract §5 templates in three languages (0.057292ms)
✔ the merchant terms in the dialog are the contract §5 sentence, extracted from the contract (0.098458ms)
✔ the storefront templates are the contract §5 lines, extracted from the contract (0.115708ms)
✔ settlement copy: deduction columns are labelled as deductions in every language, with a legend and the net formula (0.234625ms)
✔ there is no separate 'not on the allowlist' message: it reads as not open (review P1-2) (0.084625ms)
✔ card summary accepts the frozen shape incl. all-null platform NONE (0.805875ms)
✔ card summary rejects unknown keys, bad enums, bad money, bad version (0.273417ms)
✔ card result is exactly {state, version, max_minor, currency, descriptor_preview} (0.093875ms)
✔ descriptor suffix rule: charset, 2..10 chars, must contain a letter (0.212625ms)
✔ the suffix length rule is the charset rule's 10; the 22-character descriptor total stays the server's (SANDBOX L=10, LIVE PrefixLength) (0.320375ms)
✔ descriptor preview mirrors the contract projection (base + '* ' + suffix) (0.39ms)
✔ settlement list accepts statements without payout/lines keys (omitempty) (1.784208ms)
✔ settlement detail carries lines whose count and sums match the totals (0.922875ms)
✔ settlement parsers reject malformed reads (0.7275ms)
✔ fees, refunds and disputes are signed exactly as the ledger stores them (0.837625ms)
✔ a returned fee is a positive line fee; the detail's lines must add up to the statement totals (0.254584ms)
✔ closed_at/paid_at accept the offsets PostgreSQL emits as well as Z (0.203166ms)
✔ a payout reference shaped like a Stripe key or account id is never displayed (0.380375ms)
✔ platform not OPEN: 'not open yet' and no enable control, for every non-OPEN state; the platform badge still tells why (0.818166ms)
✔ allowlisted + OPEN: enable from NONE/DISABLED, disable from ENABLED (0.087667ms)
✔ not allowlisted on an OPEN platform reads exactly like not open: the same message, no 'platform open' badge, no enable (review P1-2) (0.089625ms)
✔ BLOCKED: the suspended note, disable only, never enable (whatever the platform says) (0.065958ms)
✔ without billing:manage nothing can be changed, but the state is still readable (0.0455ms)
✔ enable carries the platform's current terms, the suffix and the version read; NONE starts at 0 (0.072917ms)
✔ disable never sends a suffix and quotes the terms the store accepted (the platform's may have moved on) (0.044875ms)
✔ a retained suffix is recovered from the final preview so a re-enable can keep it (0.04075ms)
✔ the period label shows the last day inside the (exclusive-end) week (0.7685ms)
✔ payout state: paid, pending only when money is due, none when the week nets to zero or less (0.044916ms)
✔ card-payments and settlements are nav:false routes, so no group loses or gains a nav button (0.141041ms)
✔ settlements need billing:manage, the card page integration:read; the owner opens both (0.09775ms)
✔ statement cells: a dispute reversal and a returned fee read as credits (+) and every deduction as -, and the columns add up to the server's net (9.412ms)
✔ the detail parser requires the lines of a statement that has lines; a quiet week (line_count 0) may omit them (0.122792ms)
✔ route table: exactly the four resources, nothing generic (1.507333ms)
✔ query grammar: card and settlement-detail are exact; settlements takes before/limit only (1.060542ms)
✔ request fence: keyless PUT (CAS), bodyless GETs, no transfer-encoding (26.379209ms)
✔ PUT body is the exact frozen shape {enabled, terms_version, descriptor_suffix, expected_version} (0.62175ms)
✔ the BFF route wires the card grammar: keyless CAS PUT, exact body, no-store, auth required (1.431042ms)
✔ the real card summary parses and drives the display state machine (2.300541ms)
✔ the real statement list parses: newest first, no lines, three payout states (0.899958ms)
✔ every real detail parses with its lines and the lines add up to the statement (2.626708ms)
✔ an empty ledger parses to no statements (0.311125ms)
✔ no account id, key or approval shape is in any real body (0.45525ms)
✔ the real statements display literally as signed contributions that add up to the server's net (11.157125ms)
ℹ tests 48
ℹ suites 0
ℹ pass 48
ℹ fail 0
ℹ cancelled 0
ℹ skipped 0
ℹ todo 0
ℹ duration_ms 130.76025
✔ option/slug/SKU caps equal internal/catalog (options.go, catalog.go) (12.089083ms)
✔ text caps equal the Go validators (name 120, description 8000, SEO 70/160, collection title 80) (2.227292ms)
✔ photo caps equal Go (MaxMainImages, MaxDetailImages, MaxImageBytes) and the SKU code pattern (1.548625ms)
✔ PE13 Cartesian matrix is local, preserves edits and deduplicates values (0.57875ms)
✔ PE13 bulk quantity skips negative rows without modifying them (0.119ms)
✔ PE12 untracked document uses whole currency and per-order cap, never quantity (10.508792ms)
✔ PE14 missing readback is not guessed or silently cleared by full replacement (0.112042ms)
✔ bulk status accepts explicit per-item results, never empty or duplicated confirmations (0.226125ms)
✔ matrix refuses over 100 SKUs before expansion (0.083125ms)
✔ parity: admin caps equal the Go constants (1.581458ms)
✔ image list: 4 main + 20 detail + 2 sku in role order is accepted (0.309458ms)
✔ image list: 5 main, 21 detail, wrong role order, gaps and extra keys are refused (0.713125ms)
✔ single image: role is required and its position is bounded by the role cap (0.059375ms)
✔ option text limits count Go runes rather than UTF-16 units (0.214625ms)
✔ PE14 new edit SKU carries its own shipping and clears no existing fields (9.391917ms)
✔ PE14 patch changes only price and preserves unmentioned fields (0.187ms)
✔ PE14 on_hand is not available, zero target is transmitted, ambiguous warehouse refuses (0.281083ms)
✔ PE14 explicit clears and shipping remain per SKU on an active row (0.129083ms)
✔ PE14 archive supersedes every other edit on that SKU (b77eeb11) (0.12775ms)
✔ PE14 no-op has no command fields and changed axes explicitly archive omitted variants (0.087209ms)
ℹ tests 20
ℹ suites 0
ℹ pass 20
ℹ fail 0
ℹ cancelled 0
ℹ skipped 0
ℹ todo 0
ℹ duration_ms 105.127792
(node:79732) ExperimentalWarning: Transform Types is an experimental feature and might change at any time
(Use `node --trace-warnings ...` to show where the warning was created)
✔ UNKNOWN retry client authorization loss requires reconciliation, not a fresh command (3.162792ms)
✔ UNKNOWN retry 401 authorization loss requires reconciliation, not a fresh command (9.6015ms)
✔ UNKNOWN retry 403 authorization loss requires reconciliation, not a fresh command (0.623791ms)
✔ a conclusive command rejection stays distinct from authorization loss (0.667667ms)
ℹ tests 4
ℹ suites 0
ℹ pass 4
ℹ fail 0
ℹ cancelled 0
ℹ skipped 0
ℹ todo 0
ℹ duration_ms 119.976958
(node:79735) ExperimentalWarning: Transform Types is an experimental feature and might change at any time
(Use `node --trace-warnings ...` to show where the warning was created)
✔ offer controls read authoritative limits without parsing unrelated KEYWORD_QTY_CONTAINS window/stats (11.504958ms)
✔ offer controls accept 101 through the backend cap of 200 distinct offers, reject 201 (1.862583ms)
✔ offer toggle preserves exactly the authoritative maximum in the real M4 payload (2.414625ms)
✔ console BFF admits exactly A1/A7/A6 and A5 read/copy methods (0.379875ms)
✔ Next proxy admits the exact console family and results query before the BFF (187.854209ms)
✔ results query is canonical repeated session_id 1..50, everything else queryless (0.101666ms)
✔ real BFF route forwards only exact resources, authenticates scope and returns private scrubbed errors (46.207208ms)
✔ new commands reject unknown keys and preserve frozen copy/lifecycle/recommend body (0.169125ms)
✔ browser commands reuse Studio fences, exact no-comment recommend body and backend refusal codes (1.729083ms)
✔ results client preserves canonical ids/order and rejects invalid list before fetch (0.626208ms)
✔ stock client reuses catalog transport/key/parser and fences a changed login without retries (1.248708ms)
✔ journal replay sends the exact original method/path/body/key for all five commands (2.054292ms)
(node:79736) ExperimentalWarning: Transform Types is an experimental feature and might change at any time
(Use `node --trace-warnings ...` to show where the warning was created)
✔ A1 strict MOCK snapshot preserves unavailable counts, capability unknown and server stock (2.835708ms)
✔ A7 returns a separate lifecycle version and closed full KEYWORD_QTY_CONTAINS window (0.126791ms)
✔ A5 results retain separate environments/currencies and bind exact requested ids/order (0.16025ms)
✔ A5 copy parses real Go envelope, copied offer prices and KEYWORD_QTY_CONTAINS window (0.342ms)
✔ A6 accepts optional operation UUID, never guessed send success (0.085709ms)
(node:79737) ExperimentalWarning: Transform Types is an experimental feature and might change at any time
(Use `node --trace-warnings ...` to show where the warning was created)
✔ Live settings navigation accepts a scene picker entry but never a malformed or unscoped deep link (1.4495ms)
✔ LC-B7 stock permission admits live_adjust without inventory:write, not unrelated grants (0.444541ms)
✔ Instagram comment total stays unavailable; Facebook observed count is not a platform total (0.294917ms)
✔ LC-U1 one primary action follows lifecycle, never planning or transport state (0.151167ms)
✔ LC-U1 stock target uses sellable delta and rejects fractions, negative and over-limit changes (0.278958ms)
✔ LC-U1 links only explicit FB post identities, never arbitrary URLs or guessed videos (0.289833ms)
✔ LC-U1 Facebook preview keeps the original no-frame CSP and uses a safe external link (1.802292ms)
✔ LC-U1 delayed copy completion cannot navigate after store switch or unmount (1.202833ms)
✔ LC-U1 receipt fence survives cookie rotation; pending replay still has a separate session boundary (0.923458ms)
ℹ tests 26
ℹ suites 0
ℹ pass 26
ℹ fail 0
ℹ cancelled 0
ℹ skipped 0
ℹ todo 0
ℹ duration_ms 404.353834
✔ secondary failures preserve A1; only A1 is periodic; IG notice follows the platform/embeddability observation (200.472375ms)
✔ the existing console refresh also explicitly refreshes its parent list; no automatic list read (16.129834ms)
✔ parent forwards only an explicit refresh callback and retains the scene when list is unavailable (10.504958ms)
✔ every explicit browser response/event/navigation waiter has a finite sub-test budget (7.0135ms)
✔ A1 failures back off 3/6/12/24/30 seconds and success resets to five seconds (77.171125ms)
✔ Retry-After is a minimum; hidden tabs cancel polling; forbidden locks and conceals (30.194041ms)
✔ secondary reads are mount/refresh only, independent from A1 and non-fatal (24.960125ms)
✔ UNKNOWN journal restores the exact key/method/path/body and explicit retry after reload (24.080125ms)
✔ first definite 403 clears journal but locks commands; late success after navigation clears only its own key (29.252708ms)
✔ private reads preserve Retry-After seconds and dates, without changing existing error codes (19.553042ms)
✔ a restored in-flight or UNKNOWN request retains its journal after a replay 403 (57.377334ms)
✔ restored copy success dispatches completion only in the still-current scene (37.067458ms)
✔ SessionCopy resyncs closed same-ID titles, preserves open edits and cancels to latest draft (24.881625ms)
✔ SessionCopy submit uses latest version; UNKNOWN request survives later draft/input changes (22.66275ms)
ℹ tests 14
ℹ suites 0
ℹ pass 14
ℹ fail 0
ℹ cancelled 0
ℹ skipped 0
ℹ todo 0
ℹ duration_ms 544.272583
✔ claims window modes match Go constants and every SQL match_mode CHECK (5.605584ms)
✔ host prompt stays verbatim at the frozen trunk contract; Japanese is absent (0.845834ms)
✔ bundle parser accepts manual (labelled) and Meta (unlabelled) bundles (0.536417ms)
✔ bundle parser rejects unknown platforms and label/platform mismatches (0.150125ms)
✔ offer parser carries the live price and rejects every out-of-range or missing field (0.222834ms)
✔ library and import parsers are closed; removal receipt is the only version-0 shape (0.314458ms)
✔ price input: exact decimal minor units, never float, bounded to the currency's places (9.198458ms)
✔ live-tools copy exists in all three locales with the same conflict reasons (0.433292ms)
✔ claims BFF allowlist is exactly M1–M7 per method (3.228084ms)
✔ M7 link response shape is closed (0.474125ms)
✔ host prompt copy is the frozen text, verbatim (0.218125ms)
ℹ tests 11
ℹ suites 0
ℹ pass 11
ℹ fail 0
ℹ cancelled 0
ℹ skipped 0
ℹ todo 0
ℹ duration_ms 100.964
NOT_RUN: tests/media/r04-input-runner.test.mjs (COMMERCE_R04_LIVEKIT_BINARY unset)
✔ main/detail/sku caps use the existing frozen image contract (0.663542ms)
✔ phone and tall dimensions fit2000 without enlarging small assets (0.146208ms)
✔ upload query requires one exact role and sku value; reads/actions carry no query (0.372125ms)
✔ role transport encodes current option values and refuses invalid identities (0.158708ms)
✔ effective image axis follows current options, then falls back to first (0.065333ms)
✔ detail and option photos cannot satisfy the main-photo recommendation (0.059583ms)
✔ PM-U copy has matching keys in ja and all currently routed locales (0.123166ms)
✔ real-upload mode builds both Next applications on a clean CI checkout (8.958875ms)
✔ upload recovery journal survives a new session while remaining product/store scoped (0.139833ms)
✔ an option upload receipt requires its captured axis, value and image id on canonical readback (0.11325ms)
✔ failed durable recovery storage cannot authorize a media write (0.081333ms)
✔ an active product needs a main image after canonical media is known; repair paths stay possible (0.051166ms)
✔ empty media sections render a readable localized placeholder until photos are present (4.846542ms)
✔ real-upload mode never exits through the storefront MOCK shortcut (9.730292ms)
✔ a valid active zero-main product keeps an inline repair hint rather than a page error (6.823208ms)
✔ a new product issues the image-axis stage only for a chosen axis (2.266834ms)
ℹ tests 16
ℹ suites 0
ℹ pass 16
ℹ fail 0
ℹ cancelled 0
ℹ skipped 0
ℹ todo 0
ℹ duration_ms 256.368125
(node:79788) ExperimentalWarning: Transform Types is an experimental feature and might change at any time
(Use `node --trace-warnings ...` to show where the warning was created)
✔ a fitting PNG keeps the exact original File, bytes and alpha-capable format (0.788ms)
✔ a JPEG exactly at both limits remains original, not a lossy re-encode (0.242916ms)
✔ an oversized phone JPEG is encoded below the cap after oriented scaling (0.480875ms)
✔ a large transparent PNG stays alpha-capable and is never painted with an opaque matte (0.418083ms)
ℹ tests 4
ℹ suites 0
ℹ pass 4
ℹ fail 0
ℹ cancelled 0
ℹ skipped 0
ℹ todo 0
ℹ duration_ms 91.795291
✔ HTTPS picklist fixture carries Secure session cookies automatically while preserving CSRF refusals (116.060417ms)
✔ batch controls stay compact until an order selection or live-session scope exists (0.252083ms)
✔ selection has XOR bodies, canonical unique IDs and separate 500/100 limits (0.48725ms)
✔ cross-page selection retains existing rows, deduplicates and refuses overflow atomically (0.79375ms)
✔ pick projection rejects PII/extra keys, invalid quantities and unmatched order identities (0.55825ms)
✔ batch replies bind one-for-one to confirmed orders and preserve uncertainty code (0.123083ms)
✔ pick/export POSTs reject keys and all query variants except one exact template (1.853125ms)
✔ CSV filename binds to selected template and store; no path/header injection (0.181625ms)
✔ MOCK browser fixture list matches the incumbent closed order parser (12.083667ms)
✔ recovery never clears an unknown or missing current attempt (0.321667ms)
✔ recovery and order-detail MOCK fixtures satisfy real read parsers (9.511958ms)
✔ order selection can read its session fence during SSR without browser globals (0.933ms)
✔ MOU keeps native headed checks runnable on a Linux CI worker without DISPLAY (12.2575ms)
✔ pick fixture serves the scoped parcel reads required by the orders page (5.268ms)
ℹ tests 14
ℹ suites 0
ℹ pass 14
ℹ fail 0
ℹ cancelled 0
ℹ skipped 0
ℹ todo 0
ℹ duration_ms 397.609792
✔ bodyless dissolve DELETE (empty body stream, no content-length) reaches Go with the CAS query, no body, no key (15.202041ms)
✔ every parcel DELETE must carry exactly one expected_version >= 1 (never forwarded without it) (2.023583ms)
✔ a DELETE that declares a body or chunked framing is refused (0.322917ms)
✔ DELETE needs the session, origin and CSRF like every command; other DELETEs stay unsupported (0.749708ms)
✔ GET parcel-groups (open groups read) and merge-suggestions pass with no query; a query or key is refused (8.810917ms)
✔ actual MOU parcel runner selects and collects the real parcel browser case (388.646375ms)
✔ merge suggestions accept the frozen shape (server-masked recipient) and reject drift (2.122416ms)
✔ created group requires the OPEN state and its members (0.313583ms)
✔ dissolved group is exactly id/state/version (0.166542ms)
✔ group shipment carries one SHIPPED version per member (2.150125ms)
✔ open groups (GET parcel-groups) accept the frozen shape and fail closed on drift (2.025167ms)
✔ reconcile: a reload rebuilds OPEN panels, a vanished OPEN group is dropped, history and live versions are kept (0.280375ms)
✔ three locales cover the same keys and every refusal code (0.242917ms)
✔ the owner-ruling sentence is exact in all three locales (0.056333ms)
✔ the in_parcel_group copy is the same sentence in parcels-copy (blocked + errors) and orders-copy, in every locale (0.066583ms)
✔ groupOfOrder prefers the OPEN group over retained SHIPPED/DISSOLVED history (0.120583ms)
✔ parcelOrderNumber is the canonical LC-<32 uppercase hex> order number and matches the open-group parser (0.10475ms)
✔ parcel refresh generation: bumped by every successful poll, whatever the cursor (0.040125ms)
✔ parcel refresh generation: an in_parcel_group refusal bumps it, other refusals do not (0.045917ms)
✔ exactly the five W3-07B resources route (1.243416ms)
✔ dissolve carries exactly ?expected_version=N (N >= 1) (0.605375ms)
✔ readMergeSuggestions 401 immediately purges parent scope and refuses late sibling 200 (15.262292ms)
✔ readMergeSuggestions 403 immediately purges parent scope and refuses late sibling 200 (4.824084ms)
✔ readMergeSuggestions 404 immediately purges parent scope and refuses late sibling 200 (5.215917ms)
✔ readOpenParcelGroups 401 immediately purges parent scope and refuses late sibling 200 (3.669625ms)
✔ readOpenParcelGroups 403 immediately purges parent scope and refuses late sibling 200 (6.111833ms)
✔ readOpenParcelGroups 404 immediately purges parent scope and refuses late sibling 200 (3.146083ms)
✔ readMergeSuggestions 503 preserves parent and local retry recovers actual DTOs (5.9385ms)
✔ readOpenParcelGroups 503 preserves parent and local retry recovers actual DTOs (9.294166ms)
✔ captured parent groups callback refuses hidden scope (2.468834ms)
ℹ tests 30
ℹ suites 0
ℹ pass 30
ℹ fail 0
ℹ cancelled 0
ℹ skipped 0
ℹ todo 0
ℹ duration_ms 461.579375
✔ exactly the nine W6-01B resources are admitted, each only under its own method (2.045625ms)
✔ the customer list is claimed only when a tag filter is present (customers-request.ts stays the owner otherwise) (0.4075ms)
✔ near misses are refused (no generic proxying) (0.157625ms)
✔ reads: no body, no key, no transfer-encoding; tag-list takes no query at all (33.82175ms)
✔ customer-list query: closed keys, tag must be a canonical uuid, list bounds identical to customers-request (0.630917ms)
✔ note-list query: only limit and after, with the customers-list bounds (0.14225ms)
✔ writes: exactly one well-formed Idempotency-Key; the two DELETEs carry no body but still need the key (1.825125ms)
✔ validTagName mirrors Go (NFC first, 1..20, trimmed, no control/Cf) (1.286709ms)
✔ validNoteBody mirrors Go (1..1000, not blank, only \n \r \t controls) (1.992542ms)
✔ tag-create body: closed keys, valid name and one of the eight colors (0.285917ms)
✔ tag-patch body: at least one of name/color, nothing else (0.100584ms)
✔ owner-tags body: tag_ids (<=100 canonical uuids) + 64-hex revision, exact keys (0.14875ms)
✔ note bodies: create {body}; patch {body, version>=1}; deletes and reads carry no body at all (0.130334ms)
✔ parseTagCatalog decodes {items: TagRecord[]} with the store-catalogue bounds (0.776166ms)
✔ parseTagSet / parseDeletedTag / parseDeletedNote decode the frozen write receipts (0.420625ms)
✔ parseNoteRecord / parseNotePage decode notes with the Go note rules (5.723125ms)
✔ customer-tags copy: three locales, identical key sets, the integrator's ruled note-privacy text verbatim (0.157333ms)
✔ components wire the ruled copy and the tag/note controls the specs click (1.373708ms)
✔ tag read names must already be trimmed NFC and Unicode code-point bounded (0.118458ms)
✔ session change before network sends nothing (4.734542ms)
✔ session changes after network or during body parse drop the response (19.057792ms)
✔ transient session digest failure is settled only before dispatch (1.374125ms)
✔ lost response followed by a changed session is UNKNOWN after dispatch (0.826375ms)
✔ lost response does not auto-retry; explicit replay keeps method/key/payload/scope (3.433125ms)
✔ 5xx or malformed success is uncertain, coded refusal is settled (4.031875ms)
✔ passive tag/detail refresh preserves an unsaved new-note draft (30.30225ms)
✔ passive refresh updates visible notes but preserves edit draft and original CAS version (2.722125ms)
✔ explicit refresh signal clears old edit draft while passive array changes do not (2.089166ms)
✔ an unauthorized note read clears private note bodies and the draft (22.608417ms)
✔ a transient note read failure keeps the notes already shown (7.790292ms)
✔ an unauthorized note read signals the global logout once; a transient failure does not (8.453083ms)
✔ non-privacy writer: own notes keep Edit and Delete on a fresh mount, others' notes do not (3.610209ms)
✔ notes forbidden/not_found signals scope loss exactly once per mount, never on transient failure (26.428334ms)
✔ bad path/store/method/query/header is refused without authority or backend calls (28.708709ms)
✔ the actual proxy admits a tagged customer list with scoped search/cursor and rejects malformed tag authority (6.804542ms)
✔ signed-out/cross-store/Origin-CSRF denials short circuit before body or forwarding (0.42975ms)
✔ closed bodies and DELETE payloads cannot reach Go (1.043458ms)
✔ all write methods preserve exact key/body/store and private success status (7.881125ms)
✔ note pagination preserved and hostile backend errors/bodies sanitized (17.70875ms)
✔ a catalogue forbidden or not_found asks the parent to re-run its guarded reads, with no logout (140.413625ms)
✔ transient catalogue failures stay local; unauthorized logs out but is not a scope loss (63.52125ms)
✔ after a tag write the manager stays mounted: the catalogue refreshes in place, never reloads (23.995958ms)
✔ a manager-reported scope loss reloads the customer list and catalogue guarded reads (21.787875ms)
✔ CustomerDetail forwards a scope-lost signal to the guarded read once per page (15.640208ms)
✔ badges are escaped server tag facts with human-readable names (7.248833ms)
✔ actual customer notes render privacy notice, safe content, author fallback and read-only permissions (24.585666ms)
✔ unknown permissions and erased customer never offer note mutations (1.228958ms)
✔ write-only notes permit add but not edit/delete of notes the server does not mark own; privacy permission permits both (1.5605ms)
✔ manager trigger and all three localized buyer-export notices render through actual components (4.512584ms)
✔ UNKNOWN survives settled unauthorized retry until trusted success; fresh run ignored (4.278208ms)
✔ UNKNOWN survives settled forbidden retry until trusted success; fresh run ignored (0.626042ms)
✔ UNKNOWN survives settled version_changed retry until trusted success; fresh run ignored (0.460542ms)
✔ first-attempt preflight refusal is settled and permits a fresh action (0.355542ms)
✔ UNKNOWN and in-flight retries prevent duplicate dispatch; unmount discards stale outcome (0.385125ms)
✔ an unauthorized write signals the global logout; forbidden does not (0.524125ms)
✔ UNKNOWN command survives unmount/remount: still locked, same-key retry, cleared by trusted success (0.441041ms)
✔ a command unmounted while in flight is treated as UNKNOWN on remount (8.745083ms)
✔ a session boundary change drops the remembered UNKNOWN command (0.811042ms)
✔ a guarded read that ends signed-out signals the global logout once (2.800625ms)
✔ forbidden/unavailable failures and a successful read signal no logout (5.899459ms)
✔ refresh ending signed-out clears the view, blocks and signals the global logout once (3.602167ms)
✔ refresh ending forbidden or not-found clears the data without a logout (7.797792ms)
✔ a transient refresh failure keeps the ready view and signals nothing (7.299917ms)
✔ exactly the eight report GETs are admitted; every other method or path is refused (0.551834ms)
✔ report reads: query required, no body, no key, no transfer-encoding (51.698625ms)
✔ from/to: exactly once each, calendar-valid days, 0..91 apart (0.381666ms)
✔ session_id: only on the funnel (json and csv), a canonical uuid, once (0.275334ms)
✔ parseProductReport: echoed range/zone, <=1000 rows sorted by net desc, net = captured - refunded (3.571833ms)
✔ parseChannelReport: closed vocabulary order, money per environment strictly ascending, I05 inside every bucket (0.361416ms)
✔ parseFunnelReport: nested counts, session echo, ordered_without_link bound (0.226333ms)
✔ parseManualReport: nullable principal/session ids, bucketed money like channels (0.172875ms)
✔ reports copy: three locales, identical key sets, the integrator's ruled money annotation verbatim (0.174084ms)
✔ Reports.tsx: four tabs, CSV per tab, ruled annotation, CSS/SVG charts only (no new dependencies) (1.706084ms)
✔ report CSV closed headers use actual Go slug, echoed dates and private no-store (0.316458ms)
✔ report response projection rejects unknown keys, mismatched range and non-private responses (1.378167ms)
✔ manual buckets follow Go's uncapped row count rather than a made-up 500-row limit (6.851125ms)
✔ display sorts only inside currency/environment groups, never sums money or mutates server rows (12.328167ms)
✔ page report query accepts exactly the four report names and defaults to products (0.0975ms)
✔ actual product table renders offline separately, both modes, no UUID copy and sortable headers (18.580708ms)
✔ actual channel chart exposes exact numbers and both money modes using SVG (2.821ms)
✔ actual funnel has four stages, nested widths and truthful zero-denominator text (1.64775ms)
✔ manual table resolves authorized labels, has honest fallback, and never presents UUIDs (1.577292ms)
✔ all report views render localized empty states (0.508583ms)
✔ actual BFF refuses malformed query, unknown store/session, disabled auth and missing CSV fences before Go (56.427458ms)
✔ actual BFF closed JSON projection and CSV scope/query preserve trusted token; no forwarded client authority (16.81875ms)
✔ actual BFF permission and malformed CSV response fences do not masquerade as a download (17.926583ms)
✔ audited browser GET accepts same-origin Fetch Metadata plus CSRF, never cross-site or forwarded Host (26.383375ms)
✔ actual CSV client preflight sends nothing after session change, and a lost audit response is uncertain with no retry (17.68725ms)
✔ actual CSV client refuses stale-session bytes and downloads only a closed private response (12.330917ms)
✔ report leaf gives the actual trusted fetch 65 seconds, rejects redirects and forwards only server bearer (5.935917ms)
✔ incoming request cancellation aborts the real report fetch once, returns safe unavailable and never retries (3.952208ms)
✔ CSV final synchronous fence conceals bytes when cancellation, hide or cookie rotation happens inside final await (16.076916ms)
✔ CSV end-to-end deadline covers store lookup and report budget; aborted preflight sends no audited request (9.993083ms)
✔ an uncertain export stays locked for its scope after another scope's export (12.141916ms)
✔ an uncertain export scope persists per store in tab storage and re-locks a fresh render (23.527417ms)
✔ unavailable tab storage fails closed to the in-memory lock without throwing (4.88625ms)
✔ export lock is stored before dispatch; refused/delivered outcomes release it, uncertain and cut-short keep it (37.710375ms)
✔ releasing one scope keeps the other uncertain scopes of the store (9.366833ms)
✔ export is refused and nothing is dispatched when the lock cannot be saved (denied, full or no storage) (7.815333ms)
✔ copy for an unsaved export lock exists in every locale (0.122458ms)
✔ product sort query parses strictly and defaults to net_minor descending (0.205791ms)
✔ legacy-store permission probe: forbidden/not-found/signed-out fail the read closed, transient falls back (11.679959ms)
✔ channel and funnel data retain their applied dates while draft dates wait for Show (98.866917ms)
✔ an uncertain export lock is bound to the session boundary, so a different user does not inherit it (21.8065ms)
✔ Finance landing links to reports under the same canSeeReports rule (11.318584ms)
✔ selected tag survives searches and cursor pagination while an empty filter is omitted (53.332625ms)
✔ customer list dispatch preserves legacy requests and sends every tag query to the closed W6 authority (304.364167ms)
✔ customers reports link is hidden only when permissions are present and lack orders:read (0.134625ms)
✔ reports are a finance subpage and preserve the existing single finance navigation entry (0.130459ms)
✔ an authoritative erased customer immediately unmounts the cached private tags/notes subtree (19.56825ms)
✔ the actual customer row shows manual tags and imported status without changing consent (5.129292ms)
✔ P1 actual tag DELETE accepts an empty Next-style stream without JSON MIME (421.980625ms)
✔ P1 actual note DELETE accepts an empty Next-style stream without JSON MIME (2.157917ms)
✔ P1 body-carrying tag writes still require JSON MIME through the real BFF (0.401333ms)
✔ P2 customer bare/encoded tag keys are invalid422 through the actual leaf before any backend (4.005708ms)
✔ P2 report products real session/CSRF response is private and Vary Cookie (2.537667ms)
✔ P2 report products.csv real session/CSRF response is private and Vary Cookie (0.5475ms)
✔ P2 report malformed query and wrong CSRF are rejected by actual helpers before upstream (0.323041ms)
ℹ tests 118
ℹ suites 0
ℹ pass 118
ℹ fail 0
ℹ cancelled 0
ℹ skipped 0
ℹ todo 0
ℹ duration_ms 1152.389083
✔ real coded errors retain baseline classification and normalize import leaf cache to private,no-store (49.843708ms)
✔ preflight missing CSRF is definite and sends nothing; actual route CSRF and session refusals stay definite (1.984667ms)
✔ actual route uses real cookies/store membership and method/error envelopes, no helper substitutions (2.034ms)
✔ actual client/route preserves original Blob bytes, trusted transport and privacy projection on200/409 (1.555417ms)
✔ success or stale preview must remain private; malformed/unknown/mismatched coded errors are uncertain after commit (5.293541ms)
✔ lost/unreadable/session-changed dispatched commit remains UNKNOWN; no automatic retry (1.351375ms)
✔ actual failed-only result route strips IDs and real final session/cancel fence exposes no download (2.288792ms)
✔ actual route refuses unknown resource/query and duplicate session cookies before any upstream call (0.394667ms)
✔ actual route incoming cancellation aborts one dispatched transport and preserves client UNKNOWN (0.866667ms)
✔ real coded error cache may not be public, and closed payload may not acquire data-bearing fields (1.302959ms)
✔ copy still exposes specific merchant field reasons across three locales (3.383375ms)
✔ all real local and upstream import refusals including HEAD/unsupported are exact private,no-store (0.61925ms)
✔ fresh mismatched receipt stays UNKNOWN, exact manual replay mismatch becomes terminal without a third send (1.0495ms)
✔ terminal is impossible for malformed replay receipts or matching replayed counts (0.679ms)
✔ Big5 bytes pass unchanged to upstream and real422 import envelope surfaces encoding_not_utf8 (0.558ms)
✔ oversize file uses the actual header guard and specific size guidance in all locales without dispatch (20.318667ms)
✔ commit uses the original requested mapping, including an empty optional field, not resolved preview metadata (4.314ms)
✔ an UNKNOWN commit remains locked through a later forbidden retry and only explicit same-file success unlocks (4.198542ms)
✔ leaving during a dispatched commit drops its payload and keeps an unconfirmed boolean without replay (3.830292ms)
✔ a definite first preflight refusal clears pending before sign-out and does not invent an unconfirmed import (5.074708ms)
✔ a replayed mismatched receipt ends UNKNOWN without offering another retry or unlocking historical orders (6.116125ms)
✔ real cookie and CSRF helpers generate and validate the actual host-cookie pair (1.942ms)
✔ exact route rejects methods/keys/body/query/scope before any upstream request using real localError (3.022083ms)
✔ missing/duplicate session cookies reject and real clearAuthCookies expires session and CSRF (0.398167ms)
✔ actual authenticatedStores denies a store absent from the server projection (1.572375ms)
✔ private success routes server cookie token and exact canonical after, never caller bearer/cookie to Go (0.918917ms)
✔ actual safeError/localError preserve coded status with no-store and redact upstream diagnostics (0.926334ms)
✔ actual readBody and strict projection refuse MIME/oversize/extra private fields/city; network loss stays private (1.367458ms)
✔ actual client issues GET50/after through real route/private successful projection (14.6845ms)
✔ actual helper-issued browser fence rejects changed parent before dispatch (0.977583ms)
✔ private success from real route is discarded when the browser session changes during upstream read (2.327208ms)
✔ real localError no-store 401/403/404/503 preserves correct read category with no retry (4.916834ms)
✔ malformed sensitive backend projection becomes real unavailable, never a fake BFF success (0.839208ms)
✔ strict archive rows decode external order text, safe minor units and public keys (7.855625ms)
✔ PII-shaped city and extra sensitive fields never pass the safe projection (0.844541ms)
✔ all canonical Go cities pass; malformed types/bounds/order/time/money/cursor fail (0.916833ms)
✔ read grammar is exact limit/after, not the stale brief's cursor name (19.538208ms)
✔ three locales retain truthful history-not-revenue basis and copy parity (0.201041ms)
✔ SSR renders actual safe rows, shared money/time, total count and read-only three-locale basis (18.266083ms)
✔ SSR distinguishes empty archive, 403, session loss and unavailable without stale rows/count (4.491416ms)
✔ actual pagination callbacks use opaque trail; double click cannot skip; refresh/scope reset page1 (2.010209ms)
✔ the static import subpage wins over customer detail and leaves the single customers nav intact (1.02ms)
✔ the actual list offers import only to privacy holders and carries the current authorized store (133.631417ms)
✔ the actual detail mounts archive only for an active imported customer and passes its fenced identity (33.330416ms)
✔ MIUI-READY-VISIBLE-STORE actual signed helper waits on the visible selector and retains cookie/wizard assertions (192.277375ms)
✔ MIUI-READY-DENIED read-only staff reaches the real shell refusal instead of waiting for a private wizard (8.323625ms)
✔ failure verdicts precede successful rows, by source row number, without mutating the input (0.620916ms)
✔ the failure download contains only failed row metadata, with no source cell or success identifier (0.203584ms)
✔ reads quoted/BOM header only, without decoding malformed bytes from data rows (9.137917ms)
✔ guess only unique metadata aliases with explicit unmapped values (0.261125ms)
✔ shared dynamic leaf admits only exact import methods/actions and bounded mapping/count (30.544709ms)
✔ failed CSV emits only row/outcome/code, refusing any unexpected identifier or raw cell (0.588167ms)
✔ raw-byte cap does not decode/rebuild uploads and cancels oversized chunks (6.29825ms)
✔ backend privacy projection strips all source IDs on successful and failed rows (2.312209ms)
✔ closed preview parser refuses data-bearing rows, unknown keys and inconsistent counts (0.331625ms)
✔ order preview counts units while first CSV record numbers can exceed rows_total (0.080583ms)
✔ commit receipt has exactly five keys and no extra customer cells (0.105709ms)
ℹ tests 57
ℹ suites 0
ℹ pass 57
ℹ fail 0
ℹ cancelled 0
ℹ skipped 0
ℹ todo 0
ℹ duration_ms 581.77475
✔ parseShard: i/N, empty means unsharded, anything malformed throws (0.860542ms)
✔ assignShards: deterministic, every key owned once, near-balanced (LPT bound) (1.00125ms)
✔ planClick: for every N the shards partition the whole universe (every registry route x variant, storefront walk, journey) (1.42ms)
✔ planClick at N=10 keeps every shard within ~1.3x of the mean planned cost (0.151333ms)
✔ aggregate click: honest shards pass for several N (2.65275ms)
✔ aggregate click: a missing shard, a dropped page row, a lost journey, a failing row, a stale known defect and a missing platform marker are each a failure (3.551625ms)
✔ aggregate click: a route added to the registry after the shards ran cannot pass (the registry is re-read) (0.393708ms)
✔ aggregate visual: honest shards pass; a missing shard, a missing shot, a blocking verdict and a registry route outside the universe each fail (4.845875ms)
ℹ tests 8
ℹ suites 0
ℹ pass 8
ℹ fail 0
ℹ cancelled 0
ℹ skipped 0
ℹ todo 0
ℹ duration_ms 95.824625
ci-plan: 10 job(s); click-sweep x10 (aggregate)
  --browser-click-sweep@1/10  -> artifact gate-browser-click-sweep_1_10
  --browser-click-sweep@2/10  -> artifact gate-browser-click-sweep_2_10
  --browser-click-sweep@3/10  -> artifact gate-browser-click-sweep_3_10
  --browser-click-sweep@4/10  -> artifact gate-browser-click-sweep_4_10
  --browser-click-sweep@5/10  -> artifact gate-browser-click-sweep_5_10
  --browser-click-sweep@6/10  -> artifact gate-browser-click-sweep_6_10
  --browser-click-sweep@7/10  -> artifact gate-browser-click-sweep_7_10
  --browser-click-sweep@8/10  -> artifact gate-browser-click-sweep_8_10
  --browser-click-sweep@9/10  -> artifact gate-browser-click-sweep_9_10
  --browser-click-sweep@10/10  -> artifact gate-browser-click-sweep_10_10
✔ the full sweep and the full visual lint fan out into every shard and ask for the aggregate (0.867416ms)
✔ foundation-shards = the unit shard + every plan group; the serial `foundation` mode is untouched (0.554458ms)
✔ an explicit shard re-run (or a partial list) never claims the whole-run aggregate (0.083333ms)
✔ duplicates collapse, artifact names are safe and unique, bad input is refused (0.266875ms)
✔ main writes matrix / sweep_n / visual_n to GITHUB_OUTPUT (1.433208ms)
✔ backend-only paths run foundation-shards only (1.084542ms)
✔ node tests of deploy scripts and of the CI planner are backend-only (they cannot change a browser) (0.317209ms)
✔ a UI path adds the whole browser set, including click-sweep and visual-lint (1.591417ms)
✔ docs-only and output-only diffs keep the single required check (foundation-shards) (0.262416ms)
✔ tests/foundation/browser_* is a browser path, other tests/foundation files are not (0.319417ms)
✔ deploy flag: deploy/ and scripts/deploy* only (1.1875ms)
✔ the browser set is release-gate's browser-mode universe minus the documented exclusions (15.0255ms)
✔ parser: only compiled, correctly-shaped Test functions of untagged _test.go files (2.238958ms)
✔ the real plan: every top-level test of tests/foundation runs in exactly one group (602.524334ms)
✔ a new test (in no list) still runs, exactly once, in the catch-all group; the same name with no catch-all is red (897.838334ms)
✔ a test listed in two groups is red; drift beyond the limit is red (1090.437792ms)
✔ regexes: anchored explicit lists; the catch-all skips exactly everyone else's tests (0.479333ms)
✔ pack: deterministic, balanced to within the longest test, every name once (4.617292ms)
✔ parseDurations: top-level lines only (0.274625ms)
ℹ tests 19
ℹ suites 0
ℹ pass 19
ℹ fail 0
ℹ cancelled 0
ℹ skipped 0
ℹ todo 0
ℹ duration_ms 2899.261834
✔ A8/A9/A13 and published templates: exact reads forward once with no-store (25.638584ms)
✔ real streamed POST bodies: A10-A14 exact keys reach upstream (19.634583ms)
✔ query, read headers, methods and body allowlists refuse before upstream (10.473ms)
✔ session, CSRF and store authority precede content forwarding (1.310542ms)
✔ A12 fixed codes preserved; arbitrary upstream diagnostics stripped (12.522292ms)
✔ client preserves codes and receipt; changed/aborted session cannot publish private response (4.310125ms)
✔ A9 admits a full page of valid Unicode replies while bounding private response bytes (6.5625ms)
✔ non-JSON upstream 401 still expires both authentication cookies without diagnostic leakage (2.78325ms)
✔ real M7 response keeps no-referrer after matching Next production header rules (22.608333ms)
✔ three unit languages cover identical fixed labels and delivery states (1.28925ms)
✔ hiding aborts requests and rejects late responses, even after reveal (1.370708ms)
✔ switching selection invalidates both reads and write completions (0.456333ms)
✔ owner and explicit inbox permissions only; viewer fails closed (0.251167ms)
✔ Messenger counts Unicode codepoints; Instagram counts NFC UTF8 bytes (1.454625ms)
✔ uncertain transport retries retain the exact submission; definitive conflicts retire it (1.679292ms)
✔ privacy calibration cannot activate with production origin or ordinary caller env (0.489292ms)
✔ late focus/pageshow while native document remains hidden cannot reveal requests (0.503625ms)
✔ terminal navigation revocation cannot be undone by focus or refresh until a new page fence (0.39675ms)
✔ a ticket from another store/page fence is never accepted (0.155ms)
✔ focus while already visible preserves the active epoch and the uncertain reply receipt (0.251125ms)
ℹ tests 20
ℹ suites 0
ℹ pass 20
ℹ fail 0
ℹ cancelled 0
ℹ skipped 0
ℹ todo 0
ℹ duration_ms 273.421042
✔ installed APIRequestContext cookie rules exclude Secure cookie from HTTP127 but retain HTTPS/localhost (0.603417ms)
✔ actual INU02 cross uses browser auth and retains exact 404/DM absence (48.989709ms)
✔ actual INU02 cross still rejects wrong authority 401 (5.092917ms)
✔ actual INU02 cross still rejects wrong authority 200 (4.675792ms)
✔ actual INU02 cross still rejects DM in denied response (4.261958ms)
✔ actual INU02 denied uses browser auth and retains exact 403/DM absence (2.292875ms)
✔ actual INU02 denied still rejects wrong authority 401 (1.759666ms)
✔ actual INU02 denied still rejects wrong authority 200 (2.998167ms)
✔ actual INU02 denied still rejects DM in denied response (3.024042ms)
✔ actual login settles /en and fixture store (real switch, scoped=false) (126.616542ms)
✔ actual login settles /en and fixture store (real switch, scoped=true) (14.484416ms)
✔ actual login settles /en/inventory and fixture store (real switch, scoped=false) (8.792167ms)
✔ actual login settles /en/inventory and fixture store (real switch, scoped=true) (4.6615ms)
✔ actual login settles /en/messages and fixture store (real switch, scoped=false) (4.688083ms)
✔ actual login settles /en/messages and fixture store (real switch, scoped=true) (4.43575ms)
✔ actual login settles /en and fixture store (already selected, scoped=false) (3.484541ms)
✔ actual login settles /en and fixture store (already selected, scoped=true) (1.753042ms)
✔ actual login settles /en/inventory and fixture store (already selected, scoped=false) (2.218334ms)
✔ actual login settles /en/inventory and fixture store (already selected, scoped=true) (5.182417ms)
✔ actual login settles /en/messages and fixture store (already selected, scoped=false) (1.794584ms)
✔ actual login settles /en/messages and fixture store (already selected, scoped=true) (6.556ms)
✔ bundle fixture uses real claim commands and mounts existing M6/M7 without issuing early (6.076875ms)
✔ sensitive bundle scenario clicks native clipboard with trace/video disabled and no token body reads (0.158459ms)
✔ persisted link and token-free command receipt are compared without disclosing credentials (0.127125ms)
✔ actual clipboard evaluator exports only safe summary and detects malformed or retained synthetic credentials (427.240042ms)
✔ claim-window fixture isolates recovery after the current migration permits multiple OPEN windows (2.513709ms)
✔ ordinary Playwright diagnostics still capture failed-page ARIA when private guard is absent (0.641833ms)
✔ sensitive worker lifecycle prevents actual installed snapshot capture without masking the failure (17.312083ms)
✔ worker restores prior environment even when use rejects (absent) (14.128209ms)
✔ worker restores prior environment even when use rejects (empty) (3.738375ms)
✔ worker restores prior environment even when use rejects (existing-policy) (2.459292ms)
✔ fixture is worker-auto and module collection does not suppress ordinary diagnostics (74.918333ms)
✔ ordinary matcher ARIA context bypasses fallback flag and remains in actual installed diagnostics (0.764958ms)
✔ private test teardown removes only matcher page context while preserving failure (failed status) (6.976042ms)
✔ private test teardown removes only matcher page context while preserving failure (rejected use) (5.311166ms)
✔ matcher guard is test-auto without replacing the installed artifact auto fixture (16.853333ms)
✔ real Playwright --list collects each original INU case and isolated INU09 exactly once (1726.830541ms)
✔ A real Inbox selection admits Go A9 attachments null without losing thread (27.287291ms)
✔ A real Inbox selection admits Go A9 attachments empty array without losing thread (17.930541ms)
✔ A malformed non-array A9 attachments is refused without painting DM or crashing selected entry (9.882833ms)
✔ C A8 HTTP200 empty list is ordinary data with no alert, selection or focus request storm (2.645667ms)
✔ C A8 list404 is scoped inbox unavailable in en, never an empty list or conversation denial (1.515708ms)
✔ C A8 list404 is scoped inbox unavailable in zh-TW, never an empty list or conversation denial (2.197458ms)
✔ C A8 list404 is scoped inbox unavailable in zh-CN, never an empty list or conversation denial (3.829166ms)
✔ C click-sweep Go harness mounts existing Inbox/templates services (STRUCTURE_ONLY, Go NOT_RUN) (1.808625ms)
✔ C click-sweep includes actual-router owner200 empty inbox assertion (STRUCTURE_ONLY, Go NOT_RUN) (0.308416ms)
✔ inbox evidence is covered by the CI upload root (5.814417ms)
✔ failed Playwright closes its log and emits sanitized diagnostics before Fatalf (0.166333ms)
✔ failure diagnostics match INU cases/counts without admitting private text (0.687917ms)
✔ INU04 delayed handler 1 signals completion when fulfillment rejects (165.820958ms)
✔ INU04 delayed handler 2 signals completion when fulfillment rejects (6.189042ms)
✔ recoveryDone waits for actual held M7 completion in zh-TW (65.63175ms)
✔ recoveryDone waits for actual held M7 completion in zh-CN (9.36825ms)
✔ recoveryDone waits for actual held M7 completion in en (5.176125ms)
✔ review2 P1 bundle-only row opens real A13 and issues existing M7 claim link to clipboard (55.758708ms)
✔ review2 P1 clipboard denial recopy reuses cached issued URL without another M7 POST (9.744084ms)
✔ review2 P1 lost M7 ACK retries exact receipt and null replay token never mints a fresh key (5.192292ms)
✔ review2 P1 missing CSRF before cached recopy cannot copy or issue again (10.479417ms)
✔ review2 P1 missing CSRF before uncertain retry rejects preserved receipt dispatch (7.020334ms)
✔ review2 P1 late issued-link completion after hide cannot write clipboard (16.268583ms)
✔ review2 P1 late issued-link completion after selection cannot write clipboard (10.598625ms)
✔ review2 P1 late issued-link completion after unmount cannot write clipboard (3.447ms)
✔ review2 P1 late issued-link completion after logout cannot write clipboard (11.235083ms)
✔ review2 P1 claim-link issuance denied without both live read/manage (inbox:read,live:read) (3.747041ms)
✔ review2 P1 claim-link issuance denied without both live read/manage (inbox:read,live:manage) (6.360416ms)
✔ review2 P1 missing authoritative recovery identity never guesses generation {"missingSession":true} (1.099167ms)
✔ review2 P1 missing authoritative recovery identity never guesses generation {"noBundle":true} (0.921625ms)
✔ review2 P2 exactly one matching binding uses named DM hard gate ok (9.723ms)
✔ review2 P2 exactly one matching binding uses named DM hard gate review_required (16.139291ms)
✔ review2 P2 exactly one matching binding uses named DM hard gate missing_permission (5.355375ms)
✔ review2 P2 multiple same-provider bindings advisory only (dm_session:ok,dm_session:missing_permission) (7.97ms)
✔ review2 P2 multiple same-provider bindings advisory only (dm_session:missing_permission,dm_session:reauth_required) (9.645875ms)
✔ review2 P2 multiple same-provider bindings advisory only (dm_session:ok,read_comment:missing_permission) (8.994125ms)
✔ review2 P2 multiple same-provider bindings advisory only (dm_session:review_required,dm_session:ok) (6.654625ms)
✔ review2 P2 actual scoped A12 409 capability refusal remains visible after advisory submit (19.057458ms)
✔ review2 P2 missing health and single binding without named DM remain disabled (1.441583ms)
✔ review2 P2 expired cached issued link cannot be recopied or silently reissued (6.275542ms)
✔ P1-1 actual visible focus preserves pending ticket, selection, revision and real retry receipt (2.028417ms)
✔ P1-1 actual unchanged-session pageshow checks without clearing; changed-session focus expires (1.562375ms)
✔ P1-1 actual hide/reveal clears and requests fresh revision, never accepts obsolete completion (1.057792ms)
✔ P1-1 changed-session visible focus expires even with a pending request (1.008667ms)
✔ P1-2 actual A9 refresh 404 removes rendered DM and unsent draft (91.731625ms)
✔ P1-2 actual send-finally A9 404 removes DM, draft and uncertain immutable receipt (8.161542ms)
✔ actual uncertain send still retains exact receipt when A9 authority remains (0ms post-send A9) (13.521ms)
✔ actual uncertain send still retains exact receipt when A9 authority remains (50ms post-send A9) (109.2015ms)
✔ actual A9 stale held completion cannot paint after component cleanup (2.0925ms)
✔ P2 actual A14 404 clears buyer facts and customer draft (explicit future-version MOCK) (3.178542ms)
✔ safe authority errors remain the actual InboxError transport class (0.067708ms)
✔ actual current A13 without version keeps A14 disabled; future MOCK grants no backend claim (1.357209ms)
✔ P1-2 actual A11 takeover write 404 clears private state despite failing follow-up A9 (3.886875ms)
✔ P1-2 actual A12 send write 404 clears private state despite failing follow-up A9 (3.341959ms)
✔ A13 server orders omission remains distinct from authorized omitted data (2.074083ms)
✔ A13 server orders omission remains distinct from authorized empty data (0.823959ms)
✔ A13 server orders omission remains distinct from authorized populated data (0.588208ms)
✔ actual shell-store-selector captures selection before synchronous privacy teardown (allowed=true) (35.967958ms)
✔ actual shell-store-selector captures selection before synchronous privacy teardown (allowed=false) (5.877084ms)
✔ actual locale-switch captures selection before synchronous privacy teardown (allowed=true) (7.791333ms)
✔ actual locale-switch captures selection before synchronous privacy teardown (allowed=false) (1.505708ms)
✔ persisted A9 UNKNOWN after page entry warns and blocks the real composer in en (43.232542ms)
✔ persisted A9 UNKNOWN after page entry warns and blocks the real composer in zh-TW (4.00425ms)
✔ persisted A9 UNKNOWN after page entry warns and blocks the real composer in zh-CN (5.539333ms)
✔ A12 queued ACK followed by final A9 UNKNOWN overrides the local queued notice and blocks another send (5.710875ms)
✔ a captured previously enabled composer cannot bypass final UNKNOWN learned by Refresh (2.437125ms)
✔ a later A9 page omitting the known UNKNOWN is not delivery reconciliation (6.0705ms)
✔ persisted queued is not mislabeled UNKNOWN and retains ordinary composer eligibility (1.542542ms)
✔ persisted sent is not mislabeled UNKNOWN and retains ordinary composer eligibility (2.65175ms)
✔ persisted failed is not mislabeled UNKNOWN and retains ordinary composer eligibility (1.113458ms)
✔ persisted blocked is not mislabeled UNKNOWN and retains ordinary composer eligibility (0.841792ms)
✔ fresh mount refuses when an old UNKNOWN is beyond 51 newer messages (fact=true) (1.291292ms)
✔ fresh mount refuses when an old UNKNOWN is beyond 51 newer messages (fact=null) (2.118792ms)
✔ fresh mount refuses when an old UNKNOWN is beyond 51 newer messages (fact=undefined) (2.36725ms)
✔ fresh mount refuses when an old UNKNOWN is beyond 51 newer messages (fact=false) (2.173417ms)
✔ a refreshed unknown authority replaces old clear authority even for a captured composer (2.041041ms)
✔ window strict eligibility with 300001ms before hard 24h deadline (21.133833ms)
✔ window strict eligibility with 300000ms before hard 24h deadline (1.735709ms)
✔ window strict eligibility with 60000ms before hard 24h deadline (1.386666ms)
✔ window strict eligibility with 0ms before hard 24h deadline (1.138583ms)
✔ window invalid server deadline fails closed without preparing a send (1.208125ms)
✔ window captured enabled form callback cannot POST after crossing safe cutoff (1.161458ms)
✔ window deadline timer closes controls at cutoff and hard end without waiting for 15s poll (1.899083ms)
✔ quota recovery gives exact zh-TW comment-quota and DM-window instructions beside copy only (0.403708ms)
✔ quota recovery gives exact zh-CN comment-quota and DM-window instructions beside copy only (0.093709ms)
✔ quota recovery gives exact en comment-quota and DM-window instructions beside copy only (0.088667ms)
ℹ tests 123
ℹ suites 0
ℹ pass 123
ℹ fail 0
ℹ cancelled 0
ℹ skipped 0
ℹ todo 0
ℹ duration_ms 1881.78675
