✔ /products/{uuid} redirects permanently to the zh-TW product page (41.522209ms)
✔ non-uuid ids are 404, never redirected (1.275416ms)
✔ AT1: the locale redirect preserves the ad-click query without allowing a redirect target (0.476458ms)
✔ R10: standalone signed signals survive a missing or expired seven-day touch (12.56575ms)
✔ R10: standalone signals reject expiry, bad signature, duplicates and another host (0.421084ms)
✔ AT1 R5: browser identity survives expired touch and rolls for ninety days (2.739792ms)
✔ AT1 R5: missing ad parameters create no cookies; fbclid alone creates no touch (0.210958ms)
✔ AT1 R5: lc_ad alone updates attribution and does not replace fbc (0.149666ms)
✔ AT1: host-only first-party cookies contain no PII and read back exactly (0.259416ms)
✔ AT1: a later valid click replaces the draft but preserves the browser identifier (1.279959ms)
✔ R10: only a different fbclid replaces fbc and its first-seen timestamp (0.263209ms)
✔ AT1: malformed and ambiguous links do not overwrite a valid prior touch (0.820875ms)
✔ AT1: host and key binding reject copied cookies (0.631708ms)
✔ AT1: duplicates and tampering invalidate the entire envelope (0.712833ms)
✔ AT1: exactly seven days is valid, the next millisecond and future clicks are not (0.19125ms)
✔ catalog list query limits equal the Go v2 parser (internal/buyerhttp/catalogv2.go) (27.190375ms)
✔ collection list cap equals Go maxCollectionsPerStore (12.237958ms)
✔ design caps equal internal/design/schema.go (nav, sections, pages) (6.871166ms)
✔ CVS buyer-entered store bounds and return path equal Go (internal/checkout/cvs.go, migration 0093) (10.526042ms)
✔ transfer view: closed shape and state rules mirror Go validTransferView (0.782125ms)
✔ proof body and result: five digits, positive minor amount, ISO instant (0.194542ms)
✔ minorFromText: major units with at most two decimals, never a float surprise (0.100042ms)
✔ buyer email mirror: one plain address, 254 characters at most (0.106166ms)
✔ countdown: whole hours and minutes, never negative (0.416375ms)
✔ copy: three locales carry every key and every refusal code (0.226375ms)
✔ options: a home row lists modes only with bank_transfer and then needs its window (2.069125ms)
✔ checkoutInput: a home bank_transfer body, the optional trimmed email, and every refusal before any request (1.270458ms)
✔ order: AWAITING_TRANSFER is a valid commercial state without a hold time (0.648791ms)
✔ BFF: exact transfer routes, keyed proof PUT, strict body, validated answers, no generic proxy (102.820375ms)
✔ BFF: transfer refusal codes pass through as definite 422; checkout accepts bank_transfer and a valid email only (4.848375ms)
✔ D06 order heading follows a settled transfer: never 'waiting for transfer' above a confirmed or expired one (0.105792ms)
✔ uncertain prepare blocks all mutations; changed cookie context resolves journal (19.029542ms)
✔ fully parsed local denial clears only its own pending operation (36.807792ms)
✔ malformed journal, unavailable lock and stale context fail before writes (29.407459ms)
✔ BPT05 exact handoff permits absent body/key, one fetch, no form persistence (102.71525ms)
✔ BPT05 wrong handoff form and ordinary writes fail before any fetch (1.137791ms)
✔ BPT05 unresolved cookie journal blocks handoff; lost response is one fetch without persistence (0.995125ms)
✔ SU02 refresh permits absent body/key, one fetch, no persistence (0.270792ms)
✔ SU02 refresh rejects a body, a key or a malformed path before any fetch (0.154959ms)
✔ SU02 cancel permits absent body/key, one fetch, no persistence (0.129792ms)
✔ SU02 cancel rejects a body, a key or a malformed path before any fetch (0.102125ms)
✔ BPT01 exact private path, headers, body and three-locale one-fetch transport (65.496208ms)
✔ BPT02 payment routes reject untrusted path, context, headers, key and body before fetch (7.196458ms)
✔ BPT03 hostile upstream success is sanitized, never returned as payment data (3.576208ms)
✔ BPT04 every handoff failure is nonretryable, including pre-route and transport loss (1.084584ms)
✔ SU02 five routes: exact upstream path, method, key, body, one fetch each (0.722792ms)
✔ SU02 refresh and cancel are keyless and pass every CSRF/context denial before fetch (60.478041ms)
✔ SU02 every handoff/refresh/cancel failure is nonretryable and sanitized (19.619791ms)
✔ SU02 hostile Stripe bodies become the sanitized 503; PAYUNi and Stripe bodies stay byte-identical (18.606291ms)
✔ SU02 prepare accepts only the two known method codes (2.391291ms)
✔ disabled and invalid configuration fail closed before private fetch (28.131541ms)
✔ private authority, cookie lifecycle and strict local denial (13.38025ms)
✔ bad host, cookie, query and method never reach private API (4.457083ms)
✔ stalled inbound POST body is canceled at its deadline without a cookie or private call (1.934625ms)
✔ R10: Begin forwards independently signed signals; browser attribution and forwarded hosts are not authority (2.459959ms)
✔ CVS BFF: exact routes, keyed open/store, keyless verify, validated answers, no generic proxy (8.6565ms)
✔ CVS BFF: contract refusal codes pass through; pay_at_pickup_limit is a definite (non-retryable) 429 (3.579125ms)
✔ fragment grammar accepts only one canonical token (0.796125ms)
✔ claim projections are closed (0.773792ms)
✔ claim token rides only its header on B1/B2 and is never echoed (84.607833ms)
✔ claim-priced cart edits send only SKU and quantity, keeping server price authority (10.04ms)
✔ direct-checkout sold-out projection is mandatory, boolean and closed (0.132083ms)
✔ claim redeem shares the purchase lock, guards recovery and never persists the token (10.807167ms)
✔ ClaimLink removal projects live-priced survivors on ready and conflict pages (145.981583ms)
✔ ClaimLink revisit checks out applied A while pending B is sold out or unavailable (20.626042ms)
✔ ClaimLink refreshes a nothing result after a second tab applied the claim (4.791792ms)
✔ ClaimLink does not navigate when a buyable claim target is absent or has changed quantity (8.480833ms)
✔ ClaimLink optional prior-order notice tolerates unreadable storage without bypassing recovery (56.31075ms)
✔ CVS01 map form: only the two ECPay e-map actions, exact fields, top-level-safe values (11.231666ms)
✔ CVS02 return path allowlist excludes /claim and anything but the checkout or product page (0.402917ms)
✔ CVS03 selection projection: VERIFIED<=>pickup, REJECTED<=>reject_code, absent keys read as null (1.320042ms)
✔ CVS04 buyer-entered store answer and request body (0.357625ms)
✔ CVS05 store code table (§16.1) keeps leading zeros and per-chain lengths (0.156ms)
✔ CVS06 recipient mirror: real-name width 4..10 (CJK=2), no digits/symbols/emoji; 09 mobile (0.534875ms)
✔ CVS07 checkout draft: name, phone and mode only; read once; corrupt/foreign shapes are dropped (0.193958ms)
✔ CVS08 return URL: only ?cvs_selection=<uuid> is accepted (0.08075ms)
✔ CVS09 buyer order projection and copy keys: nothing but PICKED_UP says picked up (0.10325ms)
✔ CVS10 error codes: field mapping, definite refusals, official links are https constants (0.19875ms)
✔ CVS11 client transport: verify is the one new keyless POST; the server refusal code rides BuyerClientError.detail (15.0065ms)
✔ every locale x page has a title, an updated line and at least one section (2.01675ms)
✔ locales share the section count and per-section body count of every page (1.401709ms)
✔ final text is only the owner-confirmed company facts (CR 81215167 name + registered address); nothing else is final (0.231ms)
✔ a legal page is published only when every text on it is final; buyers see no link to an unpublished one (0.608ms)
✔ data-deletion path is named in the privacy page of every locale (0.083ms)
✔ pendingOwnerText lists exactly the texts that keep a page unpublished and is written for the owner (4.513375ms)
✔ a live (claim-origin) price replaces the catalog price and strikes it through (0.611ms)
✔ without a live price the catalog price and its compare-at are shown unchanged (0.216042ms)
✔ a live price equal to or above the catalog price is shown as set (strike hidden by the UI guard) (0.054125ms)
✔ a live price strikes the catalog price, never the variant sale price (0.044292ms)
✔ order ref: 12 hex (dashes or spaces, any case) or a full id (0.608125ms)
✔ contact: one email or a phone of 6..20 digits (0.152042ms)
✔ body is exactly {order_ref, contact}; the answer is exactly {order_id} (0.131583ms)
✔ BFF lookup: no cookie needed, fresh token goes upstream, cookie only on 200 and it carries that same token (68.435583ms)
✔ BFF lookup: strict local denial before any private fetch (1.870125ms)
✔ copy: three locales carry every key (0.230833ms)
✔ MS4 srcset descriptors use actual decoded widths and deduplicate small renditions (0.419542ms)
✔ MS1 product rendition allowlist preserves trusted Host and never forwards buyer cookies (18.310708ms)
✔ MS2 invalid, duplicate, extra, encoded widths and non-product variants fail before fetch (0.848ms)
✔ MS3 old-image fallback is never promoted to immutable; committed variants are cacheable (5.601375ms)
✔ TWD whole amounts show no decimals in every locale and at every magnitude (line, subtotal, total, zero) (72.245833ms)
✔ cents appear only when there are cents, then always as two digits; the minor-unit arithmetic is untouched (0.569458ms)
✔ digits come from the currency: JPY none, USD two when there are cents (7.910125ms)
✔ one formatter: no component, page or lib builds a currency Intl.NumberFormat outside lib/money.ts (31.5005ms)
✔ fragment: exactly #o=<order id>&t=<43-char token>; anything else is null (2.660667ms)
✔ body is exactly {order_id, token, proof}; the answer is exactly the order the link named (0.410459ms)
✔ BFF link: no cookie needed, fresh token upstream, cookie only on a 200 naming the same order, link token never echoed (42.882333ms)
✔ BFF link: strict local denial before any private fetch (10.928125ms)
✔ copy: three locales, one refusal text, a retry and a lookup path (0.102041ms)
✔ BPU01 fresh payment writes exact metadata before prepare, one bodyless Take, no persistent form (39.988042ms)
✔ BPU01 lost prepare response replays original key/body only on explicit next click (3.382875ms)
✔ BPU01 lost handoff is permanently GET-only, even after a second click (0.871458ms)
✔ BPU01 storage, amount, scope and child/screen fences reject before irreversible writes (0.667375ms)
✔ BPU01 document/child loss after prepare but before Take leaves exact replay marker (0.32375ms)
✔ BPU01 malformed server handoff never submits and Take remains nonretryable (0.70175ms)
✔ BPU01 marker replacement before Take and after Take blocks release/form reuse (2.23125ms)
✔ BPU01 context replacement after prepare and after Take closes destination without form (1.935208ms)
✔ BPU01 synchronous destination refuses invalid locale before opening a window (0.143875ms)
✔ SU03 fresh Stripe pay: marker before prepare, one prepare, one handoff, navigate, URL never stored (0.852334ms)
✔ SU03 marker replay: lost prepare response replays key/body, no uncertain on PENDING view with leftover marker (1.467375ms)
✔ SU03 cross-device Continue needs no marker and never prepares (0.738417ms)
✔ SU03 marker/view matrix: PAYUNi marker on Stripe view and Stripe marker on PAYUNi view send nothing (0.939667ms)
✔ SU03 any other view renders without a POST (0.633375ms)
✔ SU03 CREATING: waits on the schedule without the lock, then hands off once when READY (26.634708ms)
✔ SU03 CREATING budget: 10 reads over 30 s, then the blank child is closed, no POST, no throw (6.028125ms)
✔ SU03 cancel_requested seen on the re-GET aborts before the handoff POST (1.737292ms)
✔ SU03 handoff outcomes: CREATING closes child, CLOSED/UNAVAILABLE/error/malformed reject; one POST each, never retried (20.744208ms)
✔ SU03 Stripe prepare errors, amount/currency mismatch and popup loss stop before any handoff (5.315041ms)
✔ SU03 two clicks make two handoff POSTs only because there were two clicks; sequential, none from reads (0.811792ms)
✔ SU03 navigate: validates again, needs an owned blank child, sets used before replace, no URL in errors (0.405875ms)
✔ SU03 refresh signal: keyless single POST, validated, throttled 1/10 s and 30 per page life, cancel never throttled (2.028792ms)
✔ SU03 signal failures are single-shot and sanitized: HTTP error, malformed body, wrong order (0.29025ms)
✔ private quote/option authority fields are required; only exact MANUAL home can checkout (1.923083ms)
✔ continue shopping advances only ordered version, clears hint, keeps SQL history authoritative (32.782833ms)
✔ lost next-cart response retries identical key/body and preserves a newer cart (1.047083ms)
✔ continuation never overwrites an already advanced cart (0.486917ms)
✔ unknown checkout blocks continuation without any business request (4.422ms)
✔ two queued continuation clicks mutate once; stale order ID cannot clear another order (1.099459ms)
✔ CAS conflict resolves only after a newer cart is read (1.399791ms)
✔ locator removal failure retains next-cart journal and recovery survives missing locator (0.961791ms)
✔ order history summary rejects PII/unknown fields and malformed scope IDs (0.100042ms)
✔ native address validation mirrors printable Unicode, limits and phone; journal forbids PII (1.799666ms)
✔ address lost reply replays exact in-memory intent, then confirms current head (0.760792ms)
✔ address reload requires explicit new intent and exact observed CAS; stale head never auto-bumps (0.732625ms)
✔ old address receipt cannot confirm another tab's newer current head (1.304458ms)
✔ a late address CAS winner requires another explicit confirmation, not an automatic version bump (0.4925ms)
✔ checkout lost reply, queued duplicate and current GET reuse one key and one order (1.941209ms)
✔ uncertain checkout retains original journal across later 401/403/404/5xx and malformed success (1.339916ms)
✔ only a fresh definitive denial clears checkout; no order locator is invented (1.516084ms)
✔ locator storage failure after commit retains same key; reload GET failure keeps locator (0.518666ms)
✔ locator persisted but journal removal failed resumes pending receipt, not unrelated pointer (0.392875ms)
✔ unavailable storage, invalid locator and late changed context fail closed (0.207958ms)
✔ order locator readback mismatch and no-op journal removal both retain checkout recovery (0.357042ms)
✔ direct claim continuation refuses a newer ordered cart inside the purchase lock (0.275125ms)
✔ direct claim continuation keeps next-cart recovery after a conflicting clear (0.206416ms)
✔ collector projection: admitted for derived connections, absent/null for primary (0.697ms)
✔ collector rejects identifiers, extra keys and malformed text (0.114583ms)
✔ disclosure renders the contract §5 line with all three slots substituted (0.093458ms)
✔ the disclosure line exists exactly when the hosted view returns a collector (0.084167ms)
✔ a shop or collector name with a replacement pattern is shown literally (0.056792ms)
✔ OrderPayment renders the disclosure with the view, above every pay button, through the helper only (1.580208ms)
✔ BPT03 exact valid projection and Go nanosecond UTC timestamps (20.771125ms)
✔ BPT03 view rejects private fields, inconsistent state and malformed names (0.19675ms)
✔ BPT03 prepared receipt enforces exact original credit-card amount (0.073917ms)
✔ BPT03 hosted form and replay are exact, bounded and action-allowlisted (6.050625ms)
✔ SU01 Stripe views: fresh, both methods, attempt states, PAYUNi unchanged (0.20525ms)
✔ SU01 Stripe view negatives (0.136417ms)
✔ SU01 prepared amounts follow the corrected per-currency table (0.41275ms)
✔ SU01 Stripe handoff union and every redirect_url negative (0.847958ms)
✔ SU01 payment signal is exactly {order_id, scheduled:boolean} (0.214584ms)
✔ RUI01 refund summary: refunded states, pending money, absent ≡ null (0.263791ms)
✔ RUI01 refund summary negatives (0.250041ms)
✔ BPU03 neutral GET and POST return ignore every callback field and cookie (12.647917ms)
✔ primary origin: exact path/query, same host, and no URL-controlled destination (37.524958ms)
✔ GET and HEAD use trusted Host, private bounded uncached resolver and exact 301 (18.184292ms)
✔ no writes redirected; resolution failures fail closed; unknown hosts keep native 404 (5.960209ms)
✔ policy version is the frozen constant, in the customers-core D4 shape (1.528791ms)
✔ route table: exactly the four buyer privacy routes, methods and body kinds (0.924917ms)
✔ body shapes are closed and mirror the frozen Go inputs (no source, no policy_version) (0.215375ms)
✔ GET privacy validator: closed shape, erased owner holds no consent (0.279584ms)
✔ consent result and erasure summary validators (3.635125ms)
✔ buyer export envelope never carries customer_id (0.155708ms)
✔ failure classification: 410 and erased are the erased state (0.723625ms)
✔ copy: every locale has the same keys, the ads box discloses that sent events cannot be recalled (0.121708ms)
✔ selected option photo uses a main display slot without adding a fifth main image (0.739417ms)
✔ use-cover selection and a main-thumbnail selection restore the original main gallery (0.079625ms)
✔ cart thumbnail uses variant then catalog image_id, including when main images are absent (0.086584ms)
✔ migrated four-main/five-detail images stay separate when the option photo changes (0.114ms)
✔ real cart-detail composition uses server SKU image_id (v2 detail available) (61.796708ms)
✔ real cart-detail composition uses server SKU image_id (v2 detail unavailable) (6.746584ms)
✔ parity: frontend caps equal the Go constants (4.134416ms)
✔ detail parser: 4 main + 20 detail + option-value images are accepted and mapped (2.158208ms)
✔ detail parser: 5 main, 21 detail, bad ids and over-cap option images are refused (0.537458ms)
✔ detail parser: a backend before product-media-v2 (no new keys) still parses with empty defaults (0.371791ms)
✔ v1 catalog row: images are main-only (<= 4) and image_id is a uuid or null (0.763459ms)
✔ PRO-S1 code mirror: any case and spaces normalise; impossible codes never become a request (1.46025ms)
✔ PRO-S2 promotion object: closed keys, kind/value pairing (0.203083ms)
✔ PRO-S3 quote validator: promotion is optional but never malformed; the discount stays the server's own number (0.94725ms)
✔ PRO-S4 journal grammar: a quote write may carry one canonical promo_code, nothing else (1.185459ms)
✔ PRO-S5 copy: three locales cover every refusal code and the same keys (4.218208ms)
✔ PRO-S6 BFF quote route: promo_code relayed untouched when canonical, refused before the private API otherwise (41.408ms)
✔ PRO-S7 BFF: every promo_* refusal is a definite, non-retryable 422 with its own code (4.991167ms)
✔ demonstration disclosure is explicit and local-only (0.480292ms)
✔ cart selection preserves unrelated SKUs and the observed CAS version (5.927167ms)
✔ minor amounts are bounded before multiplication, including zero (0.090709ms)
✔ delivery identity includes country for one market and method (0.071667ms)
✔ journal is bound to context and rejects PII/unknown fields (0.228584ms)
✔ lost response replays exact key/body, then clears only after parsed receipt (77.209334ms)
✔ RUI02 buyer order admits MERCHANT_SHIPPED only with a SHIPPED head; absent shipment ≡ null (0.498542ms)
✔ RUI02 shipment shape negatives (incl. unsafe links) (0.544542ms)
✔ RUI02 history summary admits MERCHANT_SHIPPED (a shipped order must not break the list) (0.360417ms)
✔ CVSP01 options: CVS rows carry pickup_selection/payment_modes; unavailable rows are a separate shape (1.388542ms)
✔ CVSP02 CVS destination write: TW only, pickup_id required, empty home address; home unchanged (4.392292ms)
✔ CVSP03 checkoutInput: payment_mode only for CVS rows and only a mode the row offers (1.61675ms)
✔ COD confirmation includes expected fee, enforces collect cap and validates immutable order money (1.090083ms)
✔ CVSP04 buyer order: pay_at_pickup <=> collection_state; cvs_shipment only on a matching CVS destination (0.745958ms)
✔ CVSP05 journal accepts a CVS destination marker and a checkout body with payment_mode, nothing else (0.202166ms)
✔ validProduct accepts up to the Go photo cap and rejects one more (0.308041ms)
✔ design: garbage and hostile documents collapse to the safe default shape (1.638875ms)
✔ design: links, preview token propagation, nav resolution (0.1235ms)
✔ design: any merchant accent yields readable button text and link colour (WCAG AA) (0.223708ms)
✔ variants: resolution, disabled out-of-stock combinations, initial choice, price bounds (0.139542ms)
✔ catalog-v2 parsers accept the frozen shapes and refuse drift (4.175125ms)
✔ free-delivery progress words the hint only when a threshold exists (0.095333ms)
✔ list query: only whitelisted, canonical values survive (0.285125ms)
✔ seo: JSON-LD cannot break out of its script tag; offers reflect stock and price range (49.216917ms)
✔ seo: sitemap escapes and carries hreflang; robots refuses everything for a closed host (0.19125ms)
✔ money: whole amounts drop cents, minor digits come from the currency, filters round-trip (0.428792ms)
✔ cart line write: replaces one line, keeps the others, 0 removes, CAS version is the one shown (3.404417ms)
✔ cart problems map to buyer-facing classes without leaking transport detail (0.138625ms)
✔ checkout options accept the optional free-shipping threshold only as a positive integer or null (0.217041ms)
✔ no-image placeholder copy: exactly the locale label a photo-less card or gallery renders (0.055958ms)
✔ storefront image caps equal the Go catalog caps (internal/catalog MaxMainImages, MaxDetailImages) (27.837958ms)
✔ design text limits count code points like Go, never splitting a surrogate pair (0.627333ms)
✔ G3: same-series cards exclude the current product and never invent absent draft/foreign products (0.570958ms)
✔ G5: safety guidance exists in three languages without changing the five merchant policy approval boundaries (1.355667ms)
✔ G4: category chips omit empty collections; hidden collections absent from the public API stay absent (4.073708ms)
✔ OrderHistory renders server order instant in Taipei (9.625041ms)
✔ ClaimLink renders claim expiry in Taipei (5.154417ms)
✔ BankTransfer renders deadline and proof instant in Taipei (4.766292ms)
✔ BankTransfer proof echo labels store time in en (3.64225ms)
✔ BankTransfer proof echo labels store time in zh-TW (5.485375ms)
✔ BankTransfer proof echo labels store time in zh-CN (3.98025ms)
✔ BankTransfer input describes the device zone in en (23.637834ms)
✔ BankTransfer input describes the device zone in zh-TW (7.213375ms)
✔ BankTransfer input describes the device zone in zh-CN (7.886666ms)
✔ ShopFooter uses Taipei year across UTC year boundary (4.123333ms)
✔ BankTransfer deadline labels store time in en (3.952ms)
✔ BankTransfer deadline labels store time in zh-TW (45.419ms)
✔ BankTransfer deadline labels store time in zh-CN (38.73525ms)
✔ OrderHistory states the Taipei time zone once in en (30.558875ms)
✔ OrderHistory states the Taipei time zone once in zh-TW (2.440792ms)
✔ OrderHistory states the Taipei time zone once in zh-CN (3.020917ms)
✔ dictionaries have exact parity and non-empty values (0.658417ms)
✔ locale precedence and language quality mapping (0.588333ms)
✔ localized paths preserve deep links and reject dangerous input (0.328125ms)
✔ path locale only matches a canonical first segment (0.047666ms)
✔ the four constructs render (2.096792ms)
✔ XSS payloads stay inert text (1.750667ms)
✔ fuzz: any string over a hostile alphabet renders only whitelisted tags (58.232083ms)
✔ validator mirrors the Go rules (0.874833ms)
✔ SDN1 allowlist: exactly the contract routes, per method (1.539709ms)
✔ SDN1 allowlist: traversal, case, suffix and prefix tricks never match (0.646708ms)
✔ SDN1 request shape: no query string anywhere, reads carry no body, key, length or transfer-encoding (18.131167ms)
✔ SDN1 cap: 260 KiB = Go's 256 KiB document + 4 KiB envelope, and a body of exactly the cap is still below it (0.059375ms)
✔ SDN2 renderer: every XSS payload comes out as whitelisted tags and escaped text only (0.70725ms)
✔ SDN2 renderer: escape-first means the merchant's text never becomes markup (0.099292ms)
✔ SDN2 renderer: fuzz (seeded) never produces a tag outside the whitelist (97.597958ms)
✔ SDN2 client validator rejects what the server rejects (HTML, non-https links, `<` anywhere) (0.631333ms)
✔ cleanForSave turns cleared fields into null but keeps an empty body (0.565875ms)
✔ localIssues names each missing mandatory value by server path (1.297875ms)
✔ moved swaps neighbours and ignores out-of-range moves (0.366792ms)
✔ parsers accept the exact Go shapes and refuse extra or missing keys (1.064333ms)
✔ BFF allowlist covers exactly the design resources (1.093958ms)
✔ validDesignRequest refuses queries and bodies on reads, ignores other paths (25.154959ms)
✔ designDetails forwards only a bounded {path, reason} pair (0.177375ms)
✔ accepts exactly the three locale invite paths with a 20-200 char token (0.487291ms)
✔ rejects anything that is not an exact same-origin relative invite path (0.305542ms)
✔ rejects percent-encoded variants of the exact shape (0.633417ms)
✔ the token is an opaque invite token shape, never a URL (0.693584ms)
✔ fragment carrier: round-trips the exact invite path, is never a query string, and rejects hostile fragments (0.274208ms)
✔ dashboard: accepts the frozen shape, rejects drift (6.958875ms)
✔ import result: strict keys, closed error codes, committed never carries errors (1.156708ms)
✔ csv file guard mirrors the Go bounds (0.33625ms)
✔ manual options: a COD home row parses with its offer (D01: the page used to refuse the whole list) (1.968083ms)
✔ manual options: only bank_transfer / pay_at_pickup / cash_on_delivery, key must equal market|country|code (0.166416ms)
✔ manual result: link is https with the order id and a 43-char capability in the fragment only (0.292ms)
✔ draft: first problem, and the body has no price-like field at all (0.44275ms)
✔ BFF grammar: exactly the seven tools resources (0.085666ms)
✔ regenerate body/result: exactly {order_id, locale} and a fresh https link naming that order (0.141875ms)
✔ copy parity: every locale has every key, import rules and error codes (0.445833ms)
✔ callback redirect target is always a same-origin /<locale>/settings path whatever the cookies, store, code or error say (9.236458ms)
✔ the binding cookie: exactly one canonical store uuid, path-scoped to the callback, HttpOnly, Lax, 10 minutes, Secure (0.164167ms)
✔ callback query: exactly one code and one state within charset/length bounds; Meta's error=… and repeats are not forwarded (0.69675ms)
✔ the dialog URL the BFF hands the browser is https://www.facebook.com only (0.128458ms)
✔ callback error mapping only ever yields fixed codes, never an upstream message (0.118791ms)
✔ selected Page qualifies only a bare Facebook id, never rewrites another Page or external URL (0.567333ms)
✔ status: not connected, connected with and without Instagram, and every deviation throws (1.891959ms)
✔ pick state: closed shape, optional Instagram keys come as a pair, id must match (0.899041ms)
✔ route grammar: only status/states/pick/disconnect; start and callback are dedicated routes; no query; reads carry no body or key (23.995542ms)
✔ connect cookie, body and callback redirect never carry code/state and only fixed codes (0.372541ms)
✔ copy: three locales have the same keys and every Go error code has a message (0.117334ms)
✔ review-required remains restricted; evidence does not promote state (1.521917ms)
✔ legacy omission remains unidentified, independent of array order (0.436667ms)
✔ closed shapes reject unknown state/provider/evidence, leaked fields and inconsistent severity (0.551417ms)
✔ duplicate capabilities/pages and unbounded arrays cannot become trusted state (0.302375ms)
✔ worst Page determines advice, no raw upstream reason reaches copy (0.345375ms)
✔ recheck receipt means scheduled; timestamps and closed keys are checked (0.30575ms)
✔ exact keyless route grammar rejects query/key/body confusion (55.230417ms)
✔ recheck takes exactly page_id and no caller-provided scope (0.135875ms)
✔ blocking advice comes from the blocking capability, not a secondary public-reply warning (0.101334ms)
✔ clean health browser mode prepares admin standalone before starting its fixture (39.309042ms)
✔ en: expired connection retains its full refusal inside a wrapping badge (15.635667ms)
✔ zh-TW: expired connection retains its full refusal inside a wrapping badge (1.729959ms)
✔ zh-CN: expired connection retains its full refusal inside a wrapping badge (0.635875ms)
✔ actual B1 snapshot state remains ok even when a fixture expected review_required (0.097625ms)
✔ D02 TWD input: whole dollars only, x100 on the wire (16.91975ms)
✔ D02 TWD edit text: whole dollars have no decimals; a legacy amount with cents is never shown as another price (0.25925ms)
✔ D02 display: NT$ without decimals in every language, cents only when there are cents (44.799917ms)
✔ D02 live-price input (Studio claims): TWD whole dollars, other currencies their decimals (2.616916ms)
✔ D02 discount code amounts: TWD whole dollars, a decimal is refused before it is sent (3.955583ms)
✔ D02 no admin copy or component says 'minor units' to the merchant (133.107916ms)
✔ M06 time: Asia/Taipei everywhere, labelled, never UTC (18.688166ms)
✔ settings answer: exactly one boolean key (0.8205ms)
✔ PUT body is the frozen single key (0.0695ms)
✔ BFF grammar: GET read, PUT keyed command, nothing else (0.193875ms)
✔ copy: three locales, same keys, no empty text (0.12125ms)
✔ PRM01 parse: exact keys, kind/value pairing and ranges; duplicates and unknown keys are refused (1.912417ms)
✔ PRM02 Taipei wall time: +08:00 on the wire, instant shown back in Taipei, impossible dates refused (13.490541ms)
✔ PRM03 create body: normalised code, major units to minor units, optional fields null, whole body validated (2.627375ms)
✔ PRM04 update + toggle: version CAS key, form round trip, pause keeps every other field (0.424709ms)
✔ PRM05 BFF grammar: exactly list, create and update; nothing generic (0.188792ms)
✔ PRM06 copy: three locales carry the same keys and every refusal code the Go routes can answer (0.126125ms)
✔ G-UI3/G-UI5 architecture constraints pass with shrinking legacy exceptions (1102.253875ms)
✔ G-UI3/G-UI5 negatives: new formatter, component fetch, >800 lines and wider allowance fail (0.621583ms)
✔ Readiness jump controls expose the actual active section, not a click flag (1.98625ms)
✔ Integrator P2: legal CN comment ordering and a distinct three-image recommendation (0.64125ms)
✔ ADM04 and ADM06 explain unavailable SKUs and keep collection vocabulary consistent (4.410375ms)
✔ ADM06 create/detail titles share the route vocabulary without adding a phantom Next page (0.371334ms)
✔ G-UI1 Next pages and route registry are bidirectional, unique, typed, documented (7.83175ms)
✔ G-UI1 copy key parity: no missing or extra key in any locale (0.116916ms)
✔ G-UI2 staff without catalog:read cannot see products/inventory or open a product URL (0.175208ms)
✔ G-UI2 every route permission is a permission Go knows, and /orders/new needs inventory:reserve (338.804625ms)
✔ G-UI1 dynamic and public routes match, details never appear as navigation (0.945042ms)
✔ W6-U2 ledger is a settings in-page route, preserving existing navigation (2.615458ms)
✔ Every browser spec clicks nav-orders: the orders group stays a singleton, so returns/new/print routes are nav: false (0.877042ms)
✔ shell-registry: every routed path has exactly one nonempty shared h1 in all three locales (361.056959ms)
✔ shell-registry: orders stays one actual group button on live and non-live routes (2.03875ms)
✔ shell-registry: loading/expired/unavailable/forbidden keep one safe heading and never leak private content (1.811667ms)
✔ created address is a strict HTTPS origin matching the assigned handle (0.473791ms)
✔ DNS instructions must name the requested origin and a bare hostname target (1.0825ms)
✔ domain kind is authoritative and closed, not inferred from host or token (0.205708ms)
✔ apex DNS retains every concrete IPv4/IPv6 address and rejects malformed values (0.805708ms)
✔ pending domain journal preserves exact action/key/target; legacy or corrupt markers never replay (0.823167ms)
✔ browser-origin gate: every refusal happens before Go is called, for every action (33.920583ms)
✔ only POST exists on the team routes (5.362959ms)
✔ unknown action is a local 404 and never reaches Go (2.722916ms)
✔ strict request grammar: wrong keys, types, ids, roles, locales and token shapes are 422 locally (12.274333ms)
✔ what reaches Go: BFF key, bearer from the cookie, no Cookie/Origin, body unchanged, exactly one call per request (69.294833ms)
✔ Go failures are rebuilt locally from allow-listed codes, never retried, and never echo the token (46.644125ms)
✔ team answer: accepts the frozen shape, null role and OIDC member without email (0.701667ms)
✔ team answer: unknown key, unknown role, bad id, bad mail state are rejected (0.313042ms)
✔ invite and accept answers are strict (1.346625ms)
✔ request grammar: every action has an exact key set and rejects junk values (0.565583ms)
✔ copy: three locales carry the same keys and a label for every role (0.440375ms)
✔ role-aware navigation: hides entries the member's permissions cannot use; unknown shows all; Team is owner-only (0.217917ms)
✔ P02 settlements directory rejects missing/link/owner/group/mode with a valid control (631.073042ms)
✔ preflight health permission grammars and API/worker consistency fail closed (3468.371ms)
✔ merchant alert flag is explicit 0|1 and independently requires SMTP (2642.669542ms)
✔ shared loader makes API/worker LIVE pair file-only before Compose interpolation (711.737ms)
✔ export bind accepts omitted JSON false but rejects unsafe source/config mutations (2.562ms)
✔ sanctioned operator allowlist and fail-closed gates (fake docker, no network) (2359.651625ms)
✔ platform operator custody, export mount and binary are wired (195.248958ms)
✔ actual export bind refuses a missing directory; enabling auto-create is detected (524.919625ms)
✔ R3 preflight rejects cancelled PAYUNi, validates Page app and keeps LIVE pair mandatory (1153.633792ms)
✔ R3 smoke exercises exact denied probes, accepts 404 only for disabled mounts (104.202333ms)
✔ positive control: a complete, valid configuration raises no META_LOGIN finding (1320.921917ms)
✔ feature off (COMMERCE_META_LOGIN_CONFIG_ID empty): no rule applies even with the other keys empty (377.527375ms)
✔ P06: the Page route needs the webhook receiver (353.582125ms)
✔ P06: sessions come from identity (312.393667ms)
✔ P06: without the claims profile nobody sends the private replies (a WARN, not a FAIL) (392.236ms)
✔ P08: COMMERCE_META_LOGIN_CONFIG_ID must be numeric ("abc") (279.257792ms)
✔ P08: COMMERCE_META_LOGIN_CONFIG_ID must be numeric ("12 34") (306.462792ms)
✔ P08: COMMERCE_META_LOGIN_CONFIG_ID must be numeric ("111111111111") (335.180416ms)
✔ P08: COMMERCE_META_LOGIN_CONFIG_ID must be numeric ("0x10") (316.205916ms)
✔ P08: COMMERCE_META_LOGIN_CONFIG_ID must be numeric ("-1") (314.866875ms)
✔ P08: COMMERCE_META_LOGIN_REDIRECT_URI must be exactly https://<LC_ADMIN_HOST>/api/meta/callback (wrong host) (375.008125ms)
✔ P08: COMMERCE_META_LOGIN_REDIRECT_URI must be exactly https://<LC_ADMIN_HOST>/api/meta/callback (http scheme) (362.629083ms)
✔ P08: COMMERCE_META_LOGIN_REDIRECT_URI must be exactly https://<LC_ADMIN_HOST>/api/meta/callback (the ads callback path) (284.913917ms)
✔ P08: COMMERCE_META_LOGIN_REDIRECT_URI must be exactly https://<LC_ADMIN_HOST>/api/meta/callback (trailing slash) (510.986666ms)
✔ P08: COMMERCE_META_LOGIN_REDIRECT_URI must be exactly https://<LC_ADMIN_HOST>/api/meta/callback (query string) (294.799125ms)
✔ P08: COMMERCE_META_LOGIN_REDIRECT_URI must be exactly https://<LC_ADMIN_HOST>/api/meta/callback (empty) (275.578917ms)
✔ P08: COMMERCE_META_LOGIN_GRAPH_VERSION grammar vNN.N ("26.0") (246.138458ms)
✔ P08: COMMERCE_META_LOGIN_GRAPH_VERSION grammar vNN.N ("v26") (209.890625ms)
✔ P08: COMMERCE_META_LOGIN_GRAPH_VERSION grammar vNN.N ("v26.0.1") (491.332083ms)
✔ P08: COMMERCE_META_LOGIN_GRAPH_VERSION grammar vNN.N ("latest") (298.774834ms)
✔ P08: COMMERCE_META_LOGIN_GRAPH_VERSION grammar vNN.N ("") (348.763542ms)
✔ P08: COMMERCE_META_LOGIN_GRAPH_VERSION grammar vNN.N ("v1000.0") (349.139875ms)
✔ P08: COMMERCE_META_LOGIN_GRAPH_VERSION accepts v26.0 (270.348708ms)
✔ P08: COMMERCE_META_LOGIN_GRAPH_VERSION accepts v22.0 (219.983333ms)
✔ P08: COMMERCE_META_LOGIN_GRAPH_VERSION accepts v99.9 (184.4635ms)
✔ production without any alert channel is a FAIL (nobody would hear the next outage) (1288.169792ms)
✔ outside production the same gap is only a WARN (362.392125ms)
✔ a webhook alone satisfies the rule (350.400458ms)
✔ an e-mail target with a complete relay (host, username, secret) satisfies the rule (308.246375ms)
✔ an e-mail target without the relay secret cannot be sent: FAIL in production, WARN elsewhere (688.250875ms)
✔ the example's CHANGE_ME_SENDER placeholder is not a relay: the e-mail target cannot be sent (315.138792ms)
✔ LC_ALERT_EMAIL must be one plain address ("not-an-address") (347.185666ms)
✔ LC_ALERT_EMAIL must be one plain address ("two@fake.invalid,three@fake.invalid") (333.447542ms)
✔ LC_ALERT_EMAIL must be one plain address ("a b@fake.invalid") (305.632875ms)
✔ LC_ALERT_EMAIL must be one plain address ("<owner@fake.invalid>") (359.701834ms)
✔ LC_ALERT_EMAIL must be one plain address ("owner@fake") (374.657834ms)
✔ storefront cart-line removal is reversible: clicked for real, not guarded (2.645125ms)
✔ destructive / irreversible / sign-out classification (owner list, en + zh) (1.102209ms)
✔ alike controls (rows with ids / numbers) share one class key (0.141541ms)
✔ known defects classify, never silence: stale entries are reported (0.659458ms)
✔ the markdown ledger has one row per interaction and names the verdict (0.628625ms)
✔ protocolHrefOK accepts well-formed tel:/mailto: and rejects malformed ones (0.197916ms)
✔ J1 waits for enabled media and clicks a real chooser; the uploaded cover is bound to the main section (545.644958ms)
✔ J1 cannot credit a detail-image receipt as the main cover (2.648083ms)
✔ J1 refuses a failed cover upload rather than continuing to activate (0.728375ms)
✔ thresholds are the named constants of the brief (2.692459ms)
✔ R1: document wider than the viewport, and the outermost element past the edge (3.461541ms)
✔ R2: label tops, control tops and control heights of one visual row (6.933667ms)
✔ R2: what is one row and what is not (4.389709ms)
✔ R2: a button beside a field has to line up with its control (0.709167ms)
✔ R3: a row made tall by stacked controls, a control wider than its cell (10.812875ms)
✔ R3: a matrix whose EVERY row is doubled by a stacked stock cell (the median cannot see it) (0.575125ms)
✔ R4: small text, helper text apart, icons and duplicates excepted (3.44525ms)
✔ R5: tap targets on the 390 viewport only (1.7725ms)
✔ R6: interactive elements and text boxes that overlap (0.910166ms)
✔ R7: text clipped inside a control or label (either side), and select values that do not fit (0.848875ms)
✔ R8: the same visible label twice in one list (0.385625ms)
✔ evaluate() tags severity, selectRecords() keeps distinct groups first and counts every instance (0.900833ms)
✔ R9: text and controls flush to the screen edge at 390 (0.738125ms)
✔ R6/R9 judge the visible (ancestor-clipped) rectangle, not the raw one (integrator ruling 2026-10-05) (0.493ms)
✔ R10: a fixed or sticky bar covering main content after scrolling (0.327292ms)
✔ R11: controls narrower than a usable width (0.206875ms)
ℹ tests 437
ℹ suites 0
ℹ pass 437
ℹ fail 0
ℹ cancelled 0
ℹ skipped 0
ℹ todo 0
ℹ duration_ms 13109.47875
✔ closed projections reject secret-shaped extras, invalid enums, IDs and contradictory capabilities (0.736208ms)
✔ detail accepts only bounded events and keeps actual server action flags (0.38925ms)
✔ BFF exact routes and request grammar forbid keys/body on reads, filters on detail and arbitrary writes (9.647834ms)
✔ copy parity, safe object navigation and UNKNOWN/protective reasons (0.164209ms)
✔ read-only store capability never exposes a command even if the state allows one (0.055792ms)
✔ duplicate escaped keys cannot bypass the exact command grammar (0.04275ms)
✔ query backoff affects only its operation and expires without another action (0.046916ms)
✔ merchant reason text translates ledger events and conceals unknown or prototype codes (0.097208ms)
✔ ledger read navigation requires effective integration:read permission regardless of role (0.070125ms)
ℹ tests 9
ℹ suites 0
ℹ pass 9
ℹ fail 0
ℹ cancelled 0
ℹ skipped 0
ℹ todo 0
ℹ duration_ms 84.801042
✔ OrderHistory renders server order instant in Taipei (42.307083ms)
✔ ClaimLink renders claim expiry in Taipei (2.496792ms)
✔ BankTransfer renders deadline and proof instant in Taipei (1.9565ms)
✔ BankTransfer proof echo labels store time in en (1.204833ms)
✔ BankTransfer proof echo labels store time in zh-TW (1.449292ms)
✔ BankTransfer proof echo labels store time in zh-CN (1.374125ms)
✔ BankTransfer input describes the device zone in en (1.157875ms)
✔ BankTransfer input describes the device zone in zh-TW (1.078583ms)
✔ BankTransfer input describes the device zone in zh-CN (1.513708ms)
✔ ShopFooter uses Taipei year across UTC year boundary (1.97525ms)
✔ BankTransfer deadline labels store time in en (1.098959ms)
✔ BankTransfer deadline labels store time in zh-TW (1.277708ms)
✔ BankTransfer deadline labels store time in zh-CN (1.257792ms)
✔ OrderHistory states the Taipei time zone once in en (1.040042ms)
✔ OrderHistory states the Taipei time zone once in zh-TW (0.770291ms)
✔ OrderHistory states the Taipei time zone once in zh-CN (0.682292ms)
✔ Meta rejection wording is preserved as bounded Unicode text, never translated (1.58125ms)
✔ frozen error codes: model list equals the frozen list, each is read from both error shapes (0.979667ms)
✔ copy: every code, status, op state and connect error has text in all three locales (0.287208ms)
✔ copy never calls a budget a hard stop and never offers resume (0.548083ms)
✔ draft: every §5.1 status parses; unknown status/template/op state is an error, never guessed (0.642166ms)
✔ draft: optional fields, remote ids and the Ads Manager link (0.498583ms)
✔ action hints: pause whenever a remote id exists and not ENDED; a paused draft is only ever copied (X7) (0.215917ms)
✔ money: whole units to minor with integer math; TWD must be whole (9.107458ms)
✔ Taipei schedule: wall inputs and draft projections ignore the viewer zone (3.560041ms)
✔ Taipei schedule: invalid calendar days are rejected and all copy names UTC+8 (0.297917ms)
✔ draft input: exact 11-key body and every local rule (3.781083ms)
✔ draft form round trip and X7 copy (blank schedule, no id, no revision) (0.199792ms)
✔ settings parser: environment enum, connections, identities, capi (0.388334ms)
✔ connect state parser: pick list kinds and id match (0.127667ms)
✔ report: three separate blocks, orders may be null, no combined figure (0.316583ms)
✔ default report window is the Asia/Taipei store day whatever the viewer's zone is (Taipei midnight boundary) (3.448459ms)
✔ capi body and validation (0.086042ms)
✔ W6-06B unbind response: exact keys, account, UUIDs and outcome semantics (0.19925ms)
✔ W6-06B in-flight details preserve bounded items and total, reject unknown shapes (0.221833ms)
✔ W6-06B catalog feed has exact public URL/domain pairs or published-store empty (0.230333ms)
✔ W6-06B copy preserves unbind boundaries and feed recovery in three locales (0.071084ms)
✔ W6-06B feed selection follows origin order, not full feed URL order (0.069917ms)
✔ customer list accepts the frozen row and rejects unknown keys, dup ids, bad cursor, oversize (4.259916ms)
✔ customer row invariants: nulls for bundle-only/erased, counts, money, consents (0.259166ms)
✔ customer detail: bounded lists, order summaries reuse the orders parser, id must match (2.13175ms)
✔ erasure summary is four counts only (0.106ms)
✔ finance summary: net = captured - refunded (I05), totals carry an empty day, sandbox flag (0.663833ms)
✔ financeDay is the UTC+8 day (0.082917ms)
✔ finance defaults keep Taipei dates across midnight, leap day and year end (0.090083ms)
✔ tags and notes are parsed strictly (W6-01B) (0.700959ms)
✔ TSX seam refuses an unlisted import (2.92225ms)
✔ Ads merchant timestamp uses Taipei at the year boundary (10.864792ms)
✔ Design version published_at cell uses Taipei at the year boundary (2.603417ms)
✔ ManualOrder bank-transfer expiry uses Taipei at the year boundary (2.853209ms)
ℹ tests 50
ℹ suites 0
ℹ pass 50
ℹ fail 0
ℹ cancelled 0
ℹ skipped 0
ℹ todo 0
ℹ duration_ms 171.348292
✔ OrderHistory renders server order instant in Taipei (6.7155ms)
✔ ClaimLink renders claim expiry in Taipei (1.987292ms)
✔ BankTransfer renders deadline and proof instant in Taipei (1.790708ms)
✔ BankTransfer proof echo labels store time in en (1.176708ms)
✔ BankTransfer proof echo labels store time in zh-TW (1.410625ms)
✔ BankTransfer proof echo labels store time in zh-CN (1.845167ms)
✔ BankTransfer input describes the device zone in en (1.6345ms)
✔ BankTransfer input describes the device zone in zh-TW (1.246583ms)
✔ BankTransfer input describes the device zone in zh-CN (1.775ms)
✔ ShopFooter uses Taipei year across UTC year boundary (1.777334ms)
✔ BankTransfer deadline labels store time in en (1.409667ms)
✔ BankTransfer deadline labels store time in zh-TW (1.374291ms)
✔ BankTransfer deadline labels store time in zh-CN (1.079334ms)
✔ OrderHistory states the Taipei time zone once in en (0.790834ms)
✔ OrderHistory states the Taipei time zone once in zh-TW (0.686917ms)
✔ OrderHistory states the Taipei time zone once in zh-CN (0.69125ms)
✔ Meta rejection wording is preserved as bounded Unicode text, never translated (1.185375ms)
✔ frozen error codes: model list equals the frozen list, each is read from both error shapes (0.3505ms)
✔ copy: every code, status, op state and connect error has text in all three locales (0.255208ms)
✔ copy never calls a budget a hard stop and never offers resume (0.229875ms)
✔ draft: every §5.1 status parses; unknown status/template/op state is an error, never guessed (0.338709ms)
✔ draft: optional fields, remote ids and the Ads Manager link (0.156334ms)
✔ action hints: pause whenever a remote id exists and not ENDED; a paused draft is only ever copied (X7) (0.190875ms)
✔ money: whole units to minor with integer math; TWD must be whole (8.083417ms)
✔ Taipei schedule: wall inputs and draft projections ignore the viewer zone (3.266084ms)
✔ Taipei schedule: invalid calendar days are rejected and all copy names UTC+8 (0.286333ms)
✔ draft input: exact 11-key body and every local rule (3.478916ms)
✔ draft form round trip and X7 copy (blank schedule, no id, no revision) (0.217292ms)
✔ settings parser: environment enum, connections, identities, capi (0.35025ms)
✔ connect state parser: pick list kinds and id match (0.108709ms)
✔ report: three separate blocks, orders may be null, no combined figure (0.24ms)
✔ default report window is the Asia/Taipei store day whatever the viewer's zone is (Taipei midnight boundary) (1.954875ms)
✔ capi body and validation (0.118875ms)
✔ W6-06B unbind response: exact keys, account, UUIDs and outcome semantics (0.188917ms)
✔ W6-06B in-flight details preserve bounded items and total, reject unknown shapes (0.169666ms)
✔ W6-06B catalog feed has exact public URL/domain pairs or published-store empty (0.167583ms)
✔ W6-06B copy preserves unbind boundaries and feed recovery in three locales (0.059334ms)
✔ W6-06B feed selection follows origin order, not full feed URL order (0.064792ms)
✔ customer list accepts the frozen row and rejects unknown keys, dup ids, bad cursor, oversize (3.720125ms)
✔ customer row invariants: nulls for bundle-only/erased, counts, money, consents (0.462042ms)
✔ customer detail: bounded lists, order summaries reuse the orders parser, id must match (1.41275ms)
✔ erasure summary is four counts only (0.088959ms)
✔ finance summary: net = captured - refunded (I05), totals carry an empty day, sandbox flag (0.303ms)
✔ financeDay is the UTC+8 day (0.055792ms)
✔ finance defaults keep Taipei dates across midnight, leap day and year end (0.074417ms)
✔ tags and notes are parsed strictly (W6-01B) (0.529041ms)
✔ TSX seam refuses an unlisted import (6.990458ms)
✔ Ads merchant timestamp uses Taipei at the year boundary (19.808042ms)
✔ Design version published_at cell uses Taipei at the year boundary (4.117042ms)
✔ ManualOrder bank-transfer expiry uses Taipei at the year boundary (5.478ms)
ℹ tests 50
ℹ suites 0
ℹ pass 50
ℹ fail 0
ℹ cancelled 0
ℹ skipped 0
ℹ todo 0
ℹ duration_ms 134.980917
✔ legacy display sentinels preserve a list row without admitting arbitrary or private data (1.971792ms)
✔ orders-v2 accepts bounded filters and Taipei inclusive dates; rejects ambiguity (0.46275ms)
✔ orders-v2 rejects client count approximations, unbounded or extra response data (0.166042ms)
✔ all three locales label every task queue, payment and delivery mode (0.315416ms)
ℹ tests 4
ℹ suites 0
ℹ pass 4
ℹ fail 0
ℹ cancelled 0
ℹ skipped 0
ℹ todo 0
ℹ duration_ms 72.022584
✔ numeric store IDs have no suggestion BFF or browser client (1.050333ms)
ℹ tests 1
ℹ suites 0
ℹ pass 1
ℹ fail 0
ℹ cancelled 0
ℹ skipped 0
ℹ todo 0
ℹ duration_ms 59.436708
✔ ADM10 operator sentence is localized while product and company facts stay authoritative (0.383667ms)
✔ PS review: actual Host matching normalizes case, port and a terminal DNS dot, never forwarded authority (0.222083ms)
✔ PS review: privacy/terms retain Messenger and Instagram purpose disclosure; deletion uses exact UI labels (0.100291ms)
✔ P2-N1 zh-TW/privacy: current comments and private reply, conditional inbound messages (0.0735ms)
✔ P2-N1 zh-TW/terms: current comments and private reply, conditional inbound messages (0.039583ms)
✔ P2-N1 zh-CN/privacy: current comments and private reply, conditional inbound messages (0.03125ms)
✔ P2-N1 zh-CN/terms: current comments and private reply, conditional inbound messages (0.04325ms)
✔ P2-N1 en/privacy: current comments and private reply, conditional inbound messages (0.039792ms)
✔ P2-N1 en/terms: current comments and private reply, conditional inbound messages (0.0455ms)
✔ PS1 legal identity is one untranslated source (0.0795ms)
✔ PS1 contact and hosts come only from configuration; production fails closed (0.312667ms)
✔ PS2 public routes default to zh-TW, restrict page/locale, and never include admin (0.37825ms)
✔ PS4 optional Meta verification value never has a fake default (0.054167ms)
✔ PS1 every locale uses the same product name in auth page titles (0.0395ms)
✔ PS1 public page copy has three complete locales, no invented operator identity or contact (0.185583ms)
✔ PS1 production build validates config; public data is not bundled through NEXT_PUBLIC (0.810709ms)
✔ PS review: admin image installs the manifests for its workspace dependencies before building (0.302917ms)
ℹ tests 17
ℹ suites 0
ℹ pass 17
ℹ fail 0
ℹ cancelled 0
ℹ skipped 0
ℹ todo 0
ℹ duration_ms 81.126667
✔ R11 SQL's exact receipt states are accepted; missing/forged operation/state remains unknown (0.78ms)
✔ R11 durable receipt journal validates phase against exact operation state (0.334292ms)
✔ R11 actual read control distinguishes replay/inflight/unknown/failure in en (3.927875ms)
✔ R11 actual read control distinguishes replay/inflight/unknown/failure in zh-TW (0.612916ms)
✔ R11 actual read control distinguishes replay/inflight/unknown/failure in zh-CN (0.450917ms)
✔ unknown journal retains exact key/boundary and is scoped to store+session; malformed state fails closed (0.132583ms)
✔ R12 read hook keeps network UNKNOWN on one key and explicitly refreshes acknowledged UNKNOWN (12.418542ms)
✔ actual POST transport uses CSRF and session fence; 403 independent of response text (14.696042ms)
✔ R10 ROAS has exactly two decimals in en (10.785458ms)
✔ R10 unknown ROAS is never fabricated as zero in en (0.094625ms)
✔ R10 ROAS has exactly two decimals in zh-TW (0.234417ms)
✔ R10 unknown ROAS is never fabricated as zero in zh-TW (0.040417ms)
✔ R10 ROAS has exactly two decimals in zh-CN (0.130584ms)
✔ R10 unknown ROAS is never fabricated as zero in zh-CN (0.031ms)
✔ shared presentation preserves registry title and one empty buyer message in en (24.656625ms)
✔ R11 large linked-draft list is complete but collapsed in en (3.142958ms)
✔ shared presentation preserves registry title and one empty buyer message in zh-TW (5.650875ms)
✔ R11 large linked-draft list is complete but collapsed in zh-TW (3.438625ms)
✔ shared presentation preserves registry title and one empty buyer message in zh-CN (5.589ms)
✔ R11 large linked-draft list is complete but collapsed in zh-CN (2.434958ms)
✔ R11 timeline distinguishes local unknown spend from explicit Meta zero in en (2.796917ms)
✔ R11 timeline distinguishes local unknown spend from explicit Meta zero in zh-TW (2.934083ms)
✔ R11 timeline distinguishes local unknown spend from explicit Meta zero in zh-CN (2.43375ms)
✔ R11 I12 nullable Meta evidence survives without becoming zero (0.291209ms)
✔ R11 actual panel rendering preserves unknowns and reconnect route in en (10.007083ms)
✔ R11 actual panel rendering preserves unknowns and reconnect route in zh-TW (11.321291ms)
✔ R11 actual panel rendering preserves unknowns and reconnect route in zh-CN (11.284084ms)
✔ D1, D6, R7: exact amounts and sources remain independent, account days stay labelled (0.241208ms)
✔ R12: null stays unknown and unread / unauthorised / insufficient remain different states (0.260125ms)
✔ R12 granted but unread audience offers a read, never reconnect in en (1.652084ms)
✔ R12 granted but unread audience offers a read, never reconnect in zh-TW (1.656667ms)
✔ R12 granted but unread audience offers a read, never reconnect in zh-CN (1.666125ms)
✔ I12 forged / missing frozen fields never silently become zeros (0.87ms)
✔ only whitelisted aggregates survive: extra identifiers and HTML are never interpreted (0.061667ms)
✔ attribution is a read-only BFF resource with exact bounded query grammar (0.298666ms)
✔ audience-read is exactly the new local intention POST and never a data GET or queried write (0.228084ms)
✔ route fails closed without ads:read and is not a duplicate navigation entry; locale keys match (0.095833ms)
ℹ tests 37
ℹ suites 0
ℹ pass 37
ℹ fail 0
ℹ cancelled 0
ℹ skipped 0
ℹ todo 0
ℹ duration_ms 403.159875
✔ card-payments copy: identical key sets in all three locales (2.629625ms)
✔ merchant terms are quoted verbatim (contract §5) in the enable dialog (0.332875ms)
✔ ruling-fixed strings: platform not OPEN and BLOCKED note (0.130125ms)
✔ error map covers every frozen refusal code from migrations/0137 (0.152833ms)
✔ no Stripe account id, key or approval id shape appears in any copy string (0.551958ms)
✔ storefront collector disclosure matches contract §5 templates in three languages (0.188833ms)
✔ the merchant terms in the dialog are the contract §5 sentence, extracted from the contract (0.414916ms)
✔ the storefront templates are the contract §5 lines, extracted from the contract (0.17ms)
✔ settlement copy: deduction columns are labelled as deductions in every language, with a legend and the net formula (0.263584ms)
✔ there is no separate 'not on the allowlist' message: it reads as not open (review P1-2) (0.085833ms)
✔ card summary accepts the frozen shape incl. all-null platform NONE (1.117417ms)
✔ card summary rejects unknown keys, bad enums, bad money, bad version (0.328458ms)
✔ card result is exactly {state, version, max_minor, currency, descriptor_preview} (0.098833ms)
✔ descriptor suffix rule: charset, 2..10 chars, must contain a letter (0.143916ms)
✔ the suffix length rule is the charset rule's 10; the 22-character descriptor total stays the server's (SANDBOX L=10, LIVE PrefixLength) (0.068708ms)
✔ descriptor preview mirrors the contract projection (base + '* ' + suffix) (0.065667ms)
✔ settlement list accepts statements without payout/lines keys (omitempty) (0.541083ms)
✔ settlement detail carries lines whose count and sums match the totals (0.344458ms)
✔ settlement parsers reject malformed reads (0.63325ms)
✔ fees, refunds and disputes are signed exactly as the ledger stores them (0.140333ms)
✔ a returned fee is a positive line fee; the detail's lines must add up to the statement totals (0.587042ms)
✔ closed_at/paid_at accept the offsets PostgreSQL emits as well as Z (0.144458ms)
✔ a payout reference shaped like a Stripe key or account id is never displayed (0.124125ms)
✔ platform not OPEN: 'not open yet' and no enable control, for every non-OPEN state; the platform badge still tells why (0.388791ms)
✔ allowlisted + OPEN: enable from NONE/DISABLED, disable from ENABLED (0.060583ms)
✔ not allowlisted on an OPEN platform reads exactly like not open: the same message, no 'platform open' badge, no enable (review P1-2) (0.08225ms)
✔ BLOCKED: the suspended note, disable only, never enable (whatever the platform says) (0.058708ms)
✔ without billing:manage nothing can be changed, but the state is still readable (0.043375ms)
✔ enable carries the platform's current terms, the suffix and the version read; NONE starts at 0 (0.05725ms)
✔ disable never sends a suffix and quotes the terms the store accepted (the platform's may have moved on) (0.0355ms)
✔ a retained suffix is recovered from the final preview so a re-enable can keep it (0.05025ms)
✔ the period label shows the last day inside the (exclusive-end) week (0.68725ms)
✔ payout state: paid, pending only when money is due, none when the week nets to zero or less (0.032291ms)
✔ card-payments and settlements are nav:false routes, so no group loses or gains a nav button (0.130334ms)
✔ settlements need billing:manage, the card page integration:read; the owner opens both (0.114542ms)
✔ statement cells: a dispute reversal and a returned fee read as credits (+) and every deduction as -, and the columns add up to the server's net (9.281458ms)
✔ the detail parser requires the lines of a statement that has lines; a quiet week (line_count 0) may omit them (0.139958ms)
✔ route table: exactly the four resources, nothing generic (2.053625ms)
✔ query grammar: card and settlement-detail are exact; settlements takes before/limit only (0.693542ms)
✔ request fence: keyless PUT (CAS), bodyless GETs, no transfer-encoding (16.441917ms)
✔ PUT body is the exact frozen shape {enabled, terms_version, descriptor_suffix, expected_version} (0.782625ms)
✔ the BFF route wires the card grammar: keyless CAS PUT, exact body, no-store, auth required (1.534333ms)
✔ the real card summary parses and drives the display state machine (1.346875ms)
✔ the real statement list parses: newest first, no lines, three payout states (0.828125ms)
✔ every real detail parses with its lines and the lines add up to the statement (1.024292ms)
✔ an empty ledger parses to no statements (0.2405ms)
✔ no account id, key or approval shape is in any real body (0.375166ms)
✔ the real statements display literally as signed contributions that add up to the server's net (14.787833ms)
ℹ tests 48
ℹ suites 0
ℹ pass 48
ℹ fail 0
ℹ cancelled 0
ℹ skipped 0
ℹ todo 0
ℹ duration_ms 121.76275
✔ option/slug/SKU caps equal internal/catalog (options.go, catalog.go) (4.355167ms)
✔ text caps equal the Go validators (name 120, description 8000, SEO 70/160, collection title 80) (1.254459ms)
✔ photo caps equal Go (MaxMainImages, MaxDetailImages, MaxImageBytes) and the SKU code pattern (1.0385ms)
✔ PE13 Cartesian matrix is local, preserves edits and deduplicates values (1.957709ms)
✔ PE13 bulk quantity skips negative rows without modifying them (0.151584ms)
✔ PE12 untracked document uses whole currency and per-order cap, never quantity (8.329541ms)
✔ PE14 missing readback is not guessed or silently cleared by full replacement (0.060792ms)
✔ bulk status accepts explicit per-item results, never empty or duplicated confirmations (0.187375ms)
✔ matrix refuses over 100 SKUs before expansion (0.083667ms)
✔ parity: admin caps equal the Go constants (1.710625ms)
✔ image list: 4 main + 20 detail + 2 sku in role order is accepted (0.359584ms)
✔ image list: 5 main, 21 detail, wrong role order, gaps and extra keys are refused (0.139333ms)
✔ single image: role is required and its position is bounded by the role cap (0.622292ms)
✔ option text limits count Go runes rather than UTF-16 units (0.205166ms)
✔ PE14 new edit SKU carries its own shipping and clears no existing fields (11.428458ms)
✔ PE14 patch changes only price and preserves unmentioned fields (0.166334ms)
✔ PE14 on_hand is not available, zero target is transmitted, ambiguous warehouse refuses (0.271583ms)
✔ PE14 explicit clears and shipping remain per SKU on an active row (0.116167ms)
✔ PE14 archive supersedes every other edit on that SKU (b77eeb11) (0.124917ms)
✔ PE14 no-op has no command fields and changed axes explicitly archive omitted variants (0.089292ms)
ℹ tests 20
ℹ suites 0
ℹ pass 20
ℹ fail 0
ℹ cancelled 0
ℹ skipped 0
ℹ todo 0
ℹ duration_ms 101.883459
(node:37969) ExperimentalWarning: Transform Types is an experimental feature and might change at any time
(Use `node --trace-warnings ...` to show where the warning was created)
✔ UNKNOWN retry client authorization loss requires reconciliation, not a fresh command (2.861542ms)
✔ UNKNOWN retry 401 authorization loss requires reconciliation, not a fresh command (10.558209ms)
✔ UNKNOWN retry 403 authorization loss requires reconciliation, not a fresh command (0.648459ms)
✔ a conclusive command rejection stays distinct from authorization loss (0.759291ms)
ℹ tests 4
ℹ suites 0
ℹ pass 4
ℹ fail 0
ℹ cancelled 0
ℹ skipped 0
ℹ todo 0
ℹ duration_ms 119.860416
(node:37972) ExperimentalWarning: Transform Types is an experimental feature and might change at any time
(Use `node --trace-warnings ...` to show where the warning was created)
✔ offer controls read authoritative limits without parsing unrelated KEYWORD_QTY_CONTAINS window/stats (11.922541ms)
✔ offer controls accept 101 through the backend cap of 200 distinct offers, reject 201 (3.642041ms)
✔ offer toggle preserves exactly the authoritative maximum in the real M4 payload (2.521667ms)
✔ console BFF admits exactly A1/A7/A6 and A5 read/copy methods (0.421875ms)
✔ Next proxy admits the exact console family and results query before the BFF (57.054ms)
✔ results query is canonical repeated session_id 1..50, everything else queryless (0.099875ms)
✔ real BFF route forwards only exact resources, authenticates scope and returns private scrubbed errors (41.340583ms)
✔ new commands reject unknown keys and preserve frozen copy/lifecycle/recommend body (0.154916ms)
✔ browser commands reuse Studio fences, exact no-comment recommend body and backend refusal codes (1.413083ms)
✔ results client preserves canonical ids/order and rejects invalid list before fetch (0.273333ms)
✔ stock client reuses catalog transport/key/parser and fences a changed login without retries (0.916625ms)
✔ journal replay sends the exact original method/path/body/key for all five commands (2.031167ms)
(node:37973) ExperimentalWarning: Transform Types is an experimental feature and might change at any time
(Use `node --trace-warnings ...` to show where the warning was created)
✔ A1 strict MOCK snapshot preserves unavailable counts, capability unknown and server stock (2.358583ms)
✔ A7 returns a separate lifecycle version and closed full KEYWORD_QTY_CONTAINS window (0.158ms)
✔ A5 results retain separate environments/currencies and bind exact requested ids/order (0.166333ms)
✔ A5 copy parses real Go envelope, copied offer prices and KEYWORD_QTY_CONTAINS window (0.377083ms)
✔ A6 accepts optional operation UUID, never guessed send success (0.089625ms)
(node:37974) ExperimentalWarning: Transform Types is an experimental feature and might change at any time
(Use `node --trace-warnings ...` to show where the warning was created)
✔ Live settings navigation accepts a scene picker entry but never a malformed or unscoped deep link (2.231ms)
✔ LC-B7 stock permission admits live_adjust without inventory:write, not unrelated grants (0.286791ms)
✔ Instagram comment total stays unavailable; Facebook observed count is not a platform total (0.258208ms)
✔ LC-U1 one primary action follows lifecycle, never planning or transport state (0.169917ms)
✔ LC-U1 stock target uses sellable delta and rejects fractions, negative and over-limit changes (0.36325ms)
✔ LC-U1 links only explicit FB post identities, never arbitrary URLs or guessed videos (0.130375ms)
✔ LC-U1 Facebook preview keeps the original no-frame CSP and uses a safe external link (0.615083ms)
✔ LC-U1 delayed copy completion cannot navigate after store switch or unmount (0.131334ms)
✔ LC-U1 receipt fence survives cookie rotation; pending replay still has a separate session boundary (0.335041ms)
ℹ tests 26
ℹ suites 0
ℹ pass 26
ℹ fail 0
ℹ cancelled 0
ℹ skipped 0
ℹ todo 0
ℹ duration_ms 281.610083
✔ secondary failures preserve A1; only A1 is periodic; IG notice follows the platform/embeddability observation (235.852125ms)
✔ the existing console refresh also explicitly refreshes its parent list; no automatic list read (13.580708ms)
✔ parent forwards only an explicit refresh callback and retains the scene when list is unavailable (7.59175ms)
✔ every explicit browser response/event/navigation waiter has a finite sub-test budget (7.4415ms)
✔ A1 failures back off 3/6/12/24/30 seconds and success resets to five seconds (83.031833ms)
✔ Retry-After is a minimum; hidden tabs cancel polling; forbidden locks and conceals (45.62475ms)
✔ secondary reads are mount/refresh only, independent from A1 and non-fatal (32.71475ms)
✔ UNKNOWN journal restores the exact key/method/path/body and explicit retry after reload (28.064875ms)
✔ first definite 403 clears journal but locks commands; late success after navigation clears only its own key (27.473083ms)
✔ private reads preserve Retry-After seconds and dates, without changing existing error codes (22.159209ms)
✔ a restored in-flight or UNKNOWN request retains its journal after a replay 403 (63.26425ms)
✔ restored copy success dispatches completion only in the still-current scene (36.621833ms)
✔ SessionCopy resyncs closed same-ID titles, preserves open edits and cancels to latest draft (24.187ms)
✔ SessionCopy submit uses latest version; UNKNOWN request survives later draft/input changes (21.642167ms)
ℹ tests 14
ℹ suites 0
ℹ pass 14
ℹ fail 0
ℹ cancelled 0
ℹ skipped 0
ℹ todo 0
ℹ duration_ms 583.823709
✔ claims window modes match Go constants and every SQL match_mode CHECK (4.691333ms)
✔ host prompt stays verbatim at the frozen trunk contract; Japanese is absent (0.874042ms)
✔ bundle parser accepts manual (labelled) and Meta (unlabelled) bundles (0.567083ms)
✔ bundle parser rejects unknown platforms and label/platform mismatches (0.150292ms)
✔ offer parser carries the live price and rejects every out-of-range or missing field (0.222792ms)
✔ library and import parsers are closed; removal receipt is the only version-0 shape (0.181917ms)
✔ price input: exact decimal minor units, never float, bounded to the currency's places (7.660375ms)
✔ live-tools copy exists in all three locales with the same conflict reasons (0.537ms)
✔ claims BFF allowlist is exactly M1–M7 per method (1.141584ms)
✔ M7 link response shape is closed (0.179375ms)
✔ host prompt copy is the frozen text, verbatim (0.36025ms)
ℹ tests 11
ℹ suites 0
ℹ pass 11
ℹ fail 0
ℹ cancelled 0
ℹ skipped 0
ℹ todo 0
ℹ duration_ms 100.484959
NOT_RUN: tests/media/r04-input-runner.test.mjs (COMMERCE_R04_LIVEKIT_BINARY unset)
✔ main/detail/sku caps use the existing frozen image contract (0.579417ms)
✔ phone and tall dimensions fit2000 without enlarging small assets (0.136834ms)
✔ upload query requires one exact role and sku value; reads/actions carry no query (0.353792ms)
✔ role transport encodes current option values and refuses invalid identities (0.153125ms)
✔ effective image axis follows current options, then falls back to first (0.066541ms)
✔ detail and option photos cannot satisfy the main-photo recommendation (0.058708ms)
✔ PM-U copy has matching keys in ja and all currently routed locales (0.118792ms)
✔ real-upload mode builds both Next applications on a clean CI checkout (11.082458ms)
✔ upload recovery journal survives a new session while remaining product/store scoped (0.111333ms)
✔ an option upload receipt requires its captured axis, value and image id on canonical readback (0.109042ms)
✔ failed durable recovery storage cannot authorize a media write (0.076167ms)
✔ an active product needs a main image after canonical media is known; repair paths stay possible (0.053833ms)
✔ empty media sections render a readable localized placeholder until photos are present (4.911458ms)
✔ real-upload mode never exits through the storefront MOCK shortcut (30.980791ms)
✔ a valid active zero-main product keeps an inline repair hint rather than a page error (3.477167ms)
✔ a new product issues the image-axis stage only for a chosen axis (0.824209ms)
ℹ tests 16
ℹ suites 0
ℹ pass 16
ℹ fail 0
ℹ cancelled 0
ℹ skipped 0
ℹ todo 0
ℹ duration_ms 258.814958
(node:38030) ExperimentalWarning: Transform Types is an experimental feature and might change at any time
(Use `node --trace-warnings ...` to show where the warning was created)
✔ a fitting PNG keeps the exact original File, bytes and alpha-capable format (0.819375ms)
✔ a JPEG exactly at both limits remains original, not a lossy re-encode (1.381167ms)
✔ an oversized phone JPEG is encoded below the cap after oriented scaling (0.621042ms)
✔ a large transparent PNG stays alpha-capable and is never painted with an opaque matte (0.401167ms)
ℹ tests 4
ℹ suites 0
ℹ pass 4
ℹ fail 0
ℹ cancelled 0
ℹ skipped 0
ℹ todo 0
ℹ duration_ms 87.442875
✔ HTTPS picklist fixture carries Secure session cookies automatically while preserving CSRF refusals (84.146792ms)
✔ batch controls stay compact until an order selection or live-session scope exists (0.140208ms)
✔ selection has XOR bodies, canonical unique IDs and separate 500/100 limits (0.354917ms)
✔ cross-page selection retains existing rows, deduplicates and refuses overflow atomically (0.880583ms)
✔ pick projection rejects PII/extra keys, invalid quantities and unmatched order identities (0.682542ms)
✔ batch replies bind one-for-one to confirmed orders and preserve uncertainty code (0.147958ms)
✔ pick/export POSTs reject keys and all query variants except one exact template (1.951125ms)
✔ CSV filename binds to selected template and store; no path/header injection (0.214834ms)
✔ MOCK browser fixture list matches the incumbent closed order parser (12.991458ms)
✔ recovery never clears an unknown or missing current attempt (0.130125ms)
✔ recovery and order-detail MOCK fixtures satisfy real read parsers (6.208042ms)
✔ order selection can read its session fence during SSR without browser globals (0.836459ms)
✔ MOU keeps native headed checks runnable on a Linux CI worker without DISPLAY (14.502167ms)
✔ pick fixture serves the scoped parcel reads required by the orders page (5.104583ms)
ℹ tests 14
ℹ suites 0
ℹ pass 14
ℹ fail 0
ℹ cancelled 0
ℹ skipped 0
ℹ todo 0
ℹ duration_ms 505.85825
✔ bodyless dissolve DELETE (empty body stream, no content-length) reaches Go with the CAS query, no body, no key (14.703875ms)
✔ every parcel DELETE must carry exactly one expected_version >= 1 (never forwarded without it) (1.839875ms)
✔ a DELETE that declares a body or chunked framing is refused (0.304417ms)
✔ DELETE needs the session, origin and CSRF like every command; other DELETEs stay unsupported (0.764584ms)
✔ GET parcel-groups (open groups read) and merge-suggestions pass with no query; a query or key is refused (5.917333ms)
✔ actual MOU parcel runner selects and collects the real parcel browser case (314.48825ms)
✔ merge suggestions accept the frozen shape (server-masked recipient) and reject drift (1.048083ms)
✔ created group requires the OPEN state and its members (0.12525ms)
✔ dissolved group is exactly id/state/version (0.116375ms)
✔ group shipment carries one SHIPPED version per member (1.153042ms)
✔ open groups (GET parcel-groups) accept the frozen shape and fail closed on drift (1.862833ms)
✔ reconcile: a reload rebuilds OPEN panels, a vanished OPEN group is dropped, history and live versions are kept (1.852208ms)
✔ three locales cover the same keys and every refusal code (0.962125ms)
✔ the owner-ruling sentence is exact in all three locales (0.216584ms)
✔ the in_parcel_group copy is the same sentence in parcels-copy (blocked + errors) and orders-copy, in every locale (0.100042ms)
✔ groupOfOrder prefers the OPEN group over retained SHIPPED/DISSOLVED history (0.3975ms)
✔ parcelOrderNumber is the canonical LC-<32 uppercase hex> order number and matches the open-group parser (0.1675ms)
✔ parcel refresh generation: bumped by every successful poll, whatever the cursor (0.051125ms)
✔ parcel refresh generation: an in_parcel_group refusal bumps it, other refusals do not (0.05175ms)
✔ exactly the five W3-07B resources route (0.820916ms)
✔ dissolve carries exactly ?expected_version=N (N >= 1) (0.116375ms)
✔ readMergeSuggestions 401 immediately purges parent scope and refuses late sibling 200 (17.4215ms)
✔ readMergeSuggestions 403 immediately purges parent scope and refuses late sibling 200 (4.522083ms)
✔ readMergeSuggestions 404 immediately purges parent scope and refuses late sibling 200 (4.249875ms)
✔ readOpenParcelGroups 401 immediately purges parent scope and refuses late sibling 200 (3.760125ms)
✔ readOpenParcelGroups 403 immediately purges parent scope and refuses late sibling 200 (6.993083ms)
✔ readOpenParcelGroups 404 immediately purges parent scope and refuses late sibling 200 (10.67275ms)
✔ readMergeSuggestions 503 preserves parent and local retry recovers actual DTOs (5.100917ms)
✔ readOpenParcelGroups 503 preserves parent and local retry recovers actual DTOs (4.851583ms)
✔ captured parent groups callback refuses hidden scope (3.2235ms)
ℹ tests 30
ℹ suites 0
ℹ pass 30
ℹ fail 0
ℹ cancelled 0
ℹ skipped 0
ℹ todo 0
ℹ duration_ms 390.8205
✔ exactly the nine W6-01B resources are admitted, each only under its own method (0.774209ms)
✔ the customer list is claimed only when a tag filter is present (customers-request.ts stays the owner otherwise) (0.085625ms)
✔ near misses are refused (no generic proxying) (0.074375ms)
✔ reads: no body, no key, no transfer-encoding; tag-list takes no query at all (32.388042ms)
✔ customer-list query: closed keys, tag must be a canonical uuid, list bounds identical to customers-request (2.636584ms)
✔ note-list query: only limit and after, with the customers-list bounds (1.113792ms)
✔ writes: exactly one well-formed Idempotency-Key; the two DELETEs carry no body but still need the key (1.54325ms)
✔ validTagName mirrors Go (NFC first, 1..20, trimmed, no control/Cf) (0.356541ms)
✔ validNoteBody mirrors Go (1..1000, not blank, only \n \r \t controls) (0.224167ms)
✔ tag-create body: closed keys, valid name and one of the eight colors (0.194542ms)
✔ tag-patch body: at least one of name/color, nothing else (0.081083ms)
✔ owner-tags body: tag_ids (<=100 canonical uuids) + 64-hex revision, exact keys (0.134333ms)
✔ note bodies: create {body}; patch {body, version>=1}; deletes and reads carry no body at all (0.132042ms)
✔ parseTagCatalog decodes {items: TagRecord[]} with the store-catalogue bounds (0.706958ms)
✔ parseTagSet / parseDeletedTag / parseDeletedNote decode the frozen write receipts (0.318166ms)
✔ parseNoteRecord / parseNotePage decode notes with the Go note rules (12.041334ms)
✔ customer-tags copy: three locales, identical key sets, the integrator's ruled note-privacy text verbatim (0.420458ms)
✔ components wire the ruled copy and the tag/note controls the specs click (1.309ms)
✔ tag read names must already be trimmed NFC and Unicode code-point bounded (0.128083ms)
✔ session change before network sends nothing (3.670583ms)
✔ session changes after network or during body parse drop the response (92.319084ms)
✔ transient session digest failure is settled only before dispatch (6.473709ms)
✔ lost response followed by a changed session is UNKNOWN after dispatch (0.593ms)
✔ lost response does not auto-retry; explicit replay keeps method/key/payload/scope (5.208959ms)
✔ 5xx or malformed success is uncertain, coded refusal is settled (10.31175ms)
✔ passive tag/detail refresh preserves an unsaved new-note draft (29.671584ms)
✔ passive refresh updates visible notes but preserves edit draft and original CAS version (0.954875ms)
✔ explicit refresh signal clears old edit draft while passive array changes do not (0.726ms)
✔ an unauthorized note read clears private note bodies and the draft (4.602292ms)
✔ a transient note read failure keeps the notes already shown (4.069083ms)
✔ an unauthorized note read signals the global logout once; a transient failure does not (3.687167ms)
✔ non-privacy writer: own notes keep Edit and Delete on a fresh mount, others' notes do not (0.877042ms)
✔ notes forbidden/not_found signals scope loss exactly once per mount, never on transient failure (26.876708ms)
✔ bad path/store/method/query/header is refused without authority or backend calls (26.213208ms)
✔ the actual proxy admits a tagged customer list with scoped search/cursor and rejects malformed tag authority (6.281209ms)
✔ signed-out/cross-store/Origin-CSRF denials short circuit before body or forwarding (1.550167ms)
✔ closed bodies and DELETE payloads cannot reach Go (6.979583ms)
✔ all write methods preserve exact key/body/store and private success status (8.548834ms)
✔ note pagination preserved and hostile backend errors/bodies sanitized (23.996083ms)
✔ a catalogue forbidden or not_found asks the parent to re-run its guarded reads, with no logout (146.405208ms)
✔ transient catalogue failures stay local; unauthorized logs out but is not a scope loss (127.16375ms)
✔ after a tag write the manager stays mounted: the catalogue refreshes in place, never reloads (16.112542ms)
✔ a manager-reported scope loss reloads the customer list and catalogue guarded reads (23.046708ms)
✔ CustomerDetail forwards a scope-lost signal to the guarded read once per page (15.567916ms)
✔ badges are escaped server tag facts with human-readable names (3.17775ms)
✔ actual customer notes render privacy notice, safe content, author fallback and read-only permissions (10.811917ms)
✔ unknown permissions and erased customer never offer note mutations (1.13275ms)
✔ write-only notes permit add but not edit/delete of notes the server does not mark own; privacy permission permits both (1.474667ms)
✔ manager trigger and all three localized buyer-export notices render through actual components (1.843875ms)
✔ UNKNOWN survives settled unauthorized retry until trusted success; fresh run ignored (3.435542ms)
✔ UNKNOWN survives settled forbidden retry until trusted success; fresh run ignored (1.062959ms)
✔ UNKNOWN survives settled version_changed retry until trusted success; fresh run ignored (0.391792ms)
✔ first-attempt preflight refusal is settled and permits a fresh action (0.373125ms)
✔ UNKNOWN and in-flight retries prevent duplicate dispatch; unmount discards stale outcome (0.40625ms)
✔ an unauthorized write signals the global logout; forbidden does not (0.481416ms)
✔ UNKNOWN command survives unmount/remount: still locked, same-key retry, cleared by trusted success (0.331208ms)
✔ a command unmounted while in flight is treated as UNKNOWN on remount (0.29625ms)
✔ a session boundary change drops the remembered UNKNOWN command (2.357416ms)
✔ a guarded read that ends signed-out signals the global logout once (79.1215ms)
✔ forbidden/unavailable failures and a successful read signal no logout (4.717375ms)
✔ refresh ending signed-out clears the view, blocks and signals the global logout once (10.450875ms)
✔ refresh ending forbidden or not-found clears the data without a logout (6.970875ms)
✔ a transient refresh failure keeps the ready view and signals nothing (8.081709ms)
✔ exactly the eight report GETs are admitted; every other method or path is refused (0.699958ms)
✔ report reads: query required, no body, no key, no transfer-encoding (24.218583ms)
✔ from/to: exactly once each, calendar-valid days, 0..91 apart (0.374292ms)
✔ session_id: only on the funnel (json and csv), a canonical uuid, once (0.278208ms)
✔ parseProductReport: echoed range/zone, <=1000 rows sorted by net desc, net = captured - refunded (9.413625ms)
✔ parseChannelReport: closed vocabulary order, money per environment strictly ascending, I05 inside every bucket (0.504542ms)
✔ parseFunnelReport: nested counts, session echo, ordered_without_link bound (0.255667ms)
✔ parseManualReport: nullable principal/session ids, bucketed money like channels (0.183542ms)
✔ reports copy: three locales, identical key sets, the integrator's ruled money annotation verbatim (0.183708ms)
✔ Reports.tsx: four tabs, CSV per tab, ruled annotation, CSS/SVG charts only (no new dependencies) (1.825166ms)
✔ report CSV closed headers use actual Go slug, echoed dates and private no-store (0.524084ms)
✔ report response projection rejects unknown keys, mismatched range and non-private responses (1.561166ms)
✔ manual buckets follow Go's uncapped row count rather than a made-up 500-row limit (1.719084ms)
✔ display sorts only inside currency/environment groups, never sums money or mutates server rows (11.139916ms)
✔ page report query accepts exactly the four report names and defaults to products (0.067125ms)
✔ actual product table renders offline separately, both modes, no UUID copy and sortable headers (19.424333ms)
✔ actual channel chart exposes exact numbers and both money modes using SVG (0.877708ms)
✔ actual funnel has four stages, nested widths and truthful zero-denominator text (2.248458ms)
✔ manual table resolves authorized labels, has honest fallback, and never presents UUIDs (2.582708ms)
✔ all report views render localized empty states (1.067625ms)
✔ actual BFF refuses malformed query, unknown store/session, disabled auth and missing CSV fences before Go (57.371208ms)
✔ actual BFF closed JSON projection and CSV scope/query preserve trusted token; no forwarded client authority (23.766625ms)
✔ actual BFF permission and malformed CSV response fences do not masquerade as a download (9.852875ms)
✔ audited browser GET accepts same-origin Fetch Metadata plus CSRF, never cross-site or forwarded Host (19.853959ms)
✔ actual CSV client preflight sends nothing after session change, and a lost audit response is uncertain with no retry (11.58325ms)
✔ actual CSV client refuses stale-session bytes and downloads only a closed private response (16.297333ms)
✔ report leaf gives the actual trusted fetch 65 seconds, rejects redirects and forwards only server bearer (4.931708ms)
✔ incoming request cancellation aborts the real report fetch once, returns safe unavailable and never retries (6.815708ms)
✔ CSV final synchronous fence conceals bytes when cancellation, hide or cookie rotation happens inside final await (21.948542ms)
✔ CSV end-to-end deadline covers store lookup and report budget; aborted preflight sends no audited request (9.665833ms)
✔ an uncertain export stays locked for its scope after another scope's export (4.058958ms)
✔ an uncertain export scope persists per store in tab storage and re-locks a fresh render (24.088625ms)
✔ unavailable tab storage fails closed to the in-memory lock without throwing (4.310417ms)
✔ export lock is stored before dispatch; refused/delivered outcomes release it, uncertain and cut-short keep it (35.024666ms)
✔ releasing one scope keeps the other uncertain scopes of the store (3.646541ms)
✔ export is refused and nothing is dispatched when the lock cannot be saved (denied, full or no storage) (8.27125ms)
✔ copy for an unsaved export lock exists in every locale (0.124417ms)
✔ product sort query parses strictly and defaults to net_minor descending (0.207084ms)
✔ legacy-store permission probe: forbidden/not-found/signed-out fail the read closed, transient falls back (9.6295ms)
✔ channel and funnel data retain their applied dates while draft dates wait for Show (85.462708ms)
✔ an uncertain export lock is bound to the session boundary, so a different user does not inherit it (20.262792ms)
✔ Finance landing links to reports under the same canSeeReports rule (9.068375ms)
✔ selected tag survives searches and cursor pagination while an empty filter is omitted (33.671583ms)
✔ customer list dispatch preserves legacy requests and sends every tag query to the closed W6 authority (270.107791ms)
✔ customers reports link is hidden only when permissions are present and lack orders:read (0.123875ms)
✔ reports are a finance subpage and preserve the existing single finance navigation entry (0.117125ms)
✔ an authoritative erased customer immediately unmounts the cached private tags/notes subtree (24.483583ms)
✔ the actual customer row shows manual tags and imported status without changing consent (4.5885ms)
✔ P1 actual tag DELETE accepts an empty Next-style stream without JSON MIME (445.867584ms)
✔ P1 actual note DELETE accepts an empty Next-style stream without JSON MIME (1.229208ms)
✔ P1 body-carrying tag writes still require JSON MIME through the real BFF (0.272125ms)
✔ P2 customer bare/encoded tag keys are invalid422 through the actual leaf before any backend (2.720666ms)
✔ P2 report products real session/CSRF response is private and Vary Cookie (1.069541ms)
✔ P2 report products.csv real session/CSRF response is private and Vary Cookie (0.529041ms)
✔ P2 report malformed query and wrong CSRF are rejected by actual helpers before upstream (0.357542ms)
ℹ tests 118
ℹ suites 0
ℹ pass 118
ℹ fail 0
ℹ cancelled 0
ℹ skipped 0
ℹ todo 0
ℹ duration_ms 1232.345583
✔ real coded errors retain baseline classification and normalize import leaf cache to private,no-store (46.438ms)
✔ preflight missing CSRF is definite and sends nothing; actual route CSRF and session refusals stay definite (9.39625ms)
✔ actual route uses real cookies/store membership and method/error envelopes, no helper substitutions (5.15375ms)
✔ actual client/route preserves original Blob bytes, trusted transport and privacy projection on200/409 (2.852792ms)
✔ success or stale preview must remain private; malformed/unknown/mismatched coded errors are uncertain after commit (3.403875ms)
✔ lost/unreadable/session-changed dispatched commit remains UNKNOWN; no automatic retry (1.003167ms)
✔ actual failed-only result route strips IDs and real final session/cancel fence exposes no download (1.829042ms)
✔ actual route refuses unknown resource/query and duplicate session cookies before any upstream call (0.323334ms)
✔ actual route incoming cancellation aborts one dispatched transport and preserves client UNKNOWN (0.568292ms)
✔ real coded error cache may not be public, and closed payload may not acquire data-bearing fields (1.180833ms)
✔ copy still exposes specific merchant field reasons across three locales (3.2415ms)
✔ all real local and upstream import refusals including HEAD/unsupported are exact private,no-store (0.58875ms)
✔ fresh mismatched receipt stays UNKNOWN, exact manual replay mismatch becomes terminal without a third send (1.599959ms)
✔ terminal is impossible for malformed replay receipts or matching replayed counts (0.934542ms)
✔ Big5 bytes pass unchanged to upstream and real422 import envelope surfaces encoding_not_utf8 (0.547333ms)
✔ oversize file uses the actual header guard and specific size guidance in all locales without dispatch (16.574709ms)
✔ commit uses the original requested mapping, including an empty optional field, not resolved preview metadata (3.813666ms)
✔ an UNKNOWN commit remains locked through a later forbidden retry and only explicit same-file success unlocks (3.138625ms)
✔ leaving during a dispatched commit drops its payload and keeps an unconfirmed boolean without replay (2.198708ms)
✔ a definite first preflight refusal clears pending before sign-out and does not invent an unconfirmed import (3.376125ms)
✔ a replayed mismatched receipt ends UNKNOWN without offering another retry or unlocking historical orders (4.479083ms)
✔ real cookie and CSRF helpers generate and validate the actual host-cookie pair (1.134959ms)
✔ exact route rejects methods/keys/body/query/scope before any upstream request using real localError (2.615792ms)
✔ missing/duplicate session cookies reject and real clearAuthCookies expires session and CSRF (0.371333ms)
✔ actual authenticatedStores denies a store absent from the server projection (0.551375ms)
✔ private success routes server cookie token and exact canonical after, never caller bearer/cookie to Go (1.614208ms)
✔ actual safeError/localError preserve coded status with no-store and redact upstream diagnostics (0.972167ms)
✔ actual readBody and strict projection refuse MIME/oversize/extra private fields/city; network loss stays private (1.341375ms)
✔ actual client issues GET50/after through real route/private successful projection (6.542291ms)
✔ actual helper-issued browser fence rejects changed parent before dispatch (0.761709ms)
✔ private success from real route is discarded when the browser session changes during upstream read (1.217667ms)
✔ real localError no-store 401/403/404/503 preserves correct read category with no retry (2.399292ms)
✔ malformed sensitive backend projection becomes real unavailable, never a fake BFF success (0.524542ms)
✔ strict archive rows decode external order text, safe minor units and public keys (3.758666ms)
✔ PII-shaped city and extra sensitive fields never pass the safe projection (0.864917ms)
✔ all canonical Go cities pass; malformed types/bounds/order/time/money/cursor fail (1.752833ms)
✔ read grammar is exact limit/after, not the stale brief's cursor name (43.770291ms)
✔ three locales retain truthful history-not-revenue basis and copy parity (0.463292ms)
✔ SSR renders actual safe rows, shared money/time, total count and read-only three-locale basis (24.936625ms)
✔ SSR distinguishes empty archive, 403, session loss and unavailable without stale rows/count (3.130625ms)
✔ actual pagination callbacks use opaque trail; double click cannot skip; refresh/scope reset page1 (1.304208ms)
✔ the static import subpage wins over customer detail and leaves the single customers nav intact (0.356167ms)
✔ the actual list offers import only to privacy holders and carries the current authorized store (167.02275ms)
✔ the actual detail mounts archive only for an active imported customer and passes its fenced identity (22.418375ms)
✔ MIUI-READY-VISIBLE-STORE actual signed helper waits on the visible selector and retains cookie/wizard assertions (184.711125ms)
✔ MIUI-READY-DENIED read-only staff reaches the real shell refusal instead of waiting for a private wizard (8.69725ms)
✔ failure verdicts precede successful rows, by source row number, without mutating the input (0.644166ms)
✔ the failure download contains only failed row metadata, with no source cell or success identifier (0.20575ms)
✔ reads quoted/BOM header only, without decoding malformed bytes from data rows (4.238666ms)
✔ guess only unique metadata aliases with explicit unmapped values (0.348667ms)
✔ shared dynamic leaf admits only exact import methods/actions and bounded mapping/count (25.555459ms)
✔ failed CSV emits only row/outcome/code, refusing any unexpected identifier or raw cell (0.262ms)
✔ raw-byte cap does not decode/rebuild uploads and cancels oversized chunks (2.59725ms)
✔ backend privacy projection strips all source IDs on successful and failed rows (0.891792ms)
✔ closed preview parser refuses data-bearing rows, unknown keys and inconsistent counts (0.229833ms)
✔ order preview counts units while first CSV record numbers can exceed rows_total (0.069333ms)
✔ commit receipt has exactly five keys and no extra customer cells (0.088125ms)
ℹ tests 57
ℹ suites 0
ℹ pass 57
ℹ fail 0
ℹ cancelled 0
ℹ skipped 0
ℹ todo 0
ℹ duration_ms 675.049625
✔ G-UI8 storefront pages and the sweep's STOREFRONT_ROUTES are the same set (1.341375ms)
✔ parseShard: i/N, empty means unsharded, anything malformed throws (0.247792ms)
✔ assignShards: deterministic, every key owned once, near-balanced (LPT bound) (0.946791ms)
✔ planClick: for every N the shards partition the whole universe (every registry route x variant, storefront walk, journey) (1.180916ms)
✔ planClick at N=10 keeps every shard within ~1.3x of the mean planned cost (0.12ms)
✔ aggregate click: honest shards pass for several N (2.373334ms)
✔ aggregate click: a missing shard, a dropped page row, a lost journey, a failing row, a stale known defect and a missing platform marker are each a failure (3.917833ms)
✔ aggregate click: a route added to the registry after the shards ran cannot pass (the registry is re-read) (0.381375ms)
✔ aggregate visual: honest shards pass; a missing shard, a missing shot, a blocking verdict and a registry route outside the universe each fail (4.767459ms)
ℹ tests 9
ℹ suites 0
ℹ pass 9
ℹ fail 0
ℹ cancelled 0
ℹ skipped 0
ℹ todo 0
ℹ duration_ms 88.069333
ci-plan: 10 job(s); click-sweep x10 (aggregate)
  --browser-click-sweep@1/10  -> artifact gate-browser-click-sweep_1_10
  --browser-click-sweep@2/10  -> artifact gate-browser-click-sweep_2_10
  --browser-click-sweep@3/10  -> artifact gate-browser-click-sweep_3_10
  --browser-click-sweep@4/10  -> artifact gate-browser-click-sweep_4_10
  --browser-click-sweep@5/10  -> artifact gate-browser-click-sweep_5_10
  --browser-click-sweep@6/10  -> artifact gate-browser-click-sweep_6_10
  --browser-click-sweep@7/10  -> artifact gate-browser-click-sweep_7_10
  --browser-click-sweep@8/10  -> artifact gate-browser-click-sweep_8_10
  --browser-click-sweep@9/10  -> artifact gate-browser-click-sweep_9_10
  --browser-click-sweep@10/10  -> artifact gate-browser-click-sweep_10_10
✔ the full sweep and the full visual lint fan out into every shard and ask for the aggregate (1.449375ms)
✔ foundation-shards = the unit shard + every plan group; the serial `foundation` mode is untouched (0.729417ms)
✔ an explicit shard re-run (or a partial list) never claims the whole-run aggregate (0.097875ms)
✔ duplicates collapse, artifact names are safe and unique, bad input is refused (0.333459ms)
✔ main writes matrix / sweep_n / visual_n to GITHUB_OUTPUT (1.09875ms)
✔ mode discovery has no Docker/build dependency and includes the existing universe (29.837375ms)
✔ dry-run resolves a mode without executing dependencies and keeps its command environment (60.81925ms)
✔ one appended case is discovered and dispatched; malformed and duplicate registry entries fail closed (41.988541ms)
✔ registry discovery cannot silently lose indented, aliased or unrecognised Bash case arms (3.499417ms)
✔ backend-only paths run foundation-shards only (0.880875ms)
✔ node tests of deploy scripts and of the CI planner are backend-only (they cannot change a browser) (1.366917ms)
✔ a UI path adds the whole browser set, including click-sweep and visual-lint (4.788834ms)
✔ docs-only and output-only diffs keep the single required check (foundation-shards) (0.245958ms)
✔ legacy browser_* paths still select all browsers; a known untagged foundation file stays backend-only (0.492625ms)
✔ legacy deploy prefixes remain selected and unrelated paths do not select smoke (1.62ms)
✔ the browser set is release-gate's browser-mode universe minus the documented exclusions (54.886042ms)
✔ every real browser-tagged foundation file selects registry browser modes, including non-browser names (108.378167ms)
✔ tagged runner discovery follows registry additions, command arrays and line continuations (0.958667ms)
✔ deploy smoke is selected for its workflow, verdict/helpers and executable test inputs (1.680083ms)
✔ new selection never drops legacy modes or deploy for any tracked path (433.600125ms)
✔ CLI classifies merge-base and explicit head, including removed tags, deleted files and renames (468.997875ms)
✔ CLI explicit head and stdin include tags outside the checkout and uncommitted tag removals (205.111125ms)
✔ compound/legacy tags and unknown source are conservative; known untagged source stays backend-only (3.228459ms)
✔ explicit-head CLI derives tagged runner modes from that head's real registry (173.427125ms)
✔ real Git CLI preserves legacy selection: quotePath=true, "架构.md" (154.0425ms)
✔ real Git CLI preserves legacy selection: quotePath=true, "internal/示例.go" (149.308375ms)
✔ real Git CLI preserves legacy selection: quotePath=true, "tests/foundation/plain\tname_test.go" (161.588208ms)
✔ real Git CLI preserves legacy selection: quotePath=true, " deploy/scripts/synthetic-smoke.sh" (156.269792ms)
✔ real Git CLI preserves legacy selection: quotePath=false, "架构.md" (160.577583ms)
✔ real Git CLI preserves legacy selection: quotePath=false, "internal/示例.go" (148.7545ms)
✔ real Git CLI preserves legacy selection: quotePath=false, "tests/foundation/plain\tname_test.go" (173.023625ms)
✔ real Git CLI preserves legacy selection: quotePath=false, " deploy/scripts/synthetic-smoke.sh" (147.445583ms)
✔ stdin unions legacy trimming without trimming the source lookup path (87.9205ms)
✔ parser: only compiled, correctly-shaped Test functions of untagged _test.go files (2.016291ms)
✔ the real plan: every top-level test of tests/foundation runs in exactly one group (606.9715ms)
✔ a new test (in no list) still runs, exactly once, in the catch-all group; the same name with no catch-all is red (911.050041ms)
✔ a test listed in two groups is red; drift beyond the limit is red (908.735041ms)
✔ regexes: anchored explicit lists; the catch-all skips exactly everyone else's tests (0.348208ms)
✔ pack: deterministic, balanced to within the longest test, every name once (4.130041ms)
✔ parseDurations: top-level lines only (0.187333ms)
ℹ tests 40
ℹ suites 0
ℹ pass 40
ℹ fail 0
ℹ cancelled 0
ℹ skipped 0
ℹ todo 0
ℹ duration_ms 2843.587416
✔ A8/A9/A13 and published templates: exact reads forward once with no-store (28.045625ms)
✔ real streamed POST bodies: A10-A14 exact keys reach upstream (20.990417ms)
✔ query, read headers, methods and body allowlists refuse before upstream (11.810791ms)
✔ session, CSRF and store authority precede content forwarding (3.519708ms)
✔ A12 fixed codes preserved; arbitrary upstream diagnostics stripped (14.164666ms)
✔ client preserves codes and receipt; changed/aborted session cannot publish private response (3.397833ms)
✔ A9 admits a full page of valid Unicode replies while bounding private response bytes (3.966333ms)
✔ non-JSON upstream 401 still expires both authentication cookies without diagnostic leakage (1.3205ms)
✔ real M7 response keeps no-referrer after matching Next production header rules (11.734625ms)
✔ three unit languages cover identical fixed labels and delivery states (0.698167ms)
✔ hiding aborts requests and rejects late responses, even after reveal (0.408625ms)
✔ switching selection invalidates both reads and write completions (0.061959ms)
✔ owner and explicit inbox permissions only; viewer fails closed (0.051791ms)
✔ Messenger counts Unicode codepoints; Instagram counts NFC UTF8 bytes (0.576ms)
✔ uncertain transport retries retain the exact submission; definitive conflicts retire it (0.451167ms)
✔ privacy calibration cannot activate with production origin or ordinary caller env (0.145334ms)
✔ late focus/pageshow while native document remains hidden cannot reveal requests (0.090958ms)
✔ terminal navigation revocation cannot be undone by focus or refresh until a new page fence (0.056541ms)
✔ a ticket from another store/page fence is never accepted (0.050625ms)
✔ focus while already visible preserves the active epoch and the uncertain reply receipt (0.082667ms)
ℹ tests 20
ℹ suites 0
ℹ pass 20
ℹ fail 0
ℹ cancelled 0
ℹ skipped 0
ℹ todo 0
ℹ duration_ms 203.003625
✔ installed APIRequestContext cookie rules exclude Secure cookie from HTTP127 but retain HTTPS/localhost (0.461125ms)
✔ actual INU02 cross uses browser auth and retains exact 404/DM absence (46.330292ms)
✔ actual INU02 cross still rejects wrong authority 401 (8.56675ms)
✔ actual INU02 cross still rejects wrong authority 200 (2.021333ms)
✔ actual INU02 cross still rejects DM in denied response (1.718084ms)
✔ actual INU02 denied uses browser auth and retains exact 403/DM absence (1.486792ms)
✔ actual INU02 denied still rejects wrong authority 401 (1.380333ms)
✔ actual INU02 denied still rejects wrong authority 200 (1.1015ms)
✔ actual INU02 denied still rejects DM in denied response (1.978542ms)
✔ actual login settles /en and fixture store (real switch, scoped=false) (34.347208ms)
✔ actual login settles /en and fixture store (real switch, scoped=true) (73.947917ms)
✔ actual login settles /en/inventory and fixture store (real switch, scoped=false) (11.794208ms)
✔ actual login settles /en/inventory and fixture store (real switch, scoped=true) (2.439875ms)
✔ actual login settles /en/messages and fixture store (real switch, scoped=false) (5.0745ms)
✔ actual login settles /en/messages and fixture store (real switch, scoped=true) (8.873917ms)
✔ actual login settles /en and fixture store (already selected, scoped=false) (1.655583ms)
✔ actual login settles /en and fixture store (already selected, scoped=true) (1.530125ms)
✔ actual login settles /en/inventory and fixture store (already selected, scoped=false) (10.087375ms)
✔ actual login settles /en/inventory and fixture store (already selected, scoped=true) (2.781ms)
✔ actual login settles /en/messages and fixture store (already selected, scoped=false) (7.621417ms)
✔ actual login settles /en/messages and fixture store (already selected, scoped=true) (1.371166ms)
✔ bundle fixture uses real claim commands and mounts existing M6/M7 without issuing early (2.212833ms)
✔ sensitive bundle scenario clicks native clipboard with trace/video disabled and no token body reads (0.188542ms)
✔ persisted link and token-free command receipt are compared without disclosing credentials (0.12625ms)
✔ actual clipboard evaluator exports only safe summary and detects malformed or retained synthetic credentials (257.54575ms)
✔ claim-window fixture isolates recovery after the current migration permits multiple OPEN windows (1.790458ms)
✔ ordinary Playwright diagnostics still capture failed-page ARIA when private guard is absent (0.638041ms)
✔ sensitive worker lifecycle prevents actual installed snapshot capture without masking the failure (26.951333ms)
✔ worker restores prior environment even when use rejects (absent) (4.656584ms)
✔ worker restores prior environment even when use rejects (empty) (5.169583ms)
✔ worker restores prior environment even when use rejects (existing-policy) (3.34975ms)
✔ fixture is worker-auto and module collection does not suppress ordinary diagnostics (49.197ms)
✔ ordinary matcher ARIA context bypasses fallback flag and remains in actual installed diagnostics (2.62825ms)
✔ private test teardown removes only matcher page context while preserving failure (failed status) (4.788875ms)
✔ private test teardown removes only matcher page context while preserving failure (rejected use) (1.705292ms)
✔ matcher guard is test-auto without replacing the installed artifact auto fixture (1.222125ms)
✔ real Playwright --list collects each original INU case and isolated INU09 exactly once (1025.395458ms)
✔ A real Inbox selection admits Go A9 attachments null without losing thread (85.627917ms)
✔ A real Inbox selection admits Go A9 attachments empty array without losing thread (9.346041ms)
✔ A malformed non-array A9 attachments is refused without painting DM or crashing selected entry (1.972708ms)
✔ C A8 HTTP200 empty list is ordinary data with no alert, selection or focus request storm (2.260625ms)
✔ C A8 list404 is scoped inbox unavailable in en, never an empty list or conversation denial (2.403083ms)
✔ C A8 list404 is scoped inbox unavailable in zh-TW, never an empty list or conversation denial (1.084417ms)
✔ C A8 list404 is scoped inbox unavailable in zh-CN, never an empty list or conversation denial (1.296541ms)
✔ C click-sweep Go harness mounts existing Inbox/templates services (STRUCTURE_ONLY, Go NOT_RUN) (2.090959ms)
✔ C click-sweep includes actual-router owner200 empty inbox assertion (STRUCTURE_ONLY, Go NOT_RUN) (0.81725ms)
✔ inbox evidence is covered by the CI upload root (1.633833ms)
✔ failed Playwright closes its log and emits sanitized diagnostics before Fatalf (7.376042ms)
✔ failure diagnostics match INU cases/counts without admitting private text (1.707792ms)
✔ INU04 delayed handler 1 signals completion when fulfillment rejects (21.757084ms)
✔ INU04 delayed handler 2 signals completion when fulfillment rejects (2.357917ms)
✔ recoveryDone waits for actual held M7 completion in zh-TW (54.6515ms)
✔ recoveryDone waits for actual held M7 completion in zh-CN (2.453583ms)
✔ recoveryDone waits for actual held M7 completion in en (3.682834ms)
✔ review2 P1 bundle-only row opens real A13 and issues existing M7 claim link to clipboard (51.642417ms)
✔ review2 P1 clipboard denial recopy reuses cached issued URL without another M7 POST (22.692459ms)
✔ review2 P1 lost M7 ACK retries exact receipt and null replay token never mints a fresh key (22.842917ms)
✔ review2 P1 missing CSRF before cached recopy cannot copy or issue again (21.708916ms)
✔ review2 P1 missing CSRF before uncertain retry rejects preserved receipt dispatch (17.017834ms)
✔ review2 P1 late issued-link completion after hide cannot write clipboard (14.866417ms)
✔ review2 P1 late issued-link completion after selection cannot write clipboard (9.693041ms)
✔ review2 P1 late issued-link completion after unmount cannot write clipboard (5.776791ms)
✔ review2 P1 late issued-link completion after logout cannot write clipboard (4.883166ms)
✔ review2 P1 claim-link issuance denied without both live read/manage (inbox:read,live:read) (11.662917ms)
✔ review2 P1 claim-link issuance denied without both live read/manage (inbox:read,live:manage) (1.52925ms)
✔ review2 P1 missing authoritative recovery identity never guesses generation {"missingSession":true} (5.6975ms)
✔ review2 P1 missing authoritative recovery identity never guesses generation {"noBundle":true} (1.156458ms)
✔ review2 P2 exactly one matching binding uses named DM hard gate ok (7.62875ms)
✔ review2 P2 exactly one matching binding uses named DM hard gate review_required (6.744417ms)
✔ review2 P2 exactly one matching binding uses named DM hard gate missing_permission (1.30275ms)
✔ review2 P2 multiple same-provider bindings advisory only (dm_session:ok,dm_session:missing_permission) (3.694583ms)
✔ review2 P2 multiple same-provider bindings advisory only (dm_session:missing_permission,dm_session:reauth_required) (2.79725ms)
✔ review2 P2 multiple same-provider bindings advisory only (dm_session:ok,read_comment:missing_permission) (2.032584ms)
✔ review2 P2 multiple same-provider bindings advisory only (dm_session:review_required,dm_session:ok) (0.959584ms)
✔ review2 P2 actual scoped A12 409 capability refusal remains visible after advisory submit (2.725792ms)
✔ review2 P2 missing health and single binding without named DM remain disabled (6.61275ms)
✔ review2 P2 expired cached issued link cannot be recopied or silently reissued (11.982541ms)
✔ P1-1 actual visible focus preserves pending ticket, selection, revision and real retry receipt (1.951125ms)
✔ P1-1 actual unchanged-session pageshow checks without clearing; changed-session focus expires (0.341875ms)
✔ P1-1 actual hide/reveal clears and requests fresh revision, never accepts obsolete completion (0.29575ms)
✔ P1-1 changed-session visible focus expires even with a pending request (0.170042ms)
✔ P1-2 actual A9 refresh 404 removes rendered DM and unsent draft (18.770292ms)
✔ P1-2 actual send-finally A9 404 removes DM, draft and uncertain immutable receipt (9.238708ms)
✔ actual uncertain send still retains exact receipt when A9 authority remains (0ms post-send A9) (9.441792ms)
✔ actual uncertain send still retains exact receipt when A9 authority remains (50ms post-send A9) (109.159625ms)
✔ actual A9 stale held completion cannot paint after component cleanup (1.0645ms)
✔ P2 actual A14 404 clears buyer facts and customer draft (explicit future-version MOCK) (1.280167ms)
✔ safe authority errors remain the actual InboxError transport class (0.051958ms)
✔ actual current A13 without version keeps A14 disabled; future MOCK grants no backend claim (1.17125ms)
✔ P1-2 actual A11 takeover write 404 clears private state despite failing follow-up A9 (1.125458ms)
✔ P1-2 actual A12 send write 404 clears private state despite failing follow-up A9 (1.856792ms)
✔ A13 server orders omission remains distinct from authorized omitted data (1.107708ms)
✔ A13 server orders omission remains distinct from authorized empty data (0.956708ms)
✔ A13 server orders omission remains distinct from authorized populated data (0.53425ms)
✔ actual shell-store-selector captures selection before synchronous privacy teardown (allowed=true) (19.679458ms)
✔ actual shell-store-selector captures selection before synchronous privacy teardown (allowed=false) (4.290583ms)
✔ actual locale-switch captures selection before synchronous privacy teardown (allowed=true) (8.608416ms)
✔ actual locale-switch captures selection before synchronous privacy teardown (allowed=false) (16.502375ms)
✔ persisted A9 UNKNOWN after page entry warns and blocks the real composer in en (50.750875ms)
✔ persisted A9 UNKNOWN after page entry warns and blocks the real composer in zh-TW (4.366917ms)
✔ persisted A9 UNKNOWN after page entry warns and blocks the real composer in zh-CN (3.625291ms)
✔ A12 queued ACK followed by final A9 UNKNOWN overrides the local queued notice and blocks another send (3.517709ms)
✔ a captured previously enabled composer cannot bypass final UNKNOWN learned by Refresh (2.031709ms)
✔ a later A9 page omitting the known UNKNOWN is not delivery reconciliation (4.224875ms)
✔ persisted queued is not mislabeled UNKNOWN and retains ordinary composer eligibility (2.651375ms)
✔ persisted sent is not mislabeled UNKNOWN and retains ordinary composer eligibility (1.313541ms)
✔ persisted failed is not mislabeled UNKNOWN and retains ordinary composer eligibility (2.895291ms)
✔ persisted blocked is not mislabeled UNKNOWN and retains ordinary composer eligibility (1.265959ms)
✔ fresh mount refuses when an old UNKNOWN is beyond 51 newer messages (fact=true) (2.085792ms)
✔ fresh mount refuses when an old UNKNOWN is beyond 51 newer messages (fact=null) (1.232792ms)
✔ fresh mount refuses when an old UNKNOWN is beyond 51 newer messages (fact=undefined) (1.39525ms)
✔ fresh mount refuses when an old UNKNOWN is beyond 51 newer messages (fact=false) (3.475375ms)
✔ a refreshed unknown authority replaces old clear authority even for a captured composer (0.99175ms)
✔ window strict eligibility with 300001ms before hard 24h deadline (13.596084ms)
✔ window strict eligibility with 300000ms before hard 24h deadline (1.377209ms)
✔ window strict eligibility with 60000ms before hard 24h deadline (0.915333ms)
✔ window strict eligibility with 0ms before hard 24h deadline (0.87625ms)
✔ window invalid server deadline fails closed without preparing a send (0.824291ms)
✔ window captured enabled form callback cannot POST after crossing safe cutoff (2.377083ms)
✔ window deadline timer closes controls at cutoff and hard end without waiting for 15s poll (0.67375ms)
✔ quota recovery gives exact zh-TW comment-quota and DM-window instructions beside copy only (0.322292ms)
✔ quota recovery gives exact zh-CN comment-quota and DM-window instructions beside copy only (0.078583ms)
✔ quota recovery gives exact en comment-quota and DM-window instructions beside copy only (0.0825ms)
ℹ tests 123
ℹ suites 0
ℹ pass 123
ℹ fail 0
ℹ cancelled 0
ℹ skipped 0
ℹ todo 0
ℹ duration_ms 1193.384917
