=== RUN   TestT06DispatcherR7aFinishCommitsWithCompletionAndSeesMode
--- PASS: TestT06DispatcherR7aFinishCommitsWithCompletionAndSeesMode (1.11s)
=== RUN   TestT06DispatcherR7aFinishErrorRollsBackAndReconciles
--- PASS: TestT06DispatcherR7aFinishErrorRollsBackAndReconciles (5.63s)
=== RUN   TestT06DispatcherR7aFinishRunsOnPolicyBlock
--- PASS: TestT06DispatcherR7aFinishRunsOnPolicyBlock (0.13s)
=== RUN   TestT06DispatcherCommittedFrozenIntentAndTerminalReplay
--- PASS: TestT06DispatcherCommittedFrozenIntentAndTerminalReplay (1.12s)
=== RUN   TestT06DispatcherPolicyAndBindingChangesBlockFirstEffect
=== RUN   TestT06DispatcherPolicyAndBindingChangesBlockFirstEffect/denied
=== RUN   TestT06DispatcherPolicyAndBindingChangesBlockFirstEffect/binding_changed
--- PASS: TestT06DispatcherPolicyAndBindingChangesBlockFirstEffect (0.26s)
    --- PASS: TestT06DispatcherPolicyAndBindingChangesBlockFirstEffect/denied (0.14s)
    --- PASS: TestT06DispatcherPolicyAndBindingChangesBlockFirstEffect/binding_changed (0.12s)
=== RUN   TestT06DispatcherBusyDuplicateSnoozesWithoutEffect
--- PASS: TestT06DispatcherBusyDuplicateSnoozesWithoutEffect (1.12s)
=== RUN   TestT06DispatcherAmbiguityReconcilesWithoutRepeating
=== RUN   TestT06DispatcherAmbiguityReconcilesWithoutRepeating/error
=== RUN   TestT06DispatcherAmbiguityReconcilesWithoutRepeating/panic
=== RUN   TestT06DispatcherAmbiguityReconcilesWithoutRepeating/malformed
=== RUN   TestT06DispatcherAmbiguityReconcilesWithoutRepeating/ack
--- PASS: TestT06DispatcherAmbiguityReconcilesWithoutRepeating (4.76s)
    --- PASS: TestT06DispatcherAmbiguityReconcilesWithoutRepeating/error (1.13s)
    --- PASS: TestT06DispatcherAmbiguityReconcilesWithoutRepeating/panic (1.13s)
    --- PASS: TestT06DispatcherAmbiguityReconcilesWithoutRepeating/malformed (1.13s)
    --- PASS: TestT06DispatcherAmbiguityReconcilesWithoutRepeating/ack (1.38s)
=== RUN   TestT06DispatcherOneDeadlineAndFreshCompletion
--- PASS: TestT06DispatcherOneDeadlineAndFreshCompletion (1.12s)
=== RUN   TestT06DispatcherUnknownRouteFailsClosedWithoutClaim
--- PASS: TestT06DispatcherUnknownRouteFailsClosedWithoutClaim (0.14s)
=== RUN   TestT06DispatcherPolicyDeniedAfterPossibleEffectStaysUnknown
--- PASS: TestT06DispatcherPolicyDeniedAfterPossibleEffectStaysUnknown (2.38s)
=== RUN   TestT06DispatcherBudgetPersistsManualRequirement
--- PASS: TestT06DispatcherBudgetPersistsManualRequirement (1.39s)
=== RUN   TestT06DispatcherFailedExhaustionCommitDoesNotCancelJob
--- PASS: TestT06DispatcherFailedExhaustionCommitDoesNotCancelJob (2.39s)
=== RUN   TestT06DispatcherForcedStopPreservesClaimForReconcile
--- PASS: TestT06DispatcherForcedStopPreservesClaimForReconcile (1.17s)
=== RUN   TestT06DispatcherCrashChild
--- PASS: TestT06DispatcherCrashChild (0.00s)
=== RUN   TestT06DispatcherRealProcessCrashRescue
=== RUN   TestT06DispatcherRealProcessCrashRescue/before
=== RUN   TestT06DispatcherRealProcessCrashRescue/after
--- PASS: TestT06DispatcherRealProcessCrashRescue (38.01s)
    --- PASS: TestT06DispatcherRealProcessCrashRescue/before (18.24s)
    --- PASS: TestT06DispatcherRealProcessCrashRescue/after (19.77s)
=== RUN   TestT06WorkerAuthorityAndFunctionACL
--- PASS: TestT06WorkerAuthorityAndFunctionACL (0.49s)
=== RUN   TestT06PolicyOutcomeCannotErasePossibleRemoteEffect
--- PASS: TestT06PolicyOutcomeCannotErasePossibleRemoteEffect (0.03s)
=== RUN   TestT06SQLLeaseOwnershipExpiryAndNoRedispatch
--- PASS: TestT06SQLLeaseOwnershipExpiryAndNoRedispatch (0.02s)
=== RUN   TestT06SQLConcurrentClaimAndBindingOutcomeFacts
--- PASS: TestT06SQLConcurrentClaimAndBindingOutcomeFacts (0.03s)
=== RUN   TestT06SQLEventFailureRollsBackClaimAndCompletion
--- PASS: TestT06SQLEventFailureRollsBackClaimAndCompletion (0.02s)
=== RUN   TestT06OrdinaryWorkerStartsProcessesAndStops
--- PASS: TestT06OrdinaryWorkerStartsProcessesAndStops (0.07s)
=== RUN   TestT06GoBindingPermissionsScopeAndCAS
--- PASS: TestT06GoBindingPermissionsScopeAndCAS (0.05s)
=== RUN   TestT06GoPlanAtomicReplayCanonicalAndReadback
--- PASS: TestT06GoPlanAtomicReplayCanonicalAndReadback (0.07s)
=== RUN   TestT06GoConcurrentReplayForeignBindingAndValidation
=== RUN   TestT06GoConcurrentReplayForeignBindingAndValidation/array
=== RUN   TestT06GoConcurrentReplayForeignBindingAndValidation/trailing
=== RUN   TestT06GoConcurrentReplayForeignBindingAndValidation/oversize
--- PASS: TestT06GoConcurrentReplayForeignBindingAndValidation (0.10s)
    --- PASS: TestT06GoConcurrentReplayForeignBindingAndValidation/array (0.00s)
    --- PASS: TestT06GoConcurrentReplayForeignBindingAndValidation/trailing (0.00s)
    --- PASS: TestT06GoConcurrentReplayForeignBindingAndValidation/oversize (0.00s)
=== RUN   TestT06GoAtomicFailuresAndWorkerTokenFence
=== RUN   TestT06GoAtomicFailuresAndWorkerTokenFence/job
=== RUN   TestT06GoAtomicFailuresAndWorkerTokenFence/event
=== RUN   TestT06GoAtomicFailuresAndWorkerTokenFence/audit
--- PASS: TestT06GoAtomicFailuresAndWorkerTokenFence (0.07s)
    --- PASS: TestT06GoAtomicFailuresAndWorkerTokenFence/job (0.01s)
    --- PASS: TestT06GoAtomicFailuresAndWorkerTokenFence/event (0.01s)
    --- PASS: TestT06GoAtomicFailuresAndWorkerTokenFence/audit (0.01s)
=== RUN   TestMetaAdsMA11ReconcileSecret
=== RUN   TestMetaAdsMA11ReconcileSecret/reconcile_of_UNKNOWN_create_ad_loads_the_token_through_the_reconcile_claim_and_pins_the_object
=== RUN   TestMetaAdsMA11ReconcileSecret/reconcile_of_UNKNOWN_pause_loads_the_token_through_the_reconcile_claim_and_confirms_PAUSED
=== RUN   TestMetaAdsMA11ReconcileSecret/loader_fences:_stale_generation,_expired_lease,_wrong_lease_token,_non-ads_operation;_page-token_loader_gives_no_ads_row
=== RUN   TestMetaAdsMA11ReconcileSecret/no_loader_path_from_Check:_static_and_runtime
=== RUN   TestMetaAdsMA11ReconcileSecret/cmd/api_links_no_HPKE_private-key_loader_and_no_CAPI_route_(deps_+_binary_symbols)
=== RUN   TestMetaAdsMA11ReconcileSecret/UNKNOWN_activate_reconciled_11_minutes_after_its_preflight,_store_RESTRICTED:_the_reconcile_GET_runs_and_pins_SUCCEEDED
=== RUN   TestMetaAdsMA11ReconcileSecret/UNKNOWN_create_ad_reconciled_after_the_approver_lost_ads:approve:_pinned
--- PASS: TestMetaAdsMA11ReconcileSecret (25.09s)
    --- PASS: TestMetaAdsMA11ReconcileSecret/reconcile_of_UNKNOWN_create_ad_loads_the_token_through_the_reconcile_claim_and_pins_the_object (2.35s)
    --- PASS: TestMetaAdsMA11ReconcileSecret/reconcile_of_UNKNOWN_pause_loads_the_token_through_the_reconcile_claim_and_confirms_PAUSED (3.37s)
    --- PASS: TestMetaAdsMA11ReconcileSecret/loader_fences:_stale_generation,_expired_lease,_wrong_lease_token,_non-ads_operation;_page-token_loader_gives_no_ads_row (0.45s)
    --- PASS: TestMetaAdsMA11ReconcileSecret/no_loader_path_from_Check:_static_and_runtime (0.32s)
    --- PASS: TestMetaAdsMA11ReconcileSecret/cmd/api_links_no_HPKE_private-key_loader_and_no_CAPI_route_(deps_+_binary_symbols) (3.73s)
    --- PASS: TestMetaAdsMA11ReconcileSecret/UNKNOWN_activate_reconciled_11_minutes_after_its_preflight,_store_RESTRICTED:_the_reconcile_GET_runs_and_pins_SUCCEEDED (7.47s)
    --- PASS: TestMetaAdsMA11ReconcileSecret/UNKNOWN_create_ad_reconciled_after_the_approver_lost_ads:approve:_pinned (7.40s)
=== RUN   TestMetaAdsMA11DispatcherAmendment
=== RUN   TestMetaAdsMA11DispatcherAmendment/Mode_is_dispatch_for_the_first_claim_and_reconcile_for_the_next,_in_Check_and_in_the_callbacks_of_an_existing_route
=== RUN   TestMetaAdsMA11DispatcherAmendment/a_bare_ErrPolicyDenied_stays_policy_denied_(existing_routes_unchanged)
=== RUN   TestMetaAdsMA11DispatcherAmendment/DenyPolicy_records_its_own_code;_an_invalid_code_falls_back_to_policy_denied;_wrapping_keeps_the_code
=== RUN   TestMetaAdsMA11DispatcherAmendment/a_Check_denial_in_reconcile_mode_is_never_BLOCKED_POLICY:_the_op_stays_UNKNOWN_policy_check_failed
=== RUN   TestMetaAdsMA11DispatcherAmendment/reconcile_with_a_secret:_loader_runs_on_the_reconcile_claim;_the_secret_is_zeroed_after_the_callback
=== RUN   TestMetaAdsMA11DispatcherAmendment/loader_denial:_dispatch_->_BLOCKED_POLICY_credential_unavailable;_reconcile_->_UNKNOWN_credential_unavailable;_other_error_->_UNKNOWN_secret_load_failed
=== RUN   TestMetaAdsMA11DispatcherAmendment/route_validation:_exactly_one_of_Reconcile_/_ReconcileWithSecret,_the_secret_variant_only_with_the_loader_pair
=== RUN   TestMetaAdsMA11DispatcherAmendment/InsertOperationJobOn_validates_queue_and_priority;_the_default_insert_is_unchanged
--- PASS: TestMetaAdsMA11DispatcherAmendment (6.73s)
    --- PASS: TestMetaAdsMA11DispatcherAmendment/Mode_is_dispatch_for_the_first_claim_and_reconcile_for_the_next,_in_Check_and_in_the_callbacks_of_an_existing_route (1.24s)
    --- PASS: TestMetaAdsMA11DispatcherAmendment/a_bare_ErrPolicyDenied_stays_policy_denied_(existing_routes_unchanged) (0.13s)
    --- PASS: TestMetaAdsMA11DispatcherAmendment/DenyPolicy_records_its_own_code;_an_invalid_code_falls_back_to_policy_denied;_wrapping_keeps_the_code (0.39s)
    --- PASS: TestMetaAdsMA11DispatcherAmendment/a_Check_denial_in_reconcile_mode_is_never_BLOCKED_POLICY:_the_op_stays_UNKNOWN_policy_check_failed (1.18s)
    --- PASS: TestMetaAdsMA11DispatcherAmendment/reconcile_with_a_secret:_loader_runs_on_the_reconcile_claim;_the_secret_is_zeroed_after_the_callback (1.16s)
    --- PASS: TestMetaAdsMA11DispatcherAmendment/loader_denial:_dispatch_->_BLOCKED_POLICY_credential_unavailable;_reconcile_->_UNKNOWN_credential_unavailable;_other_error_->_UNKNOWN_secret_load_failed (2.54s)
    --- PASS: TestMetaAdsMA11DispatcherAmendment/route_validation:_exactly_one_of_Reconcile_/_ReconcileWithSecret,_the_secret_variant_only_with_the_loader_pair (0.06s)
    --- PASS: TestMetaAdsMA11DispatcherAmendment/InsertOperationJobOn_validates_queue_and_priority;_the_default_insert_is_unchanged (0.04s)
=== RUN   TestMetaAdsMA02Allowance
=== RUN   TestMetaAdsMA02Allowance/a_draft_that_never_had_an_activate_does_not_count;_an_approved+published_one_waiting_for_preflight_does_not_either
=== RUN   TestMetaAdsMA02Allowance/an_activated_draft_counts;_a_second_draft_that_does_not_fit_is_refused_at_approve_with_409_over_allowance
=== RUN   TestMetaAdsMA02Allowance/a_denied_activate_(BLOCKED_POLICY,_no_spend)_does_not_count
=== RUN   TestMetaAdsMA02Allowance/an_UNKNOWN_activate_still_counts_(the_effect_may_exist)
=== RUN   TestMetaAdsMA02Allowance/ENDED_with_the_pause_UNKNOWN_still_counts,_until_ends_at_+_1_day_has_passed
=== RUN   TestMetaAdsMA02Allowance/a_merchant_end_of_an_ACTIVE_draft_plans_a_pause;_once_the_pause_is_confirmed_after_the_activate_the_draft_stops_counting
=== RUN   TestMetaAdsMA02Allowance/two_ready_drafts,_room_for_one:_exactly_one_activate_is_planned_(approved_at_order),_the_other_never_reaches_Meta
=== RUN   TestMetaAdsMA02Allowance/second_activate_is_denied_over_allowance_while_the_first_is_DISPATCHING
=== RUN   TestMetaAdsMA02Allowance/approve_and_the_sweeper's_activate_planning_serialize_on_the_store_row_(pg_blocking_pids_witness):_never_both_counted_over_the_allowance
    meta_ads_allowance_test.go:347: EVIDENCE order: approve=409, A activate planned=true, B activated=false, ACTIVE=1
=== RUN   TestMetaAdsMA02Allowance/mixed_currency_and_non-whole_TWD_are_refused_before_any_row_exists
--- PASS: TestMetaAdsMA02Allowance (35.18s)
    --- PASS: TestMetaAdsMA02Allowance/a_draft_that_never_had_an_activate_does_not_count;_an_approved+published_one_waiting_for_preflight_does_not_either (0.07s)
    --- PASS: TestMetaAdsMA02Allowance/an_activated_draft_counts;_a_second_draft_that_does_not_fit_is_refused_at_approve_with_409_over_allowance (2.74s)
    --- PASS: TestMetaAdsMA02Allowance/a_denied_activate_(BLOCKED_POLICY,_no_spend)_does_not_count (2.54s)
    --- PASS: TestMetaAdsMA02Allowance/an_UNKNOWN_activate_still_counts_(the_effect_may_exist) (5.53s)
    --- PASS: TestMetaAdsMA02Allowance/ENDED_with_the_pause_UNKNOWN_still_counts,_until_ends_at_+_1_day_has_passed (3.52s)
    --- PASS: TestMetaAdsMA02Allowance/a_merchant_end_of_an_ACTIVE_draft_plans_a_pause;_once_the_pause_is_confirmed_after_the_activate_the_draft_stops_counting (2.49s)
    --- PASS: TestMetaAdsMA02Allowance/two_ready_drafts,_room_for_one:_exactly_one_activate_is_planned_(approved_at_order),_the_other_never_reaches_Meta (6.49s)
    --- PASS: TestMetaAdsMA02Allowance/second_activate_is_denied_over_allowance_while_the_first_is_DISPATCHING (7.72s)
    --- PASS: TestMetaAdsMA02Allowance/approve_and_the_sweeper's_activate_planning_serialize_on_the_store_row_(pg_blocking_pids_witness):_never_both_counted_over_the_allowance (3.99s)
    --- PASS: TestMetaAdsMA02Allowance/mixed_currency_and_non-whole_TWD_are_refused_before_any_row_exists (0.08s)
=== RUN   TestMetaAdsMA02Billing
=== RUN   TestMetaAdsMA02Billing/standing_is_read_correctly_AS_commerce_ads_writer:_RESTRICTED_is_not_fail-open_UNBILLED
=== RUN   TestMetaAdsMA02Billing/RESTRICTED:_approve_and_publish_402_billing_restricted
=== RUN   TestMetaAdsMA02Billing/RESTRICTED:_create_and_activate_are_BLOCKED_POLICY_billing_restricted_with_zero_HTTP
=== RUN   TestMetaAdsMA02Billing/RESTRICTED:_activate
=== RUN   TestMetaAdsMA02Billing/RESTRICTED:_pause_and_insights_reads_are_never_blocked
--- PASS: TestMetaAdsMA02Billing (4.71s)
    --- PASS: TestMetaAdsMA02Billing/standing_is_read_correctly_AS_commerce_ads_writer:_RESTRICTED_is_not_fail-open_UNBILLED (0.11s)
    --- PASS: TestMetaAdsMA02Billing/RESTRICTED:_approve_and_publish_402_billing_restricted (0.10s)
    --- PASS: TestMetaAdsMA02Billing/RESTRICTED:_create_and_activate_are_BLOCKED_POLICY_billing_restricted_with_zero_HTTP (0.31s)
    --- PASS: TestMetaAdsMA02Billing/RESTRICTED:_activate (1.80s)
    --- PASS: TestMetaAdsMA02Billing/RESTRICTED:_pause_and_insights_reads_are_never_blocked (2.39s)
=== RUN   TestMetaAdsMA03Consent
=== RUN   TestMetaAdsMA03Consent/no_consent:_no_op,_no_row,_no_event
=== RUN   TestMetaAdsMA03Consent/granted:_exactly_one_op_per_attempt,_stable_event_id_and_key,_merchant_actor_+_capi_enabled_by,_queue_ads,_one_event
=== RUN   TestMetaAdsMA03Consent/consent_withdrawn_before_the_sweeper:_no_op_and_the_context_row_is_deleted
=== RUN   TestMetaAdsMA03Consent/owner_erased:_no_op_and_the_context_row_is_deleted
=== RUN   TestMetaAdsMA03Consent/withdraw_after_planning:_Check_answers_BLOCKED_POLICY_consent_withdrawn_with_zero_HTTP_(G09)
=== RUN   TestMetaAdsMA03Consent/fact_environment_must_equal_the_store_environment_and_PROVIDER_MOCK_facts_are_never_sent
=== RUN   TestMetaAdsMA03Consent/PROVIDER_MOCK_fact_in_a_matching_environment_is_skipped
=== RUN   TestMetaAdsMA03Consent/capi_enabled_by_lost_ads:manage_->_capi_principal_revoked
=== RUN   TestMetaAdsMA03Consent/CAPI_switched_off_after_planning_->_capi_disabled
=== RUN   TestMetaAdsMA03Consent/op_that_sat_READY_for_7_days_(frozen_event_time_aged,_hash_kept_consistent)_->_event_too_old
=== RUN   TestMetaAdsMA03Consent/dataset_binding_re-pointed_after_planning:_STALE_BINDING,_zero_HTTP
=== RUN   TestMetaAdsMA03Consent/billing_RESTRICTED_never_blocks_CAPI_(BD5)
=== RUN   TestMetaAdsMA03Consent/a_fact_older_than_6_days_is_never_planned;_a_context_older_than_7_days_does_not_make_an_owner_eligible;_8-day_contexts_are_purged
=== RUN   TestMetaAdsMA03Consent/consent_without_a_browser_context_(no_user_agent):_not_eligible
=== RUN   TestMetaAdsMA03Consent/CAPI_off_or_no_dataset:_nothing_is_planned
--- PASS: TestMetaAdsMA03Consent (13.33s)
    --- PASS: TestMetaAdsMA03Consent/no_consent:_no_op,_no_row,_no_event (0.77s)
    --- PASS: TestMetaAdsMA03Consent/granted:_exactly_one_op_per_attempt,_stable_event_id_and_key,_merchant_actor_+_capi_enabled_by,_queue_ads,_one_event (1.26s)
    --- PASS: TestMetaAdsMA03Consent/consent_withdrawn_before_the_sweeper:_no_op_and_the_context_row_is_deleted (0.72s)
    --- PASS: TestMetaAdsMA03Consent/owner_erased:_no_op_and_the_context_row_is_deleted (0.74s)
    --- PASS: TestMetaAdsMA03Consent/withdraw_after_planning:_Check_answers_BLOCKED_POLICY_consent_withdrawn_with_zero_HTTP_(G09) (0.80s)
    --- PASS: TestMetaAdsMA03Consent/fact_environment_must_equal_the_store_environment_and_PROVIDER_MOCK_facts_are_never_sent (0.77s)
    --- PASS: TestMetaAdsMA03Consent/PROVIDER_MOCK_fact_in_a_matching_environment_is_skipped (0.76s)
    --- PASS: TestMetaAdsMA03Consent/capi_enabled_by_lost_ads:manage_->_capi_principal_revoked (0.88s)
    --- PASS: TestMetaAdsMA03Consent/CAPI_switched_off_after_planning_->_capi_disabled (0.78s)
    --- PASS: TestMetaAdsMA03Consent/op_that_sat_READY_for_7_days_(frozen_event_time_aged,_hash_kept_consistent)_->_event_too_old (0.81s)
    --- PASS: TestMetaAdsMA03Consent/dataset_binding_re-pointed_after_planning:_STALE_BINDING,_zero_HTTP (0.79s)
    --- PASS: TestMetaAdsMA03Consent/billing_RESTRICTED_never_blocks_CAPI_(BD5) (0.77s)
    --- PASS: TestMetaAdsMA03Consent/a_fact_older_than_6_days_is_never_planned;_a_context_older_than_7_days_does_not_make_an_owner_eligible;_8-day_contexts_are_purged (1.94s)
    --- PASS: TestMetaAdsMA03Consent/consent_without_a_browser_context_(no_user_agent):_not_eligible (0.76s)
    --- PASS: TestMetaAdsMA03Consent/CAPI_off_or_no_dataset:_nothing_is_planned (0.77s)
=== RUN   TestMetaAdsMA08CAPI
=== RUN   TestMetaAdsMA08CAPI/wire_body:_exact_keys,_values,_hashing,_SANDBOX_test_event_code,_no_phone_(CD5)
=== RUN   TestMetaAdsMA08CAPI/user_data_only_through_the_lease-fenced_definer_ads.capi_user_data;_the_worker_authorities_cannot_read_the_source_tables
=== RUN   TestMetaAdsMA08CAPI/hashed_fields_never_reach_PG_or_logs;_raw_phone_only_where_the_order_snapshot_lives_(sentinel_scan)
=== RUN   TestMetaAdsMA08CAPI/UNKNOWN_is_never_resent:_503
=== RUN   TestMetaAdsMA08CAPI/UNKNOWN_is_never_resent:_unparseable_200
=== RUN   TestMetaAdsMA08CAPI/UNKNOWN_is_never_resent:_200_without_events_received
=== RUN   TestMetaAdsMA08CAPI/UNKNOWN_is_never_resent:_timeout_after_the_event_was_received
=== RUN   TestMetaAdsMA08CAPI/a_Graph_4xx_error_body_ends_FAILED_FINAL_and_is_not_resent_either
--- PASS: TestMetaAdsMA08CAPI (22.43s)
    --- PASS: TestMetaAdsMA08CAPI/wire_body:_exact_keys,_values,_hashing,_SANDBOX_test_event_code,_no_phone_(CD5) (2.20s)
    --- PASS: TestMetaAdsMA08CAPI/user_data_only_through_the_lease-fenced_definer_ads.capi_user_data;_the_worker_authorities_cannot_read_the_source_tables (0.81s)
    --- PASS: TestMetaAdsMA08CAPI/hashed_fields_never_reach_PG_or_logs;_raw_phone_only_where_the_order_snapshot_lives_(sentinel_scan) (1.10s)
    --- PASS: TestMetaAdsMA08CAPI/UNKNOWN_is_never_resent:_503 (4.21s)
    --- PASS: TestMetaAdsMA08CAPI/UNKNOWN_is_never_resent:_unparseable_200 (4.26s)
    --- PASS: TestMetaAdsMA08CAPI/UNKNOWN_is_never_resent:_200_without_events_received (4.28s)
    --- PASS: TestMetaAdsMA08CAPI/UNKNOWN_is_never_resent:_timeout_after_the_event_was_received (4.27s)
    --- PASS: TestMetaAdsMA08CAPI/a_Graph_4xx_error_body_ends_FAILED_FINAL_and_is_not_resent_either (1.30s)
=== RUN   TestMetaAdsFeed
--- PASS: TestMetaAdsFeed (0.38s)
=== RUN   TestMetaAdsMA04Chain
=== RUN   TestMetaAdsMA04Chain/full_chain:_campaign_PAUSED,_children_ACTIVE,_preflight,_then_the_only_spend_switch
--- PASS: TestMetaAdsMA04Chain (1.71s)
    --- PASS: TestMetaAdsMA04Chain/full_chain:_campaign_PAUSED,_children_ACTIVE,_preflight,_then_the_only_spend_switch (1.71s)
=== RUN   TestMetaAdsMA04Refusals
=== RUN   TestMetaAdsMA04Refusals/approval_row_gone_(activate_without_approval)
    meta_ads_flow_test.go:283: EVIDENCE approval row gone (activate without approval) -> BLOCKED_POLICY not_approved
=== RUN   TestMetaAdsMA04Refusals/stale_hash:_identity_binding_re-pointed_after_approval
    meta_ads_flow_test.go:283: EVIDENCE stale hash: identity binding re-pointed after approval -> BLOCKED_POLICY approval_stale
=== RUN   TestMetaAdsMA04Refusals/approver_lost_ads:approve
    meta_ads_flow_test.go:283: EVIDENCE approver lost ads:approve -> BLOCKED_POLICY approver_revoked
=== RUN   TestMetaAdsMA04Refusals/over_allowance_(operator_lowered_it_after_approval)
    meta_ads_flow_test.go:283: EVIDENCE over allowance (operator lowered it after approval) -> BLOCKED_POLICY over_allowance
=== RUN   TestMetaAdsMA04Refusals/stale_preflight_(older_than_10_min)
    meta_ads_flow_test.go:283: EVIDENCE stale preflight (older than 10 min) -> BLOCKED_POLICY preflight_stale
=== RUN   TestMetaAdsMA04Refusals/account_not_ready_(st_!=_1_in_the_fresh_preflight)
    meta_ads_flow_test.go:283: EVIDENCE account not ready (st != 1 in the fresh preflight) -> BLOCKED_POLICY account_not_ready
=== RUN   TestMetaAdsMA04Refusals/preflight_currency_differs_from_the_draft_currency
    meta_ads_flow_test.go:283: EVIDENCE preflight currency differs from the draft currency -> BLOCKED_POLICY account_not_ready
=== RUN   TestMetaAdsMA04Refusals/SANDBOX_environment_with_a_non-sandbox_ad_account
    meta_ads_flow_test.go:283: EVIDENCE SANDBOX environment with a non-sandbox ad account -> BLOCKED_POLICY sandbox_account_required
=== RUN   TestMetaAdsMA04Refusals/stale_preflight:_the_sweeper_plans_preflight_seq+1_and_activate_seq+1,_and_the_spend_switch_then_goes_through
=== RUN   TestMetaAdsMA04Refusals/a_not-ready_account_(account_status_2)_never_gets_an_activate_planned_by_the_sweeper_and_never_a_status_POST
=== RUN   TestMetaAdsMA04Refusals/a_not-ready_account_(currency_USD)_never_gets_an_activate_planned_by_the_sweeper_and_never_a_status_POST
=== RUN   TestMetaAdsMA04Refusals/LIVE_needs_a_funded_account_(fund=1)
=== RUN   TestMetaAdsMA04Refusals/SANDBOX_does_not_need_funding
=== RUN   TestMetaAdsMA04Refusals/creates_are_refused_too_in_SANDBOX_with_a_non-sandbox_account:_zero_HTTP
=== RUN   TestMetaAdsMA04Refusals/LIVE_environment_lets_the_same_draft_through
=== RUN   TestMetaAdsMA04Refusals/pause_is_allowed_in_SANDBOX_even_when_the_sandbox_rule_would_refuse_a_create
=== RUN   TestMetaAdsMA04Refusals/publish_of_an_unapproved_draft_plans_nothing_and_calls_nothing
    meta_ads_flow_test.go:414: EVIDENCE unapproved publish -> 422 invalid_request
=== RUN   TestMetaAdsMA04Refusals/approval_freezes_the_draft:_PUT_after_approve_is_refused,_revision_and_hash_unchanged;_frozen_columns_cannot_be_edited_under_an_approval
--- PASS: TestMetaAdsMA04Refusals (29.29s)
    --- PASS: TestMetaAdsMA04Refusals/approval_row_gone_(activate_without_approval) (1.76s)
    --- PASS: TestMetaAdsMA04Refusals/stale_hash:_identity_binding_re-pointed_after_approval (1.76s)
    --- PASS: TestMetaAdsMA04Refusals/approver_lost_ads:approve (1.76s)
    --- PASS: TestMetaAdsMA04Refusals/over_allowance_(operator_lowered_it_after_approval) (1.76s)
    --- PASS: TestMetaAdsMA04Refusals/stale_preflight_(older_than_10_min) (1.77s)
    --- PASS: TestMetaAdsMA04Refusals/account_not_ready_(st_!=_1_in_the_fresh_preflight) (1.79s)
    --- PASS: TestMetaAdsMA04Refusals/preflight_currency_differs_from_the_draft_currency (1.76s)
    --- PASS: TestMetaAdsMA04Refusals/SANDBOX_environment_with_a_non-sandbox_ad_account (1.76s)
    --- PASS: TestMetaAdsMA04Refusals/stale_preflight:_the_sweeper_plans_preflight_seq+1_and_activate_seq+1,_and_the_spend_switch_then_goes_through (2.22s)
    --- PASS: TestMetaAdsMA04Refusals/a_not-ready_account_(account_status_2)_never_gets_an_activate_planned_by_the_sweeper_and_never_a_status_POST (2.23s)
    --- PASS: TestMetaAdsMA04Refusals/a_not-ready_account_(currency_USD)_never_gets_an_activate_planned_by_the_sweeper_and_never_a_status_POST (2.23s)
    --- PASS: TestMetaAdsMA04Refusals/LIVE_needs_a_funded_account_(fund=1) (1.99s)
    --- PASS: TestMetaAdsMA04Refusals/SANDBOX_does_not_need_funding (1.77s)
    --- PASS: TestMetaAdsMA04Refusals/creates_are_refused_too_in_SANDBOX_with_a_non-sandbox_account:_zero_HTTP (0.49s)
    --- PASS: TestMetaAdsMA04Refusals/LIVE_environment_lets_the_same_draft_through (1.72s)
    --- PASS: TestMetaAdsMA04Refusals/pause_is_allowed_in_SANDBOX_even_when_the_sandbox_rule_would_refuse_a_create (1.86s)
    --- PASS: TestMetaAdsMA04Refusals/publish_of_an_unapproved_draft_plans_nothing_and_calls_nothing (0.48s)
    --- PASS: TestMetaAdsMA04Refusals/approval_freezes_the_draft:_PUT_after_approve_is_refused,_revision_and_hash_unchanged;_frozen_columns_cannot_be_edited_under_an_approval (0.18s)
=== RUN   TestMetaAdsMA04ErrorCodes
=== RUN   TestMetaAdsMA04ErrorCodes/revision_changed_409
=== RUN   TestMetaAdsMA04ErrorCodes/draft_approved_409
=== RUN   TestMetaAdsMA04ErrorCodes/over_allowance_409_at_approve
=== RUN   TestMetaAdsMA04ErrorCodes/not_whole_unit_422
=== RUN   TestMetaAdsMA04ErrorCodes/currency_mismatch_422
=== RUN   TestMetaAdsMA04ErrorCodes/starts_too_soon_422
=== RUN   TestMetaAdsMA04ErrorCodes/source_not_owned_422
=== RUN   TestMetaAdsMA04ErrorCodes/product_not_published_422
=== RUN   TestMetaAdsMA04ErrorCodes/binding_disabled_409_at_approve
=== RUN   TestMetaAdsMA04ErrorCodes/attempt_changed_409
=== RUN   TestMetaAdsMA04ErrorCodes/budget_below_minimum_422
=== RUN   TestMetaAdsMA04ErrorCodes/state_mismatch_409:_another_principal_presents_the_state
=== RUN   TestMetaAdsMA04ErrorCodes/state_mismatch_409:_unknown_or_malformed_state
=== RUN   TestMetaAdsMA04ErrorCodes/state_is_single_use
=== RUN   TestMetaAdsMA04ErrorCodes/state_expired_410
=== RUN   TestMetaAdsMA04ErrorCodes/meta_connect_failed_502:_Meta_refuses_the_code
=== RUN   TestMetaAdsMA04ErrorCodes/not_in_pick_list_422
=== RUN   TestMetaAdsMA04ErrorCodes/client_business_changed_409:_the_same_ad_account_re-connected_under_another_client_business
=== RUN   TestMetaAdsMA04ErrorCodes/billing_restricted_402_is_the_platform_code
=== RUN   TestMetaAdsMA04ErrorCodes/forbidden_/_not_found_/_unauthorized
--- PASS: TestMetaAdsMA04ErrorCodes (0.38s)
    --- PASS: TestMetaAdsMA04ErrorCodes/revision_changed_409 (0.01s)
    --- PASS: TestMetaAdsMA04ErrorCodes/draft_approved_409 (0.02s)
    --- PASS: TestMetaAdsMA04ErrorCodes/over_allowance_409_at_approve (0.01s)
    --- PASS: TestMetaAdsMA04ErrorCodes/not_whole_unit_422 (0.00s)
    --- PASS: TestMetaAdsMA04ErrorCodes/currency_mismatch_422 (0.00s)
    --- PASS: TestMetaAdsMA04ErrorCodes/starts_too_soon_422 (0.00s)
    --- PASS: TestMetaAdsMA04ErrorCodes/source_not_owned_422 (0.00s)
    --- PASS: TestMetaAdsMA04ErrorCodes/product_not_published_422 (0.00s)
    --- PASS: TestMetaAdsMA04ErrorCodes/binding_disabled_409_at_approve (0.01s)
    --- PASS: TestMetaAdsMA04ErrorCodes/attempt_changed_409 (0.01s)
    --- PASS: TestMetaAdsMA04ErrorCodes/budget_below_minimum_422 (0.05s)
    --- PASS: TestMetaAdsMA04ErrorCodes/state_mismatch_409:_another_principal_presents_the_state (0.01s)
    --- PASS: TestMetaAdsMA04ErrorCodes/state_mismatch_409:_unknown_or_malformed_state (0.00s)
    --- PASS: TestMetaAdsMA04ErrorCodes/state_is_single_use (0.01s)
    --- PASS: TestMetaAdsMA04ErrorCodes/state_expired_410 (0.01s)
    --- PASS: TestMetaAdsMA04ErrorCodes/meta_connect_failed_502:_Meta_refuses_the_code (0.01s)
    --- PASS: TestMetaAdsMA04ErrorCodes/not_in_pick_list_422 (0.01s)
    --- PASS: TestMetaAdsMA04ErrorCodes/client_business_changed_409:_the_same_ad_account_re-connected_under_another_client_business (0.01s)
    --- PASS: TestMetaAdsMA04ErrorCodes/billing_restricted_402_is_the_platform_code (0.12s)
    --- PASS: TestMetaAdsMA04ErrorCodes/forbidden_/_not_found_/_unauthorized (0.01s)
=== RUN   TestMetaAdsMA05Unknown
=== RUN   TestMetaAdsMA05Unknown/timeout_after_the_remote_create_at_campaign:_reconcile_by_tag_pins_the_object,_no_second_POST
=== RUN   TestMetaAdsMA05Unknown/timeout_after_the_remote_create_at_adset:_reconcile_by_tag_pins_the_object,_no_second_POST
=== RUN   TestMetaAdsMA05Unknown/timeout_after_the_remote_create_at_creative:_reconcile_by_tag_pins_the_object,_no_second_POST
=== RUN   TestMetaAdsMA05Unknown/timeout_after_the_remote_create_at_ad:_reconcile_by_tag_pins_the_object,_no_second_POST
=== RUN   TestMetaAdsMA05Unknown/503_after_create:_UNKNOWN_then_reconciled_by_tag
=== RUN   TestMetaAdsMA05Unknown/unparseable_200_after_create:_UNKNOWN_then_reconciled_by_tag
=== RUN   TestMetaAdsMA05Unknown/200_without_id_after_create:_UNKNOWN_then_reconciled_by_tag
=== RUN   TestMetaAdsMA05Unknown/timeout_with_no_remote_effect:_reconcile_finds_nothing,_the_op_stays_UNKNOWN,_nothing_is_recreated
=== RUN   TestMetaAdsMA05Unknown/more_than_one_remote_object_with_the_tag:_UNKNOWN_duplicate_remote_objects,_never_a_guess
=== RUN   TestMetaAdsMA05Unknown/reconcile_pages_through_the_parent's_children_(<=10_pages_of_100)_and_stops_there
=== RUN   TestMetaAdsMA05Unknown/a_match_beyond_page_10_is_not_found:_UNKNOWN,_never_a_re-POST
=== RUN   TestMetaAdsMA05Unknown/rate-limited_pause:_UNKNOWN_(never_terminal),_reconcile_does_not_prove_it,_seq_2_after_15_minutes_with_an_ops_alert
=== RUN   TestMetaAdsMA05Unknown/pause_SUCCEEDED_while_activate_is_still_READY:_activate_BLOCKED_POLICY_pause_requested,_no_activate_POST
=== RUN   TestMetaAdsMA05Unknown/pause_SUCCEEDED_while_the_activate_call_is_in_flight:_draft_keeps_counting,_then_the_sweeper_plans_pause_seq_2_and_the_campaign_ends_PAUSED
--- PASS: TestMetaAdsMA05Unknown (46.36s)
    --- PASS: TestMetaAdsMA05Unknown/timeout_after_the_remote_create_at_campaign:_reconcile_by_tag_pins_the_object,_no_second_POST (2.50s)
    --- PASS: TestMetaAdsMA05Unknown/timeout_after_the_remote_create_at_adset:_reconcile_by_tag_pins_the_object,_no_second_POST (3.24s)
    --- PASS: TestMetaAdsMA05Unknown/timeout_after_the_remote_create_at_creative:_reconcile_by_tag_pins_the_object,_no_second_POST (2.96s)
    --- PASS: TestMetaAdsMA05Unknown/timeout_after_the_remote_create_at_ad:_reconcile_by_tag_pins_the_object,_no_second_POST (2.74s)
    --- PASS: TestMetaAdsMA05Unknown/503_after_create:_UNKNOWN_then_reconciled_by_tag (1.34s)
    --- PASS: TestMetaAdsMA05Unknown/unparseable_200_after_create:_UNKNOWN_then_reconciled_by_tag (1.28s)
    --- PASS: TestMetaAdsMA05Unknown/200_without_id_after_create:_UNKNOWN_then_reconciled_by_tag (1.31s)
    --- PASS: TestMetaAdsMA05Unknown/timeout_with_no_remote_effect:_reconcile_finds_nothing,_the_op_stays_UNKNOWN,_nothing_is_recreated (6.33s)
    --- PASS: TestMetaAdsMA05Unknown/more_than_one_remote_object_with_the_tag:_UNKNOWN_duplicate_remote_objects,_never_a_guess (6.52s)
    --- PASS: TestMetaAdsMA05Unknown/reconcile_pages_through_the_parent's_children_(<=10_pages_of_100)_and_stops_there (2.32s)
    --- PASS: TestMetaAdsMA05Unknown/a_match_beyond_page_10_is_not_found:_UNKNOWN,_never_a_re-POST (3.72s)
    --- PASS: TestMetaAdsMA05Unknown/rate-limited_pause:_UNKNOWN_(never_terminal),_reconcile_does_not_prove_it,_seq_2_after_15_minutes_with_an_ops_alert (7.22s)
    --- PASS: TestMetaAdsMA05Unknown/pause_SUCCEEDED_while_activate_is_still_READY:_activate_BLOCKED_POLICY_pause_requested,_no_activate_POST (2.82s)
    --- PASS: TestMetaAdsMA05Unknown/pause_SUCCEEDED_while_the_activate_call_is_in_flight:_draft_keeps_counting,_then_the_sweeper_plans_pause_seq_2_and_the_campaign_ends_PAUSED (2.05s)
=== RUN   TestMetaAdsMA06Binding
=== RUN   TestMetaAdsMA06Binding/re-pointed_binding:_unfinished_READY_op_->_STALE_BINDING,_no_call_on_either_account
=== RUN   TestMetaAdsMA06Binding/re-pointed_binding:_UNKNOWN_op_is_not_reconciled_against_the_new_state,_no_call
=== RUN   TestMetaAdsMA06Binding/a_binding_with_a_spending_campaign_cannot_be_disabled;_pause_still_reaches_Meta_(contract_5.3,_round-2_P1)
=== RUN   TestMetaAdsMA06Binding/concurrent_publish_of_the_same_draft:_exactly_one_attempt,_the_other_answers_409
=== RUN   TestMetaAdsMA06Binding/same_Idempotency-Key_replays;_Idempotency-Key_is_required
=== RUN   TestMetaAdsMA06Binding/re-publish_after_FAILED:_a_new_attempt,_the_failed_attempt's_objects_stay_PAUSED_and_are_never_deleted;_at_most_5_attempts
=== RUN   TestMetaAdsMA06Binding/publish_of_an_ACTIVE_draft_is_refused_while_an_earlier_attempt_is_not_confirmed_non-spending
=== RUN   TestMetaAdsMA06Binding/publish_of_a_draft_that_was_paused_is_refused_(resume_=_copy_into_a_new_draft)
--- PASS: TestMetaAdsMA06Binding (16.59s)
    --- PASS: TestMetaAdsMA06Binding/re-pointed_binding:_unfinished_READY_op_->_STALE_BINDING,_no_call_on_either_account (0.72s)
    --- PASS: TestMetaAdsMA06Binding/re-pointed_binding:_UNKNOWN_op_is_not_reconciled_against_the_new_state,_no_call (5.73s)
    --- PASS: TestMetaAdsMA06Binding/a_binding_with_a_spending_campaign_cannot_be_disabled;_pause_still_reaches_Meta_(contract_5.3,_round-2_P1) (1.90s)
    --- PASS: TestMetaAdsMA06Binding/concurrent_publish_of_the_same_draft:_exactly_one_attempt,_the_other_answers_409 (0.30s)
    --- PASS: TestMetaAdsMA06Binding/same_Idempotency-Key_replays;_Idempotency-Key_is_required (0.11s)
    --- PASS: TestMetaAdsMA06Binding/re-publish_after_FAILED:_a_new_attempt,_the_failed_attempt's_objects_stay_PAUSED_and_are_never_deleted;_at_most_5_attempts (3.48s)
    --- PASS: TestMetaAdsMA06Binding/publish_of_an_ACTIVE_draft_is_refused_while_an_earlier_attempt_is_not_confirmed_non-spending (1.73s)
    --- PASS: TestMetaAdsMA06Binding/publish_of_a_draft_that_was_paused_is_refused_(resume_=_copy_into_a_new_draft) (2.63s)
=== RUN   TestMetaAdsMA07Insights
=== RUN   TestMetaAdsMA07Insights/planning_keys,_lane,_principal;_ingestion_values;_NULL_when_Meta_reports_nothing;_report_blocks
=== RUN   TestMetaAdsMA07Insights/28-day_finalization:_a_day_older_than_28_days_is_final_and_immutable
=== RUN   TestMetaAdsMA07Insights/auto-pause_at_100%_of_the_approved_budget_(cumulative),_never_below,_never_a_budget_change_or_re-activation
=== RUN   TestMetaAdsMA07Insights/WITH_ISSUES_while_spending_below_budget:_auto-pause_fires_(REJECTED_projection_still_delivering)
=== RUN   TestMetaAdsMA07Insights/ingestion_does_not_depend_on_derived_status:_reads_finished_after_a_pause_are_still_ingested
=== RUN   TestMetaAdsMA07Insights/insights_candidates:_any_derived_status_with_a_pinned_campaign_inside_ends_at+3_days;_nothing_after
=== RUN   TestMetaAdsMA07Insights/rate-limited_read:_FAILED_FINAL_rate_limited,_re-planned_in_a_later_hour,_then_ingested
=== RUN   TestMetaAdsMA07Insights/insights_read_is_a_read_op:_allowed_in_SANDBOX_with_a_non-sandbox_account,_no_spend
--- PASS: TestMetaAdsMA07Insights (20.90s)
    --- PASS: TestMetaAdsMA07Insights/planning_keys,_lane,_principal;_ingestion_values;_NULL_when_Meta_reports_nothing;_report_blocks (2.42s)
    --- PASS: TestMetaAdsMA07Insights/28-day_finalization:_a_day_older_than_28_days_is_final_and_immutable (2.19s)
    --- PASS: TestMetaAdsMA07Insights/auto-pause_at_100%_of_the_approved_budget_(cumulative),_never_below,_never_a_budget_change_or_re-activation (4.74s)
    --- PASS: TestMetaAdsMA07Insights/WITH_ISSUES_while_spending_below_budget:_auto-pause_fires_(REJECTED_projection_still_delivering) (2.24s)
    --- PASS: TestMetaAdsMA07Insights/ingestion_does_not_depend_on_derived_status:_reads_finished_after_a_pause_are_still_ingested (2.69s)
    --- PASS: TestMetaAdsMA07Insights/insights_candidates:_any_derived_status_with_a_pinned_campaign_inside_ends_at+3_days;_nothing_after (1.97s)
    --- PASS: TestMetaAdsMA07Insights/rate-limited_read:_FAILED_FINAL_rate_limited,_re-planned_in_a_later_hour,_then_ingested (2.69s)
    --- PASS: TestMetaAdsMA07Insights/insights_read_is_a_read_op:_allowed_in_SANDBOX_with_a_non-sandbox_account,_no_spend (1.97s)
=== RUN   TestMetaAdsMA07ReportShape
--- PASS: TestMetaAdsMA07ReportShape (0.05s)
=== RUN   TestMetaAdsChildWorker
--- PASS: TestMetaAdsChildWorker (0.00s)
=== RUN   TestMetaAdsMA05ChildKill
--- PASS: TestMetaAdsMA05ChildKill (32.39s)
=== RUN   TestMetaAdsGrantScript
--- PASS: TestMetaAdsGrantScript (0.02s)
=== RUN   TestMetaAdsSandboxS1
    meta_ads_sandbox_test.go:92: NOT_RUN: META_ADS_SANDBOX=1 and the owner's sandbox inputs are required (app 大梦 roles, sandbox ad account); never run in CI
--- SKIP: TestMetaAdsSandboxS1 (0.00s)
=== RUN   TestMetaAdsSandboxS2
    meta_ads_sandbox_test.go:148: NOT_RUN: META_ADS_SANDBOX=1 and the owner's sandbox inputs are required (app 大梦 roles, sandbox ad account); never run in CI
--- SKIP: TestMetaAdsSandboxS2 (0.00s)
=== RUN   TestMetaAdsSandboxS3
    meta_ads_sandbox_test.go:161: NOT_RUN: META_ADS_SANDBOX=1 and the owner's sandbox inputs are required (app 大梦 roles, sandbox ad account); never run in CI
--- SKIP: TestMetaAdsSandboxS3 (0.00s)
=== RUN   TestMetaAdsSandboxS4
    meta_ads_sandbox_test.go:184: NOT_RUN: META_ADS_SANDBOX=1 and the owner's sandbox inputs are required (app 大梦 roles, sandbox ad account); never run in CI
--- SKIP: TestMetaAdsSandboxS4 (0.00s)
=== RUN   TestMetaAdsMA02Schema
=== RUN   TestMetaAdsMA02Schema/commerce_ads_writer_holds_exactly_the_§4.4_rows_(+_the_listed_contract_gaps)
    meta_ads_schema_test.go:170: GAP column:catalog.products.status:SELECT -- GAP-2 (R-C): 'product exists, published' of §5.2
    meta_ads_schema_test.go:170: GAP column:checkout.orders.quote_id:SELECT -- GAP-3: order lines live in the quote snapshot; §4.3 names destination_id/order-line columns that do not exist as such
    meta_ads_schema_test.go:170: GAP column:control.storefront_domains.id:SELECT -- GAP-2 (R-C): §5.2 PRODUCT_TRAFFIC validation needs the active storefront domain; §4.4 has no such row
    meta_ads_schema_test.go:170: GAP column:control.storefront_domains.origin:SELECT -- GAP-2 (R-C): §5.2 PRODUCT_TRAFFIC validation needs the active storefront domain; §4.4 has no such row
    meta_ads_schema_test.go:170: GAP column:control.storefront_domains.state:SELECT -- GAP-2 (R-C): §5.2 PRODUCT_TRAFFIC validation needs the active storefront domain; §4.4 has no such row
    meta_ads_schema_test.go:170: GAP column:control.storefront_domains.store_id:SELECT -- GAP-2 (R-C): §5.2 PRODUCT_TRAFFIC validation needs the active storefront domain; §4.4 has no such row
    meta_ads_schema_test.go:170: GAP column:control.storefront_domains.tenant_id:SELECT -- GAP-2 (R-C): §5.2 PRODUCT_TRAFFIC validation needs the active storefront domain; §4.4 has no such row
    meta_ads_schema_test.go:170: GAP column:control.storefront_publications.published:SELECT -- GAP-2 (R-C): published storefront check of §5.2
    meta_ads_schema_test.go:170: GAP column:control.storefront_publications.store_id:SELECT -- GAP-2 (R-C): published storefront check of §5.2
    meta_ads_schema_test.go:170: GAP column:control.storefront_publications.tenant_id:SELECT -- GAP-2 (R-C): published storefront check of §5.2
    meta_ads_schema_test.go:170: GAP column:storefront.quotes.id:SELECT -- GAP-3: quote snapshot carries the order lines (contents[]); §4.3 names storefront.destination_snapshots(phone), which the implementation deliberately does NOT grant (CD5: ph omitted)
    meta_ads_schema_test.go:170: GAP column:storefront.quotes.owner_id:SELECT -- GAP-3: quote snapshot carries the order lines (contents[]); §4.3 names storefront.destination_snapshots(phone), which the implementation deliberately does NOT grant (CD5: ph omitted)
    meta_ads_schema_test.go:170: GAP column:storefront.quotes.snapshot:SELECT -- GAP-3: quote snapshot carries the order lines (contents[]); §4.3 names storefront.destination_snapshots(phone), which the implementation deliberately does NOT grant (CD5: ph omitted)
    meta_ads_schema_test.go:170: GAP column:storefront.quotes.store_id:SELECT -- GAP-3: quote snapshot carries the order lines (contents[]); §4.3 names storefront.destination_snapshots(phone), which the implementation deliberately does NOT grant (CD5: ph omitted)
    meta_ads_schema_test.go:170: GAP column:storefront.quotes.tenant_id:SELECT -- GAP-3: quote snapshot carries the order lines (contents[]); §4.3 names storefront.destination_snapshots(phone), which the implementation deliberately does NOT grant (CD5: ph omitted)
    meta_ads_schema_test.go:170: GAP schema:river:USAGE -- GAP-1: ads.verify_job reads river.river_job (xmin) to prove the planned job, the pattern §6.3 mandates (integration.plan_claim_reply, 0064:829); §4.4 has no river row
    meta_ads_schema_test.go:170: GAP table:river.river_job:SELECT -- GAP-1
=== RUN   TestMetaAdsMA02Schema/every_other_role_holds_exactly_its_§4.4_rows_on_ads_objects;_PUBLIC_and_login_roles_hold_none
=== RUN   TestMetaAdsMA02Schema/object_hygiene:_FORCE_RLS,_definer_+_search_path,_owners,_comments
=== RUN   TestMetaAdsMA02Schema/widened_CHECKs_and_A-1:_no_automatic_ads_grants
=== RUN   TestMetaAdsMA02Schema/§4.1_table_CHECKs_refuse_what_the_contract_says_they_refuse
=== RUN   TestMetaAdsMA02Schema/runtime_and_worker_cannot_touch_ads_tables_or_the_operator_definer;_merchants_cannot_change_environment_or_allowance
=== RUN   TestMetaAdsMA02Schema/writer_policies_on_integration.operations_/_operation_events_exist_and_behave_(removing_one_turns_this_red)
=== RUN   TestMetaAdsMA02Schema/evidence:_source_files_of_the_schema_half_exist
=== RUN   TestMetaAdsMA02Schema/static:_every_GRANT_in_the_ads_migrations_is_a_§4.4_/_0080_statement_(comments_and_strings_stripped)
--- PASS: TestMetaAdsMA02Schema (0.47s)
    --- PASS: TestMetaAdsMA02Schema/commerce_ads_writer_holds_exactly_the_§4.4_rows_(+_the_listed_contract_gaps) (0.01s)
    --- PASS: TestMetaAdsMA02Schema/every_other_role_holds_exactly_its_§4.4_rows_on_ads_objects;_PUBLIC_and_login_roles_hold_none (0.04s)
    --- PASS: TestMetaAdsMA02Schema/object_hygiene:_FORCE_RLS,_definer_+_search_path,_owners,_comments (0.01s)
    --- PASS: TestMetaAdsMA02Schema/widened_CHECKs_and_A-1:_no_automatic_ads_grants (0.03s)
    --- PASS: TestMetaAdsMA02Schema/§4.1_table_CHECKs_refuse_what_the_contract_says_they_refuse (0.10s)
    --- PASS: TestMetaAdsMA02Schema/runtime_and_worker_cannot_touch_ads_tables_or_the_operator_definer;_merchants_cannot_change_environment_or_allowance (0.08s)
    --- PASS: TestMetaAdsMA02Schema/writer_policies_on_integration.operations_/_operation_events_exist_and_behave_(removing_one_turns_this_red) (0.10s)
    --- PASS: TestMetaAdsMA02Schema/evidence:_source_files_of_the_schema_half_exist (0.00s)
    --- PASS: TestMetaAdsMA02Schema/static:_every_GRANT_in_the_ads_migrations_is_a_§4.4_/_0080_statement_(comments_and_strings_stripped) (0.10s)
=== RUN   TestMetaAdsOriginalRefusalDraftReason
--- PASS: TestMetaAdsOriginalRefusalDraftReason (0.71s)
=== RUN   TestMetaAdsMA01Units
=== RUN   TestMetaAdsMA01Units/MetaBudget
=== RUN   TestMetaAdsMA01Units/SpendMinor
=== RUN   TestMetaAdsMA01Units/ResultGrammarRoundTrip
=== RUN   TestMetaAdsMA01Units/CanonicalDraftD10
=== RUN   TestMetaAdsMA01Units/EventIDPhoneExternalID
--- PASS: TestMetaAdsMA01Units (0.00s)
    --- PASS: TestMetaAdsMA01Units/MetaBudget (0.00s)
    --- PASS: TestMetaAdsMA01Units/SpendMinor (0.00s)
    --- PASS: TestMetaAdsMA01Units/ResultGrammarRoundTrip (0.00s)
    --- PASS: TestMetaAdsMA01Units/CanonicalDraftD10 (0.00s)
    --- PASS: TestMetaAdsMA01Units/EventIDPhoneExternalID (0.00s)
=== RUN   TestMetaAdsMA01Classification
=== RUN   TestMetaAdsMA01Classification/creates
=== RUN   TestMetaAdsMA01Classification/name_must_be_the_lc_tag,_otherwise_zero_HTTP
=== RUN   TestMetaAdsMA01Classification/activate_and_pause_are_never_FAILED_FINAL
=== RUN   TestMetaAdsMA01Classification/reads
=== RUN   TestMetaAdsMA01Classification/CAPI_PostEvent_classification
=== RUN   TestMetaAdsMA01Classification/host_guard
--- PASS: TestMetaAdsMA01Classification (7.27s)
    --- PASS: TestMetaAdsMA01Classification/creates (1.81s)
    --- PASS: TestMetaAdsMA01Classification/name_must_be_the_lc_tag,_otherwise_zero_HTTP (0.00s)
    --- PASS: TestMetaAdsMA01Classification/activate_and_pause_are_never_FAILED_FINAL (3.61s)
    --- PASS: TestMetaAdsMA01Classification/reads (0.91s)
    --- PASS: TestMetaAdsMA01Classification/CAPI_PostEvent_classification (0.91s)
    --- PASS: TestMetaAdsMA01Classification/host_guard (0.00s)
=== RUN   TestMetaClaimsMCI10AttributionFinishNegatives
=== RUN   TestMetaClaimsMCI10AttributionFinishNegatives/contracted
=== RUN   TestMetaClaimsMCI10AttributionFinishNegatives/arbitrary_query
=== RUN   TestMetaClaimsMCI10AttributionFinishNegatives/wrong_fence
=== RUN   TestMetaClaimsMCI10AttributionFinishNegatives/claim_escape
=== RUN   TestMetaClaimsMCI10AttributionFinishNegatives/tx_rebind
=== RUN   TestMetaClaimsMCI10AttributionFinishNegatives/tx_shadow
=== RUN   TestMetaClaimsMCI10AttributionFinishNegatives/ctx_rebind
=== RUN   TestMetaClaimsMCI10AttributionFinishNegatives/extra_SQL
=== RUN   TestMetaClaimsMCI10AttributionFinishNegatives/async_SQL
=== RUN   TestMetaClaimsMCI10AttributionFinishNegatives/deferred_SQL
=== RUN   TestMetaClaimsMCI10AttributionFinishNegatives/extra_closure
=== RUN   TestMetaClaimsMCI10AttributionFinishNegatives/claim_marshalled
=== RUN   TestMetaClaimsMCI10AttributionFinishNegatives/renamed_callback
--- PASS: TestMetaClaimsMCI10AttributionFinishNegatives (0.02s)
    --- PASS: TestMetaClaimsMCI10AttributionFinishNegatives/contracted (0.00s)
    --- PASS: TestMetaClaimsMCI10AttributionFinishNegatives/arbitrary_query (0.00s)
    --- PASS: TestMetaClaimsMCI10AttributionFinishNegatives/wrong_fence (0.00s)
    --- PASS: TestMetaClaimsMCI10AttributionFinishNegatives/claim_escape (0.00s)
    --- PASS: TestMetaClaimsMCI10AttributionFinishNegatives/tx_rebind (0.00s)
    --- PASS: TestMetaClaimsMCI10AttributionFinishNegatives/tx_shadow (0.00s)
    --- PASS: TestMetaClaimsMCI10AttributionFinishNegatives/ctx_rebind (0.00s)
    --- PASS: TestMetaClaimsMCI10AttributionFinishNegatives/extra_SQL (0.00s)
    --- PASS: TestMetaClaimsMCI10AttributionFinishNegatives/async_SQL (0.00s)
    --- PASS: TestMetaClaimsMCI10AttributionFinishNegatives/deferred_SQL (0.00s)
    --- PASS: TestMetaClaimsMCI10AttributionFinishNegatives/extra_closure (0.00s)
    --- PASS: TestMetaClaimsMCI10AttributionFinishNegatives/claim_marshalled (0.00s)
    --- PASS: TestMetaClaimsMCI10AttributionFinishNegatives/renamed_callback (0.00s)
=== RUN   TestMetaClaimsMCI10SharedPageLoaderNegatives
=== RUN   TestMetaClaimsMCI10SharedPageLoaderNegatives/contracted
=== RUN   TestMetaClaimsMCI10SharedPageLoaderNegatives/arbitrary_query
=== RUN   TestMetaClaimsMCI10SharedPageLoaderNegatives/query_rebind
=== RUN   TestMetaClaimsMCI10SharedPageLoaderNegatives/tx_rebind
=== RUN   TestMetaClaimsMCI10SharedPageLoaderNegatives/tx_shadow
=== RUN   TestMetaClaimsMCI10SharedPageLoaderNegatives/claim_escapes
=== RUN   TestMetaClaimsMCI10SharedPageLoaderNegatives/wrong_fence
=== RUN   TestMetaClaimsMCI10SharedPageLoaderNegatives/extra_SQL
=== RUN   TestMetaClaimsMCI10SharedPageLoaderNegatives/async_SQL
=== RUN   TestMetaClaimsMCI10SharedPageLoaderNegatives/extra_closure
=== RUN   TestMetaClaimsMCI10SharedPageLoaderNegatives/aliased_loader
=== RUN   TestMetaClaimsMCI10SharedPageLoaderNegatives/extra_call
=== RUN   TestMetaClaimsMCI10SharedPageLoaderNegatives/package_level_call
=== RUN   TestMetaClaimsMCI10SharedPageLoaderNegatives/wrong_audience_SQL
=== RUN   TestMetaClaimsMCI10SharedPageLoaderNegatives/wrong_live-videos_SQL
=== RUN   TestMetaClaimsMCI10SharedPageLoaderNegatives/wrong_live-videos_scopes
=== RUN   TestMetaClaimsMCI10SharedPageLoaderNegatives/wrong_route_field
=== RUN   TestMetaClaimsMCI10SharedPageLoaderNegatives/wrong_scopes
=== RUN   TestMetaClaimsMCI10SharedPageLoaderNegatives/unused_audience_call
=== RUN   TestMetaClaimsMCI10SharedPageLoaderNegatives/two_audience_calls_replace_private_reply
=== RUN   TestMetaClaimsMCI10SharedPageLoaderNegatives/nested_returning_closure
--- PASS: TestMetaClaimsMCI10SharedPageLoaderNegatives (0.17s)
    --- PASS: TestMetaClaimsMCI10SharedPageLoaderNegatives/contracted (0.01s)
    --- PASS: TestMetaClaimsMCI10SharedPageLoaderNegatives/arbitrary_query (0.01s)
    --- PASS: TestMetaClaimsMCI10SharedPageLoaderNegatives/query_rebind (0.01s)
    --- PASS: TestMetaClaimsMCI10SharedPageLoaderNegatives/tx_rebind (0.01s)
    --- PASS: TestMetaClaimsMCI10SharedPageLoaderNegatives/tx_shadow (0.01s)
    --- PASS: TestMetaClaimsMCI10SharedPageLoaderNegatives/claim_escapes (0.01s)
    --- PASS: TestMetaClaimsMCI10SharedPageLoaderNegatives/wrong_fence (0.01s)
    --- PASS: TestMetaClaimsMCI10SharedPageLoaderNegatives/extra_SQL (0.01s)
    --- PASS: TestMetaClaimsMCI10SharedPageLoaderNegatives/async_SQL (0.01s)
    --- PASS: TestMetaClaimsMCI10SharedPageLoaderNegatives/extra_closure (0.01s)
    --- PASS: TestMetaClaimsMCI10SharedPageLoaderNegatives/aliased_loader (0.01s)
    --- PASS: TestMetaClaimsMCI10SharedPageLoaderNegatives/extra_call (0.01s)
    --- PASS: TestMetaClaimsMCI10SharedPageLoaderNegatives/package_level_call (0.01s)
    --- PASS: TestMetaClaimsMCI10SharedPageLoaderNegatives/wrong_audience_SQL (0.01s)
    --- PASS: TestMetaClaimsMCI10SharedPageLoaderNegatives/wrong_live-videos_SQL (0.01s)
    --- PASS: TestMetaClaimsMCI10SharedPageLoaderNegatives/wrong_live-videos_scopes (0.01s)
    --- PASS: TestMetaClaimsMCI10SharedPageLoaderNegatives/wrong_route_field (0.01s)
    --- PASS: TestMetaClaimsMCI10SharedPageLoaderNegatives/wrong_scopes (0.01s)
    --- PASS: TestMetaClaimsMCI10SharedPageLoaderNegatives/unused_audience_call (0.01s)
    --- PASS: TestMetaClaimsMCI10SharedPageLoaderNegatives/two_audience_calls_replace_private_reply (0.01s)
    --- PASS: TestMetaClaimsMCI10SharedPageLoaderNegatives/nested_returning_closure (0.01s)
=== RUN   TestMetaClaimsMCI04SignedReplayToAcceptedClaim
--- PASS: TestMetaClaimsMCI04SignedReplayToAcceptedClaim (8.05s)
=== RUN   TestMetaClaimsMCI04NonQualifyingKeepsSocialFactOnly
--- PASS: TestMetaClaimsMCI04NonQualifyingKeepsSocialFactOnly (2.11s)
=== RUN   TestMetaClaimsMCI04NoMatchAndUnknownKeywordShapes
--- PASS: TestMetaClaimsMCI04NoMatchAndUnknownKeywordShapes (0.90s)
=== RUN   TestMetaClaimsMCI04ConsumerAtomicity
=== RUN   TestMetaClaimsMCI04ConsumerAtomicity/social_fact
=== RUN   TestMetaClaimsMCI04ConsumerAtomicity/stage
=== RUN   TestMetaClaimsMCI04ConsumerAtomicity/processed_mark
=== RUN   TestMetaClaimsMCI04ConsumerAtomicity/COMMIT
--- PASS: TestMetaClaimsMCI04ConsumerAtomicity (15.68s)
    --- PASS: TestMetaClaimsMCI04ConsumerAtomicity/social_fact (2.40s)
    --- PASS: TestMetaClaimsMCI04ConsumerAtomicity/stage (2.35s)
    --- PASS: TestMetaClaimsMCI04ConsumerAtomicity/processed_mark (1.36s)
    --- PASS: TestMetaClaimsMCI04ConsumerAtomicity/COMMIT (2.36s)
=== RUN   TestMetaClaimsMCI04ApplyFailurePaths
=== RUN   TestMetaClaimsMCI04ApplyFailurePaths/22023_invalid
=== RUN   TestMetaClaimsMCI04ApplyFailurePaths/23514_check
=== RUN   TestMetaClaimsMCI04ApplyFailurePaths/transient_40P01_backs_off_then_applies
=== RUN   TestMetaClaimsMCI04ApplyFailurePaths/attempt_cap_10_fails_the_row
--- PASS: TestMetaClaimsMCI04ApplyFailurePaths (1.46s)
    --- PASS: TestMetaClaimsMCI04ApplyFailurePaths/22023_invalid (0.33s)
    --- PASS: TestMetaClaimsMCI04ApplyFailurePaths/23514_check (0.23s)
    --- PASS: TestMetaClaimsMCI04ApplyFailurePaths/transient_40P01_backs_off_then_applies (0.28s)
    --- PASS: TestMetaClaimsMCI04ApplyFailurePaths/attempt_cap_10_fails_the_row (0.31s)
=== RUN   TestMetaClaimsMCI04IngestPreconditions
--- PASS: TestMetaClaimsMCI04IngestPreconditions (0.62s)
=== RUN   TestMetaClaimsMCI04CrashMidApplyIsRepolledAndAppliedOnce
--- PASS: TestMetaClaimsMCI04CrashMidApplyIsRepolledAndAppliedOnce (3.82s)
=== RUN   TestMetaClaimsMCI04RiverGuards
--- PASS: TestMetaClaimsMCI04RiverGuards (0.30s)
=== RUN   TestMetaClaimsMCI05OneIntakePerComment
=== RUN   TestMetaClaimsMCI05OneIntakePerComment/redelivered_webhook_is_a_duplicate
=== RUN   TestMetaClaimsMCI05OneIntakePerComment/same_comment_id_with_a_different_payload_hash:_late_A1_does_not_reset_A1+3
=== RUN   TestMetaClaimsMCI05OneIntakePerComment/one_Instagram_comment_as_comments_and_live_comments
=== RUN   TestMetaClaimsMCI05OneIntakePerComment/one_comment_through_two_apps_routed_to_one_asset
=== RUN   TestMetaClaimsMCI05OneIntakePerComment/20_concurrent_consumer_runs_of_one_comment
--- PASS: TestMetaClaimsMCI05OneIntakePerComment (2.60s)
    --- PASS: TestMetaClaimsMCI05OneIntakePerComment/redelivered_webhook_is_a_duplicate (0.30s)
    --- PASS: TestMetaClaimsMCI05OneIntakePerComment/same_comment_id_with_a_different_payload_hash:_late_A1_does_not_reset_A1+3 (0.53s)
    --- PASS: TestMetaClaimsMCI05OneIntakePerComment/one_Instagram_comment_as_comments_and_live_comments (0.48s)
    --- PASS: TestMetaClaimsMCI05OneIntakePerComment/one_comment_through_two_apps_routed_to_one_asset (0.50s)
    --- PASS: TestMetaClaimsMCI05OneIntakePerComment/20_concurrent_consumer_runs_of_one_comment (0.52s)
=== RUN   TestMetaClaimsMCI05ImmutableFactsAndDuplicates
--- PASS: TestMetaClaimsMCI05ImmutableFactsAndDuplicates (8.09s)
=== RUN   TestMetaClaimsMCI05StagingCap
--- PASS: TestMetaClaimsMCI05StagingCap (0.83s)
=== RUN   TestMetaClaimsMCI06IntervalsGraceAndGenerations
--- PASS: TestMetaClaimsMCI06IntervalsGraceAndGenerations (1.89s)
=== RUN   TestMetaClaimsMCI06CloseWhileApplyWaits
--- PASS: TestMetaClaimsMCI06CloseWhileApplyWaits (0.60s)
=== RUN   TestMetaClaimsMCI06InstagramUsesDeliveryTime
--- PASS: TestMetaClaimsMCI06InstagramUsesDeliveryTime (0.81s)
=== RUN   TestMetaClaimsMCI06RateBounds
=== RUN   TestMetaClaimsMCI06RateBounds/10_per_actor_per_minute_under_12_concurrent_applies
=== RUN   TestMetaClaimsMCI06RateBounds/spaced_backlog_replay_is_not_limited
=== RUN   TestMetaClaimsMCI06RateBounds/5000_platform_bundles_per_session_under_4_concurrent_applies
--- PASS: TestMetaClaimsMCI06RateBounds (16.70s)
    --- PASS: TestMetaClaimsMCI06RateBounds/10_per_actor_per_minute_under_12_concurrent_applies (3.20s)
    --- PASS: TestMetaClaimsMCI06RateBounds/spaced_backlog_replay_is_not_limited (3.77s)
    --- PASS: TestMetaClaimsMCI06RateBounds/5000_platform_bundles_per_session_under_4_concurrent_applies (1.14s)
=== RUN   TestMetaClaimsMCI09LockOrderWorkload
--- PASS: TestMetaClaimsMCI09LockOrderWorkload (2.42s)
=== RUN   TestMetaClaimsMCI10IngestCallers
--- PASS: TestMetaClaimsMCI10IngestCallers (0.66s)
=== RUN   TestMetaClaimsMCI10NoNetworkInIntakeCode
--- PASS: TestMetaClaimsMCI10NoNetworkInIntakeCode (0.51s)
=== RUN   TestMetaClaimsMCI10SecretClaimOnlyInLoadSecret
--- PASS: TestMetaClaimsMCI10SecretClaimOnlyInLoadSecret (0.68s)
=== RUN   TestMetaClaimsMCI10AdsRefusalFinishException
=== RUN   TestMetaClaimsMCI10AdsRefusalFinishException/contracted_Finish
=== RUN   TestMetaClaimsMCI10AdsRefusalFinishException/moved_file
=== RUN   TestMetaClaimsMCI10AdsRefusalFinishException/renamed_function
=== RUN   TestMetaClaimsMCI10AdsRefusalFinishException/Check_callback
=== RUN   TestMetaClaimsMCI10AdsRefusalFinishException/Dispatch_callback
=== RUN   TestMetaClaimsMCI10AdsRefusalFinishException/Reconcile_callback
=== RUN   TestMetaClaimsMCI10AdsRefusalFinishException/alias
=== RUN   TestMetaClaimsMCI10AdsRefusalFinishException/loader_substituted
=== RUN   TestMetaClaimsMCI10AdsRefusalFinishException/loader_added
=== RUN   TestMetaClaimsMCI10AdsRefusalFinishException/comment_only
=== RUN   TestMetaClaimsMCI10AdsRefusalFinishException/unused_literal_only
=== RUN   TestMetaClaimsMCI10AdsRefusalFinishException/wrong_fence
=== RUN   TestMetaClaimsMCI10AdsRefusalFinishException/claim_escapes
=== RUN   TestMetaClaimsMCI10AdsRefusalFinishException/renamed_callback_with_unused_loader_literal
=== RUN   TestMetaClaimsMCI10AdsRefusalFinishException/moved_callback_with_unused_loader_literal
--- PASS: TestMetaClaimsMCI10AdsRefusalFinishException (0.01s)
    --- PASS: TestMetaClaimsMCI10AdsRefusalFinishException/contracted_Finish (0.00s)
    --- PASS: TestMetaClaimsMCI10AdsRefusalFinishException/moved_file (0.00s)
    --- PASS: TestMetaClaimsMCI10AdsRefusalFinishException/renamed_function (0.00s)
    --- PASS: TestMetaClaimsMCI10AdsRefusalFinishException/Check_callback (0.00s)
    --- PASS: TestMetaClaimsMCI10AdsRefusalFinishException/Dispatch_callback (0.00s)
    --- PASS: TestMetaClaimsMCI10AdsRefusalFinishException/Reconcile_callback (0.00s)
    --- PASS: TestMetaClaimsMCI10AdsRefusalFinishException/alias (0.00s)
    --- PASS: TestMetaClaimsMCI10AdsRefusalFinishException/loader_substituted (0.00s)
    --- PASS: TestMetaClaimsMCI10AdsRefusalFinishException/loader_added (0.00s)
    --- PASS: TestMetaClaimsMCI10AdsRefusalFinishException/comment_only (0.00s)
    --- PASS: TestMetaClaimsMCI10AdsRefusalFinishException/unused_literal_only (0.00s)
    --- PASS: TestMetaClaimsMCI10AdsRefusalFinishException/wrong_fence (0.00s)
    --- PASS: TestMetaClaimsMCI10AdsRefusalFinishException/claim_escapes (0.00s)
    --- PASS: TestMetaClaimsMCI10AdsRefusalFinishException/renamed_callback_with_unused_loader_literal (0.00s)
    --- PASS: TestMetaClaimsMCI10AdsRefusalFinishException/moved_callback_with_unused_loader_literal (0.00s)
=== RUN   TestMetaClaimsMCI10ClaimsImports
--- PASS: TestMetaClaimsMCI10ClaimsImports (0.02s)
=== RUN   TestMetaClaimsMCI10NoRiverKindsAndOneInsertPath
--- PASS: TestMetaClaimsMCI10NoRiverKindsAndOneInsertPath (0.51s)
=== RUN   TestMetaClaimsMCI10SecretEnvOwnership
--- PASS: TestMetaClaimsMCI10SecretEnvOwnership (0.52s)
=== RUN   TestMetaClaimsMCI10NoNewThirdPartyModule
--- PASS: TestMetaClaimsMCI10NoNewThirdPartyModule (0.50s)
=== RUN   TestMetaClaimsMCI10PackageComments
--- PASS: TestMetaClaimsMCI10PackageComments (0.03s)
=== RUN   TestMetaClaimsMCI11LiveReadOnlyProbes
    meta_claims_intake_live_test.go:42: NOT_RUN: META_LIVE_PAGE_ID and META_LIVE_PAGE_TOKEN are not set (no Page token in the harness, owner input O4)
--- SKIP: TestMetaClaimsMCI11LiveReadOnlyProbes (0.00s)
=== RUN   TestMetaClaimsMCI07PlanShapeAndBudget
=== RUN   TestMetaClaimsMCI07PlanShapeAndBudget/facebook
=== RUN   TestMetaClaimsMCI07PlanShapeAndBudget/instagram_live
--- PASS: TestMetaClaimsMCI07PlanShapeAndBudget (8.57s)
    --- PASS: TestMetaClaimsMCI07PlanShapeAndBudget/facebook (0.55s)
    --- PASS: TestMetaClaimsMCI07PlanShapeAndBudget/instagram_live (0.50s)
=== RUN   TestMetaClaimsMCI07ReplySkips
=== RUN   TestMetaClaimsMCI07ReplySkips/binding_disabled
=== RUN   TestMetaClaimsMCI07ReplySkips/binding_changed
=== RUN   TestMetaClaimsMCI07ReplySkips/source_off
=== RUN   TestMetaClaimsMCI07ReplySkips/no_storefront
--- PASS: TestMetaClaimsMCI07ReplySkips (2.65s)
    --- PASS: TestMetaClaimsMCI07ReplySkips/binding_disabled (0.64s)
    --- PASS: TestMetaClaimsMCI07ReplySkips/binding_changed (0.59s)
    --- PASS: TestMetaClaimsMCI07ReplySkips/source_off (0.82s)
    --- PASS: TestMetaClaimsMCI07ReplySkips/no_storefront (0.60s)
=== RUN   TestMetaClaimsMCI07BindingVersionBumpIsNotASkip
--- PASS: TestMetaClaimsMCI07BindingVersionBumpIsNotASkip (1.60s)
=== RUN   TestMetaClaimsMCI07SendAndOutcomes
=== RUN   TestMetaClaimsMCI07SendAndOutcomes/2xx_sends_the_link_once,_token_only_in_the_JSON_body
=== RUN   TestMetaClaimsMCI07SendAndOutcomes/locale_en_renders_the_/en/_link
=== RUN   TestMetaClaimsMCI07SendAndOutcomes/UNKNOWN_then_query-only:_400
=== RUN   TestMetaClaimsMCI07SendAndOutcomes/UNKNOWN_then_query-only:_5xx
=== RUN   TestMetaClaimsMCI07SendAndOutcomes/UNKNOWN_then_query-only:_429
=== RUN   TestMetaClaimsMCI07SendAndOutcomes/UNKNOWN_then_query-only:_garbled
=== RUN   TestMetaClaimsMCI07SendAndOutcomes/UNKNOWN_then_query-only:_nomsgid
=== RUN   TestMetaClaimsMCI07SendAndOutcomes/UNKNOWN_then_query-only:_hang
--- PASS: TestMetaClaimsMCI07SendAndOutcomes (23.09s)
    --- PASS: TestMetaClaimsMCI07SendAndOutcomes/2xx_sends_the_link_once,_token_only_in_the_JSON_body (2.30s)
    --- PASS: TestMetaClaimsMCI07SendAndOutcomes/locale_en_renders_the_/en/_link (1.00s)
    --- PASS: TestMetaClaimsMCI07SendAndOutcomes/UNKNOWN_then_query-only:_400 (1.99s)
    --- PASS: TestMetaClaimsMCI07SendAndOutcomes/UNKNOWN_then_query-only:_5xx (2.00s)
    --- PASS: TestMetaClaimsMCI07SendAndOutcomes/UNKNOWN_then_query-only:_429 (2.25s)
    --- PASS: TestMetaClaimsMCI07SendAndOutcomes/UNKNOWN_then_query-only:_garbled (2.02s)
    --- PASS: TestMetaClaimsMCI07SendAndOutcomes/UNKNOWN_then_query-only:_nomsgid (2.26s)
    --- PASS: TestMetaClaimsMCI07SendAndOutcomes/UNKNOWN_then_query-only:_hang (1.98s)
=== RUN   TestMetaClaimsMCI07CheckDenials
=== RUN   TestMetaClaimsMCI07CheckDenials/deadline_(IG_live:_received_1_h_ago,_+15_min_already_passed)
=== RUN   TestMetaClaimsMCI07CheckDenials/source_off
=== RUN   TestMetaClaimsMCI07CheckDenials/principal_revoked
=== RUN   TestMetaClaimsMCI07CheckDenials/IG_live_window_closed
=== RUN   TestMetaClaimsMCI07CheckDenials/merchant_rotated_the_link
=== RUN   TestMetaClaimsMCI07CheckDenials/merchant_released_a_bound_link
=== RUN   TestMetaClaimsMCI07CheckDenials/link_expiring_within_10_minutes
=== RUN   TestMetaClaimsMCI07CheckDenials/link_key_id_changed
=== RUN   TestMetaClaimsMCI07CheckDenials/binding_changed_after_plan_(dispatcher_gate)
=== RUN   TestMetaClaimsMCI07CheckDenials/no_Page_token_head
=== RUN   TestMetaClaimsMCI07CheckDenials/current_Page_token_lacks_the_attested_scope
=== RUN   TestMetaClaimsMCI07CheckDenials/Check_infrastructure_error_is_UNKNOWN_policy_check_failed,_never_a_denial_or_a_send
--- PASS: TestMetaClaimsMCI07CheckDenials (31.15s)
    --- PASS: TestMetaClaimsMCI07CheckDenials/deadline_(IG_live:_received_1_h_ago,_+15_min_already_passed) (1.44s)
    --- PASS: TestMetaClaimsMCI07CheckDenials/source_off (1.38s)
    --- PASS: TestMetaClaimsMCI07CheckDenials/principal_revoked (1.45s)
    --- PASS: TestMetaClaimsMCI07CheckDenials/IG_live_window_closed (8.84s)
    --- PASS: TestMetaClaimsMCI07CheckDenials/merchant_rotated_the_link (1.51s)
    --- PASS: TestMetaClaimsMCI07CheckDenials/merchant_released_a_bound_link (1.49s)
    --- PASS: TestMetaClaimsMCI07CheckDenials/link_expiring_within_10_minutes (1.42s)
    --- PASS: TestMetaClaimsMCI07CheckDenials/link_key_id_changed (0.71s)
    --- PASS: TestMetaClaimsMCI07CheckDenials/binding_changed_after_plan_(dispatcher_gate) (1.46s)
    --- PASS: TestMetaClaimsMCI07CheckDenials/no_Page_token_head (8.59s)
    --- PASS: TestMetaClaimsMCI07CheckDenials/current_Page_token_lacks_the_attested_scope (1.44s)
    --- PASS: TestMetaClaimsMCI07CheckDenials/Check_infrastructure_error_is_UNKNOWN_policy_check_failed,_never_a_denial_or_a_send (1.42s)
=== RUN   TestMetaClaimsMCI07SecretVisibility
--- PASS: TestMetaClaimsMCI07SecretVisibility (3.65s)
=== RUN   TestMetaClaimsMCI07ChildKillAfterSend
--- PASS: TestMetaClaimsMCI07ChildKillAfterSend (29.77s)
=== RUN   TestMetaClaimsMCI07DispatcherRouteShape
--- PASS: TestMetaClaimsMCI07DispatcherRouteShape (0.06s)
=== RUN   TestMetaClaimsMCI08PrivacyScansAndCustody
--- PASS: TestMetaClaimsMCI08PrivacyScansAndCustody (5.92s)
=== RUN   TestMetaClaimsMCI08ProcessesCannotLoadReplySecrets
--- PASS: TestMetaClaimsMCI08ProcessesCannotLoadReplySecrets (0.01s)
=== RUN   TestMetaClaimsMCI02UpgradeAndExactPrivilegeDelta
=== RUN   TestMetaClaimsMCI02UpgradeAndExactPrivilegeDelta/existing_data_untouched
=== RUN   TestMetaClaimsMCI02UpgradeAndExactPrivilegeDelta/privilege_delta_equals_section_4.3
=== RUN   TestMetaClaimsMCI02UpgradeAndExactPrivilegeDelta/RLS_policies
=== RUN   TestMetaClaimsMCI02UpgradeAndExactPrivilegeDelta/definer_hygiene_and_COMMENT_ON
=== RUN   TestMetaClaimsMCI02UpgradeAndExactPrivilegeDelta/interval_backfill_and_widened_CHECKs
--- PASS: TestMetaClaimsMCI02UpgradeAndExactPrivilegeDelta (3.96s)
    --- PASS: TestMetaClaimsMCI02UpgradeAndExactPrivilegeDelta/existing_data_untouched (0.04s)
    --- PASS: TestMetaClaimsMCI02UpgradeAndExactPrivilegeDelta/privilege_delta_equals_section_4.3 (0.00s)
    --- PASS: TestMetaClaimsMCI02UpgradeAndExactPrivilegeDelta/RLS_policies (0.00s)
    --- PASS: TestMetaClaimsMCI02UpgradeAndExactPrivilegeDelta/definer_hygiene_and_COMMENT_ON (0.01s)
    --- PASS: TestMetaClaimsMCI02UpgradeAndExactPrivilegeDelta/interval_backfill_and_widened_CHECKs (0.01s)
=== RUN   TestMetaClaimsMCI02PoolValidator
--- PASS: TestMetaClaimsMCI02PoolValidator (0.63s)
=== RUN   TestMetaClaimsMCI02PolicyBehaviour
=== RUN   TestMetaClaimsMCI02PolicyBehaviour/intake_login_without_a_leased_row_sees_and_writes_nothing,_even_with_forged_GUCs
=== RUN   TestMetaClaimsMCI02PolicyBehaviour/with_a_lease_the_login_sees_exactly_the_leased_scope
=== RUN   TestMetaClaimsMCI02PolicyBehaviour/NOGUC_system_policies_never_widen_a_tenant-scoped_transaction
=== RUN   TestMetaClaimsMCI02PolicyBehaviour/claims.links:_system_issue_is_INSERT-only,_generation_1,_no_principal
=== RUN   TestMetaClaimsMCI02PolicyBehaviour/commerce_runtime_cannot_insert_a_meta.private_reply_operation
=== RUN   TestMetaClaimsMCI02PolicyBehaviour/commerce_meta_consumer_holds_no_claims,_live_or_river_table_privilege
=== RUN   TestMetaClaimsMCI02PolicyBehaviour/check_meta_reply_from_the_worker_pool_(no_GUCs)_sees_the_link_and_the_window
=== RUN   TestMetaClaimsMCI02PolicyBehaviour/CHECK_widening:_meta_events_carry_no_principal,_RATE_LIMITED_is_meta-only
--- PASS: TestMetaClaimsMCI02PolicyBehaviour (7.86s)
    --- PASS: TestMetaClaimsMCI02PolicyBehaviour/intake_login_without_a_leased_row_sees_and_writes_nothing,_even_with_forged_GUCs (0.01s)
    --- PASS: TestMetaClaimsMCI02PolicyBehaviour/with_a_lease_the_login_sees_exactly_the_leased_scope (0.00s)
    --- PASS: TestMetaClaimsMCI02PolicyBehaviour/NOGUC_system_policies_never_widen_a_tenant-scoped_transaction (0.01s)
    --- PASS: TestMetaClaimsMCI02PolicyBehaviour/claims.links:_system_issue_is_INSERT-only,_generation_1,_no_principal (0.01s)
    --- PASS: TestMetaClaimsMCI02PolicyBehaviour/commerce_runtime_cannot_insert_a_meta.private_reply_operation (0.01s)
    --- PASS: TestMetaClaimsMCI02PolicyBehaviour/commerce_meta_consumer_holds_no_claims,_live_or_river_table_privilege (0.00s)
    --- PASS: TestMetaClaimsMCI02PolicyBehaviour/check_meta_reply_from_the_worker_pool_(no_GUCs)_sees_the_link_and_the_window (0.02s)
    --- PASS: TestMetaClaimsMCI02PolicyBehaviour/CHECK_widening:_meta_events_carry_no_principal,_RATE_LIMITED_is_meta-only (0.00s)
=== RUN   TestMetaClaimsMCI03PutClaimSource
=== RUN   TestMetaClaimsMCI03PutClaimSource/provider_and_binding_mapping
=== RUN   TestMetaClaimsMCI03PutClaimSource/route_mismatch_is_a_conflict
=== RUN   TestMetaClaimsMCI03PutClaimSource/validation
=== RUN   TestMetaClaimsMCI03PutClaimSource/permissions_live:manage_and_integration:execute
=== RUN   TestMetaClaimsMCI03PutClaimSource/private_reply_requires_a_current_Page-token_credential
=== RUN   TestMetaClaimsMCI03PutClaimSource/CAS_on_version,_principal_follows_the_caller,_deactivation_frees_the_object
=== RUN   TestMetaClaimsMCI03PutClaimSource/one_object_maps_to_one_session_under_concurrency
--- PASS: TestMetaClaimsMCI03PutClaimSource (0.40s)
    --- PASS: TestMetaClaimsMCI03PutClaimSource/provider_and_binding_mapping (0.00s)
    --- PASS: TestMetaClaimsMCI03PutClaimSource/route_mismatch_is_a_conflict (0.01s)
    --- PASS: TestMetaClaimsMCI03PutClaimSource/validation (0.01s)
    --- PASS: TestMetaClaimsMCI03PutClaimSource/permissions_live:manage_and_integration:execute (0.01s)
    --- PASS: TestMetaClaimsMCI03PutClaimSource/private_reply_requires_a_current_Page-token_credential (0.00s)
    --- PASS: TestMetaClaimsMCI03PutClaimSource/CAS_on_version,_principal_follows_the_caller,_deactivation_frees_the_object (0.01s)
    --- PASS: TestMetaClaimsMCI03PutClaimSource/one_object_maps_to_one_session_under_concurrency (0.03s)
=== RUN   TestMetaConnectGateState
=== RUN   TestMetaConnectGateState/state_is_bound_to_store_AND_principal:_a_keyed_start_replays_only_for_its_own_principal;_the_key_is_another_principal's_conflict
=== RUN   TestMetaConnectGateState/another_merchant_(other_principal_/_other_store_/_other_tenant)_presenting_the_state_is_refused_and_reaches_no_Meta
=== RUN   TestMetaConnectGateState/single_use:_a_replayed_callback_(same_code_and_state)_is_refused_and_never_reaches_Meta_again
=== RUN   TestMetaConnectGateState/concurrent_callbacks_with_one_state:_exactly_one_wins
=== RUN   TestMetaConnectGateState/expiry_(10_minutes):_an_aged_state_is_refused_410_before_Meta
=== RUN   TestMetaConnectGateState/expiry_on_the_pick_leg:_an_aged_state_refuses_the_pick_with_nothing_enabled
=== RUN   TestMetaConnectGateState/no_open-redirect_surface:_the_callback_accepts_exactly_{code,state};_extra_parameters_are_refused_and_nothing_redirects
--- PASS: TestMetaConnectGateState (0.45s)
    --- PASS: TestMetaConnectGateState/state_is_bound_to_store_AND_principal:_a_keyed_start_replays_only_for_its_own_principal;_the_key_is_another_principal's_conflict (0.03s)
    --- PASS: TestMetaConnectGateState/another_merchant_(other_principal_/_other_store_/_other_tenant)_presenting_the_state_is_refused_and_reaches_no_Meta (0.04s)
    --- PASS: TestMetaConnectGateState/single_use:_a_replayed_callback_(same_code_and_state)_is_refused_and_never_reaches_Meta_again (0.01s)
    --- PASS: TestMetaConnectGateState/concurrent_callbacks_with_one_state:_exactly_one_wins (0.02s)
    --- PASS: TestMetaConnectGateState/expiry_(10_minutes):_an_aged_state_is_refused_410_before_Meta (0.01s)
    --- PASS: TestMetaConnectGateState/expiry_on_the_pick_leg:_an_aged_state_refuses_the_pick_with_nothing_enabled (0.02s)
    --- PASS: TestMetaConnectGateState/no_open-redirect_surface:_the_callback_accepts_exactly_{code,state};_extra_parameters_are_refused_and_nothing_redirects (0.01s)
=== RUN   TestMetaConnectGatePermissions
=== RUN   TestMetaConnectGatePermissions/missing_permission_pages_show_list
=== RUN   TestMetaConnectGatePermissions/missing_permission_pages_manage_metadata
=== RUN   TestMetaConnectGatePermissions/missing_permission_pages_read_engagement
=== RUN   TestMetaConnectGatePermissions/missing_permission_pages_messaging
=== RUN   TestMetaConnectGatePermissions/missing_Page_task_MESSAGING
=== RUN   TestMetaConnectGatePermissions/missing_Page_task_MODERATE
=== RUN   TestMetaConnectGatePermissions/Instagram_kept_but_missing_instagram_basic
=== RUN   TestMetaConnectGatePermissions/Instagram_kept_but_missing_instagram_manage_comments
=== RUN   TestMetaConnectGatePermissions/Instagram_kept_but_missing_instagram_manage_messages
=== RUN   TestMetaConnectGatePermissions/control:_with_every_grant_the_same_Page_picks_(the_refusals_above_are_about_the_grant,_not_the_harness)
--- PASS: TestMetaConnectGatePermissions (0.48s)
    --- PASS: TestMetaConnectGatePermissions/missing_permission_pages_show_list (0.02s)
    --- PASS: TestMetaConnectGatePermissions/missing_permission_pages_manage_metadata (0.02s)
    --- PASS: TestMetaConnectGatePermissions/missing_permission_pages_read_engagement (0.02s)
    --- PASS: TestMetaConnectGatePermissions/missing_permission_pages_messaging (0.02s)
    --- PASS: TestMetaConnectGatePermissions/missing_Page_task_MESSAGING (0.02s)
    --- PASS: TestMetaConnectGatePermissions/missing_Page_task_MODERATE (0.02s)
    --- PASS: TestMetaConnectGatePermissions/Instagram_kept_but_missing_instagram_basic (0.02s)
    --- PASS: TestMetaConnectGatePermissions/Instagram_kept_but_missing_instagram_manage_comments (0.02s)
    --- PASS: TestMetaConnectGatePermissions/Instagram_kept_but_missing_instagram_manage_messages (0.02s)
    --- PASS: TestMetaConnectGatePermissions/control:_with_every_grant_the_same_Page_picks_(the_refusals_above_are_about_the_grant,_not_the_harness) (0.04s)
=== RUN   TestMetaConnectGateOwnership
=== RUN   TestMetaConnectGateOwnership/concurrent_double-pick_of_one_Page_by_three_stores:_exactly_one_wins,_the_others_409_page_taken_without_a_leak
=== RUN   TestMetaConnectGateOwnership/one_store_connects_two_different_Pages_concurrently:_both_201,_two_bindings,_two_rows
=== RUN   TestMetaConnectGateOwnership/same_state_picked_twice_concurrently:_one_201,_one_refusal,_one_credential_head
=== RUN   TestMetaConnectGateOwnership/Instagram_present_/_absent:_IG_is_bound_only_when_present_AND_kept;_asking_for_an_absent_IG_is_refused
--- PASS: TestMetaConnectGateOwnership (0.92s)
    --- PASS: TestMetaConnectGateOwnership/concurrent_double-pick_of_one_Page_by_three_stores:_exactly_one_wins,_the_others_409_page_taken_without_a_leak (0.43s)
    --- PASS: TestMetaConnectGateOwnership/one_store_connects_two_different_Pages_concurrently:_both_201,_two_bindings,_two_rows (0.06s)
    --- PASS: TestMetaConnectGateOwnership/same_state_picked_twice_concurrently:_one_201,_one_refusal,_one_credential_head (0.03s)
    --- PASS: TestMetaConnectGateOwnership/Instagram_present_/_absent:_IG_is_bound_only_when_present_AND_kept;_asking_for_an_absent_IG_is_refused (0.11s)
=== RUN   TestMetaConnectGateCustody
=== RUN   TestMetaConnectGateCustody/no_plaintext_token,_code,_state_or_app_secret_in_any_PG_row_of_any_schema
=== RUN   TestMetaConnectGateCustody/the_stored_credential_is_meta-page-token-v2:_32-byte_encapsulated_key,_sealed_per_binding,_the_user_token_is_not_persisted
=== RUN   TestMetaConnectGateCustody/no_plaintext_token_in_any_API_response_(success_and_error_bodies)
=== RUN   TestMetaConnectGateCustody/no_plaintext_token,_code_or_state_in_service_logs_(slog_+_stderr)_during_the_whole_flow
=== RUN   TestMetaConnectGateCustody/no_token_in_any_Meta-bound_URL;_tokens_travel_in_Authorization_or_JSON_body_only
=== RUN   TestMetaConnectGateCustody/a_v2_credential_opens_only_with_the_claims-worker's_private_ring,_only_under_its_exact_scope
=== RUN   TestMetaConnectGateCustody/audit_rows_exist_for_every_step_and_contain_no_secret_(already_covered_by_the_all-tables_scan_above)
--- PASS: TestMetaConnectGateCustody (0.84s)
    --- PASS: TestMetaConnectGateCustody/no_plaintext_token,_code,_state_or_app_secret_in_any_PG_row_of_any_schema (0.49s)
    --- PASS: TestMetaConnectGateCustody/the_stored_credential_is_meta-page-token-v2:_32-byte_encapsulated_key,_sealed_per_binding,_the_user_token_is_not_persisted (0.00s)
    --- PASS: TestMetaConnectGateCustody/no_plaintext_token_in_any_API_response_(success_and_error_bodies) (0.00s)
    --- PASS: TestMetaConnectGateCustody/no_plaintext_token,_code_or_state_in_service_logs_(slog_+_stderr)_during_the_whole_flow (0.00s)
    --- PASS: TestMetaConnectGateCustody/no_token_in_any_Meta-bound_URL;_tokens_travel_in_Authorization_or_JSON_body_only (0.00s)
    --- PASS: TestMetaConnectGateCustody/a_v2_credential_opens_only_with_the_claims-worker's_private_ring,_only_under_its_exact_scope (0.01s)
    --- PASS: TestMetaConnectGateCustody/audit_rows_exist_for_every_step_and_contain_no_secret_(already_covered_by_the_all-tables_scan_above) (0.00s)
=== RUN   TestMetaConnectGateIntake
=== RUN   TestMetaConnectGateIntake/a_worker_WITHOUT_the_private_ring_(what_the_API_process_is)_cannot_send:_denied_before_dispatch,_no_Graph_call
=== RUN   TestMetaConnectGateIntake/claims-worker_(private_ring)_sends_the_private_reply_on_Facebook_comments_and_Instagram_live_comments_(MOCK)
=== RUN   TestMetaConnectGateIntake/a_non-190_Graph_failure_(429,_5xx)_never_flips_the_card;_a_Graph_190_does,_and_only_that
=== RUN   TestMetaConnectGateIntake/reconnect_(rotated_Page_token)_->_active;_the_next_reply_uses_the_NEW_token;_one_binding_per_asset_still
=== RUN   TestMetaConnectGateIntake/disconnect_stops_intake:_a_webhook_comment_afterwards_makes_no_claim,_no_reply_operation_and_no_Graph_call
--- PASS: TestMetaConnectGateIntake (17.44s)
    --- PASS: TestMetaConnectGateIntake/a_worker_WITHOUT_the_private_ring_(what_the_API_process_is)_cannot_send:_denied_before_dispatch,_no_Graph_call (0.30s)
    --- PASS: TestMetaConnectGateIntake/claims-worker_(private_ring)_sends_the_private_reply_on_Facebook_comments_and_Instagram_live_comments_(MOCK) (2.30s)
    --- PASS: TestMetaConnectGateIntake/a_non-190_Graph_failure_(429,_5xx)_never_flips_the_card;_a_Graph_190_does,_and_only_that (6.25s)
    --- PASS: TestMetaConnectGateIntake/reconnect_(rotated_Page_token)_->_active;_the_next_reply_uses_the_NEW_token;_one_binding_per_asset_still (0.98s)
    --- PASS: TestMetaConnectGateIntake/disconnect_stops_intake:_a_webhook_comment_afterwards_makes_no_claim,_no_reply_operation_and_no_Graph_call (0.03s)
=== RUN   TestMetaConnectGateRoles
=== RUN   TestMetaConnectGateRoles/role_owner
=== RUN   TestMetaConnectGateRoles/role_admin
=== RUN   TestMetaConnectGateRoles/role_live_operator
=== RUN   TestMetaConnectGateRoles/role_fulfilment
=== RUN   TestMetaConnectGateRoles/role_viewer
=== RUN   TestMetaConnectGateRoles/no_session:_refused_(401,_or_422_when_body_validation_runs_first)_and_nothing_is_written
--- PASS: TestMetaConnectGateRoles (0.46s)
    --- PASS: TestMetaConnectGateRoles/role_owner (0.02s)
    --- PASS: TestMetaConnectGateRoles/role_admin (0.02s)
    --- PASS: TestMetaConnectGateRoles/role_live_operator (0.02s)
    --- PASS: TestMetaConnectGateRoles/role_fulfilment (0.02s)
    --- PASS: TestMetaConnectGateRoles/role_viewer (0.02s)
    --- PASS: TestMetaConnectGateRoles/no_session:_refused_(401,_or_422_when_body_validation_runs_first)_and_nothing_is_written (0.00s)
=== RUN   TestMetaConnectGateAPICannotOpen
=== RUN   TestMetaConnectGateAPICannotOpen/cmd/api_dependency_closure_contains_no_opener
=== RUN   TestMetaConnectGateAPICannotOpen/cmd/api_sources_never_name_a_private_ring,_the_v1_AES_keyring_or_an_opener
=== RUN   TestMetaConnectGateAPICannotOpen/compose:_api_mounts_the_public_ring_only;_claims-worker_alone_mounts_the_private_ring
=== RUN   TestMetaConnectGateAPICannotOpen/env_examples:_the_api_env_file_carries_no_private-ring_name
=== RUN   TestMetaConnectGateAPICannotOpen/secrets_manifest:_api_is_never_a_consumer_of_the_private_ring
=== RUN   TestMetaConnectGateAPICannotOpen/the_seal-side_package_exposes_no_open_capability
--- PASS: TestMetaConnectGateAPICannotOpen (0.40s)
    --- PASS: TestMetaConnectGateAPICannotOpen/cmd/api_dependency_closure_contains_no_opener (0.34s)
    --- PASS: TestMetaConnectGateAPICannotOpen/cmd/api_sources_never_name_a_private_ring,_the_v1_AES_keyring_or_an_opener (0.05s)
    --- PASS: TestMetaConnectGateAPICannotOpen/compose:_api_mounts_the_public_ring_only;_claims-worker_alone_mounts_the_private_ring (0.01s)
    --- PASS: TestMetaConnectGateAPICannotOpen/env_examples:_the_api_env_file_carries_no_private-ring_name (0.00s)
    --- PASS: TestMetaConnectGateAPICannotOpen/secrets_manifest:_api_is_never_a_consumer_of_the_private_ring (0.00s)
    --- PASS: TestMetaConnectGateAPICannotOpen/the_seal-side_package_exposes_no_open_capability (0.00s)
=== RUN   TestMetaConnectMultiPageUpgrade
--- PASS: TestMetaConnectMultiPageUpgrade (2.12s)
=== RUN   TestMetaConnectGateCap
--- PASS: TestMetaConnectGateCap (7.59s)
=== RUN   TestMetaConnectGatePerPageDisconnect
--- PASS: TestMetaConnectGatePerPageDisconnect (0.42s)
=== RUN   TestMetaConnectGateSamePageConcurrent
--- PASS: TestMetaConnectGateSamePageConcurrent (0.40s)
=== RUN   TestMetaConnectGateMultiPageIntake
--- PASS: TestMetaConnectGateMultiPageIntake (1.15s)
=== RUN   TestMetaConnectFlow
=== RUN   TestMetaConnectFlow/start_builds_the_Login_for_Business_dialog_and_replays_by_Idempotency-Key
=== RUN   TestMetaConnectFlow/state_mismatch,_wrong_principal,_single_use_and_expiry_are_refused
=== RUN   TestMetaConnectFlow/a_missing_permission_or_Page_task_refuses_the_pick_and_enables_nothing
=== RUN   TestMetaConnectFlow/Instagram_permissions_missing:_IG_pick_refused,_Facebook-only_pick_succeeds
=== RUN   TestMetaConnectFlow/pick_Page_A_with_Instagram_binds,_subscribes,_routes_and_seals
=== RUN   TestMetaConnectFlow/no_token_or_secret_in_any_stored_text,_URL_or_audit_row
=== RUN   TestMetaConnectFlow/webhook_comment_->_claim_->_private_reply_(MOCK)_on_the_merchant-connected_Page;_Graph_190_asks_to_reconnect
=== RUN   TestMetaConnectFlow/another_store_or_tenant_cannot_bind_the_same_Page_(409,_no_leak,_no_Meta_call)
=== RUN   TestMetaConnectFlow/a_viewer_with_integration:read_sees_the_card_but_cannot_connect
=== RUN   TestMetaConnectFlow/disconnect_destroys_the_token,_stops_intake_and_disables_bindings_(no_Graph_unsubscribe:_the_API_cannot_open_a_token)
=== RUN   TestMetaConnectFlow/a_pick_after_an_API_restart_(no_user_token_in_memory)_is_refused_as_expired_and_enables_nothing
--- PASS: TestMetaConnectFlow (13.44s)
    --- PASS: TestMetaConnectFlow/start_builds_the_Login_for_Business_dialog_and_replays_by_Idempotency-Key (0.01s)
    --- PASS: TestMetaConnectFlow/state_mismatch,_wrong_principal,_single_use_and_expiry_are_refused (0.03s)
    --- PASS: TestMetaConnectFlow/a_missing_permission_or_Page_task_refuses_the_pick_and_enables_nothing (0.03s)
    --- PASS: TestMetaConnectFlow/Instagram_permissions_missing:_IG_pick_refused,_Facebook-only_pick_succeeds (0.04s)
    --- PASS: TestMetaConnectFlow/pick_Page_A_with_Instagram_binds,_subscribes,_routes_and_seals (0.07s)
    --- PASS: TestMetaConnectFlow/no_token_or_secret_in_any_stored_text,_URL_or_audit_row (0.07s)
    --- PASS: TestMetaConnectFlow/webhook_comment_->_claim_->_private_reply_(MOCK)_on_the_merchant-connected_Page;_Graph_190_asks_to_reconnect (5.60s)
    --- PASS: TestMetaConnectFlow/another_store_or_tenant_cannot_bind_the_same_Page_(409,_no_leak,_no_Meta_call) (0.05s)
    --- PASS: TestMetaConnectFlow/a_viewer_with_integration:read_sees_the_card_but_cannot_connect (0.01s)
    --- PASS: TestMetaConnectFlow/disconnect_destroys_the_token,_stops_intake_and_disables_bindings_(no_Graph_unsubscribe:_the_API_cannot_open_a_token) (0.06s)
    --- PASS: TestMetaConnectFlow/a_pick_after_an_API_restart_(no_user_token_in_memory)_is_refused_as_expired_and_enables_nothing (0.02s)
=== RUN   TestMetaConnectAPIHoldsNoPagePrivateKey
--- PASS: TestMetaConnectAPIHoldsNoPagePrivateKey (0.25s)
=== RUN   TestMetaConnectUnsubscribe
=== RUN   TestMetaConnectUnsubscribe/disconnect_enqueues_one_job_holding_only_sealed_bytes;_the_worker_unsubscribes_the_Page_at_Meta,_wipes_the_token_and_audits
=== RUN   TestMetaConnectUnsubscribe/an_ambiguous_answer_is_UNKNOWN_and_never_repeated;_a_4xx_is_FAILED;_both_wipe_the_token
=== RUN   TestMetaConnectUnsubscribe/a_definite_not-applied_answer_(503)_retries_with_backoff,_at_most_5_attempts,_then_fails_with_the_token_wiped
=== RUN   TestMetaConnectUnsubscribe/a_worker_without_the_private_ring_cannot_open_a_v2_token:_bounded_retries,_then_FAILED_with_the_token_wiped,_never_a_Graph_call
=== RUN   TestMetaConnectUnsubscribe/an_expired_lease_means_the_outcome_is_unknown:_closed_UNKNOWN,_never_repeated
=== RUN   TestMetaConnectUnsubscribe/disconnect_then_reconnect_of_the_SAME_Page_before_the_worker_runs:_the_pending_job_is_superseded,_the_live_Page_is_never_unsubscribed
=== RUN   TestMetaConnectUnsubscribe/the_merchant_runtime_cannot_claim_or_finish_a_job_(claims-worker_authority_only)
--- PASS: TestMetaConnectUnsubscribe (0.93s)
    --- PASS: TestMetaConnectUnsubscribe/disconnect_enqueues_one_job_holding_only_sealed_bytes;_the_worker_unsubscribes_the_Page_at_Meta,_wipes_the_token_and_audits (0.08s)
    --- PASS: TestMetaConnectUnsubscribe/an_ambiguous_answer_is_UNKNOWN_and_never_repeated;_a_4xx_is_FAILED;_both_wipe_the_token (0.25s)
    --- PASS: TestMetaConnectUnsubscribe/a_definite_not-applied_answer_(503)_retries_with_backoff,_at_most_5_attempts,_then_fails_with_the_token_wiped (0.07s)
    --- PASS: TestMetaConnectUnsubscribe/a_worker_without_the_private_ring_cannot_open_a_v2_token:_bounded_retries,_then_FAILED_with_the_token_wiped,_never_a_Graph_call (0.06s)
    --- PASS: TestMetaConnectUnsubscribe/an_expired_lease_means_the_outcome_is_unknown:_closed_UNKNOWN,_never_repeated (0.06s)
    --- PASS: TestMetaConnectUnsubscribe/disconnect_then_reconnect_of_the_SAME_Page_before_the_worker_runs:_the_pending_job_is_superseded,_the_live_Page_is_never_unsubscribed (0.08s)
    --- PASS: TestMetaConnectUnsubscribe/the_merchant_runtime_cannot_claim_or_finish_a_job_(claims-worker_authority_only) (0.00s)
=== RUN   TestMetaConsumerPopulated0028Upgrade
--- PASS: TestMetaConsumerPopulated0028Upgrade (2.13s)
=== RUN   TestMetaConsumerAuthority
=== RUN   TestMetaConsumerAuthority/curator
=== RUN   TestMetaConsumerAuthority/ordinary_worker
=== RUN   TestMetaConsumerAuthority/owner
=== RUN   TestMetaConsumerAuthority/runtime
=== RUN   TestMetaConsumerAuthority/ingress
=== RUN   TestMetaConsumerAuthority/registrar
=== RUN   TestMetaConsumerAuthority/mixed_commerce_runtime
=== RUN   TestMetaConsumerAuthority/mixed_commerce_meta_ingress
=== RUN   TestMetaConsumerAuthority/pg_read_all_data
=== RUN   TestMetaConsumerAuthority/commerce_meta_consumer_settable
=== RUN   TestMetaConsumerAuthority/inherited_custom_owner
--- PASS: TestMetaConsumerAuthority (0.33s)
    --- PASS: TestMetaConsumerAuthority/curator (0.03s)
    --- PASS: TestMetaConsumerAuthority/ordinary_worker (0.02s)
    --- PASS: TestMetaConsumerAuthority/owner (0.01s)
    --- PASS: TestMetaConsumerAuthority/runtime (0.01s)
    --- PASS: TestMetaConsumerAuthority/ingress (0.00s)
    --- PASS: TestMetaConsumerAuthority/registrar (0.02s)
    --- PASS: TestMetaConsumerAuthority/mixed_commerce_runtime (0.02s)
    --- PASS: TestMetaConsumerAuthority/mixed_commerce_meta_ingress (0.02s)
    --- PASS: TestMetaConsumerAuthority/pg_read_all_data (0.02s)
    --- PASS: TestMetaConsumerAuthority/commerce_meta_consumer_settable (0.02s)
    --- PASS: TestMetaConsumerAuthority/inherited_custom_owner (0.03s)
=== RUN   TestMetaConsumerRiverPageAndInstagramFacts
--- PASS: TestMetaConsumerRiverPageAndInstagramFacts (0.74s)
=== RUN   TestMetaConsumerSQLIdentityAndRollback
=== RUN   TestMetaConsumerSQLIdentityAndRollback/rollback_social.conversations
=== RUN   TestMetaConsumerSQLIdentityAndRollback/rollback_social.messages
=== RUN   TestMetaConsumerSQLIdentityAndRollback/rollback_meta_inbox.events
=== RUN   TestMetaConsumerSQLIdentityAndRollback/rollback_meta_inbox.audit_events
--- PASS: TestMetaConsumerSQLIdentityAndRollback (0.14s)
    --- PASS: TestMetaConsumerSQLIdentityAndRollback/rollback_social.conversations (0.00s)
    --- PASS: TestMetaConsumerSQLIdentityAndRollback/rollback_social.messages (0.00s)
    --- PASS: TestMetaConsumerSQLIdentityAndRollback/rollback_meta_inbox.events (0.01s)
    --- PASS: TestMetaConsumerSQLIdentityAndRollback/rollback_meta_inbox.audit_events (0.01s)
=== RUN   TestMetaConsumerCommentRollbackAtEveryWrite
=== RUN   TestMetaConsumerCommentRollbackAtEveryWrite/social.comment_events
=== RUN   TestMetaConsumerCommentRollbackAtEveryWrite/meta_inbox.events
=== RUN   TestMetaConsumerCommentRollbackAtEveryWrite/meta_inbox.audit_events
--- PASS: TestMetaConsumerCommentRollbackAtEveryWrite (0.11s)
    --- PASS: TestMetaConsumerCommentRollbackAtEveryWrite/social.comment_events (0.02s)
    --- PASS: TestMetaConsumerCommentRollbackAtEveryWrite/meta_inbox.events (0.01s)
    --- PASS: TestMetaConsumerCommentRollbackAtEveryWrite/meta_inbox.audit_events (0.01s)
=== RUN   TestMetaConsumerReverseSequenceReplayAndPurge
--- PASS: TestMetaConsumerReverseSequenceReplayAndPurge (0.11s)
=== RUN   TestMetaConsumerConcurrentDifferentEventsSamePeer
--- PASS: TestMetaConsumerConcurrentDifferentEventsSamePeer (0.12s)
=== RUN   TestMetaConsumerSameEventLockAndFinalAuthority
--- PASS: TestMetaConsumerSameEventLockAndFinalAuthority (0.13s)
=== RUN   TestMetaConsumerCommitGuardActuallyFires
--- PASS: TestMetaConsumerCommitGuardActuallyFires (0.08s)
=== RUN   TestMetaConsumerWarmedFinalRoleChanges
=== RUN   TestMetaConsumerWarmedFinalRoleChanges/revoke-consumer
=== RUN   TestMetaConsumerWarmedFinalRoleChanges/indirect-runtime
=== RUN   TestMetaConsumerWarmedFinalRoleChanges/make-settable
--- PASS: TestMetaConsumerWarmedFinalRoleChanges (0.19s)
    --- PASS: TestMetaConsumerWarmedFinalRoleChanges/revoke-consumer (0.07s)
    --- PASS: TestMetaConsumerWarmedFinalRoleChanges/indirect-runtime (0.05s)
    --- PASS: TestMetaConsumerWarmedFinalRoleChanges/make-settable (0.05s)
=== RUN   TestMetaConsumerFinalCommitDatabaseOwner
--- PASS: TestMetaConsumerFinalCommitDatabaseOwner (0.08s)
=== RUN   TestMetaConsumerRouteBindingAndProofWaitFences
=== RUN   TestMetaConsumerRouteBindingAndProofWaitFences/route-disabled
=== RUN   TestMetaConsumerRouteBindingAndProofWaitFences/binding-version
=== RUN   TestMetaConsumerRouteBindingAndProofWaitFences/proof-clock
--- PASS: TestMetaConsumerRouteBindingAndProofWaitFences (0.23s)
    --- PASS: TestMetaConsumerRouteBindingAndProofWaitFences/route-disabled (0.06s)
    --- PASS: TestMetaConsumerRouteBindingAndProofWaitFences/binding-version (0.03s)
    --- PASS: TestMetaConsumerRouteBindingAndProofWaitFences/proof-clock (0.11s)
=== RUN   TestMetaConsumerRescuedAttemptAfterJobLockWait
--- PASS: TestMetaConsumerRescuedAttemptAfterJobLockWait (0.08s)
=== RUN   TestMetaConsumerProofExpiresBetweenFinishAndCommit
--- PASS: TestMetaConsumerProofExpiresBetweenFinishAndCommit (1.08s)
=== RUN   TestMetaConsumerReviewedAndStaleNeverProcess
=== RUN   TestMetaConsumerReviewedAndStaleNeverProcess/reviewed
=== RUN   TestMetaConsumerReviewedAndStaleNeverProcess/stale
--- PASS: TestMetaConsumerReviewedAndStaleNeverProcess (0.12s)
    --- PASS: TestMetaConsumerReviewedAndStaleNeverProcess/reviewed (0.07s)
    --- PASS: TestMetaConsumerReviewedAndStaleNeverProcess/stale (0.02s)
=== RUN   TestMetaConsumerCryptoFailureKeepsPendingBody
=== RUN   TestMetaConsumerCryptoFailureKeepsPendingBody/missing-key
=== RUN   TestMetaConsumerCryptoFailureKeepsPendingBody/tampered-tag
=== RUN   TestMetaConsumerCryptoFailureKeepsPendingBody/invalid-classifier
--- PASS: TestMetaConsumerCryptoFailureKeepsPendingBody (5.92s)
    --- PASS: TestMetaConsumerCryptoFailureKeepsPendingBody/missing-key (2.40s)
    --- PASS: TestMetaConsumerCryptoFailureKeepsPendingBody/tampered-tag (1.11s)
    --- PASS: TestMetaConsumerCryptoFailureKeepsPendingBody/invalid-classifier (2.35s)
=== RUN   TestMetaHealthProbeDerivesAndRecords
--- PASS: TestMetaHealthProbeDerivesAndRecords (0.07s)
=== RUN   TestMetaHealthTokenInvalidFlipsConnection
=== RUN   TestMetaHealthTokenInvalidFlipsConnection/revoked
=== RUN   TestMetaHealthTokenInvalidFlipsConnection/expired
=== RUN   TestMetaHealthTokenInvalidFlipsConnection/page_gone
--- PASS: TestMetaHealthTokenInvalidFlipsConnection (0.14s)
    --- PASS: TestMetaHealthTokenInvalidFlipsConnection/revoked (0.05s)
    --- PASS: TestMetaHealthTokenInvalidFlipsConnection/expired (0.04s)
    --- PASS: TestMetaHealthTokenInvalidFlipsConnection/page_gone (0.04s)
=== RUN   TestMetaHealthPermissionAndSubscription
=== RUN   TestMetaHealthPermissionAndSubscription/permission_revoked
=== RUN   TestMetaHealthPermissionAndSubscription/p2_permission_error_snapshot
=== RUN   TestMetaHealthPermissionAndSubscription/messages_not_subscribed
=== RUN   TestMetaHealthPermissionAndSubscription/app_absent
--- PASS: TestMetaHealthPermissionAndSubscription (0.06s)
    --- PASS: TestMetaHealthPermissionAndSubscription/permission_revoked (0.01s)
    --- PASS: TestMetaHealthPermissionAndSubscription/p2_permission_error_snapshot (0.01s)
    --- PASS: TestMetaHealthPermissionAndSubscription/messages_not_subscribed (0.01s)
    --- PASS: TestMetaHealthPermissionAndSubscription/app_absent (0.01s)
=== RUN   TestMetaHealthRateLimitAndProbeFailing
--- PASS: TestMetaHealthRateLimitAndProbeFailing (0.05s)
=== RUN   TestMetaHealthMissingCredentialRecordsUnknown
--- PASS: TestMetaHealthMissingCredentialRecordsUnknown (0.05s)
=== RUN   TestMetaHealthTokenNeverLeaks
--- PASS: TestMetaHealthTokenNeverLeaks (0.05s)
=== RUN   TestMetaHealthBannerRoutes
--- PASS: TestMetaHealthBannerRoutes (0.05s)
=== RUN   TestMetaHealthReaderSwap
--- PASS: TestMetaHealthReaderSwap (0.04s)
=== RUN   TestMetaHealthReauthReconnectResets
--- PASS: TestMetaHealthReauthReconnectResets (0.04s)
=== RUN   TestMetaInboxEveryPersistenceStageRollsBackMixedTenants
=== RUN   TestMetaInboxEveryPersistenceStageRollsBackMixedTenants/meta_inbox.batches_INSERT
=== RUN   TestMetaInboxEveryPersistenceStageRollsBackMixedTenants/meta_inbox.events_INSERT
=== RUN   TestMetaInboxEveryPersistenceStageRollsBackMixedTenants/meta_inbox.batch_events_INSERT
=== RUN   TestMetaInboxEveryPersistenceStageRollsBackMixedTenants/river_meta.river_job_INSERT
=== RUN   TestMetaInboxEveryPersistenceStageRollsBackMixedTenants/meta_private.event_bodies_INSERT
=== RUN   TestMetaInboxEveryPersistenceStageRollsBackMixedTenants/meta_private.quarantine_bodies_INSERT
=== RUN   TestMetaInboxEveryPersistenceStageRollsBackMixedTenants/meta_private.raw_bodies_INSERT
=== RUN   TestMetaInboxEveryPersistenceStageRollsBackMixedTenants/meta_inbox.batches_UPDATE_OF_finalized
--- PASS: TestMetaInboxEveryPersistenceStageRollsBackMixedTenants (0.30s)
    --- PASS: TestMetaInboxEveryPersistenceStageRollsBackMixedTenants/meta_inbox.batches_INSERT (0.04s)
    --- PASS: TestMetaInboxEveryPersistenceStageRollsBackMixedTenants/meta_inbox.events_INSERT (0.02s)
    --- PASS: TestMetaInboxEveryPersistenceStageRollsBackMixedTenants/meta_inbox.batch_events_INSERT (0.02s)
    --- PASS: TestMetaInboxEveryPersistenceStageRollsBackMixedTenants/river_meta.river_job_INSERT (0.02s)
    --- PASS: TestMetaInboxEveryPersistenceStageRollsBackMixedTenants/meta_private.event_bodies_INSERT (0.03s)
    --- PASS: TestMetaInboxEveryPersistenceStageRollsBackMixedTenants/meta_private.quarantine_bodies_INSERT (0.04s)
    --- PASS: TestMetaInboxEveryPersistenceStageRollsBackMixedTenants/meta_private.raw_bodies_INSERT (0.04s)
    --- PASS: TestMetaInboxEveryPersistenceStageRollsBackMixedTenants/meta_inbox.batches_UPDATE_OF_finalized (0.04s)
=== RUN   TestMetaInboxCommittedResponseLossReplaysHistory
--- PASS: TestMetaInboxCommittedResponseLossReplaysHistory (0.08s)
=== RUN   TestMetaInboxProofExpiresAfterFinalizeBeforeCommit
--- PASS: TestMetaInboxProofExpiresAfterFinalizeBeforeCommit (1.11s)
=== RUN   TestMetaInboxInactiveScopesCannotRoute
=== RUN   TestMetaInboxInactiveScopesCannotRoute/control.tenants
=== RUN   TestMetaInboxInactiveScopesCannotRoute/control.stores
--- PASS: TestMetaInboxInactiveScopesCannotRoute (0.08s)
    --- PASS: TestMetaInboxInactiveScopesCannotRoute/control.tenants (0.02s)
    --- PASS: TestMetaInboxInactiveScopesCannotRoute/control.stores (0.02s)
=== RUN   TestMetaInboxInstagramThreeKindsProviderAndCipherScope
--- PASS: TestMetaInboxInstagramThreeKindsProviderAndCipherScope (0.10s)
=== RUN   TestMetaInboxInstagramCannotBorrowPageRoute
--- PASS: TestMetaInboxInstagramCannotBorrowPageRoute (0.07s)
=== RUN   TestMetaInboxReservedQueueIntegrity
=== RUN   TestMetaInboxReservedQueueIntegrity/orphan_exact_shape
=== RUN   TestMetaInboxReservedQueueIntegrity/foreign_kind
=== RUN   TestMetaInboxReservedQueueIntegrity/foreign_queue
=== RUN   TestMetaInboxReservedQueueIntegrity/both_foreign
=== RUN   TestMetaInboxReservedQueueIntegrity/decimal_version
=== RUN   TestMetaInboxReservedQueueIntegrity/extra_payload
=== RUN   TestMetaInboxReservedQueueIntegrity/kind='generic_v1'
=== RUN   TestMetaInboxReservedQueueIntegrity/queue='default'
=== RUN   TestMetaInboxReservedQueueIntegrity/args=args_||_'{"payload":"forbidden"}'::jsonb
=== RUN   TestMetaInboxReservedQueueIntegrity/args=jsonb_set(args,'{version}','2')
=== RUN   TestMetaInboxReservedQueueIntegrity/id=id+90000000
=== RUN   TestMetaInboxReservedQueueIntegrity/unique_key=decode('abcd','hex')
--- PASS: TestMetaInboxReservedQueueIntegrity (0.12s)
    --- PASS: TestMetaInboxReservedQueueIntegrity/orphan_exact_shape (0.00s)
    --- PASS: TestMetaInboxReservedQueueIntegrity/foreign_kind (0.00s)
    --- PASS: TestMetaInboxReservedQueueIntegrity/foreign_queue (0.00s)
    --- PASS: TestMetaInboxReservedQueueIntegrity/both_foreign (0.00s)
    --- PASS: TestMetaInboxReservedQueueIntegrity/decimal_version (0.00s)
    --- PASS: TestMetaInboxReservedQueueIntegrity/extra_payload (0.00s)
    --- PASS: TestMetaInboxReservedQueueIntegrity/kind='generic_v1' (0.01s)
    --- PASS: TestMetaInboxReservedQueueIntegrity/queue='default' (0.00s)
    --- PASS: TestMetaInboxReservedQueueIntegrity/args=args_||_'{"payload":"forbidden"}'::jsonb (0.00s)
    --- PASS: TestMetaInboxReservedQueueIntegrity/args=jsonb_set(args,'{version}','2') (0.00s)
    --- PASS: TestMetaInboxReservedQueueIntegrity/id=id+90000000 (0.00s)
    --- PASS: TestMetaInboxReservedQueueIntegrity/unique_key=decode('abcd','hex') (0.00s)
=== RUN   TestMetaInboxPoolAuthorityIsExclusiveBothWays
=== RUN   TestMetaInboxPoolAuthorityIsExclusiveBothWays/commerce_runtime
=== RUN   TestMetaInboxPoolAuthorityIsExclusiveBothWays/commerce_payment_worker
=== RUN   TestMetaInboxPoolAuthorityIsExclusiveBothWays/commerce_payment_live
=== RUN   TestMetaInboxPoolAuthorityIsExclusiveBothWays/commerce_expiry_worker
=== RUN   TestMetaInboxPoolAuthorityIsExclusiveBothWays/commerce_ads_worker
=== RUN   TestMetaInboxPoolAuthorityIsExclusiveBothWays/commerce_claims_worker
=== RUN   TestMetaInboxPoolAuthorityIsExclusiveBothWays/commerce_worker
=== RUN   TestMetaInboxPoolAuthorityIsExclusiveBothWays/commerce_meta_worker
=== RUN   TestMetaInboxPoolAuthorityIsExclusiveBothWays/commerce_identity
=== RUN   TestMetaInboxPoolAuthorityIsExclusiveBothWays/commerce_buyer_runtime
=== RUN   TestMetaInboxPoolAuthorityIsExclusiveBothWays/commerce_buyer_issuer
=== RUN   TestMetaInboxPoolAuthorityIsExclusiveBothWays/commerce_checkout_runtime
=== RUN   TestMetaInboxPoolAuthorityIsExclusiveBothWays/commerce_hosted_runtime
=== RUN   TestMetaInboxPoolAuthorityIsExclusiveBothWays/commerce_meta_registrar
=== RUN   TestMetaInboxPoolAuthorityIsExclusiveBothWays/commerce_meta_curator
=== RUN   TestMetaInboxPoolAuthorityIsExclusiveBothWays/commerce_meta_writer
=== RUN   TestMetaInboxPoolAuthorityIsExclusiveBothWays/pg_read_all_data
=== RUN   TestMetaInboxPoolAuthorityIsExclusiveBothWays/pg_write_all_data
=== RUN   TestMetaInboxPoolAuthorityIsExclusiveBothWays/pg_read_server_files
=== RUN   TestMetaInboxPoolAuthorityIsExclusiveBothWays/pg_write_server_files
=== RUN   TestMetaInboxPoolAuthorityIsExclusiveBothWays/pg_execute_server_program
=== RUN   TestMetaInboxPoolAuthorityIsExclusiveBothWays/pg_signal_backend
--- PASS: TestMetaInboxPoolAuthorityIsExclusiveBothWays (0.97s)
    --- PASS: TestMetaInboxPoolAuthorityIsExclusiveBothWays/commerce_runtime (0.02s)
    --- PASS: TestMetaInboxPoolAuthorityIsExclusiveBothWays/commerce_payment_worker (0.02s)
    --- PASS: TestMetaInboxPoolAuthorityIsExclusiveBothWays/commerce_payment_live (0.02s)
    --- PASS: TestMetaInboxPoolAuthorityIsExclusiveBothWays/commerce_expiry_worker (0.02s)
    --- PASS: TestMetaInboxPoolAuthorityIsExclusiveBothWays/commerce_ads_worker (0.02s)
    --- PASS: TestMetaInboxPoolAuthorityIsExclusiveBothWays/commerce_claims_worker (0.02s)
    --- PASS: TestMetaInboxPoolAuthorityIsExclusiveBothWays/commerce_worker (0.02s)
    --- PASS: TestMetaInboxPoolAuthorityIsExclusiveBothWays/commerce_meta_worker (0.02s)
    --- PASS: TestMetaInboxPoolAuthorityIsExclusiveBothWays/commerce_identity (0.03s)
    --- PASS: TestMetaInboxPoolAuthorityIsExclusiveBothWays/commerce_buyer_runtime (0.03s)
    --- PASS: TestMetaInboxPoolAuthorityIsExclusiveBothWays/commerce_buyer_issuer (0.03s)
    --- PASS: TestMetaInboxPoolAuthorityIsExclusiveBothWays/commerce_checkout_runtime (0.03s)
    --- PASS: TestMetaInboxPoolAuthorityIsExclusiveBothWays/commerce_hosted_runtime (0.02s)
    --- PASS: TestMetaInboxPoolAuthorityIsExclusiveBothWays/commerce_meta_registrar (0.05s)
    --- PASS: TestMetaInboxPoolAuthorityIsExclusiveBothWays/commerce_meta_curator (0.05s)
    --- PASS: TestMetaInboxPoolAuthorityIsExclusiveBothWays/commerce_meta_writer (0.04s)
    --- PASS: TestMetaInboxPoolAuthorityIsExclusiveBothWays/pg_read_all_data (0.14s)
    --- PASS: TestMetaInboxPoolAuthorityIsExclusiveBothWays/pg_write_all_data (0.06s)
    --- PASS: TestMetaInboxPoolAuthorityIsExclusiveBothWays/pg_read_server_files (0.06s)
    --- PASS: TestMetaInboxPoolAuthorityIsExclusiveBothWays/pg_write_server_files (0.07s)
    --- PASS: TestMetaInboxPoolAuthorityIsExclusiveBothWays/pg_execute_server_program (0.12s)
    --- PASS: TestMetaInboxPoolAuthorityIsExclusiveBothWays/pg_signal_backend (0.05s)
=== RUN   TestMetaInboxOwnerGenericJobsKeepLegacyAdmission
=== RUN   TestMetaInboxOwnerGenericJobsKeepLegacyAdmission/meta_inbox_v1/default
=== RUN   TestMetaInboxOwnerGenericJobsKeepLegacyAdmission/generic_probe/meta_inbox
=== RUN   TestMetaInboxOwnerGenericJobsKeepLegacyAdmission/meta_inbox_v1/meta_inbox
--- PASS: TestMetaInboxOwnerGenericJobsKeepLegacyAdmission (0.06s)
    --- PASS: TestMetaInboxOwnerGenericJobsKeepLegacyAdmission/meta_inbox_v1/default (0.00s)
    --- PASS: TestMetaInboxOwnerGenericJobsKeepLegacyAdmission/generic_probe/meta_inbox (0.00s)
    --- PASS: TestMetaInboxOwnerGenericJobsKeepLegacyAdmission/meta_inbox_v1/meta_inbox (0.00s)
=== RUN   TestMetaInboxRoleAndRouteAuthority
=== RUN   TestMetaInboxRoleAndRouteAuthority/migration_owner
=== RUN   TestMetaInboxRoleAndRouteAuthority/merchant_runtime
=== RUN   TestMetaInboxRoleAndRouteAuthority/registrar
=== RUN   TestMetaInboxRoleAndRouteAuthority/curator
=== RUN   TestMetaInboxRoleAndRouteAuthority/route_denied_curator
=== RUN   TestMetaInboxRoleAndRouteAuthority/route_denied_ingress
=== RUN   TestMetaInboxRoleAndRouteAuthority/route_denied_runtime
--- PASS: TestMetaInboxRoleAndRouteAuthority (0.17s)
    --- PASS: TestMetaInboxRoleAndRouteAuthority/migration_owner (0.01s)
    --- PASS: TestMetaInboxRoleAndRouteAuthority/merchant_runtime (0.01s)
    --- PASS: TestMetaInboxRoleAndRouteAuthority/registrar (0.03s)
    --- PASS: TestMetaInboxRoleAndRouteAuthority/curator (0.02s)
    --- PASS: TestMetaInboxRoleAndRouteAuthority/route_denied_curator (0.00s)
    --- PASS: TestMetaInboxRoleAndRouteAuthority/route_denied_ingress (0.00s)
    --- PASS: TestMetaInboxRoleAndRouteAuthority/route_denied_runtime (0.00s)
=== RUN   TestMetaInboxDeferredPartialBatchGuard
--- PASS: TestMetaInboxDeferredPartialBatchGuard (0.03s)
=== RUN   TestMetaInboxSignedHTTPAdmissionReplayAndConflict
--- PASS: TestMetaInboxSignedHTTPAdmissionReplayAndConflict (0.08s)
=== RUN   TestMetaInboxDeferredCommitFailureNeverACKs
--- PASS: TestMetaInboxDeferredCommitFailureNeverACKs (0.08s)
=== RUN   TestMetaInboxMixedBatchAccountingAndRoutingFence
--- PASS: TestMetaInboxMixedBatchAccountingAndRoutingFence (0.08s)
=== RUN   TestMetaInboxRetentionTerminalEvidenceAndPrivateACL
=== RUN   TestMetaInboxRetentionTerminalEvidenceAndPrivateACL/terminal_denied_ingress
=== RUN   TestMetaInboxRetentionTerminalEvidenceAndPrivateACL/terminal_denied_registrar
=== RUN   TestMetaInboxRetentionTerminalEvidenceAndPrivateACL/terminal_denied_merchant
=== RUN   TestMetaInboxRetentionTerminalEvidenceAndPrivateACL/private_read_denied_ingress
=== RUN   TestMetaInboxRetentionTerminalEvidenceAndPrivateACL/private_read_denied_registrar
=== RUN   TestMetaInboxRetentionTerminalEvidenceAndPrivateACL/private_read_denied_curator
=== RUN   TestMetaInboxRetentionTerminalEvidenceAndPrivateACL/private_read_denied_merchant
=== RUN   TestMetaInboxRetentionTerminalEvidenceAndPrivateACL/private_read_denied_payment_worker
=== RUN   TestMetaInboxRetentionTerminalEvidenceAndPrivateACL/private_read_denied_claims_worker
--- PASS: TestMetaInboxRetentionTerminalEvidenceAndPrivateACL (0.12s)
    --- PASS: TestMetaInboxRetentionTerminalEvidenceAndPrivateACL/terminal_denied_ingress (0.00s)
    --- PASS: TestMetaInboxRetentionTerminalEvidenceAndPrivateACL/terminal_denied_registrar (0.00s)
    --- PASS: TestMetaInboxRetentionTerminalEvidenceAndPrivateACL/terminal_denied_merchant (0.00s)
    --- PASS: TestMetaInboxRetentionTerminalEvidenceAndPrivateACL/private_read_denied_ingress (0.00s)
    --- PASS: TestMetaInboxRetentionTerminalEvidenceAndPrivateACL/private_read_denied_registrar (0.00s)
    --- PASS: TestMetaInboxRetentionTerminalEvidenceAndPrivateACL/private_read_denied_curator (0.00s)
    --- PASS: TestMetaInboxRetentionTerminalEvidenceAndPrivateACL/private_read_denied_merchant (0.00s)
    --- PASS: TestMetaInboxRetentionTerminalEvidenceAndPrivateACL/private_read_denied_payment_worker (0.01s)
    --- PASS: TestMetaInboxRetentionTerminalEvidenceAndPrivateACL/private_read_denied_claims_worker (0.01s)
=== RUN   TestMetaInboxConcurrentSameBodyHasOneIdentity
--- PASS: TestMetaInboxConcurrentSameBodyHasOneIdentity (0.06s)
=== RUN   TestMetaInboxProofExpiryAfterObservedBindingWait
--- PASS: TestMetaInboxProofExpiryAfterObservedBindingWait (0.88s)
=== RUN   TestMetaInboxPurgeSkipsLockedRiverJob
--- PASS: TestMetaInboxPurgeSkipsLockedRiverJob (0.10s)
=== RUN   TestMetaInboxBindingVersionFenceAndReauthorization
--- PASS: TestMetaInboxBindingVersionFenceAndReauthorization (0.08s)
=== RUN   TestMetaInboxConcurrentRebatchedMIDHasOneJob
--- PASS: TestMetaInboxConcurrentRebatchedMIDHasOneJob (0.07s)
=== RUN   TestMetaRuntimeIsolationFailureAndResume
=== RUN   TestMetaRuntimeIsolationFailureAndResume/running
=== RUN   TestMetaRuntimeIsolationFailureAndResume/poisoned
=== RUN   TestMetaRuntimeIsolationFailureAndResume/destination
=== RUN   TestMetaRuntimeIsolationFailureAndResume/lock_contention
--- PASS: TestMetaRuntimeIsolationFailureAndResume (9.44s)
    --- PASS: TestMetaRuntimeIsolationFailureAndResume/running (2.24s)
    --- PASS: TestMetaRuntimeIsolationFailureAndResume/poisoned (1.93s)
    --- PASS: TestMetaRuntimeIsolationFailureAndResume/destination (2.13s)
    --- PASS: TestMetaRuntimeIsolationFailureAndResume/lock_contention (3.13s)
=== RUN   TestMetaRuntimeIsolationTwoWayRealMaintenance
    meta_isolation_maintenance_test.go:109: seed checkout capacity=60 reserved=0 super=3 total=1 idle=1 acquired=0 pool_max=8 backend_before=1
    meta_isolation_maintenance_test.go:109: seed checkout backend_after=0
    meta_isolation_maintenance_test.go:109: seed worker capacity=60 reserved=0 super=3 total=1 idle=1 acquired=0 pool_max=8 backend_before=1
    meta_isolation_maintenance_test.go:109: seed worker backend_after=0
    meta_isolation_maintenance_test.go:109: seed expiry capacity=60 reserved=0 super=3 total=1 idle=1 acquired=0 pool_max=8 backend_before=1
    meta_isolation_maintenance_test.go:109: seed expiry backend_after=0
    meta_isolation_maintenance_test.go:109: seed buyer_runtime capacity=60 reserved=0 super=3 total=1 idle=1 acquired=0 pool_max=8 backend_before=1
    meta_isolation_maintenance_test.go:109: seed buyer_runtime backend_after=0
    meta_isolation_maintenance_test.go:109: seed buyer_issuer capacity=60 reserved=0 super=3 total=1 idle=1 acquired=0 pool_max=8 backend_before=1
    meta_isolation_maintenance_test.go:109: seed buyer_issuer backend_after=0
    meta_isolation_maintenance_test.go:109: seed identity capacity=60 reserved=0 super=3 total=1 idle=1 acquired=0 pool_max=8 backend_before=1
    meta_isolation_maintenance_test.go:109: seed identity backend_after=0
    meta_isolation_maintenance_test.go:109: seed checkout capacity=60 reserved=0 super=3 total=1 idle=1 acquired=0 pool_max=8 backend_before=1
    meta_isolation_maintenance_test.go:109: seed checkout backend_after=0
    meta_isolation_maintenance_test.go:109: seed worker capacity=60 reserved=0 super=3 total=1 idle=1 acquired=0 pool_max=8 backend_before=1
    meta_isolation_maintenance_test.go:109: seed worker backend_after=0
    meta_isolation_maintenance_test.go:109: seed expiry capacity=60 reserved=0 super=3 total=1 idle=1 acquired=0 pool_max=8 backend_before=1
    meta_isolation_maintenance_test.go:109: seed expiry backend_after=0
    meta_isolation_maintenance_test.go:109: seed buyer_runtime capacity=60 reserved=0 super=3 total=1 idle=1 acquired=0 pool_max=8 backend_before=1
    meta_isolation_maintenance_test.go:109: seed buyer_runtime backend_after=0
    meta_isolation_maintenance_test.go:109: seed buyer_issuer capacity=60 reserved=0 super=3 total=1 idle=1 acquired=0 pool_max=8 backend_before=1
    meta_isolation_maintenance_test.go:109: seed buyer_issuer backend_after=0
    meta_isolation_maintenance_test.go:109: seed identity capacity=60 reserved=0 super=3 total=1 idle=1 acquired=0 pool_max=8 backend_before=1
    meta_isolation_maintenance_test.go:109: seed identity backend_after=0
    meta_isolation_maintenance_test.go:109: seed checkout capacity=60 reserved=0 super=3 total=1 idle=1 acquired=0 pool_max=8 backend_before=1
    meta_isolation_maintenance_test.go:109: seed checkout backend_after=0
    meta_isolation_maintenance_test.go:109: seed worker capacity=60 reserved=0 super=3 total=1 idle=1 acquired=0 pool_max=8 backend_before=1
    meta_isolation_maintenance_test.go:109: seed worker backend_after=0
    meta_isolation_maintenance_test.go:109: seed expiry capacity=60 reserved=0 super=3 total=1 idle=1 acquired=0 pool_max=8 backend_before=1
    meta_isolation_maintenance_test.go:109: seed expiry backend_after=0
    meta_isolation_maintenance_test.go:109: seed buyer_runtime capacity=60 reserved=0 super=3 total=1 idle=1 acquired=0 pool_max=8 backend_before=1
    meta_isolation_maintenance_test.go:109: seed buyer_runtime backend_after=0
    meta_isolation_maintenance_test.go:109: seed buyer_issuer capacity=60 reserved=0 super=3 total=1 idle=1 acquired=0 pool_max=8 backend_before=1
    meta_isolation_maintenance_test.go:109: seed buyer_issuer backend_after=0
    meta_isolation_maintenance_test.go:109: seed identity capacity=60 reserved=0 super=3 total=1 idle=1 acquired=0 pool_max=8 backend_before=1
    meta_isolation_maintenance_test.go:109: seed identity backend_after=0
    meta_isolation_maintenance_test.go:109: seed checkout capacity=60 reserved=0 super=3 total=1 idle=1 acquired=0 pool_max=8 backend_before=1
    meta_isolation_maintenance_test.go:109: seed checkout backend_after=0
    meta_isolation_maintenance_test.go:109: seed worker capacity=60 reserved=0 super=3 total=1 idle=1 acquired=0 pool_max=8 backend_before=1
    meta_isolation_maintenance_test.go:109: seed worker backend_after=0
    meta_isolation_maintenance_test.go:109: seed expiry capacity=60 reserved=0 super=3 total=1 idle=1 acquired=0 pool_max=8 backend_before=1
    meta_isolation_maintenance_test.go:109: seed expiry backend_after=0
    meta_isolation_maintenance_test.go:109: seed buyer_runtime capacity=60 reserved=0 super=3 total=1 idle=1 acquired=0 pool_max=8 backend_before=1
    meta_isolation_maintenance_test.go:109: seed buyer_runtime backend_after=0
    meta_isolation_maintenance_test.go:109: seed buyer_issuer capacity=60 reserved=0 super=3 total=1 idle=1 acquired=0 pool_max=8 backend_before=1
    meta_isolation_maintenance_test.go:109: seed buyer_issuer backend_after=0
    meta_isolation_maintenance_test.go:109: seed identity capacity=60 reserved=0 super=3 total=1 idle=1 acquired=0 pool_max=8 backend_before=1
    meta_isolation_maintenance_test.go:109: seed identity backend_after=0
--- PASS: TestMetaRuntimeIsolationTwoWayRealMaintenance (11.63s)
=== RUN   TestMetaRuntimeIsolationWorkerObjectACL
=== RUN   TestMetaRuntimeIsolationWorkerObjectACL/direct_old_table
=== RUN   TestMetaRuntimeIsolationWorkerObjectACL/direct_old_column
=== RUN   TestMetaRuntimeIsolationWorkerObjectACL/direct_old_sequence
=== RUN   TestMetaRuntimeIsolationWorkerObjectACL/inherited_old_table
=== RUN   TestMetaRuntimeIsolationWorkerObjectACL/set_reachable_old_table
=== RUN   TestMetaRuntimeIsolationWorkerObjectACL/PUBLIC_old_table
=== RUN   TestMetaRuntimeIsolationWorkerObjectACL/migration_ledger
=== RUN   TestMetaRuntimeIsolationWorkerObjectACL/Meta_River_ledger_table
=== RUN   TestMetaRuntimeIsolationWorkerObjectACL/Meta_River_ledger_column
=== RUN   TestMetaRuntimeIsolationWorkerObjectACL/schema_CREATE
=== RUN   TestMetaRuntimeIsolationWorkerObjectACL/social_table
--- PASS: TestMetaRuntimeIsolationWorkerObjectACL (4.46s)
    --- PASS: TestMetaRuntimeIsolationWorkerObjectACL/direct_old_table (0.10s)
    --- PASS: TestMetaRuntimeIsolationWorkerObjectACL/direct_old_column (0.08s)
    --- PASS: TestMetaRuntimeIsolationWorkerObjectACL/direct_old_sequence (0.14s)
    --- PASS: TestMetaRuntimeIsolationWorkerObjectACL/inherited_old_table (0.09s)
    --- PASS: TestMetaRuntimeIsolationWorkerObjectACL/set_reachable_old_table (0.09s)
    --- PASS: TestMetaRuntimeIsolationWorkerObjectACL/PUBLIC_old_table (0.11s)
    --- PASS: TestMetaRuntimeIsolationWorkerObjectACL/migration_ledger (0.09s)
    --- PASS: TestMetaRuntimeIsolationWorkerObjectACL/Meta_River_ledger_table (0.09s)
    --- PASS: TestMetaRuntimeIsolationWorkerObjectACL/Meta_River_ledger_column (0.08s)
    --- PASS: TestMetaRuntimeIsolationWorkerObjectACL/schema_CREATE (0.08s)
    --- PASS: TestMetaRuntimeIsolationWorkerObjectACL/social_table (0.08s)
=== RUN   TestMetaRuntimeIsolationWorkerRoleMatrix
=== RUN   TestMetaRuntimeIsolationWorkerRoleMatrix/wrong_role_postgres
=== RUN   TestMetaRuntimeIsolationWorkerRoleMatrix/wrong_role_commerce_payment_worker
=== RUN   TestMetaRuntimeIsolationWorkerRoleMatrix/wrong_role_commerce_payment_live
=== RUN   TestMetaRuntimeIsolationWorkerRoleMatrix/wrong_role_commerce_expiry_worker
=== RUN   TestMetaRuntimeIsolationWorkerRoleMatrix/wrong_role_commerce_ads_worker
=== RUN   TestMetaRuntimeIsolationWorkerRoleMatrix/wrong_role_commerce_claims_worker
=== RUN   TestMetaRuntimeIsolationWorkerRoleMatrix/wrong_role_commerce_worker
=== RUN   TestMetaRuntimeIsolationWorkerRoleMatrix/wrong_role_commerce_runtime
=== RUN   TestMetaRuntimeIsolationWorkerRoleMatrix/wrong_role_commerce_meta_ingress
=== RUN   TestMetaRuntimeIsolationWorkerRoleMatrix/wrong_role_commerce_meta_consumer
=== RUN   TestMetaRuntimeIsolationWorkerRoleMatrix/mixed_commerce_payment_worker
=== RUN   TestMetaRuntimeIsolationWorkerRoleMatrix/mixed_commerce_payment_live
=== RUN   TestMetaRuntimeIsolationWorkerRoleMatrix/mixed_commerce_expiry_worker
=== RUN   TestMetaRuntimeIsolationWorkerRoleMatrix/mixed_commerce_ads_worker
=== RUN   TestMetaRuntimeIsolationWorkerRoleMatrix/mixed_commerce_claims_worker
=== RUN   TestMetaRuntimeIsolationWorkerRoleMatrix/mixed_commerce_worker
=== RUN   TestMetaRuntimeIsolationWorkerRoleMatrix/mixed_commerce_runtime
=== RUN   TestMetaRuntimeIsolationWorkerRoleMatrix/mixed_commerce_meta_ingress
=== RUN   TestMetaRuntimeIsolationWorkerRoleMatrix/mixed_commerce_meta_consumer
=== RUN   TestMetaRuntimeIsolationWorkerRoleMatrix/mixed_pg_read_all_data
=== RUN   TestMetaRuntimeIsolationWorkerRoleMatrix/mixed_pg_write_all_data
signal: terminated
FAIL	livecommerce/tests/foundation	609.426s
Terminated: 15
test-focused: top-level PASS=150 FAIL=0 SKIP=5 exit=143
