✔ /products/{uuid} redirects permanently to the zh-TW product page (36.873ms)
✔ non-uuid ids are 404, never redirected (3.430667ms)
✔ AT1: the locale redirect preserves the ad-click query without allowing a redirect target (0.435958ms)
✔ R10: standalone signed signals survive a missing or expired seven-day touch (34.297125ms)
✔ R10: standalone signals reject expiry, bad signature, duplicates and another host (0.681375ms)
✔ AT1 R5: browser identity survives expired touch and rolls for ninety days (0.613083ms)
✔ AT1 R5: missing ad parameters create no cookies; fbclid alone creates no touch (0.466334ms)
✔ AT1 R5: lc_ad alone updates attribution and does not replace fbc (0.411125ms)
✔ AT1: host-only first-party cookies contain no PII and read back exactly (0.795084ms)
✔ AT1: a later valid click replaces the draft but preserves the browser identifier (0.43225ms)
✔ R10: only a different fbclid replaces fbc and its first-seen timestamp (0.628042ms)
✔ AT1: malformed and ambiguous links do not overwrite a valid prior touch (1.129875ms)
✔ AT1: host and key binding reject copied cookies (0.536625ms)
✔ AT1: duplicates and tampering invalidate the entire envelope (0.536792ms)
✔ AT1: exactly seven days is valid, the next millisecond and future clicks are not (0.432ms)
✔ catalog list query limits equal the Go v2 parser (internal/buyerhttp/catalogv2.go) (34.488125ms)
✔ collection list cap equals Go maxCollectionsPerStore (12.385667ms)
✔ design caps equal internal/design/schema.go (nav, sections, pages) (4.593292ms)
✔ CVS buyer-entered store bounds and return path equal Go (internal/checkout/cvs.go, migration 0093) (5.456083ms)
✔ transfer view: closed shape and state rules mirror Go validTransferView (0.767ms)
✔ proof body and result: five digits, positive minor amount, ISO instant (0.178666ms)
✔ minorFromText: major units with at most two decimals, never a float surprise (0.09225ms)
✔ buyer email mirror: one plain address, 254 characters at most (0.098167ms)
✔ countdown: whole hours and minutes, never negative (5.267875ms)
✔ copy: three locales carry every key and every refusal code (0.240583ms)
✔ options: a home row lists modes only with bank_transfer and then needs its window (0.284875ms)
✔ checkoutInput: a home bank_transfer body, the optional trimmed email, and every refusal before any request (0.396791ms)
✔ order: AWAITING_TRANSFER is a valid commercial state without a hold time (0.173791ms)
✔ BFF: exact transfer routes, keyed proof PUT, strict body, validated answers, no generic proxy (55.707666ms)
✔ BFF: transfer refusal codes pass through as definite 422; checkout accepts bank_transfer and a valid email only (12.102084ms)
✔ D06 order heading follows a settled transfer: never 'waiting for transfer' above a confirmed or expired one (1.158375ms)
✔ uncertain prepare blocks all mutations; changed cookie context resolves journal (60.73925ms)
✔ fully parsed local denial clears only its own pending operation (0.746959ms)
✔ malformed journal, unavailable lock and stale context fail before writes (27.957ms)
✔ BPT05 exact handoff permits absent body/key, one fetch, no form persistence (38.790834ms)
✔ BPT05 wrong handoff form and ordinary writes fail before any fetch (2.426875ms)
✔ BPT05 unresolved cookie journal blocks handoff; lost response is one fetch without persistence (0.619083ms)
✔ SU02 refresh permits absent body/key, one fetch, no persistence (0.472917ms)
✔ SU02 refresh rejects a body, a key or a malformed path before any fetch (2.635333ms)
✔ SU02 cancel permits absent body/key, one fetch, no persistence (3.519875ms)
✔ SU02 cancel rejects a body, a key or a malformed path before any fetch (0.386958ms)
✔ BPT01 exact private path, headers, body and three-locale one-fetch transport (91.7205ms)
✔ BPT02 payment routes reject untrusted path, context, headers, key and body before fetch (32.851667ms)
✔ BPT03 hostile upstream success is sanitized, never returned as payment data (34.901708ms)
✔ BPT04 every handoff failure is nonretryable, including pre-route and transport loss (6.1315ms)
✔ SU02 five routes: exact upstream path, method, key, body, one fetch each (7.459875ms)
✔ SU02 refresh and cancel are keyless and pass every CSRF/context denial before fetch (7.299458ms)
✔ SU02 every handoff/refresh/cancel failure is nonretryable and sanitized (20.902667ms)
✔ SU02 hostile Stripe bodies become the sanitized 503; PAYUNi and Stripe bodies stay byte-identical (25.168416ms)
✔ SU02 prepare accepts only the two known method codes (1.4305ms)
✔ disabled and invalid configuration fail closed before private fetch (33.869083ms)
✔ private authority, cookie lifecycle and strict local denial (43.475458ms)
✔ bad host, cookie, query and method never reach private API (1.075958ms)
✔ stalled inbound POST body is canceled at its deadline without a cookie or private call (2.656833ms)
✔ R10: Begin forwards independently signed signals; browser attribution and forwarded hosts are not authority (23.16525ms)
✔ CVS BFF: exact routes, keyed open/store, keyless verify, validated answers, no generic proxy (9.093416ms)
✔ CVS BFF: contract refusal codes pass through; pay_at_pickup_limit is a definite (non-retryable) 429 (6.853792ms)
✔ fragment grammar accepts only one canonical token (1.15325ms)
✔ claim projections are closed (0.354917ms)
✔ claim token rides only its header on B1/B2 and is never echoed (98.755583ms)
✔ claim-priced cart edits send only SKU and quantity, keeping server price authority (4.783417ms)
✔ direct-checkout sold-out projection is mandatory, boolean and closed (0.102583ms)
✔ claim redeem shares the purchase lock, guards recovery and never persists the token (1.553375ms)
✔ ClaimLink removal projects live-priced survivors on ready and conflict pages (153.768208ms)
✔ ClaimLink revisit checks out applied A while pending B is sold out or unavailable (9.389125ms)
✔ ClaimLink refreshes a nothing result after a second tab applied the claim (3.623084ms)
✔ ClaimLink does not navigate when a buyable claim target is absent or has changed quantity (5.129375ms)
✔ ClaimLink optional prior-order notice tolerates unreadable storage without bypassing recovery (10.237833ms)
✔ CVS01 map form: only the two ECPay e-map actions, exact fields, top-level-safe values (2.578584ms)
✔ CVS02 return path allowlist excludes /claim and anything but the checkout or product page (0.40225ms)
✔ CVS03 selection projection: VERIFIED<=>pickup, REJECTED<=>reject_code, absent keys read as null (1.421458ms)
✔ CVS04 buyer-entered store answer and request body (1.477416ms)
✔ CVS05 store code table (§16.1) keeps leading zeros and per-chain lengths (0.56475ms)
✔ CVS06 recipient mirror: real-name width 4..10 (CJK=2), no digits/symbols/emoji; 09 mobile (1.954917ms)
✔ CVS07 checkout draft: name, phone and mode only; read once; corrupt/foreign shapes are dropped (1.138125ms)
✔ CVS08 return URL: only ?cvs_selection=<uuid> is accepted (0.274917ms)
✔ CVS09 buyer order projection and copy keys: nothing but PICKED_UP says picked up (0.52425ms)
✔ CVS10 error codes: field mapping, definite refusals, official links are https constants (0.4755ms)
✔ CVS11 client transport: verify is the one new keyless POST; the server refusal code rides BuyerClientError.detail (15.992916ms)
✔ every locale x page has a title, an updated line and at least one section (1.602333ms)
✔ locales share the section count and per-section body count of every page (28.723ms)
✔ final text is only the owner-confirmed company facts (CR 81215167 name + registered address); nothing else is final (0.437792ms)
✔ a legal page is published only when every text on it is final; buyers see no link to an unpublished one (1.973875ms)
✔ data-deletion path is named in the privacy page of every locale (0.248459ms)
✔ pendingOwnerText lists exactly the texts that keep a page unpublished and is written for the owner (1.300584ms)
✔ a live (claim-origin) price replaces the catalog price and strikes it through (0.615792ms)
✔ without a live price the catalog price and its compare-at are shown unchanged (0.0615ms)
✔ a live price equal to or above the catalog price is shown as set (strike hidden by the UI guard) (0.054625ms)
✔ a live price strikes the catalog price, never the variant sale price (0.043542ms)
✔ order ref: 12 hex (dashes or spaces, any case) or a full id (8.998542ms)
✔ contact: one email or a phone of 6..20 digits (3.441958ms)
✔ body is exactly {order_ref, contact}; the answer is exactly {order_id} (0.417209ms)
✔ BFF lookup: no cookie needed, fresh token goes upstream, cookie only on 200 and it carries that same token (102.700042ms)
✔ BFF lookup: strict local denial before any private fetch (7.135375ms)
✔ copy: three locales carry every key (0.321375ms)
✔ MS4 srcset descriptors use actual decoded widths and deduplicate small renditions (0.375666ms)
✔ MS1 product rendition allowlist preserves trusted Host and never forwards buyer cookies (62.228625ms)
✔ MS2 invalid, duplicate, extra, encoded widths and non-product variants fail before fetch (5.273625ms)
✔ MS3 old-image fallback is never promoted to immutable; committed variants are cacheable (12.102041ms)
✔ TWD whole amounts show no decimals in every locale and at every magnitude (line, subtotal, total, zero) (14.559625ms)
✔ cents appear only when there are cents, then always as two digits; the minor-unit arithmetic is untouched (0.534042ms)
✔ digits come from the currency: JPY none, USD two when there are cents (1.925125ms)
✔ one formatter: no component, page or lib builds a currency Intl.NumberFormat outside lib/money.ts (13.143291ms)
✔ locale probe bounds a missing destination head with a route/device diagnostic (4.030458ms)
✔ locale probe clears its deadline when the real head promise completes (0.696958ms)
✔ fragment: exactly #o=<order id>&t=<43-char token>; anything else is null (0.9035ms)
✔ body is exactly {order_id, token, proof}; the answer is exactly the order the link named (0.149041ms)
✔ BFF link: no cookie needed, fresh token upstream, cookie only on a 200 naming the same order, link token never echoed (100.039542ms)
✔ BFF link: strict local denial before any private fetch (4.848667ms)
✔ copy: three locales, one refusal text, a retry and a lookup path (0.223709ms)
✔ BPU01 fresh payment writes exact metadata before prepare, one bodyless Take, no persistent form (160.694709ms)
✔ BPU01 lost prepare response replays original key/body only on explicit next click (4.044291ms)
✔ BPU01 lost handoff is permanently GET-only, even after a second click (2.534917ms)
✔ BPU01 storage, amount, scope and child/screen fences reject before irreversible writes (0.81975ms)
✔ BPU01 document/child loss after prepare but before Take leaves exact replay marker (0.339292ms)
✔ BPU01 malformed server handoff never submits and Take remains nonretryable (0.702208ms)
✔ BPU01 marker replacement before Take and after Take blocks release/form reuse (1.082541ms)
✔ BPU01 context replacement after prepare and after Take closes destination without form (100.265875ms)
✔ BPU01 synchronous destination refuses invalid locale before opening a window (0.160375ms)
✔ SU03 fresh Stripe pay: marker before prepare, one prepare, one handoff, navigate, URL never stored (22.657542ms)
✔ SU03 marker replay: lost prepare response replays key/body, no uncertain on PENDING view with leftover marker (13.622166ms)
✔ SU03 cross-device Continue needs no marker and never prepares (5.791375ms)
✔ SU03 marker/view matrix: PAYUNi marker on Stripe view and Stripe marker on PAYUNi view send nothing (0.881ms)
✔ SU03 any other view renders without a POST (0.580542ms)
✔ SU03 CREATING: waits on the schedule without the lock, then hands off once when READY (56.327167ms)
✔ SU03 CREATING budget: 10 reads over 30 s, then the blank child is closed, no POST, no throw (8.836042ms)
✔ SU03 cancel_requested seen on the re-GET aborts before the handoff POST (0.37825ms)
✔ SU03 handoff outcomes: CREATING closes child, CLOSED/UNAVAILABLE/error/malformed reject; one POST each, never retried (4.261542ms)
✔ SU03 Stripe prepare errors, amount/currency mismatch and popup loss stop before any handoff (1.305958ms)
✔ SU03 two clicks make two handoff POSTs only because there were two clicks; sequential, none from reads (3.9175ms)
✔ SU03 navigate: validates again, needs an owned blank child, sets used before replace, no URL in errors (0.444333ms)
✔ SU03 refresh signal: keyless single POST, validated, throttled 1/10 s and 30 per page life, cancel never throttled (24.274667ms)
✔ SU03 signal failures are single-shot and sanitized: HTTP error, malformed body, wrong order (1.139042ms)
✔ private quote/option authority fields are required; only exact MANUAL home can checkout (3.35ms)
✔ continue shopping advances only ordered version, clears hint, keeps SQL history authoritative (141.22025ms)
✔ lost next-cart response retries identical key/body and preserves a newer cart (14.002625ms)
✔ continuation never overwrites an already advanced cart (15.685542ms)
✔ unknown checkout blocks continuation without any business request (2.858583ms)
✔ two queued continuation clicks mutate once; stale order ID cannot clear another order (19.992583ms)
✔ CAS conflict resolves only after a newer cart is read (0.923292ms)
✔ locator removal failure retains next-cart journal and recovery survives missing locator (0.555833ms)
✔ order history summary rejects PII/unknown fields and malformed scope IDs (0.088834ms)
✔ native address validation mirrors printable Unicode, limits and phone; journal forbids PII (8.063583ms)
✔ address lost reply replays exact in-memory intent, then confirms current head (1.5465ms)
✔ address reload requires explicit new intent and exact observed CAS; stale head never auto-bumps (0.8115ms)
✔ old address receipt cannot confirm another tab's newer current head (0.204334ms)
✔ a late address CAS winner requires another explicit confirmation, not an automatic version bump (0.879ms)
✔ checkout lost reply, queued duplicate and current GET reuse one key and one order (0.684083ms)
✔ uncertain checkout retains original journal across later 401/403/404/5xx and malformed success (0.55525ms)
✔ only a fresh definitive denial clears checkout; no order locator is invented (0.169542ms)
✔ locator storage failure after commit retains same key; reload GET failure keeps locator (1.504667ms)
✔ locator persisted but journal removal failed resumes pending receipt, not unrelated pointer (0.546625ms)
✔ unavailable storage, invalid locator and late changed context fail closed (0.218416ms)
✔ order locator readback mismatch and no-op journal removal both retain checkout recovery (0.366917ms)
✔ direct claim continuation refuses a newer ordered cart inside the purchase lock (0.245958ms)
✔ direct claim continuation keeps next-cart recovery after a conflicting clear (2.352583ms)
✔ collector projection: admitted for derived connections, absent/null for primary (2.335375ms)
✔ collector rejects identifiers, extra keys and malformed text (0.327166ms)
✔ disclosure renders the contract §5 line with all three slots substituted (0.24825ms)
✔ the disclosure line exists exactly when the hosted view returns a collector (1.381791ms)
✔ a shop or collector name with a replacement pattern is shown literally (0.271ms)
✔ OrderPayment renders the disclosure with the view, above every pay button, through the helper only (1.048958ms)
✔ BPT03 exact valid projection and Go nanosecond UTC timestamps (3.791959ms)
✔ BPT03 view rejects private fields, inconsistent state and malformed names (0.373625ms)
✔ BPT03 prepared receipt enforces exact original credit-card amount (0.217333ms)
✔ BPT03 hosted form and replay are exact, bounded and action-allowlisted (2.185667ms)
✔ SU01 Stripe views: fresh, both methods, attempt states, PAYUNi unchanged (1.711125ms)
✔ SU01 Stripe view negatives (0.951125ms)
✔ SU01 prepared amounts follow the corrected per-currency table (0.414375ms)
✔ SU01 Stripe handoff union and every redirect_url negative (0.6535ms)
✔ SU01 payment signal is exactly {order_id, scheduled:boolean} (0.284291ms)
✔ RUI01 refund summary: refunded states, pending money, absent ≡ null (0.340125ms)
✔ RUI01 refund summary negatives (0.351834ms)
✔ BPU03 neutral GET and POST return ignore every callback field and cookie (26.907167ms)
✔ primary origin: exact path/query, same host, and no URL-controlled destination (9.003292ms)
✔ GET and HEAD use trusted Host, private bounded uncached resolver and exact 301 (16.001666ms)
✔ no writes redirected; resolution failures fail closed; unknown hosts keep native 404 (0.663541ms)
✔ policy version is the frozen constant, in the customers-core D4 shape (0.946958ms)
✔ route table: exactly the four buyer privacy routes, methods and body kinds (0.626958ms)
✔ body shapes are closed and mirror the frozen Go inputs (no source, no policy_version) (0.111625ms)
✔ GET privacy validator: closed shape, erased owner holds no consent (0.131542ms)
✔ consent result and erasure summary validators (0.243959ms)
✔ buyer export envelope never carries customer_id (0.079959ms)
✔ failure classification: 410 and erased are the erased state (0.202291ms)
✔ copy: every locale has the same keys, the ads box discloses that sent events cannot be recalled (0.250375ms)
✔ selected option photo uses a main display slot without adding a fifth main image (2.217166ms)
✔ use-cover selection and a main-thumbnail selection restore the original main gallery (0.118083ms)
✔ cart thumbnail uses variant then catalog image_id, including when main images are absent (0.116833ms)
✔ migrated four-main/five-detail images stay separate when the option photo changes (0.131125ms)
✔ real cart-detail composition uses server SKU image_id (v2 detail available) (84.56025ms)
✔ real cart-detail composition uses server SKU image_id (v2 detail unavailable) (1.450791ms)
✔ parity: frontend caps equal the Go constants (1.968166ms)
✔ detail parser: 4 main + 20 detail + option-value images are accepted and mapped (0.717709ms)
✔ detail parser: 5 main, 21 detail, bad ids and over-cap option images are refused (0.144833ms)
✔ detail parser: a backend before product-media-v2 (no new keys) still parses with empty defaults (0.080125ms)
✔ v1 catalog row: images are main-only (<= 4) and image_id is a uuid or null (39.080833ms)
✔ PRO-S1 code mirror: any case and spaces normalise; impossible codes never become a request (1.271959ms)
✔ PRO-S2 promotion object: closed keys, kind/value pairing (0.231583ms)
✔ PRO-S3 quote validator: promotion is optional but never malformed; the discount stays the server's own number (0.286209ms)
✔ PRO-S4 journal grammar: a quote write may carry one canonical promo_code, nothing else (0.38075ms)
✔ PRO-S5 copy: three locales cover every refusal code and the same keys (0.45275ms)
✔ PRO-S6 BFF quote route: promo_code relayed untouched when canonical, refused before the private API otherwise (168.3505ms)
✔ PRO-S7 BFF: every promo_* refusal is a definite, non-retryable 422 with its own code (11.137042ms)
✔ demonstration disclosure is explicit and local-only (1.371ms)
✔ cart selection preserves unrelated SKUs and the observed CAS version (9.0095ms)
✔ minor amounts are bounded before multiplication, including zero (0.082291ms)
✔ delivery identity includes country for one market and method (0.057833ms)
✔ journal is bound to context and rejects PII/unknown fields (0.211125ms)
✔ lost response replays exact key/body, then clears only after parsed receipt (14.819667ms)
✔ RUI02 buyer order admits MERCHANT_SHIPPED only with a SHIPPED head; absent shipment ≡ null (0.458625ms)
✔ RUI02 shipment shape negatives (incl. unsafe links) (0.227625ms)
✔ RUI02 history summary admits MERCHANT_SHIPPED (a shipped order must not break the list) (0.089458ms)
✔ CVSP01 options: CVS rows carry pickup_selection/payment_modes; unavailable rows are a separate shape (0.335834ms)
✔ CVSP02 CVS destination write: TW only, pickup_id required, empty home address; home unchanged (1.930125ms)
✔ CVSP03 checkoutInput: payment_mode only for CVS rows and only a mode the row offers (0.31125ms)
✔ COD confirmation includes expected fee, enforces collect cap and validates immutable order money (0.313084ms)
✔ CVSP04 buyer order: pay_at_pickup <=> collection_state; cvs_shipment only on a matching CVS destination (0.250334ms)
✔ CVSP05 journal accepts a CVS destination marker and a checkout body with payment_mode, nothing else (152.068084ms)
✔ validProduct accepts up to the Go photo cap and rejects one more (6.063333ms)
✔ design: garbage and hostile documents collapse to the safe default shape (1.721666ms)
✔ design: links, preview token propagation, nav resolution (0.14ms)
✔ design: any merchant accent yields readable button text and link colour (WCAG AA) (0.256084ms)
✔ variants: resolution, disabled out-of-stock combinations, initial choice, price bounds (0.703584ms)
✔ catalog-v2 parsers accept the frozen shapes and refuse drift (6.503917ms)
✔ free-delivery progress words the hint only when a threshold exists (0.077791ms)
✔ list query: only whitelisted, canonical values survive (0.370334ms)
✔ seo: JSON-LD cannot break out of its script tag; offers reflect stock and price range (108.418292ms)
✔ seo: sitemap escapes and carries hreflang; robots refuses everything for a closed host (0.207791ms)
✔ money: whole amounts drop cents, minor digits come from the currency, filters round-trip (0.611209ms)
✔ cart line write: replaces one line, keeps the others, 0 removes, CAS version is the one shown (0.941458ms)
✔ cart problems map to buyer-facing classes without leaking transport detail (0.095667ms)
✔ checkout options accept the optional free-shipping threshold only as a positive integer or null (0.18575ms)
✔ no-image placeholder copy: exactly the locale label a photo-less card or gallery renders (0.052958ms)
✔ storefront image caps equal the Go catalog caps (internal/catalog MaxMainImages, MaxDetailImages) (8.432375ms)
✔ design text limits count code points like Go, never splitting a surrogate pair (0.674084ms)
✔ G3: same-series cards exclude the current product and never invent absent draft/foreign products (0.6825ms)
✔ G5: safety guidance exists in three languages without changing the five merchant policy approval boundaries (1.577875ms)
✔ G4: category chips omit empty collections; hidden collections absent from the public API stay absent (0.234459ms)
✔ OrderHistory renders server order instant in Taipei (112.214709ms)
✔ ClaimLink renders claim expiry in Taipei (31.049792ms)
✔ BankTransfer renders deadline and proof instant in Taipei (4.618ms)
✔ BankTransfer proof echo labels store time in en (8.918458ms)
✔ BankTransfer proof echo labels store time in zh-TW (5.251ms)
✔ BankTransfer proof echo labels store time in zh-CN (8.327125ms)
✔ BankTransfer input describes the device zone in en (1.820375ms)
✔ BankTransfer input describes the device zone in zh-TW (44.892416ms)
✔ BankTransfer input describes the device zone in zh-CN (1.832708ms)
✔ BankTransfer input has a generic label when Intl has no zone in en (23.88275ms)
✔ BankTransfer input has a generic label when Intl has no zone in zh-TW (1.443291ms)
✔ BankTransfer input has a generic label when Intl has no zone in zh-CN (7.46775ms)
✔ ShopFooter uses Taipei year across UTC year boundary (2.656667ms)
✔ BankTransfer deadline labels store time in en (1.606625ms)
✔ BankTransfer deadline labels store time in zh-TW (1.315292ms)
✔ BankTransfer deadline labels store time in zh-CN (1.132708ms)
✔ OrderHistory states the Taipei time zone once in en (0.815833ms)
✔ OrderHistory states the Taipei time zone once in zh-TW (0.693583ms)
✔ OrderHistory states the Taipei time zone once in zh-CN (0.662958ms)
✔ dictionaries have exact parity and non-empty values (4.650209ms)
✔ locale precedence and language quality mapping (0.713042ms)
✔ localized paths preserve deep links and reject dangerous input (0.421208ms)
✔ path locale only matches a canonical first segment (0.486709ms)
✔ the four constructs render (1.2765ms)
✔ XSS payloads stay inert text (1.042875ms)
✔ fuzz: any string over a hostile alphabet renders only whitelisted tags (26.579875ms)
✔ validator mirrors the Go rules (0.198875ms)
✔ SDN1 allowlist: exactly the contract routes, per method (0.544625ms)
✔ SDN1 allowlist: traversal, case, suffix and prefix tricks never match (0.24325ms)
✔ SDN1 request shape: no query string anywhere, reads carry no body, key, length or transfer-encoding (16.170709ms)
✔ SDN1 cap: 260 KiB = Go's 256 KiB document + 4 KiB envelope, and a body of exactly the cap is still below it (0.077042ms)
✔ SDN2 renderer: every XSS payload comes out as whitelisted tags and escaped text only (0.7185ms)
✔ SDN2 renderer: escape-first means the merchant's text never becomes markup (0.095541ms)
✔ SDN2 renderer: fuzz (seeded) never produces a tag outside the whitelist (16.331ms)
✔ SDN2 client validator rejects what the server rejects (HTML, non-https links, `<` anywhere) (0.219833ms)
✔ cleanForSave turns cleared fields into null but keeps an empty body (0.940083ms)
✔ localIssues names each missing mandatory value by server path (1.466583ms)
✔ moved swaps neighbours and ignores out-of-range moves (0.091875ms)
✔ parsers accept the exact Go shapes and refuse extra or missing keys (0.916416ms)
✔ BFF allowlist covers exactly the design resources (0.413708ms)
✔ validDesignRequest refuses queries and bodies on reads, ignores other paths (13.43475ms)
✔ designDetails forwards only a bounded {path, reason} pair (0.190125ms)
✔ accepts exactly the three locale invite paths with a 20-200 char token (0.430209ms)
✔ rejects anything that is not an exact same-origin relative invite path (0.087ms)
✔ rejects percent-encoded variants of the exact shape (0.051583ms)
✔ the token is an opaque invite token shape, never a URL (0.049667ms)
✔ fragment carrier: round-trips the exact invite path, is never a query string, and rejects hostile fragments (0.18475ms)
✔ dashboard: accepts the frozen shape, rejects drift (28.674083ms)
✔ import result: strict keys, closed error codes, committed never carries errors (0.387708ms)
✔ csv file guard mirrors the Go bounds (0.0845ms)
✔ manual options: a COD home row parses with its offer (D01: the page used to refuse the whole list) (0.761875ms)
✔ manual options: only bank_transfer / pay_at_pickup / cash_on_delivery, key must equal market|country|code (0.138791ms)
✔ manual result: link is https with the order id and a 43-char capability in the fragment only (0.267792ms)
✔ draft: first problem, and the body has no price-like field at all (0.590959ms)
✔ BFF grammar: exactly the seven tools resources (0.085ms)
✔ regenerate body/result: exactly {order_id, locale} and a fresh https link naming that order (0.142167ms)
✔ copy parity: every locale has every key, import rules and error codes (0.454208ms)
✔ callback redirect target is always a same-origin /<locale>/settings path whatever the cookies, store, code or error say (9.016542ms)
✔ the binding cookie: exactly one canonical store uuid, path-scoped to the callback, HttpOnly, Lax, 10 minutes, Secure (0.41025ms)
✔ callback query: exactly one code and one state within charset/length bounds; Meta's error=… and repeats are not forwarded (7.978ms)
✔ the dialog URL the BFF hands the browser is https://www.facebook.com only (0.646125ms)
✔ callback error mapping only ever yields fixed codes, never an upstream message (0.183666ms)
✔ selected Page qualifies only a bare Facebook id, never rewrites another Page or external URL (0.552875ms)
✔ status: not connected, connected with and without Instagram, and every deviation throws (1.543333ms)
✔ pick state: closed shape, optional Instagram keys come as a pair, id must match (0.666042ms)
✔ route grammar: only status/states/pick/disconnect; start and callback are dedicated routes; no query; reads carry no body or key (65.74675ms)
✔ connect cookie, body and callback redirect never carry code/state and only fixed codes (0.886708ms)
✔ copy: three locales have the same keys and every Go error code has a message (0.134708ms)
✔ review-required remains restricted; evidence does not promote state (2.312333ms)
✔ legacy omission remains unidentified, independent of array order (2.11025ms)
✔ closed shapes reject unknown state/provider/evidence, leaked fields and inconsistent severity (0.592083ms)
✔ duplicate capabilities/pages and unbounded arrays cannot become trusted state (0.278042ms)
✔ worst Page determines advice, no raw upstream reason reaches copy (0.517167ms)
✔ recheck receipt means scheduled; timestamps and closed keys are checked (0.399833ms)
✔ exact keyless route grammar rejects query/key/body confusion (22.442333ms)
✔ recheck takes exactly page_id and no caller-provided scope (0.342791ms)
✔ blocking advice comes from the blocking capability, not a secondary public-reply warning (0.322042ms)
✔ clean health browser mode prepares admin standalone before starting its fixture (16.039416ms)
✔ en: expired connection retains its full refusal inside a wrapping badge (10.492958ms)
✔ zh-TW: expired connection retains its full refusal inside a wrapping badge (8.523833ms)
✔ zh-CN: expired connection retains its full refusal inside a wrapping badge (1.684542ms)
✔ actual B1 snapshot state remains ok even when a fixture expected review_required (0.098542ms)
✔ D02 TWD input: whole dollars only, x100 on the wire (56.234875ms)
✔ D02 TWD edit text: whole dollars have no decimals; a legacy amount with cents is never shown as another price (0.241834ms)
✔ D02 display: NT$ without decimals in every language, cents only when there are cents (5.686792ms)
✔ D02 live-price input (Studio claims): TWD whole dollars, other currencies their decimals (1.28525ms)
✔ D02 discount code amounts: TWD whole dollars, a decimal is refused before it is sent (0.570583ms)
✔ D02 no admin copy or component says 'minor units' to the merchant (34.406334ms)
✔ M06 time: Asia/Taipei everywhere, labelled, never UTC (9.192667ms)
✔ settings answer: exactly one boolean key (0.724875ms)
✔ PUT body is the frozen single key (0.069417ms)
✔ BFF grammar: GET read, PUT keyed command, nothing else (0.200084ms)
✔ copy: three locales, same keys, no empty text (0.122084ms)
✔ PRM01 parse: exact keys, kind/value pairing and ranges; duplicates and unknown keys are refused (6.940417ms)
✔ PRM02 Taipei wall time: +08:00 on the wire, instant shown back in Taipei, impossible dates refused (12.990125ms)
✔ PRM03 create body: normalised code, major units to minor units, optional fields null, whole body validated (3.033416ms)
✔ PRM04 update + toggle: version CAS key, form round trip, pause keeps every other field (0.36025ms)
✔ PRM05 BFF grammar: exactly list, create and update; nothing generic (0.15875ms)
✔ PRM06 copy: three locales carry the same keys and every refusal code the Go routes can answer (0.114084ms)
✔ G-UI3/G-UI5 architecture constraints pass with shrinking legacy exceptions (1226.432459ms)
✔ G-UI3/G-UI5 negatives: new formatter, component fetch, >800 lines and wider allowance fail (0.426375ms)
✔ Readiness jump controls expose the actual active section, not a click flag (0.539625ms)
✔ Integrator P2: legal CN comment ordering and a distinct three-image recommendation (0.163584ms)
✔ ADM04 and ADM06 explain unavailable SKUs and keep collection vocabulary consistent (0.225833ms)
✔ ADM06 create/detail titles share the route vocabulary without adding a phantom Next page (0.335333ms)
✔ G-UI1 Next pages and route registry are bidirectional, unique, typed, documented (1.253625ms)
✔ G-UI1 copy key parity: no missing or extra key in any locale (0.078ms)
✔ G-UI2 staff without catalog:read cannot see products/inventory or open a product URL (0.141917ms)
✔ G-UI2 every route permission is a permission Go knows, and /orders/new needs inventory:reserve (115.953291ms)
✔ G-UI1 dynamic and public routes match, details never appear as navigation (0.211875ms)
✔ W6-U2 ledger is a settings in-page route, preserving existing navigation (0.108292ms)
✔ Every browser spec clicks nav-orders: the orders group stays a singleton, so returns/new/print routes are nav: false (0.187125ms)
✔ shell-registry: every routed path has exactly one nonempty shared h1 in all three locales (183.779709ms)
✔ shell-registry: orders stays one actual group button on live and non-live routes (1.168458ms)
✔ shell-registry: loading/expired/unavailable/forbidden keep one safe heading and never leak private content (9.507625ms)
✔ created address is a strict HTTPS origin matching the assigned handle (0.4475ms)
✔ DNS instructions must name the requested origin and a bare hostname target (0.248625ms)
✔ domain kind is authoritative and closed, not inferred from host or token (0.298625ms)
✔ apex DNS retains every concrete IPv4/IPv6 address and rejects malformed values (0.753459ms)
✔ pending domain journal preserves exact action/key/target; legacy or corrupt markers never replay (0.49675ms)
✔ browser-origin gate: every refusal happens before Go is called, for every action (101.821ms)
✔ only POST exists on the team routes (1.137417ms)
✔ unknown action is a local 404 and never reaches Go (13.428917ms)
✔ strict request grammar: wrong keys, types, ids, roles, locales and token shapes are 422 locally (96.233125ms)
✔ what reaches Go: BFF key, bearer from the cookie, no Cookie/Origin, body unchanged, exactly one call per request (90.563542ms)
✔ Go failures are rebuilt locally from allow-listed codes, never retried, and never echo the token (123.44275ms)
✔ team answer: accepts the frozen shape, null role and OIDC member without email (1.01ms)
✔ team answer: unknown key, unknown role, bad id, bad mail state are rejected (0.29575ms)
✔ invite and accept answers are strict (0.394125ms)
✔ request grammar: every action has an exact key set and rejects junk values (0.511542ms)
✔ copy: three locales carry the same keys and a label for every role (0.466917ms)
✔ role-aware navigation: hides entries the member's permissions cannot use; unknown shows all; Team is owner-only (0.231875ms)
✔ P02 settlements directory rejects missing/link/owner/group/mode with a valid control (474.284542ms)
✔ preflight health permission grammars and API/worker consistency fail closed (3076.051709ms)
✔ merchant alert flag is explicit 0|1 and independently requires SMTP (2147.296667ms)
✔ shared loader makes API/worker LIVE pair file-only before Compose interpolation (557.454958ms)
✔ export bind accepts omitted JSON false but rejects unsafe source/config mutations (0.933709ms)
✔ sanctioned operator allowlist and fail-closed gates (fake docker, no network) (3093.763833ms)
✔ platform operator custody, export mount and binary are wired (156.345125ms)
✔ actual export bind refuses a missing directory; enabling auto-create is detected (465.934792ms)
✔ R3 preflight rejects cancelled PAYUNi, validates Page app and keeps LIVE pair mandatory (981.204958ms)
✔ R3 smoke exercises exact denied probes, accepts 404 only for disabled mounts (99.442833ms)
✔ positive control: a complete, valid configuration raises no META_LOGIN finding (1028.03925ms)
✔ feature off (COMMERCE_META_LOGIN_CONFIG_ID empty): no rule applies even with the other keys empty (297.6775ms)
✔ P06: the Page route needs the webhook receiver (261.682917ms)
✔ P06: sessions come from identity (319.617583ms)
✔ P06: without the claims profile nobody sends the private replies (a WARN, not a FAIL) (317.404ms)
✔ P08: COMMERCE_META_LOGIN_CONFIG_ID must be numeric ("abc") (360.922709ms)
✔ P08: COMMERCE_META_LOGIN_CONFIG_ID must be numeric ("12 34") (344.12825ms)
✔ P08: COMMERCE_META_LOGIN_CONFIG_ID must be numeric ("111111111111") (292.236166ms)
✔ P08: COMMERCE_META_LOGIN_CONFIG_ID must be numeric ("0x10") (261.3065ms)
✔ P08: COMMERCE_META_LOGIN_CONFIG_ID must be numeric ("-1") (286.489625ms)
✔ P08: COMMERCE_META_LOGIN_REDIRECT_URI must be exactly https://<LC_ADMIN_HOST>/api/meta/callback (wrong host) (299.508834ms)
✔ P08: COMMERCE_META_LOGIN_REDIRECT_URI must be exactly https://<LC_ADMIN_HOST>/api/meta/callback (http scheme) (286.919834ms)
✔ P08: COMMERCE_META_LOGIN_REDIRECT_URI must be exactly https://<LC_ADMIN_HOST>/api/meta/callback (the ads callback path) (262.587917ms)
✔ P08: COMMERCE_META_LOGIN_REDIRECT_URI must be exactly https://<LC_ADMIN_HOST>/api/meta/callback (trailing slash) (232.729583ms)
✔ P08: COMMERCE_META_LOGIN_REDIRECT_URI must be exactly https://<LC_ADMIN_HOST>/api/meta/callback (query string) (253.210167ms)
✔ P08: COMMERCE_META_LOGIN_REDIRECT_URI must be exactly https://<LC_ADMIN_HOST>/api/meta/callback (empty) (236.063833ms)
✔ P08: COMMERCE_META_LOGIN_GRAPH_VERSION grammar vNN.N ("26.0") (215.686833ms)
✔ P08: COMMERCE_META_LOGIN_GRAPH_VERSION grammar vNN.N ("v26") (213.257708ms)
✔ P08: COMMERCE_META_LOGIN_GRAPH_VERSION grammar vNN.N ("v26.0.1") (456.47825ms)
✔ P08: COMMERCE_META_LOGIN_GRAPH_VERSION grammar vNN.N ("latest") (345.250917ms)
✔ P08: COMMERCE_META_LOGIN_GRAPH_VERSION grammar vNN.N ("") (464.090458ms)
✔ P08: COMMERCE_META_LOGIN_GRAPH_VERSION grammar vNN.N ("v1000.0") (311.8435ms)
✔ P08: COMMERCE_META_LOGIN_GRAPH_VERSION accepts v26.0 (300.17175ms)
✔ P08: COMMERCE_META_LOGIN_GRAPH_VERSION accepts v22.0 (281.900042ms)
✔ P08: COMMERCE_META_LOGIN_GRAPH_VERSION accepts v99.9 (257.997333ms)
✔ production without any alert channel is a FAIL (nobody would hear the next outage) (1021.42325ms)
✔ outside production the same gap is only a WARN (301.955ms)
✔ a webhook alone satisfies the rule (274.415625ms)
✔ an e-mail target with a complete relay (host, username, secret) satisfies the rule (304.906ms)
✔ an e-mail target without the relay secret cannot be sent: FAIL in production, WARN elsewhere (687.756458ms)
✔ the example's CHANGE_ME_SENDER placeholder is not a relay: the e-mail target cannot be sent (337.46675ms)
✔ LC_ALERT_EMAIL must be one plain address ("not-an-address") (291.660084ms)
✔ LC_ALERT_EMAIL must be one plain address ("two@fake.invalid,three@fake.invalid") (270.510917ms)
✔ LC_ALERT_EMAIL must be one plain address ("a b@fake.invalid") (277.148791ms)
✔ LC_ALERT_EMAIL must be one plain address ("<owner@fake.invalid>") (290.337708ms)
✔ LC_ALERT_EMAIL must be one plain address ("owner@fake") (296.719917ms)
✔ storefront cart-line removal is reversible: clicked for real, not guarded (2.093291ms)
✔ destructive / irreversible / sign-out classification (owner list, en + zh) (1.94325ms)
✔ alike controls (rows with ids / numbers) share one class key (0.44425ms)
✔ known defects classify, never silence: stale entries are reported (1.074958ms)
✔ the markdown ledger has one row per interaction and names the verdict (0.629709ms)
✔ protocolHrefOK accepts well-formed tel:/mailto: and rejects malformed ones (0.566125ms)
✔ J1 waits for enabled media and clicks a real chooser; the uploaded cover is bound to the main section (792.900875ms)
✔ J1 cannot credit a detail-image receipt as the main cover (1.607959ms)
✔ J1 refuses a failed cover upload rather than continuing to activate (0.821458ms)
✔ thresholds are the named constants of the brief (2.416208ms)
✔ R1: document wider than the viewport, and the outermost element past the edge (0.588875ms)
✔ R2: label tops, control tops and control heights of one visual row (1.0545ms)
✔ R2: what is one row and what is not (0.403917ms)
✔ R2: a button beside a field has to line up with its control (0.665667ms)
✔ R3: a row made tall by stacked controls, a control wider than its cell (2.215ms)
✔ R3: a matrix whose EVERY row is doubled by a stacked stock cell (the median cannot see it) (0.81775ms)
✔ R4: small text, helper text apart, icons and duplicates excepted (11.886458ms)
✔ R5: tap targets on the 390 viewport only (1.825458ms)
✔ R6: interactive elements and text boxes that overlap (1.044209ms)
✔ R7: text clipped inside a control or label (either side), and select values that do not fit (1.219083ms)
✔ R8: the same visible label twice in one list (0.415208ms)
✔ evaluate() tags severity, selectRecords() keeps distinct groups first and counts every instance (1.103917ms)
✔ R9: text and controls flush to the screen edge at 390 (0.496875ms)
✔ R6/R9 judge the visible (ancestor-clipped) rectangle, not the raw one (integrator ruling 2026-10-05) (0.483375ms)
✔ R10: a fixed or sticky bar covering main content after scrolling (0.972667ms)
✔ R11: controls narrower than a usable width (0.525417ms)
ℹ tests 442
ℹ suites 0
ℹ pass 442
ℹ fail 0
ℹ cancelled 0
ℹ skipped 0
ℹ todo 0
ℹ duration_ms 12274.200042
✔ closed projections reject secret-shaped extras, invalid enums, IDs and contradictory capabilities (0.799417ms)
✔ detail accepts only bounded events and keeps actual server action flags (0.402958ms)
✔ BFF exact routes and request grammar forbid keys/body on reads, filters on detail and arbitrary writes (9.989834ms)
✔ copy parity, safe object navigation and UNKNOWN/protective reasons (0.177083ms)
✔ read-only store capability never exposes a command even if the state allows one (0.059209ms)
✔ duplicate escaped keys cannot bypass the exact command grammar (0.044792ms)
✔ query backoff affects only its operation and expires without another action (0.051ms)
✔ merchant reason text translates ledger events and conceals unknown or prototype codes (0.10075ms)
✔ ledger read navigation requires effective integration:read permission regardless of role (0.071916ms)
ℹ tests 9
ℹ suites 0
ℹ pass 9
ℹ fail 0
ℹ cancelled 0
ℹ skipped 0
ℹ todo 0
ℹ duration_ms 83.58825
✔ OrderHistory renders server order instant in Taipei (7.130084ms)
✔ ClaimLink renders claim expiry in Taipei (2.007333ms)
✔ BankTransfer renders deadline and proof instant in Taipei (2.151958ms)
✔ BankTransfer proof echo labels store time in en (1.961459ms)
✔ BankTransfer proof echo labels store time in zh-TW (1.775584ms)
✔ BankTransfer proof echo labels store time in zh-CN (1.693958ms)
✔ BankTransfer input describes the device zone in en (1.384541ms)
✔ BankTransfer input describes the device zone in zh-TW (1.613833ms)
✔ BankTransfer input describes the device zone in zh-CN (1.525583ms)
✔ BankTransfer input has a generic label when Intl has no zone in en (1.236458ms)
✔ BankTransfer input has a generic label when Intl has no zone in zh-TW (1.031834ms)
✔ BankTransfer input has a generic label when Intl has no zone in zh-CN (0.921166ms)
✔ ShopFooter uses Taipei year across UTC year boundary (1.428625ms)
✔ BankTransfer deadline labels store time in en (1.04325ms)
✔ BankTransfer deadline labels store time in zh-TW (0.941458ms)
✔ BankTransfer deadline labels store time in zh-CN (0.904042ms)
✔ OrderHistory states the Taipei time zone once in en (0.6755ms)
✔ OrderHistory states the Taipei time zone once in zh-TW (0.596834ms)
✔ OrderHistory states the Taipei time zone once in zh-CN (0.5845ms)
✔ Meta rejection wording is preserved as bounded Unicode text, never translated (1.085083ms)
✔ frozen error codes: model list equals the frozen list, each is read from both error shapes (0.350541ms)
✔ copy: every code, status, op state and connect error has text in all three locales (0.256625ms)
✔ copy never calls a budget a hard stop and never offers resume (0.311167ms)
✔ draft: every §5.1 status parses; unknown status/template/op state is an error, never guessed (0.404917ms)
✔ draft: optional fields, remote ids and the Ads Manager link (0.208959ms)
✔ action hints: pause whenever a remote id exists and not ENDED; a paused draft is only ever copied (X7) (0.204209ms)
✔ money: whole units to minor with integer math; TWD must be whole (10.152709ms)
✔ Taipei schedule: wall inputs and draft projections ignore the viewer zone (3.563542ms)
✔ Taipei schedule: invalid calendar days are rejected and all copy names UTC+8 (0.375958ms)
✔ draft input: exact 11-key body and every local rule (3.708375ms)
✔ draft form round trip and X7 copy (blank schedule, no id, no revision) (0.259ms)
✔ settings parser: environment enum, connections, identities, capi (0.417625ms)
✔ connect state parser: pick list kinds and id match (0.123ms)
✔ report: three separate blocks, orders may be null, no combined figure (0.29225ms)
✔ default report window is the Asia/Taipei store day whatever the viewer's zone is (Taipei midnight boundary) (3.287292ms)
✔ capi body and validation (0.097ms)
✔ W6-06B unbind response: exact keys, account, UUIDs and outcome semantics (0.162208ms)
✔ W6-06B in-flight details preserve bounded items and total, reject unknown shapes (0.158208ms)
✔ W6-06B catalog feed has exact public URL/domain pairs or published-store empty (0.417958ms)
✔ W6-06B copy preserves unbind boundaries and feed recovery in three locales (0.055541ms)
✔ W6-06B feed selection follows origin order, not full feed URL order (0.072167ms)
✔ customer list accepts the frozen row and rejects unknown keys, dup ids, bad cursor, oversize (2.98175ms)
✔ customer row invariants: nulls for bundle-only/erased, counts, money, consents (0.243292ms)
✔ customer detail: bounded lists, order summaries reuse the orders parser, id must match (1.922167ms)
✔ erasure summary is four counts only (0.083459ms)
✔ finance summary: net = captured - refunded (I05), totals carry an empty day, sandbox flag (0.329666ms)
✔ financeDay is the UTC+8 day (0.085625ms)
✔ finance defaults keep Taipei dates across midnight, leap day and year end (0.08925ms)
✔ tags and notes are parsed strictly (W6-01B) (0.777792ms)
✔ TSX seam refuses an unlisted import (4.652292ms)
✔ Ads merchant timestamp uses Taipei at the year boundary (18.595208ms)
✔ Design version published_at cell uses Taipei at the year boundary (3.451292ms)
✔ ManualOrder bank-transfer expiry uses Taipei at the year boundary (5.048042ms)
ℹ tests 53
ℹ suites 0
ℹ pass 53
ℹ fail 0
ℹ cancelled 0
ℹ skipped 0
ℹ todo 0
ℹ duration_ms 142.983625
✔ OrderHistory renders server order instant in Taipei (6.867042ms)
✔ ClaimLink renders claim expiry in Taipei (1.998208ms)
✔ BankTransfer renders deadline and proof instant in Taipei (1.919ms)
✔ BankTransfer proof echo labels store time in en (1.687708ms)
✔ BankTransfer proof echo labels store time in zh-TW (1.561916ms)
✔ BankTransfer proof echo labels store time in zh-CN (1.370875ms)
✔ BankTransfer input describes the device zone in en (1.526417ms)
✔ BankTransfer input describes the device zone in zh-TW (1.579209ms)
✔ BankTransfer input describes the device zone in zh-CN (1.23175ms)
✔ BankTransfer input has a generic label when Intl has no zone in en (1.289708ms)
✔ BankTransfer input has a generic label when Intl has no zone in zh-TW (1.255417ms)
✔ BankTransfer input has a generic label when Intl has no zone in zh-CN (0.983125ms)
✔ ShopFooter uses Taipei year across UTC year boundary (1.47925ms)
✔ BankTransfer deadline labels store time in en (1.026333ms)
✔ BankTransfer deadline labels store time in zh-TW (0.937375ms)
✔ BankTransfer deadline labels store time in zh-CN (0.890458ms)
✔ OrderHistory states the Taipei time zone once in en (0.662625ms)
✔ OrderHistory states the Taipei time zone once in zh-TW (0.612667ms)
✔ OrderHistory states the Taipei time zone once in zh-CN (0.723208ms)
✔ Meta rejection wording is preserved as bounded Unicode text, never translated (1.368084ms)
✔ frozen error codes: model list equals the frozen list, each is read from both error shapes (0.445625ms)
✔ copy: every code, status, op state and connect error has text in all three locales (0.311833ms)
✔ copy never calls a budget a hard stop and never offers resume (0.252416ms)
✔ draft: every §5.1 status parses; unknown status/template/op state is an error, never guessed (0.349167ms)
✔ draft: optional fields, remote ids and the Ads Manager link (0.152667ms)
✔ action hints: pause whenever a remote id exists and not ENDED; a paused draft is only ever copied (X7) (0.281333ms)
✔ money: whole units to minor with integer math; TWD must be whole (8.492209ms)
✔ Taipei schedule: wall inputs and draft projections ignore the viewer zone (3.355125ms)
✔ Taipei schedule: invalid calendar days are rejected and all copy names UTC+8 (0.308666ms)
✔ draft input: exact 11-key body and every local rule (3.469792ms)
✔ draft form round trip and X7 copy (blank schedule, no id, no revision) (0.226667ms)
✔ settings parser: environment enum, connections, identities, capi (0.361584ms)
✔ connect state parser: pick list kinds and id match (0.110208ms)
✔ report: three separate blocks, orders may be null, no combined figure (0.244583ms)
✔ default report window is the Asia/Taipei store day whatever the viewer's zone is (Taipei midnight boundary) (1.989667ms)
✔ capi body and validation (0.0985ms)
✔ W6-06B unbind response: exact keys, account, UUIDs and outcome semantics (0.163125ms)
✔ W6-06B in-flight details preserve bounded items and total, reject unknown shapes (0.156ms)
✔ W6-06B catalog feed has exact public URL/domain pairs or published-store empty (0.158916ms)
✔ W6-06B copy preserves unbind boundaries and feed recovery in three locales (0.33675ms)
✔ W6-06B feed selection follows origin order, not full feed URL order (0.085875ms)
✔ customer list accepts the frozen row and rejects unknown keys, dup ids, bad cursor, oversize (3.027792ms)
✔ customer row invariants: nulls for bundle-only/erased, counts, money, consents (0.63625ms)
✔ customer detail: bounded lists, order summaries reuse the orders parser, id must match (2.630875ms)
✔ erasure summary is four counts only (0.153208ms)
✔ finance summary: net = captured - refunded (I05), totals carry an empty day, sandbox flag (0.430125ms)
✔ financeDay is the UTC+8 day (0.075833ms)
✔ finance defaults keep Taipei dates across midnight, leap day and year end (0.10525ms)
✔ tags and notes are parsed strictly (W6-01B) (0.963959ms)
✔ TSX seam refuses an unlisted import (3.879208ms)
✔ Ads merchant timestamp uses Taipei at the year boundary (13.877917ms)
✔ Design version published_at cell uses Taipei at the year boundary (4.281875ms)
✔ ManualOrder bank-transfer expiry uses Taipei at the year boundary (5.480459ms)
ℹ tests 53
ℹ suites 0
ℹ pass 53
ℹ fail 0
ℹ cancelled 0
ℹ skipped 0
ℹ todo 0
ℹ duration_ms 135.9005
✔ legacy display sentinels preserve a list row without admitting arbitrary or private data (1.6995ms)
✔ orders-v2 accepts bounded filters and Taipei inclusive dates; rejects ambiguity (0.905292ms)
✔ orders-v2 rejects client count approximations, unbounded or extra response data (0.170291ms)
✔ all three locales label every task queue, payment and delivery mode (0.318416ms)
ℹ tests 4
ℹ suites 0
ℹ pass 4
ℹ fail 0
ℹ cancelled 0
ℹ skipped 0
ℹ todo 0
ℹ duration_ms 73.388375
✔ numeric store IDs have no suggestion BFF or browser client (0.536125ms)
ℹ tests 1
ℹ suites 0
ℹ pass 1
ℹ fail 0
ℹ cancelled 0
ℹ skipped 0
ℹ todo 0
ℹ duration_ms 60.696708
✔ ADM10 operator sentence is localized while product and company facts stay authoritative (0.386208ms)
✔ PS review: actual Host matching normalizes case, port and a terminal DNS dot, never forwarded authority (0.229958ms)
✔ PS review: privacy/terms retain Messenger and Instagram purpose disclosure; deletion uses exact UI labels (0.101708ms)
✔ P2-N1 zh-TW/privacy: current comments and private reply, conditional inbound messages (0.072209ms)
✔ P2-N1 zh-TW/terms: current comments and private reply, conditional inbound messages (0.039917ms)
✔ P2-N1 zh-CN/privacy: current comments and private reply, conditional inbound messages (0.042416ms)
✔ P2-N1 zh-CN/terms: current comments and private reply, conditional inbound messages (0.046833ms)
✔ P2-N1 en/privacy: current comments and private reply, conditional inbound messages (0.046042ms)
✔ P2-N1 en/terms: current comments and private reply, conditional inbound messages (0.039041ms)
✔ PS1 legal identity is one untranslated source (0.075333ms)
✔ PS1 contact and hosts come only from configuration; production fails closed (0.318541ms)
✔ PS2 public routes default to zh-TW, restrict page/locale, and never include admin (0.665417ms)
✔ PS4 optional Meta verification value never has a fake default (0.070541ms)
✔ PS1 every locale uses the same product name in auth page titles (0.044083ms)
✔ PS1 public page copy has three complete locales, no invented operator identity or contact (0.225ms)
✔ PS1 production build validates config; public data is not bundled through NEXT_PUBLIC (0.253ms)
✔ PS review: admin image installs the manifests for its workspace dependencies before building (0.35775ms)
ℹ tests 17
ℹ suites 0
ℹ pass 17
ℹ fail 0
ℹ cancelled 0
ℹ skipped 0
ℹ todo 0
ℹ duration_ms 73.9925
✔ R11 SQL's exact receipt states are accepted; missing/forged operation/state remains unknown (0.841667ms)
✔ R11 durable receipt journal validates phase against exact operation state (0.49225ms)
✔ R11 actual read control distinguishes replay/inflight/unknown/failure in en (4.135ms)
✔ R11 actual read control distinguishes replay/inflight/unknown/failure in zh-TW (0.798583ms)
✔ R11 actual read control distinguishes replay/inflight/unknown/failure in zh-CN (0.699791ms)
✔ unknown journal retains exact key/boundary and is scoped to store+session; malformed state fails closed (0.138625ms)
✔ R12 read hook keeps network UNKNOWN on one key and explicitly refreshes acknowledged UNKNOWN (12.537375ms)
✔ actual POST transport uses CSRF and session fence; 403 independent of response text (14.004958ms)
✔ R10 ROAS has exactly two decimals in en (9.766958ms)
✔ R10 unknown ROAS is never fabricated as zero in en (0.094417ms)
✔ R10 ROAS has exactly two decimals in zh-TW (0.177ms)
✔ R10 unknown ROAS is never fabricated as zero in zh-TW (0.038125ms)
✔ R10 ROAS has exactly two decimals in zh-CN (0.217333ms)
✔ R10 unknown ROAS is never fabricated as zero in zh-CN (0.043417ms)
✔ shared presentation preserves registry title and one empty buyer message in en (24.03775ms)
✔ R11 large linked-draft list is complete but collapsed in en (3.094333ms)
✔ shared presentation preserves registry title and one empty buyer message in zh-TW (5.48225ms)
✔ R11 large linked-draft list is complete but collapsed in zh-TW (2.514375ms)
✔ shared presentation preserves registry title and one empty buyer message in zh-CN (5.281083ms)
✔ R11 large linked-draft list is complete but collapsed in zh-CN (3.091291ms)
✔ R11 timeline distinguishes local unknown spend from explicit Meta zero in en (3.280666ms)
✔ R11 timeline distinguishes local unknown spend from explicit Meta zero in zh-TW (3.084334ms)
✔ R11 timeline distinguishes local unknown spend from explicit Meta zero in zh-CN (1.95075ms)
✔ R11 I12 nullable Meta evidence survives without becoming zero (0.2145ms)
✔ R11 actual panel rendering preserves unknowns and reconnect route in en (10.232333ms)
✔ R11 actual panel rendering preserves unknowns and reconnect route in zh-TW (10.504625ms)
✔ R11 actual panel rendering preserves unknowns and reconnect route in zh-CN (11.35025ms)
✔ D1, D6, R7: exact amounts and sources remain independent, account days stay labelled (0.175042ms)
✔ R12: null stays unknown and unread / unauthorised / insufficient remain different states (0.2055ms)
✔ R12 granted but unread audience offers a read, never reconnect in en (1.572375ms)
✔ R12 granted but unread audience offers a read, never reconnect in zh-TW (1.583042ms)
✔ R12 granted but unread audience offers a read, never reconnect in zh-CN (1.737375ms)
✔ I12 forged / missing frozen fields never silently become zeros (0.847416ms)
✔ only whitelisted aggregates survive: extra identifiers and HTML are never interpreted (0.063375ms)
✔ attribution is a read-only BFF resource with exact bounded query grammar (0.296167ms)
✔ audience-read is exactly the new local intention POST and never a data GET or queried write (0.231333ms)
✔ route fails closed without ads:read and is not a duplicate navigation entry; locale keys match (0.099333ms)
ℹ tests 37
ℹ suites 0
ℹ pass 37
ℹ fail 0
ℹ cancelled 0
ℹ skipped 0
ℹ todo 0
ℹ duration_ms 390.479208
✔ card-payments copy: identical key sets in all three locales (1.667375ms)
✔ merchant terms are quoted verbatim (contract §5) in the enable dialog (0.289667ms)
✔ ruling-fixed strings: platform not OPEN and BLOCKED note (0.137333ms)
✔ error map covers every frozen refusal code from migrations/0137 (0.200959ms)
✔ no Stripe account id, key or approval id shape appears in any copy string (0.713917ms)
✔ storefront collector disclosure matches contract §5 templates in three languages (0.209125ms)
✔ the merchant terms in the dialog are the contract §5 sentence, extracted from the contract (0.286458ms)
✔ the storefront templates are the contract §5 lines, extracted from the contract (0.30775ms)
✔ settlement copy: deduction columns are labelled as deductions in every language, with a legend and the net formula (0.612042ms)
✔ there is no separate 'not on the allowlist' message: it reads as not open (review P1-2) (0.284167ms)
✔ card summary accepts the frozen shape incl. all-null platform NONE (1.223667ms)
✔ card summary rejects unknown keys, bad enums, bad money, bad version (0.32975ms)
✔ card result is exactly {state, version, max_minor, currency, descriptor_preview} (0.127916ms)
✔ descriptor suffix rule: charset, 2..10 chars, must contain a letter (0.137667ms)
✔ the suffix length rule is the charset rule's 10; the 22-character descriptor total stays the server's (SANDBOX L=10, LIVE PrefixLength) (0.059708ms)
✔ descriptor preview mirrors the contract projection (base + '* ' + suffix) (0.063625ms)
✔ settlement list accepts statements without payout/lines keys (omitempty) (0.402084ms)
✔ settlement detail carries lines whose count and sums match the totals (0.418583ms)
✔ settlement parsers reject malformed reads (0.861333ms)
✔ fees, refunds and disputes are signed exactly as the ledger stores them (0.548167ms)
✔ a returned fee is a positive line fee; the detail's lines must add up to the statement totals (0.12925ms)
✔ closed_at/paid_at accept the offsets PostgreSQL emits as well as Z (0.098209ms)
✔ a payout reference shaped like a Stripe key or account id is never displayed (0.185833ms)
✔ platform not OPEN: 'not open yet' and no enable control, for every non-OPEN state; the platform badge still tells why (0.401ms)
✔ allowlisted + OPEN: enable from NONE/DISABLED, disable from ENABLED (0.071125ms)
✔ not allowlisted on an OPEN platform reads exactly like not open: the same message, no 'platform open' badge, no enable (review P1-2) (0.199ms)
✔ BLOCKED: the suspended note, disable only, never enable (whatever the platform says) (0.058959ms)
✔ without billing:manage nothing can be changed, but the state is still readable (0.072458ms)
✔ enable carries the platform's current terms, the suffix and the version read; NONE starts at 0 (0.067166ms)
✔ disable never sends a suffix and quotes the terms the store accepted (the platform's may have moved on) (0.050458ms)
✔ a retained suffix is recovered from the final preview so a re-enable can keep it (0.037875ms)
✔ the period label shows the last day inside the (exclusive-end) week (0.730042ms)
✔ payout state: paid, pending only when money is due, none when the week nets to zero or less (0.0515ms)
✔ card-payments and settlements are nav:false routes, so no group loses or gains a nav button (0.152041ms)
✔ settlements need billing:manage, the card page integration:read; the owner opens both (0.116625ms)
✔ statement cells: a dispute reversal and a returned fee read as credits (+) and every deduction as -, and the columns add up to the server's net (9.529916ms)
✔ the detail parser requires the lines of a statement that has lines; a quiet week (line_count 0) may omit them (0.12875ms)
✔ route table: exactly the four resources, nothing generic (0.493875ms)
✔ query grammar: card and settlement-detail are exact; settlements takes before/limit only (0.228625ms)
✔ request fence: keyless PUT (CAS), bodyless GETs, no transfer-encoding (18.814709ms)
✔ PUT body is the exact frozen shape {enabled, terms_version, descriptor_suffix, expected_version} (0.647417ms)
✔ the BFF route wires the card grammar: keyless CAS PUT, exact body, no-store, auth required (0.374042ms)
✔ the real card summary parses and drives the display state machine (1.940667ms)
✔ the real statement list parses: newest first, no lines, three payout states (0.960292ms)
✔ every real detail parses with its lines and the lines add up to the statement (1.949792ms)
✔ an empty ledger parses to no statements (0.3575ms)
✔ no account id, key or approval shape is in any real body (0.721667ms)
✔ the real statements display literally as signed contributions that add up to the server's net (11.158667ms)
ℹ tests 48
ℹ suites 0
ℹ pass 48
ℹ fail 0
ℹ cancelled 0
ℹ skipped 0
ℹ todo 0
ℹ duration_ms 122.878333
✔ option/slug/SKU caps equal internal/catalog (options.go, catalog.go) (4.824875ms)
✔ text caps equal the Go validators (name 120, description 8000, SEO 70/160, collection title 80) (1.616166ms)
✔ photo caps equal Go (MaxMainImages, MaxDetailImages, MaxImageBytes) and the SKU code pattern (1.247792ms)
✔ PE13 Cartesian matrix is local, preserves edits and deduplicates values (1.3005ms)
✔ PE13 bulk quantity skips negative rows without modifying them (0.199583ms)
✔ PE12 untracked document uses whole currency and per-order cap, never quantity (8.923ms)
✔ PE14 missing readback is not guessed or silently cleared by full replacement (0.059875ms)
✔ bulk status accepts explicit per-item results, never empty or duplicated confirmations (0.185458ms)
✔ matrix refuses over 100 SKUs before expansion (0.078292ms)
✔ parity: admin caps equal the Go constants (0.867458ms)
✔ image list: 4 main + 20 detail + 2 sku in role order is accepted (0.351416ms)
✔ image list: 5 main, 21 detail, wrong role order, gaps and extra keys are refused (0.139375ms)
✔ single image: role is required and its position is bounded by the role cap (0.057583ms)
✔ option text limits count Go runes rather than UTF-16 units (3.0835ms)
✔ PE14 new edit SKU carries its own shipping and clears no existing fields (16.509208ms)
✔ PE14 patch changes only price and preserves unmentioned fields (0.203083ms)
✔ PE14 on_hand is not available, zero target is transmitted, ambiguous warehouse refuses (0.300292ms)
✔ PE14 explicit clears and shipping remain per SKU on an active row (0.132041ms)
✔ PE14 archive supersedes every other edit on that SKU (b77eeb11) (0.142583ms)
✔ PE14 no-op has no command fields and changed axes explicitly archive omitted variants (0.10125ms)
ℹ tests 20
ℹ suites 0
ℹ pass 20
ℹ fail 0
ℹ cancelled 0
ℹ skipped 0
ℹ todo 0
ℹ duration_ms 101.8735
(node:84208) ExperimentalWarning: Transform Types is an experimental feature and might change at any time
(Use `node --trace-warnings ...` to show where the warning was created)
✔ UNKNOWN retry client authorization loss requires reconciliation, not a fresh command (5.627666ms)
✔ UNKNOWN retry 401 authorization loss requires reconciliation, not a fresh command (11.485167ms)
✔ UNKNOWN retry 403 authorization loss requires reconciliation, not a fresh command (0.770042ms)
✔ a conclusive command rejection stays distinct from authorization loss (0.8465ms)
ℹ tests 4
ℹ suites 0
ℹ pass 4
ℹ fail 0
ℹ cancelled 0
ℹ skipped 0
ℹ todo 0
ℹ duration_ms 143.860709
(node:84211) ExperimentalWarning: Transform Types is an experimental feature and might change at any time
(Use `node --trace-warnings ...` to show where the warning was created)
✔ offer controls read authoritative limits without parsing unrelated KEYWORD_QTY_CONTAINS window/stats (10.875834ms)
✔ offer controls accept 101 through the backend cap of 200 distinct offers, reject 201 (1.737834ms)
✔ offer toggle preserves exactly the authoritative maximum in the real M4 payload (2.4115ms)
✔ console BFF admits exactly A1/A7/A6 and A5 read/copy methods (0.357459ms)
✔ Next proxy admits the exact console family and results query before the BFF (22.490875ms)
✔ PR18 proxy preserves malformed A2 cursor as 400 invalid_cursor (0.490417ms)
✔ results query is canonical repeated session_id 1..50, everything else queryless (0.085042ms)
✔ real BFF route forwards only exact resources, authenticates scope and returns private scrubbed errors (35.098208ms)
✔ new commands reject unknown keys and preserve frozen copy/lifecycle/recommend body (0.147292ms)
✔ browser commands reuse Studio fences, exact no-comment recommend body and backend refusal codes (1.358417ms)
✔ results client preserves canonical ids/order and rejects invalid list before fetch (0.255875ms)
✔ stock client reuses catalog transport/key/parser and fences a changed login without retries (0.972667ms)
✔ journal replay sends the exact original method/path/body/key for all five commands (2.475125ms)
(node:84212) ExperimentalWarning: Transform Types is an experimental feature and might change at any time
(Use `node --trace-warnings ...` to show where the warning was created)
✔ A1 strict MOCK snapshot preserves unavailable counts, capability unknown and server stock (3.251084ms)
✔ A7 returns a separate lifecycle version and closed full KEYWORD_QTY_CONTAINS window (0.140583ms)
✔ A5 results retain separate environments/currencies and bind exact requested ids/order (0.164625ms)
✔ A5 copy parses real Go envelope, copied offer prices and KEYWORD_QTY_CONTAINS window (0.375625ms)
✔ A6 accepts optional operation UUID, never guessed send success (0.088292ms)
(node:84213) ExperimentalWarning: Transform Types is an experimental feature and might change at any time
(Use `node --trace-warnings ...` to show where the warning was created)
✔ Live settings navigation accepts a scene picker entry but never a malformed or unscoped deep link (1.983333ms)
✔ LC-B7 stock permission admits live_adjust without inventory:write, not unrelated grants (0.25525ms)
✔ Instagram comment total stays unavailable; Facebook observed count is not a platform total (0.260916ms)
✔ LC-U1 one primary action follows lifecycle, never planning or transport state (0.20025ms)
✔ LC-U1 stock target uses sellable delta and rejects fractions, negative and over-limit changes (0.394166ms)
✔ LC-U1 links only explicit FB post identities, never arbitrary URLs or guessed videos (0.532542ms)
✔ LC-U1 Facebook preview keeps the original no-frame CSP and uses a safe external link (0.88225ms)
✔ LC-U1 delayed copy completion cannot navigate after store switch or unmount (0.954542ms)
✔ LC-U1 receipt fence survives cookie rotation; pending replay still has a separate session boundary (0.207333ms)
ℹ tests 27
ℹ suites 0
ℹ pass 27
ℹ fail 0
ℹ cancelled 0
ℹ skipped 0
ℹ todo 0
ℹ duration_ms 215.985375
✔ PR18 R2 scoped404 a2 clears both private views and stops recovery reads (16.319458ms)
✔ PR18 R2 scoped404 a8 clears both private views and stops recovery reads (2.74825ms)
✔ PR18 R2 scoped404 older clears both private views and stops recovery reads (2.279125ms)
✔ PR18 A8 clears names synchronously and keeps loaded older pages through a head poll (2.034667ms)
✔ PR18 A8 hides clear before effects even without pagination (0.890291ms)
✔ PR18 deletion HEAD clears selected comment composer but keeps history and public guard (5.114667ms)
✔ PR18 quiet A2 stream refreshes delayed claim marks without a new sequence or user refresh (1.830416ms)
✔ PR18 late claim automatically exposes keyword view and the reused BuyerPanel (4.543709ms)
✔ K3 A8 private polls every 10s, backs off, resets, pauses hidden and stops off-filter (6.303625ms)
✔ K3 A8 unreplied polls every 10s, backs off, resets, pauses hidden and stops off-filter (6.2315ms)
✔ K3 pasted tab is refused with invalid_text copy before any reply POST (0.7665ms)
✔ PR18 facts_unavailable mark uses actionable copy zh-TW (0.474584ms)
✔ PR18 facts_unavailable mark uses actionable copy zh-CN (0.422417ms)
✔ PR18 facts_unavailable mark uses actionable copy en (0.434583ms)
✔ real SQL UNKNOWN mark blocks public-mode switching without a local receipt (0.485208ms)
✔ PR18 unknown public receipt has the correct cross-comment fence (3.488834ms)
✔ PR18 queued public receipt has the correct cross-comment fence (2.293958ms)
✔ PR18 public guard releases only definite sent (0.888583ms)
✔ PR18 public guard releases only definite failed (0.710959ms)
✔ PR18 public guard releases only definite blocked (0.674167ms)
✔ PR18 public guard releases only definite refused (0.680792ms)
✔ actual A2 hook fake clock: 3/6/12/24/30 backoff, success reset, hide clears and stops, 403 locks (3.800167ms)
✔ actual reset clears selected buyer and rereads without the old epoch cursor (1.088ms)
✔ reply hints, coded error, UNKNOWN and capability state execute the actual composer (1.058209ms)
✔ PR18 R2 templates read 404 denies the composer (0.45625ms)
✔ PR18 buyer-panel read 404: stays local (retention-purged or gone selection), console keeps access (0.475666ms)
✔ PR18 buyer-panel read 403: revokes the console scope (0.434ms)
✔ PR18 deletion HEAD removes absent refs inside its window (0.731917ms)
✔ PR18 deletion HEAD keeps paged history below its oldest tuple (0.077458ms)
✔ PR18 deletion is never inferred from incremental or older pages (0.086ms)
✔ PR18 empty deletion HEAD is not evidence that any ref was deleted (0.055ms)
✔ PR18 deletion floor compares equal timestamp refs and timezone instants (0.482209ms)
✔ PR18 mixed FB and IG page orders normalize chronologically after dedupe (0.127708ms)
✔ PR18 cap keeps newest1000 with mixed page order older=false (2.434083ms)
✔ PR18 cap keeps newest1000 with mixed page order older=true (2.378167ms)
✔ PR18 A3 invalid_ref remains a definite 422 refusal (0.056625ms)
✔ PR18 a full history buffer stops paging without discarding rows or advancing its cursor (0.155917ms)
✔ K3 reply text rejects every C0/C1 control except newline (0.303625ms)
✔ SQL operation marks map to every merchant-visible delivery state (0.057333ms)
✔ real bridge sealCursor uses payload.signature rather than plain base64url (8.79475ms)
✔ A2 grammar refuses private/duplicate/ambiguous cursors and keys on reads (0.794625ms)
✔ A3-A5 exact comment ref and bodies; explicit preemption private only (0.130833ms)
✔ A4/A5 preserve frozen refusal codes, never provider/debug text (0.045792ms)
✔ reset invalidates old buffers and cursor before reread; older page cannot advance live cursor (0.105875ms)
✔ filter resources have only authorised opaque ids; backoff is capped and success resets (0.055041ms)
ℹ tests 45
ℹ suites 0
ℹ pass 45
ℹ fail 0
ℹ cancelled 0
ℹ skipped 0
ℹ todo 0
ℹ duration_ms 323.417292
✔ secondary failures preserve A1; only A1 is periodic; IG notice follows the platform/embeddability observation (189.076292ms)
✔ the existing console refresh also explicitly refreshes its parent list; no automatic list read (10.135041ms)
✔ parent forwards only an explicit refresh callback and retains the scene when list is unavailable (8.7445ms)
✔ every explicit browser response/event/navigation waiter has a finite sub-test budget (10.660208ms)
✔ A1 failures back off 3/6/12/24/30 seconds and success resets to five seconds (73.94625ms)
✔ Retry-After is a minimum; hidden tabs cancel polling; forbidden locks and conceals (31.017167ms)
✔ secondary reads are mount/refresh only, independent from A1 and non-fatal (21.036791ms)
✔ UNKNOWN journal restores the exact key/method/path/body and explicit retry after reload (25.832833ms)
✔ first definite 403 clears journal but locks commands; late success after navigation clears only its own key (26.625ms)
✔ private reads preserve Retry-After seconds and dates, without changing existing error codes (16.971083ms)
✔ a restored in-flight or UNKNOWN request retains its journal after a replay 403 (66.353042ms)
✔ restored copy success dispatches completion only in the still-current scene (33.995125ms)
✔ SessionCopy resyncs closed same-ID titles, preserves open edits and cancels to latest draft (27.838459ms)
✔ SessionCopy submit uses latest version; UNKNOWN request survives later draft/input changes (19.330625ms)
ℹ tests 14
ℹ suites 0
ℹ pass 14
ℹ fail 0
ℹ cancelled 0
ℹ skipped 0
ℹ todo 0
ℹ duration_ms 533.878667
✔ claims window modes match Go constants and every SQL match_mode CHECK (4.5845ms)
✔ host prompt stays verbatim at the frozen trunk contract; Japanese is absent (1.44675ms)
✔ bundle parser accepts manual (labelled) and Meta (unlabelled) bundles (0.606667ms)
✔ bundle parser rejects unknown platforms and label/platform mismatches (0.1565ms)
✔ offer parser carries the live price and rejects every out-of-range or missing field (0.231042ms)
✔ library and import parsers are closed; removal receipt is the only version-0 shape (0.196916ms)
✔ price input: exact decimal minor units, never float, bounded to the currency's places (7.639208ms)
✔ live-tools copy exists in all three locales with the same conflict reasons (0.456666ms)
✔ claims BFF allowlist is exactly M1–M7 per method (0.957583ms)
✔ M7 link response shape is closed (0.445042ms)
✔ host prompt copy is the frozen text, verbatim (0.262792ms)
ℹ tests 11
ℹ suites 0
ℹ pass 11
ℹ fail 0
ℹ cancelled 0
ℹ skipped 0
ℹ todo 0
ℹ duration_ms 100.894041
NOT_RUN: tests/media/r04-input-runner.test.mjs (COMMERCE_R04_LIVEKIT_BINARY unset)
✔ main/detail/sku caps use the existing frozen image contract (0.643291ms)
✔ phone and tall dimensions fit2000 without enlarging small assets (0.147416ms)
✔ upload query requires one exact role and sku value; reads/actions carry no query (0.386209ms)
✔ role transport encodes current option values and refuses invalid identities (0.161458ms)
✔ effective image axis follows current options, then falls back to first (0.066042ms)
✔ detail and option photos cannot satisfy the main-photo recommendation (0.0625ms)
✔ PM-U copy has matching keys in ja and all currently routed locales (0.12775ms)
✔ real-upload mode builds both Next applications on a clean CI checkout (6.130125ms)
✔ upload recovery journal survives a new session while remaining product/store scoped (0.142041ms)
✔ an option upload receipt requires its captured axis, value and image id on canonical readback (0.11525ms)
✔ failed durable recovery storage cannot authorize a media write (0.084792ms)
✔ an active product needs a main image after canonical media is known; repair paths stay possible (0.057834ms)
✔ empty media sections render a readable localized placeholder until photos are present (4.931125ms)
✔ real-upload mode never exits through the storefront MOCK shortcut (8.896541ms)
✔ a valid active zero-main product keeps an inline repair hint rather than a page error (3.406333ms)
✔ a new product issues the image-axis stage only for a chosen axis (0.467042ms)
ℹ tests 16
ℹ suites 0
ℹ pass 16
ℹ fail 0
ℹ cancelled 0
ℹ skipped 0
ℹ todo 0
ℹ duration_ms 239.356792
(node:84272) ExperimentalWarning: Transform Types is an experimental feature and might change at any time
(Use `node --trace-warnings ...` to show where the warning was created)
✔ a fitting PNG keeps the exact original File, bytes and alpha-capable format (0.968291ms)
✔ a JPEG exactly at both limits remains original, not a lossy re-encode (0.389208ms)
✔ an oversized phone JPEG is encoded below the cap after oriented scaling (0.61125ms)
✔ a large transparent PNG stays alpha-capable and is never painted with an opaque matte (0.603708ms)
ℹ tests 4
ℹ suites 0
ℹ pass 4
ℹ fail 0
ℹ cancelled 0
ℹ skipped 0
ℹ todo 0
ℹ duration_ms 104.606375
✔ HTTPS picklist fixture carries Secure session cookies automatically while preserving CSRF refusals (85.834292ms)
✔ batch controls stay compact until an order selection or live-session scope exists (0.162917ms)
✔ selection has XOR bodies, canonical unique IDs and separate 500/100 limits (0.367667ms)
✔ cross-page selection retains existing rows, deduplicates and refuses overflow atomically (0.706666ms)
✔ pick projection rejects PII/extra keys, invalid quantities and unmatched order identities (0.527ms)
✔ batch replies bind one-for-one to confirmed orders and preserve uncertainty code (0.118042ms)
✔ pick/export POSTs reject keys and all query variants except one exact template (1.732667ms)
✔ CSV filename binds to selected template and store; no path/header injection (0.174375ms)
✔ MOCK browser fixture list matches the incumbent closed order parser (11.974833ms)
✔ recovery never clears an unknown or missing current attempt (0.139458ms)
✔ recovery and order-detail MOCK fixtures satisfy real read parsers (6.883916ms)
✔ order selection can read its session fence during SSR without browser globals (0.929666ms)
✔ MOU keeps native headed checks runnable on a Linux CI worker without DISPLAY (12.662416ms)
✔ pick fixture serves the scoped parcel reads required by the orders page (5.572958ms)
ℹ tests 14
ℹ suites 0
ℹ pass 14
ℹ fail 0
ℹ cancelled 0
ℹ skipped 0
ℹ todo 0
ℹ duration_ms 354.642125
✔ bodyless dissolve DELETE (empty body stream, no content-length) reaches Go with the CAS query, no body, no key (14.586583ms)
✔ every parcel DELETE must carry exactly one expected_version >= 1 (never forwarded without it) (1.524083ms)
✔ a DELETE that declares a body or chunked framing is refused (0.296958ms)
✔ DELETE needs the session, origin and CSRF like every command; other DELETEs stay unsupported (0.777792ms)
✔ GET parcel-groups (open groups read) and merge-suggestions pass with no query; a query or key is refused (6.641125ms)
✔ actual MOU parcel runner selects and collects the real parcel browser case (305.938ms)
✔ merge suggestions accept the frozen shape (server-masked recipient) and reject drift (1.262042ms)
✔ created group requires the OPEN state and its members (0.146583ms)
✔ dissolved group is exactly id/state/version (0.084167ms)
✔ group shipment carries one SHIPPED version per member (1.266208ms)
✔ open groups (GET parcel-groups) accept the frozen shape and fail closed on drift (2.155375ms)
✔ reconcile: a reload rebuilds OPEN panels, a vanished OPEN group is dropped, history and live versions are kept (0.68375ms)
✔ three locales cover the same keys and every refusal code (0.633334ms)
✔ the owner-ruling sentence is exact in all three locales (0.146667ms)
✔ the in_parcel_group copy is the same sentence in parcels-copy (blocked + errors) and orders-copy, in every locale (0.196042ms)
✔ groupOfOrder prefers the OPEN group over retained SHIPPED/DISSOLVED history (0.342792ms)
✔ parcelOrderNumber is the canonical LC-<32 uppercase hex> order number and matches the open-group parser (0.307417ms)
✔ parcel refresh generation: bumped by every successful poll, whatever the cursor (0.111791ms)
✔ parcel refresh generation: an in_parcel_group refusal bumps it, other refusals do not (0.124167ms)
✔ exactly the five W3-07B resources route (0.543833ms)
✔ dissolve carries exactly ?expected_version=N (N >= 1) (0.105583ms)
✔ readMergeSuggestions 401 immediately purges parent scope and refuses late sibling 200 (17.695125ms)
✔ readMergeSuggestions 403 immediately purges parent scope and refuses late sibling 200 (4.028958ms)
✔ readMergeSuggestions 404 immediately purges parent scope and refuses late sibling 200 (3.884166ms)
✔ readOpenParcelGroups 401 immediately purges parent scope and refuses late sibling 200 (3.6245ms)
✔ readOpenParcelGroups 403 immediately purges parent scope and refuses late sibling 200 (3.1655ms)
✔ readOpenParcelGroups 404 immediately purges parent scope and refuses late sibling 200 (5.000667ms)
✔ readMergeSuggestions 503 preserves parent and local retry recovers actual DTOs (5.681125ms)
✔ readOpenParcelGroups 503 preserves parent and local retry recovers actual DTOs (4.679917ms)
✔ captured parent groups callback refuses hidden scope (2.153416ms)
ℹ tests 30
ℹ suites 0
ℹ pass 30
ℹ fail 0
ℹ cancelled 0
ℹ skipped 0
ℹ todo 0
ℹ duration_ms 382.493625
✔ exactly the nine W6-01B resources are admitted, each only under its own method (4.810083ms)
✔ the customer list is claimed only when a tag filter is present (customers-request.ts stays the owner otherwise) (0.358958ms)
✔ near misses are refused (no generic proxying) (0.258666ms)
✔ reads: no body, no key, no transfer-encoding; tag-list takes no query at all (18.215833ms)
✔ customer-list query: closed keys, tag must be a canonical uuid, list bounds identical to customers-request (0.637667ms)
✔ note-list query: only limit and after, with the customers-list bounds (0.147125ms)
✔ writes: exactly one well-formed Idempotency-Key; the two DELETEs carry no body but still need the key (1.228916ms)
✔ validTagName mirrors Go (NFC first, 1..20, trimmed, no control/Cf) (0.568375ms)
✔ validNoteBody mirrors Go (1..1000, not blank, only \n \r \t controls) (0.222291ms)
✔ tag-create body: closed keys, valid name and one of the eight colors (0.204666ms)
✔ tag-patch body: at least one of name/color, nothing else (0.469625ms)
✔ owner-tags body: tag_ids (<=100 canonical uuids) + 64-hex revision, exact keys (0.962333ms)
✔ note bodies: create {body}; patch {body, version>=1}; deletes and reads carry no body at all (0.348416ms)
✔ parseTagCatalog decodes {items: TagRecord[]} with the store-catalogue bounds (0.824291ms)
✔ parseTagSet / parseDeletedTag / parseDeletedNote decode the frozen write receipts (0.231708ms)
✔ parseNoteRecord / parseNotePage decode notes with the Go note rules (2.987458ms)
✔ customer-tags copy: three locales, identical key sets, the integrator's ruled note-privacy text verbatim (0.309166ms)
✔ components wire the ruled copy and the tag/note controls the specs click (1.227083ms)
✔ tag read names must already be trimmed NFC and Unicode code-point bounded (0.1365ms)
✔ session change before network sends nothing (2.465125ms)
✔ session changes after network or during body parse drop the response (25.506333ms)
✔ transient session digest failure is settled only before dispatch (1.705ms)
✔ lost response followed by a changed session is UNKNOWN after dispatch (1.552833ms)
✔ lost response does not auto-retry; explicit replay keeps method/key/payload/scope (33.414625ms)
✔ 5xx or malformed success is uncertain, coded refusal is settled (49.485958ms)
✔ passive tag/detail refresh preserves an unsaved new-note draft (19.881834ms)
✔ passive refresh updates visible notes but preserves edit draft and original CAS version (2.450458ms)
✔ explicit refresh signal clears old edit draft while passive array changes do not (1.805958ms)
✔ an unauthorized note read clears private note bodies and the draft (2.900292ms)
✔ a transient note read failure keeps the notes already shown (20.303209ms)
✔ an unauthorized note read signals the global logout once; a transient failure does not (9.137209ms)
✔ non-privacy writer: own notes keep Edit and Delete on a fresh mount, others' notes do not (2.747708ms)
✔ notes forbidden/not_found signals scope loss exactly once per mount, never on transient failure (121.520167ms)
✔ bad path/store/method/query/header is refused without authority or backend calls (12.693666ms)
✔ the actual proxy admits a tagged customer list with scoped search/cursor and rejects malformed tag authority (4.360292ms)
✔ signed-out/cross-store/Origin-CSRF denials short circuit before body or forwarding (1.613833ms)
✔ closed bodies and DELETE payloads cannot reach Go (2.946125ms)
✔ all write methods preserve exact key/body/store and private success status (4.75975ms)
✔ note pagination preserved and hostile backend errors/bodies sanitized (14.21375ms)
✔ a catalogue forbidden or not_found asks the parent to re-run its guarded reads, with no logout (180.091333ms)
✔ transient catalogue failures stay local; unauthorized logs out but is not a scope loss (69.160917ms)
✔ after a tag write the manager stays mounted: the catalogue refreshes in place, never reloads (16.979875ms)
✔ a manager-reported scope loss reloads the customer list and catalogue guarded reads (11.156209ms)
✔ CustomerDetail forwards a scope-lost signal to the guarded read once per page (18.854208ms)
✔ badges are escaped server tag facts with human-readable names (3.062667ms)
✔ actual customer notes render privacy notice, safe content, author fallback and read-only permissions (16.832084ms)
✔ unknown permissions and erased customer never offer note mutations (0.953959ms)
✔ write-only notes permit add but not edit/delete of notes the server does not mark own; privacy permission permits both (1.295459ms)
✔ manager trigger and all three localized buyer-export notices render through actual components (1.839958ms)
✔ UNKNOWN survives settled unauthorized retry until trusted success; fresh run ignored (29.773167ms)
✔ UNKNOWN survives settled forbidden retry until trusted success; fresh run ignored (6.402ms)
✔ UNKNOWN survives settled version_changed retry until trusted success; fresh run ignored (0.509042ms)
✔ first-attempt preflight refusal is settled and permits a fresh action (0.410459ms)
✔ UNKNOWN and in-flight retries prevent duplicate dispatch; unmount discards stale outcome (0.413958ms)
✔ an unauthorized write signals the global logout; forbidden does not (0.664125ms)
✔ UNKNOWN command survives unmount/remount: still locked, same-key retry, cleared by trusted success (0.346ms)
✔ a command unmounted while in flight is treated as UNKNOWN on remount (0.319208ms)
✔ a session boundary change drops the remembered UNKNOWN command (0.265917ms)
✔ a guarded read that ends signed-out signals the global logout once (2.336416ms)
✔ forbidden/unavailable failures and a successful read signal no logout (5.972041ms)
✔ refresh ending signed-out clears the view, blocks and signals the global logout once (5.09425ms)
✔ refresh ending forbidden or not-found clears the data without a logout (7.510375ms)
✔ a transient refresh failure keeps the ready view and signals nothing (6.66175ms)
✔ exactly the eight report GETs are admitted; every other method or path is refused (2.613333ms)
✔ report reads: query required, no body, no key, no transfer-encoding (44.755375ms)
✔ from/to: exactly once each, calendar-valid days, 0..91 apart (0.848ms)
✔ session_id: only on the funnel (json and csv), a canonical uuid, once (1.18925ms)
✔ parseProductReport: echoed range/zone, <=1000 rows sorted by net desc, net = captured - refunded (9.684875ms)
✔ parseChannelReport: closed vocabulary order, money per environment strictly ascending, I05 inside every bucket (1.680334ms)
✔ parseFunnelReport: nested counts, session echo, ordered_without_link bound (2.117083ms)
✔ parseManualReport: nullable principal/session ids, bucketed money like channels (1.204833ms)
✔ reports copy: three locales, identical key sets, the integrator's ruled money annotation verbatim (0.800916ms)
✔ Reports.tsx: four tabs, CSV per tab, ruled annotation, CSS/SVG charts only (no new dependencies) (1.682958ms)
✔ report CSV closed headers use actual Go slug, echoed dates and private no-store (0.33225ms)
✔ report response projection rejects unknown keys, mismatched range and non-private responses (4.150916ms)
✔ manual buckets follow Go's uncapped row count rather than a made-up 500-row limit (2.331792ms)
✔ display sorts only inside currency/environment groups, never sums money or mutates server rows (10.961459ms)
✔ page report query accepts exactly the four report names and defaults to products (0.0845ms)
✔ actual product table renders offline separately, both modes, no UUID copy and sortable headers (18.237083ms)
✔ actual channel chart exposes exact numbers and both money modes using SVG (0.801ms)
✔ actual funnel has four stages, nested widths and truthful zero-denominator text (1.084375ms)
✔ manual table resolves authorized labels, has honest fallback, and never presents UUIDs (6.787333ms)
✔ all report views render localized empty states (0.539084ms)
✔ actual BFF refuses malformed query, unknown store/session, disabled auth and missing CSV fences before Go (79.294375ms)
✔ actual BFF closed JSON projection and CSV scope/query preserve trusted token; no forwarded client authority (19.944083ms)
✔ actual BFF permission and malformed CSV response fences do not masquerade as a download (11.78625ms)
✔ audited browser GET accepts same-origin Fetch Metadata plus CSRF, never cross-site or forwarded Host (22.005709ms)
✔ actual CSV client preflight sends nothing after session change, and a lost audit response is uncertain with no retry (9.964209ms)
✔ actual CSV client refuses stale-session bytes and downloads only a closed private response (8.821334ms)
✔ report leaf gives the actual trusted fetch 65 seconds, rejects redirects and forwards only server bearer (6.584709ms)
✔ incoming request cancellation aborts the real report fetch once, returns safe unavailable and never retries (3.259625ms)
✔ CSV final synchronous fence conceals bytes when cancellation, hide or cookie rotation happens inside final await (17.56125ms)
✔ CSV end-to-end deadline covers store lookup and report budget; aborted preflight sends no audited request (8.823584ms)
✔ an uncertain export stays locked for its scope after another scope's export (5.222666ms)
✔ an uncertain export scope persists per store in tab storage and re-locks a fresh render (40.003833ms)
✔ unavailable tab storage fails closed to the in-memory lock without throwing (3.713291ms)
✔ export lock is stored before dispatch; refused/delivered outcomes release it, uncertain and cut-short keep it (41.949083ms)
✔ releasing one scope keeps the other uncertain scopes of the store (6.445917ms)
✔ export is refused and nothing is dispatched when the lock cannot be saved (denied, full or no storage) (10.221916ms)
✔ copy for an unsaved export lock exists in every locale (0.212ms)
✔ product sort query parses strictly and defaults to net_minor descending (0.353125ms)
✔ legacy-store permission probe: forbidden/not-found/signed-out fail the read closed, transient falls back (14.00775ms)
✔ channel and funnel data retain their applied dates while draft dates wait for Show (94.279208ms)
✔ an uncertain export lock is bound to the session boundary, so a different user does not inherit it (20.516709ms)
✔ Finance landing links to reports under the same canSeeReports rule (10.891166ms)
✔ selected tag survives searches and cursor pagination while an empty filter is omitted (27.374ms)
✔ customer list dispatch preserves legacy requests and sends every tag query to the closed W6 authority (348.707875ms)
✔ customers reports link is hidden only when permissions are present and lack orders:read (0.146875ms)
✔ reports are a finance subpage and preserve the existing single finance navigation entry (0.122791ms)
✔ an authoritative erased customer immediately unmounts the cached private tags/notes subtree (23.499333ms)
✔ the actual customer row shows manual tags and imported status without changing consent (4.898125ms)
✔ P1 actual tag DELETE accepts an empty Next-style stream without JSON MIME (420.472125ms)
✔ P1 actual note DELETE accepts an empty Next-style stream without JSON MIME (1.126042ms)
✔ P1 body-carrying tag writes still require JSON MIME through the real BFF (0.278875ms)
✔ P2 customer bare/encoded tag keys are invalid422 through the actual leaf before any backend (2.837292ms)
✔ P2 report products real session/CSRF response is private and Vary Cookie (1.274167ms)
✔ P2 report products.csv real session/CSRF response is private and Vary Cookie (0.551959ms)
✔ P2 report malformed query and wrong CSRF are rejected by actual helpers before upstream (0.260291ms)
ℹ tests 118
ℹ suites 0
ℹ pass 118
ℹ fail 0
ℹ cancelled 0
ℹ skipped 0
ℹ todo 0
ℹ duration_ms 1117.513667
✔ real coded errors retain baseline classification and normalize import leaf cache to private,no-store (37.457584ms)
✔ preflight missing CSRF is definite and sends nothing; actual route CSRF and session refusals stay definite (4.829083ms)
✔ actual route uses real cookies/store membership and method/error envelopes, no helper substitutions (4.02025ms)
✔ actual client/route preserves original Blob bytes, trusted transport and privacy projection on200/409 (5.780083ms)
✔ success or stale preview must remain private; malformed/unknown/mismatched coded errors are uncertain after commit (3.422542ms)
✔ lost/unreadable/session-changed dispatched commit remains UNKNOWN; no automatic retry (1.525791ms)
✔ actual failed-only result route strips IDs and real final session/cancel fence exposes no download (1.66425ms)
✔ actual route refuses unknown resource/query and duplicate session cookies before any upstream call (0.350833ms)
✔ actual route incoming cancellation aborts one dispatched transport and preserves client UNKNOWN (1.039542ms)
✔ real coded error cache may not be public, and closed payload may not acquire data-bearing fields (1.7735ms)
✔ copy still exposes specific merchant field reasons across three locales (3.615417ms)
✔ all real local and upstream import refusals including HEAD/unsupported are exact private,no-store (0.669917ms)
✔ fresh mismatched receipt stays UNKNOWN, exact manual replay mismatch becomes terminal without a third send (1.299125ms)
✔ terminal is impossible for malformed replay receipts or matching replayed counts (1.049208ms)
✔ Big5 bytes pass unchanged to upstream and real422 import envelope surfaces encoding_not_utf8 (0.714375ms)
✔ oversize file uses the actual header guard and specific size guidance in all locales without dispatch (6.82925ms)
✔ commit uses the original requested mapping, including an empty optional field, not resolved preview metadata (2.850916ms)
✔ an UNKNOWN commit remains locked through a later forbidden retry and only explicit same-file success unlocks (13.6255ms)
✔ leaving during a dispatched commit drops its payload and keeps an unconfirmed boolean without replay (2.587709ms)
✔ a definite first preflight refusal clears pending before sign-out and does not invent an unconfirmed import (6.915208ms)
✔ a replayed mismatched receipt ends UNKNOWN without offering another retry or unlocking historical orders (11.069875ms)
✔ real cookie and CSRF helpers generate and validate the actual host-cookie pair (1.247917ms)
✔ exact route rejects methods/keys/body/query/scope before any upstream request using real localError (2.662ms)
✔ missing/duplicate session cookies reject and real clearAuthCookies expires session and CSRF (0.393125ms)
✔ actual authenticatedStores denies a store absent from the server projection (0.568708ms)
✔ private success routes server cookie token and exact canonical after, never caller bearer/cookie to Go (1.6735ms)
✔ actual safeError/localError preserve coded status with no-store and redact upstream diagnostics (0.955667ms)
✔ actual readBody and strict projection refuse MIME/oversize/extra private fields/city; network loss stays private (1.384667ms)
✔ actual client issues GET50/after through real route/private successful projection (6.602458ms)
✔ actual helper-issued browser fence rejects changed parent before dispatch (0.726917ms)
✔ private success from real route is discarded when the browser session changes during upstream read (1.292708ms)
✔ real localError no-store 401/403/404/503 preserves correct read category with no retry (3.410333ms)
✔ malformed sensitive backend projection becomes real unavailable, never a fake BFF success (0.711166ms)
✔ strict archive rows decode external order text, safe minor units and public keys (11.046833ms)
✔ PII-shaped city and extra sensitive fields never pass the safe projection (0.932125ms)
✔ all canonical Go cities pass; malformed types/bounds/order/time/money/cursor fail (1.318917ms)
✔ read grammar is exact limit/after, not the stale brief's cursor name (14.222333ms)
✔ three locales retain truthful history-not-revenue basis and copy parity (0.397667ms)
✔ SSR renders actual safe rows, shared money/time, total count and read-only three-locale basis (21.470125ms)
✔ SSR distinguishes empty archive, 403, session loss and unavailable without stale rows/count (2.925833ms)
✔ actual pagination callbacks use opaque trail; double click cannot skip; refresh/scope reset page1 (1.184833ms)
✔ the static import subpage wins over customer detail and leaves the single customers nav intact (3.296042ms)
✔ the actual list offers import only to privacy holders and carries the current authorized store (118.203542ms)
✔ the actual detail mounts archive only for an active imported customer and passes its fenced identity (18.244959ms)
✔ MIUI-READY-VISIBLE-STORE actual signed helper waits on the visible selector and retains cookie/wizard assertions (125.792917ms)
✔ MIUI-READY-DENIED read-only staff reaches the real shell refusal instead of waiting for a private wizard (8.373958ms)
✔ failure verdicts precede successful rows, by source row number, without mutating the input (1.914542ms)
✔ the failure download contains only failed row metadata, with no source cell or success identifier (0.68575ms)
✔ reads quoted/BOM header only, without decoding malformed bytes from data rows (1.944625ms)
✔ guess only unique metadata aliases with explicit unmapped values (0.212625ms)
✔ shared dynamic leaf admits only exact import methods/actions and bounded mapping/count (32.111875ms)
✔ failed CSV emits only row/outcome/code, refusing any unexpected identifier or raw cell (0.206417ms)
✔ raw-byte cap does not decode/rebuild uploads and cancels oversized chunks (5.661166ms)
✔ backend privacy projection strips all source IDs on successful and failed rows (0.864625ms)
✔ closed preview parser refuses data-bearing rows, unknown keys and inconsistent counts (0.232542ms)
✔ order preview counts units while first CSV record numbers can exceed rows_total (0.071417ms)
✔ commit receipt has exactly five keys and no extra customer cells (0.086875ms)
ℹ tests 57
ℹ suites 0
ℹ pass 57
ℹ fail 0
ℹ cancelled 0
ℹ skipped 0
ℹ todo 0
ℹ duration_ms 551.993541
✔ parseShard: i/N, empty means unsharded, anything malformed throws (0.720042ms)
✔ assignShards: deterministic, every key owned once, near-balanced (LPT bound) (0.90525ms)
✔ planClick: for every N the shards partition the whole universe (every registry route x variant, storefront walk, journey) (1.562084ms)
✔ planClick at N=10 keeps every shard within ~1.3x of the mean planned cost (0.176542ms)
✔ aggregate click: honest shards pass for several N (2.706541ms)
✔ aggregate click: a missing shard, a dropped page row, a lost journey, a failing row, a stale known defect and a missing platform marker are each a failure (3.161792ms)
✔ aggregate click: a route added to the registry after the shards ran cannot pass (the registry is re-read) (0.369208ms)
✔ aggregate visual: honest shards pass; a missing shard, a missing shot, a blocking verdict and a registry route outside the universe each fail (4.613625ms)
ℹ tests 8
ℹ suites 0
ℹ pass 8
ℹ fail 0
ℹ cancelled 0
ℹ skipped 0
ℹ todo 0
ℹ duration_ms 84.699
ci-plan: 10 job(s); click-sweep x10 (aggregate)
  --browser-click-sweep@1/10  -> artifact gate-browser-click-sweep_1_10
  --browser-click-sweep@2/10  -> artifact gate-browser-click-sweep_2_10
  --browser-click-sweep@3/10  -> artifact gate-browser-click-sweep_3_10
  --browser-click-sweep@4/10  -> artifact gate-browser-click-sweep_4_10
  --browser-click-sweep@5/10  -> artifact gate-browser-click-sweep_5_10
  --browser-click-sweep@6/10  -> artifact gate-browser-click-sweep_6_10
  --browser-click-sweep@7/10  -> artifact gate-browser-click-sweep_7_10
  --browser-click-sweep@8/10  -> artifact gate-browser-click-sweep_8_10
  --browser-click-sweep@9/10  -> artifact gate-browser-click-sweep_9_10
  --browser-click-sweep@10/10  -> artifact gate-browser-click-sweep_10_10
✔ the full sweep and the full visual lint fan out into every shard and ask for the aggregate (0.863ms)
✔ foundation-shards = the unit shard + every plan group; the serial `foundation` mode is untouched (0.568708ms)
✔ an explicit shard re-run (or a partial list) never claims the whole-run aggregate (0.084667ms)
✔ duplicates collapse, artifact names are safe and unique, bad input is refused (0.320333ms)
✔ main writes matrix / sweep_n / visual_n to GITHUB_OUTPUT (1.015834ms)
✔ backend-only paths run foundation-shards only (1.116708ms)
✔ node tests of deploy scripts and of the CI planner are backend-only (they cannot change a browser) (0.603375ms)
✔ a UI path adds the whole browser set, including click-sweep and visual-lint (1.939042ms)
✔ docs-only and output-only diffs keep the single required check (foundation-shards) (0.246125ms)
✔ tests/foundation/browser_* is a browser path, other tests/foundation files are not (0.27975ms)
✔ deploy flag: deploy/ and scripts/deploy* only (0.8745ms)
✔ the browser set is release-gate's browser-mode universe minus the documented exclusions (13.673625ms)
✔ parser: only compiled, correctly-shaped Test functions of untagged _test.go files (1.362208ms)
✔ the real plan: every top-level test of tests/foundation runs in exactly one group (602.918375ms)
✔ a new test (in no list) still runs, exactly once, in the catch-all group; the same name with no catch-all is red (900.687375ms)
✔ a test listed in two groups is red; drift beyond the limit is red (948.916ms)
✔ regexes: anchored explicit lists; the catch-all skips exactly everyone else's tests (0.663667ms)
✔ pack: deterministic, balanced to within the longest test, every name once (6.087083ms)
✔ parseDurations: top-level lines only (0.177041ms)
ℹ tests 19
ℹ suites 0
ℹ pass 19
ℹ fail 0
ℹ cancelled 0
ℹ skipped 0
ℹ todo 0
ℹ duration_ms 2525.647125
✔ PR18 real BFF preserves invalid_ref and cursor errors without upstream retry (18.211292ms)
✔ PR18 valid A2 Unicode/escaped pages exceed 1 MiB but A8 cap stays unchanged (125.764417ms)
✔ K3 comment-only no_source cannot widen the existing inbox error seam (5.054167ms)
✔ LC-U2a real BFF seam A2-A5 exact grammar, privacy, denial and no diagnostic reflection (4.780792ms)
✔ A8/A9/A13 and published templates: exact reads forward once with no-store (2.286875ms)
✔ real streamed POST bodies: A10-A14 exact keys reach upstream (5.171958ms)
✔ query, read headers, methods and body allowlists refuse before upstream (4.378959ms)
✔ session, CSRF and store authority precede content forwarding (0.978708ms)
✔ A12 fixed codes preserved; arbitrary upstream diagnostics stripped (5.067292ms)
✔ client preserves codes and receipt; changed/aborted session cannot publish private response (6.545958ms)
✔ A9 admits a full page of valid Unicode replies while bounding private response bytes (4.86975ms)
✔ non-JSON upstream 401 still expires both authentication cookies without diagnostic leakage (0.733375ms)
✔ real M7 response keeps no-referrer after matching Next production header rules (12.571708ms)
✔ three unit languages cover identical fixed labels and delivery states (0.736208ms)
✔ hiding aborts requests and rejects late responses, even after reveal (0.85275ms)
✔ switching selection invalidates both reads and write completions (0.090958ms)
✔ owner and explicit inbox permissions only; viewer fails closed (0.05925ms)
✔ Messenger counts Unicode codepoints; Instagram counts NFC UTF8 bytes (1.283833ms)
✔ uncertain transport retries retain the exact submission; definitive conflicts retire it (0.45925ms)
✔ privacy calibration cannot activate with production origin or ordinary caller env (0.142834ms)
✔ late focus/pageshow while native document remains hidden cannot reveal requests (0.098333ms)
✔ terminal navigation revocation cannot be undone by focus or refresh until a new page fence (0.063084ms)
✔ a ticket from another store/page fence is never accepted (0.042292ms)
✔ focus while already visible preserves the active epoch and the uncertain reply receipt (0.081167ms)
ℹ tests 24
ℹ suites 0
ℹ pass 24
ℹ fail 0
ℹ cancelled 0
ℹ skipped 0
ℹ todo 0
ℹ duration_ms 311.43075
✔ installed APIRequestContext cookie rules exclude Secure cookie from HTTP127 but retain HTTPS/localhost (0.459792ms)
✔ actual INU02 cross uses browser auth and retains exact 404/DM absence (22.929625ms)
✔ actual INU02 cross still rejects wrong authority 401 (4.6945ms)
✔ actual INU02 cross still rejects wrong authority 200 (1.777584ms)
✔ actual INU02 cross still rejects DM in denied response (1.671583ms)
✔ actual INU02 denied uses browser auth and retains exact 403/DM absence (1.493792ms)
✔ actual INU02 denied still rejects wrong authority 401 (1.5415ms)
✔ actual INU02 denied still rejects wrong authority 200 (1.080083ms)
✔ actual INU02 denied still rejects DM in denied response (1.407833ms)
✔ actual login settles /en and fixture store (real switch, scoped=false) (43.359666ms)
✔ actual login settles /en and fixture store (real switch, scoped=true) (14.32725ms)
✔ actual login settles /en/inventory and fixture store (real switch, scoped=false) (22.597917ms)
✔ actual login settles /en/inventory and fixture store (real switch, scoped=true) (5.4075ms)
✔ actual login settles /en/messages and fixture store (real switch, scoped=false) (12.32825ms)
✔ actual login settles /en/messages and fixture store (real switch, scoped=true) (16.290875ms)
✔ actual login settles /en and fixture store (already selected, scoped=false) (3.950209ms)
✔ actual login settles /en and fixture store (already selected, scoped=true) (6.45025ms)
✔ actual login settles /en/inventory and fixture store (already selected, scoped=false) (5.02925ms)
✔ actual login settles /en/inventory and fixture store (already selected, scoped=true) (17.739958ms)
✔ actual login settles /en/messages and fixture store (already selected, scoped=false) (3.627708ms)
✔ actual login settles /en/messages and fixture store (already selected, scoped=true) (3.293833ms)
✔ bundle fixture uses real claim commands and mounts existing M6/M7 without issuing early (15.50525ms)
✔ sensitive bundle scenario clicks native clipboard with trace/video disabled and no token body reads (1.04225ms)
✔ persisted link and token-free command receipt are compared without disclosing credentials (0.433916ms)
✔ actual clipboard evaluator exports only safe summary and detects malformed or retained synthetic credentials (388.976042ms)
✔ claim-window fixture isolates recovery after the current migration permits multiple OPEN windows (1.902791ms)
✔ ordinary Playwright diagnostics still capture failed-page ARIA when private guard is absent (4.871125ms)
✔ sensitive worker lifecycle prevents actual installed snapshot capture without masking the failure (98.468833ms)
✔ worker restores prior environment even when use rejects (absent) (12.354ms)
✔ worker restores prior environment even when use rejects (empty) (4.295167ms)
✔ worker restores prior environment even when use rejects (existing-policy) (7.952333ms)
✔ fixture is worker-auto and module collection does not suppress ordinary diagnostics (62.940292ms)
✔ ordinary matcher ARIA context bypasses fallback flag and remains in actual installed diagnostics (6.127125ms)
✔ private test teardown removes only matcher page context while preserving failure (failed status) (15.884166ms)
✔ private test teardown removes only matcher page context while preserving failure (rejected use) (2.742375ms)
✔ matcher guard is test-auto without replacing the installed artifact auto fixture (41.993666ms)
✔ real Playwright --list collects each original INU case and isolated INU09 exactly once (1211.651583ms)
✔ A real Inbox selection admits Go A9 attachments null without losing thread (86.494584ms)
✔ A real Inbox selection admits Go A9 attachments empty array without losing thread (9.5835ms)
✔ A malformed non-array A9 attachments is refused without painting DM or crashing selected entry (3.028167ms)
✔ C A8 HTTP200 empty list is ordinary data with no alert, selection or focus request storm (0.90225ms)
✔ C A8 list404 is scoped inbox unavailable in en, never an empty list or conversation denial (6.063459ms)
✔ C A8 list404 is scoped inbox unavailable in zh-TW, never an empty list or conversation denial (1.998541ms)
✔ C A8 list404 is scoped inbox unavailable in zh-CN, never an empty list or conversation denial (2.7785ms)
✔ C click-sweep Go harness mounts existing Inbox/templates services (STRUCTURE_ONLY, Go NOT_RUN) (0.403834ms)
✔ C click-sweep includes actual-router owner200 empty inbox assertion (STRUCTURE_ONLY, Go NOT_RUN) (0.239459ms)
✔ inbox evidence is covered by the CI upload root (4.806084ms)
✔ failed Playwright closes its log and emits sanitized diagnostics before Fatalf (0.131083ms)
✔ failure diagnostics match INU cases/counts without admitting private text (0.663ms)
✔ INU04 delayed handler 1 signals completion when fulfillment rejects (17.374958ms)
✔ INU04 delayed handler 2 signals completion when fulfillment rejects (1.477666ms)
✔ recoveryDone waits for actual held M7 completion in zh-TW (50.084208ms)
✔ recoveryDone waits for actual held M7 completion in zh-CN (7.925791ms)
✔ recoveryDone waits for actual held M7 completion in en (4.067541ms)
✔ review2 P1 bundle-only row opens real A13 and issues existing M7 claim link to clipboard (76.825ms)
✔ review2 P1 clipboard denial recopy reuses cached issued URL without another M7 POST (9.086334ms)
✔ review2 P1 lost M7 ACK retries exact receipt and null replay token never mints a fresh key (21.995458ms)
✔ review2 P1 missing CSRF before cached recopy cannot copy or issue again (4.844208ms)
✔ review2 P1 missing CSRF before uncertain retry rejects preserved receipt dispatch (24.360417ms)
✔ review2 P1 late issued-link completion after hide cannot write clipboard (8.918125ms)
✔ review2 P1 late issued-link completion after selection cannot write clipboard (7.742667ms)
✔ review2 P1 late issued-link completion after unmount cannot write clipboard (7.435667ms)
✔ review2 P1 late issued-link completion after logout cannot write clipboard (9.91675ms)
✔ review2 P1 claim-link issuance denied without both live read/manage (inbox:read,live:read) (2.597375ms)
✔ review2 P1 claim-link issuance denied without both live read/manage (inbox:read,live:manage) (4.514375ms)
✔ review2 P1 missing authoritative recovery identity never guesses generation {"missingSession":true} (4.0885ms)
✔ review2 P1 missing authoritative recovery identity never guesses generation {"noBundle":true} (9.421292ms)
✔ review2 P2 exactly one matching binding uses named DM hard gate ok (7.180625ms)
✔ review2 P2 exactly one matching binding uses named DM hard gate review_required (4.151667ms)
✔ review2 P2 exactly one matching binding uses named DM hard gate missing_permission (3.174708ms)
✔ review2 P2 multiple same-provider bindings advisory only (dm_session:ok,dm_session:missing_permission) (3.692167ms)
✔ review2 P2 multiple same-provider bindings advisory only (dm_session:missing_permission,dm_session:reauth_required) (3.050333ms)
✔ review2 P2 multiple same-provider bindings advisory only (dm_session:ok,read_comment:missing_permission) (2.6235ms)
✔ review2 P2 multiple same-provider bindings advisory only (dm_session:review_required,dm_session:ok) (3.34325ms)
✔ review2 P2 actual scoped A12 409 capability refusal remains visible after advisory submit (7.468958ms)
✔ review2 P2 missing health and single binding without named DM remain disabled (1.446541ms)
✔ review2 P2 expired cached issued link cannot be recopied or silently reissued (4.001334ms)
✔ P1-1 actual visible focus preserves pending ticket, selection, revision and real retry receipt (13.345625ms)
✔ P1-1 actual unchanged-session pageshow checks without clearing; changed-session focus expires (2.238041ms)
✔ P1-1 actual hide/reveal clears and requests fresh revision, never accepts obsolete completion (0.35175ms)
✔ P1-1 changed-session visible focus expires even with a pending request (0.190167ms)
✔ P1-2 actual A9 refresh 404 removes rendered DM and unsent draft (24.279375ms)
✔ P1-2 actual send-finally A9 404 removes DM, draft and uncertain immutable receipt (7.569ms)
✔ actual uncertain send still retains exact receipt when A9 authority remains (0ms post-send A9) (5.677292ms)
✔ actual uncertain send still retains exact receipt when A9 authority remains (50ms post-send A9) (110.809875ms)
✔ actual A9 stale held completion cannot paint after component cleanup (1.1285ms)
✔ P2 actual A14 404 clears buyer facts and customer draft (explicit future-version MOCK) (1.244458ms)
✔ safe authority errors remain the actual InboxError transport class (0.054084ms)
✔ actual current A13 without version keeps A14 disabled; future MOCK grants no backend claim (1.681125ms)
✔ P1-2 actual A11 takeover write 404 clears private state despite failing follow-up A9 (4.2605ms)
✔ P1-2 actual A12 send write 404 clears private state despite failing follow-up A9 (1.620167ms)
✔ A13 server orders omission remains distinct from authorized omitted data (0.573792ms)
✔ A13 server orders omission remains distinct from authorized empty data (0.362875ms)
✔ A13 server orders omission remains distinct from authorized populated data (0.469875ms)
✔ PR18 host digest hardening sync-throw (215.103833ms)
✔ PR18 host digest hardening never-settles (1412.69375ms)
✔ actual shell-store-selector captures selection before synchronous privacy teardown (allowed=true) (33.672292ms)
✔ actual shell-store-selector captures selection before synchronous privacy teardown (allowed=false) (6.974083ms)
✔ actual locale-switch captures selection before synchronous privacy teardown (allowed=true) (8.969292ms)
✔ actual locale-switch captures selection before synchronous privacy teardown (allowed=false) (10.211541ms)
✔ persisted A9 UNKNOWN after page entry warns and blocks the real composer in en (29.227792ms)
✔ persisted A9 UNKNOWN after page entry warns and blocks the real composer in zh-TW (1.851334ms)
✔ persisted A9 UNKNOWN after page entry warns and blocks the real composer in zh-CN (1.600667ms)
✔ A12 queued ACK followed by final A9 UNKNOWN overrides the local queued notice and blocks another send (2.361458ms)
✔ a captured previously enabled composer cannot bypass final UNKNOWN learned by Refresh (4.5145ms)
✔ a later A9 page omitting the known UNKNOWN is not delivery reconciliation (5.140709ms)
✔ persisted queued is not mislabeled UNKNOWN and retains ordinary composer eligibility (3.97425ms)
✔ persisted sent is not mislabeled UNKNOWN and retains ordinary composer eligibility (2.972333ms)
✔ persisted failed is not mislabeled UNKNOWN and retains ordinary composer eligibility (0.70325ms)
✔ persisted blocked is not mislabeled UNKNOWN and retains ordinary composer eligibility (1.497041ms)
✔ fresh mount refuses when an old UNKNOWN is beyond 51 newer messages (fact=true) (2.264292ms)
✔ fresh mount refuses when an old UNKNOWN is beyond 51 newer messages (fact=null) (3.12725ms)
✔ fresh mount refuses when an old UNKNOWN is beyond 51 newer messages (fact=undefined) (1.998833ms)
✔ fresh mount refuses when an old UNKNOWN is beyond 51 newer messages (fact=false) (4.469917ms)
✔ a refreshed unknown authority replaces old clear authority even for a captured composer (11.330834ms)
✔ window strict eligibility with 300001ms before hard 24h deadline (13.689542ms)
✔ window strict eligibility with 300000ms before hard 24h deadline (1.426166ms)
✔ window strict eligibility with 60000ms before hard 24h deadline (1.082792ms)
✔ window strict eligibility with 0ms before hard 24h deadline (0.935708ms)
✔ window invalid server deadline fails closed without preparing a send (0.964041ms)
✔ window captured enabled form callback cannot POST after crossing safe cutoff (0.928417ms)
✔ window deadline timer closes controls at cutoff and hard end without waiting for 15s poll (0.787ms)
✔ quota recovery gives exact zh-TW comment-quota and DM-window instructions beside copy only (0.361ms)
✔ quota recovery gives exact zh-CN comment-quota and DM-window instructions beside copy only (0.096208ms)
✔ quota recovery gives exact en comment-quota and DM-window instructions beside copy only (0.092042ms)
ℹ tests 125
ℹ suites 0
ℹ pass 125
ℹ fail 0
ℹ cancelled 0
ℹ skipped 0
ℹ todo 0
ℹ duration_ms 2914.64125
