✔ /products/{uuid} redirects permanently to the zh-TW product page (51.817917ms)
✔ non-uuid ids are 404, never redirected (2.702542ms)
✔ AT1: the locale redirect preserves the ad-click query without allowing a redirect target (0.610458ms)
✔ R10: standalone signed signals survive a missing or expired seven-day touch (56.904125ms)
✔ R10: standalone signals reject expiry, bad signature, duplicates and another host (0.229417ms)
✔ AT1 R5: browser identity survives expired touch and rolls for ninety days (0.164416ms)
✔ AT1 R5: missing ad parameters create no cookies; fbclid alone creates no touch (0.179625ms)
✔ AT1 R5: lc_ad alone updates attribution and does not replace fbc (0.144667ms)
✔ AT1: host-only first-party cookies contain no PII and read back exactly (0.269583ms)
✔ AT1: a later valid click replaces the draft but preserves the browser identifier (0.121416ms)
✔ R10: only a different fbclid replaces fbc and its first-seen timestamp (0.202666ms)
✔ AT1: malformed and ambiguous links do not overwrite a valid prior touch (1.059125ms)
✔ AT1: host and key binding reject copied cookies (1.810209ms)
✔ AT1: duplicates and tampering invalidate the entire envelope (0.293042ms)
✔ AT1: exactly seven days is valid, the next millisecond and future clicks are not (0.173ms)
✔ catalog list query limits equal the Go v2 parser (internal/buyerhttp/catalogv2.go) (34.989667ms)
✔ collection list cap equals Go maxCollectionsPerStore (7.48775ms)
✔ design caps equal internal/design/schema.go (nav, sections, pages) (27.034583ms)
✔ CVS buyer-entered store bounds and return path equal Go (internal/checkout/cvs.go, migration 0093) (5.413458ms)
✔ transfer view: closed shape and state rules mirror Go validTransferView (1.271709ms)
✔ proof body and result: five digits, positive minor amount, ISO instant (0.199208ms)
✔ minorFromText: major units with at most two decimals, never a float surprise (0.10125ms)
✔ buyer email mirror: one plain address, 254 characters at most (0.10575ms)
✔ countdown: whole hours and minutes, never negative (0.350833ms)
✔ copy: three locales carry every key and every refusal code (0.195375ms)
✔ options: a home row lists modes only with bank_transfer and then needs its window (0.241458ms)
✔ checkoutInput: a home bank_transfer body, the optional trimmed email, and every refusal before any request (1.004417ms)
✔ order: AWAITING_TRANSFER is a valid commercial state without a hold time (0.482417ms)
✔ BFF: exact transfer routes, keyed proof PUT, strict body, validated answers, no generic proxy (108.646583ms)
✔ BFF: transfer refusal codes pass through as definite 422; checkout accepts bank_transfer and a valid email only (3.760125ms)
✔ D06 order heading follows a settled transfer: never 'waiting for transfer' above a confirmed or expired one (0.089916ms)
✔ uncertain prepare blocks all mutations; changed cookie context resolves journal (31.851292ms)
✔ fully parsed local denial clears only its own pending operation (6.354041ms)
✔ malformed journal, unavailable lock and stale context fail before writes (3.014417ms)
✔ BPT05 exact handoff permits absent body/key, one fetch, no form persistence (44.997083ms)
✔ BPT05 wrong handoff form and ordinary writes fail before any fetch (1.801875ms)
✔ BPT05 unresolved cookie journal blocks handoff; lost response is one fetch without persistence (1.295208ms)
✔ SU02 refresh permits absent body/key, one fetch, no persistence (1.696ms)
✔ SU02 refresh rejects a body, a key or a malformed path before any fetch (0.342542ms)
✔ SU02 cancel permits absent body/key, one fetch, no persistence (1.189333ms)
✔ SU02 cancel rejects a body, a key or a malformed path before any fetch (0.138459ms)
✔ BPT01 exact private path, headers, body and three-locale one-fetch transport (88.631625ms)
✔ BPT02 payment routes reject untrusted path, context, headers, key and body before fetch (7.066708ms)
✔ BPT03 hostile upstream success is sanitized, never returned as payment data (55.031ms)
✔ BPT04 every handoff failure is nonretryable, including pre-route and transport loss (11.976125ms)
✔ SU02 five routes: exact upstream path, method, key, body, one fetch each (14.928583ms)
✔ SU02 refresh and cancel are keyless and pass every CSRF/context denial before fetch (7.81675ms)
✔ SU02 every handoff/refresh/cancel failure is nonretryable and sanitized (8.77175ms)
✔ SU02 hostile Stripe bodies become the sanitized 503; PAYUNi and Stripe bodies stay byte-identical (19.401417ms)
✔ SU02 prepare accepts only the two known method codes (0.521875ms)
✔ disabled and invalid configuration fail closed before private fetch (28.359042ms)
✔ private authority, cookie lifecycle and strict local denial (61.457834ms)
✔ bad host, cookie, query and method never reach private API (1.107375ms)
✔ stalled inbound POST body is canceled at its deadline without a cookie or private call (1.335ms)
✔ R10: Begin forwards independently signed signals; browser attribution and forwarded hosts are not authority (16.219875ms)
✔ CVS BFF: exact routes, keyed open/store, keyless verify, validated answers, no generic proxy (59.549875ms)
✔ CVS BFF: contract refusal codes pass through; pay_at_pickup_limit is a definite (non-retryable) 429 (17.34375ms)
✔ fragment grammar accepts only one canonical token (0.486458ms)
✔ claim projections are closed (0.239958ms)
✔ claim token rides only its header on B1/B2 and is never echoed (41.131583ms)
✔ claim-priced cart edits send only SKU and quantity, keeping server price authority (10.719541ms)
✔ direct-checkout sold-out projection is mandatory, boolean and closed (0.414542ms)
✔ claim redeem shares the purchase lock, guards recovery and never persists the token (2.29ms)
✔ ClaimLink removal projects live-priced survivors on ready and conflict pages (149.392458ms)
✔ ClaimLink revisit checks out applied A while pending B is sold out or unavailable (12.194167ms)
✔ ClaimLink refreshes a nothing result after a second tab applied the claim (5.246041ms)
✔ ClaimLink does not navigate when a buyable claim target is absent or has changed quantity (93.649959ms)
✔ ClaimLink optional prior-order notice tolerates unreadable storage without bypassing recovery (43.569708ms)
✔ CVS01 map form: only the two ECPay e-map actions, exact fields, top-level-safe values (2.206833ms)
✔ CVS02 return path allowlist excludes /claim and anything but the checkout or product page (0.493625ms)
✔ CVS03 selection projection: VERIFIED<=>pickup, REJECTED<=>reject_code, absent keys read as null (2.150958ms)
✔ CVS04 buyer-entered store answer and request body (0.387167ms)
✔ CVS05 store code table (§16.1) keeps leading zeros and per-chain lengths (0.164291ms)
✔ CVS06 recipient mirror: real-name width 4..10 (CJK=2), no digits/symbols/emoji; 09 mobile (2.008375ms)
✔ CVS07 checkout draft: name, phone and mode only; read once; corrupt/foreign shapes are dropped (2.0625ms)
✔ CVS08 return URL: only ?cvs_selection=<uuid> is accepted (0.414666ms)
✔ CVS09 buyer order projection and copy keys: nothing but PICKED_UP says picked up (0.491792ms)
✔ CVS10 error codes: field mapping, definite refusals, official links are https constants (0.642167ms)
✔ CVS11 client transport: verify is the one new keyless POST; the server refusal code rides BuyerClientError.detail (62.716208ms)
✔ every locale x page has a title, an updated line and at least one section (5.145167ms)
✔ locales share the section count and per-section body count of every page (0.352916ms)
✔ final text is only the owner-confirmed company facts (CR 81215167 name + registered address); nothing else is final (0.204166ms)
✔ a legal page is published only when every text on it is final; buyers see no link to an unpublished one (0.541458ms)
✔ data-deletion path is named in the privacy page of every locale (0.085ms)
✔ pendingOwnerText lists exactly the texts that keep a page unpublished and is written for the owner (2.212375ms)
✔ a live (claim-origin) price replaces the catalog price and strikes it through (1.424875ms)
✔ without a live price the catalog price and its compare-at are shown unchanged (0.07825ms)
✔ a live price equal to or above the catalog price is shown as set (strike hidden by the UI guard) (0.055125ms)
✔ a live price strikes the catalog price, never the variant sale price (0.0475ms)
✔ order ref: 12 hex (dashes or spaces, any case) or a full id (18.855667ms)
✔ contact: one email or a phone of 6..20 digits (0.404459ms)
✔ body is exactly {order_ref, contact}; the answer is exactly {order_id} (0.541833ms)
✔ BFF lookup: no cookie needed, fresh token goes upstream, cookie only on 200 and it carries that same token (177.347167ms)
✔ BFF lookup: strict local denial before any private fetch (0.933875ms)
✔ copy: three locales carry every key (0.221375ms)
✔ MS4 srcset descriptors use actual decoded widths and deduplicate small renditions (1.707792ms)
✔ MS1 product rendition allowlist preserves trusted Host and never forwards buyer cookies (45.859958ms)
✔ MS2 invalid, duplicate, extra, encoded widths and non-product variants fail before fetch (3.281375ms)
✔ MS3 old-image fallback is never promoted to immutable; committed variants are cacheable (5.628042ms)
✔ TWD whole amounts show no decimals in every locale and at every magnitude (line, subtotal, total, zero) (23.300375ms)
✔ cents appear only when there are cents, then always as two digits; the minor-unit arithmetic is untouched (0.190625ms)
✔ digits come from the currency: JPY none, USD two when there are cents (2.572708ms)
✔ one formatter: no component, page or lib builds a currency Intl.NumberFormat outside lib/money.ts (13.955708ms)
✔ locale probe bounds a missing destination head with a route/device diagnostic (3.146417ms)
✔ locale probe clears its deadline when the real head promise completes (1.133542ms)
✔ fragment: exactly #o=<order id>&t=<43-char token>; anything else is null (4.3315ms)
✔ body is exactly {order_id, token, proof}; the answer is exactly the order the link named (0.229042ms)
✔ BFF link: no cookie needed, fresh token upstream, cookie only on a 200 naming the same order, link token never echoed (45.352542ms)
✔ BFF link: strict local denial before any private fetch (28.868ms)
✔ copy: three locales, one refusal text, a retry and a lookup path (0.106834ms)
✔ BPU01 fresh payment writes exact metadata before prepare, one bodyless Take, no persistent form (43.23775ms)
✔ BPU01 lost prepare response replays original key/body only on explicit next click (1.183208ms)
✔ BPU01 lost handoff is permanently GET-only, even after a second click (0.782625ms)
✔ BPU01 storage, amount, scope and child/screen fences reject before irreversible writes (0.660667ms)
✔ BPU01 document/child loss after prepare but before Take leaves exact replay marker (0.283667ms)
✔ BPU01 malformed server handoff never submits and Take remains nonretryable (0.655083ms)
✔ BPU01 marker replacement before Take and after Take blocks release/form reuse (1.023458ms)
✔ BPU01 context replacement after prepare and after Take closes destination without form (2.077959ms)
✔ BPU01 synchronous destination refuses invalid locale before opening a window (0.608209ms)
✔ SU03 fresh Stripe pay: marker before prepare, one prepare, one handoff, navigate, URL never stored (4.452834ms)
✔ SU03 marker replay: lost prepare response replays key/body, no uncertain on PENDING view with leftover marker (15.026708ms)
✔ SU03 cross-device Continue needs no marker and never prepares (0.811708ms)
✔ SU03 marker/view matrix: PAYUNi marker on Stripe view and Stripe marker on PAYUNi view send nothing (3.623958ms)
✔ SU03 any other view renders without a POST (0.766833ms)
✔ SU03 CREATING: waits on the schedule without the lock, then hands off once when READY (63.48025ms)
✔ SU03 CREATING budget: 10 reads over 30 s, then the blank child is closed, no POST, no throw (137.34925ms)
✔ SU03 cancel_requested seen on the re-GET aborts before the handoff POST (2.090417ms)
✔ SU03 handoff outcomes: CREATING closes child, CLOSED/UNAVAILABLE/error/malformed reject; one POST each, never retried (15.34025ms)
✔ SU03 Stripe prepare errors, amount/currency mismatch and popup loss stop before any handoff (8.471584ms)
✔ SU03 two clicks make two handoff POSTs only because there were two clicks; sequential, none from reads (0.81575ms)
✔ SU03 navigate: validates again, needs an owned blank child, sets used before replace, no URL in errors (1.908958ms)
✔ SU03 refresh signal: keyless single POST, validated, throttled 1/10 s and 30 per page life, cancel never throttled (12.56625ms)
✔ SU03 signal failures are single-shot and sanitized: HTTP error, malformed body, wrong order (7.741209ms)
✔ private quote/option authority fields are required; only exact MANUAL home can checkout (1.8255ms)
✔ continue shopping advances only ordered version, clears hint, keeps SQL history authoritative (42.634291ms)
✔ lost next-cart response retries identical key/body and preserves a newer cart (1.812ms)
✔ continuation never overwrites an already advanced cart (12.321291ms)
✔ unknown checkout blocks continuation without any business request (0.317625ms)
✔ two queued continuation clicks mutate once; stale order ID cannot clear another order (0.455ms)
✔ CAS conflict resolves only after a newer cart is read (0.780625ms)
✔ locator removal failure retains next-cart journal and recovery survives missing locator (0.514125ms)
✔ order history summary rejects PII/unknown fields and malformed scope IDs (0.0885ms)
✔ native address validation mirrors printable Unicode, limits and phone; journal forbids PII (16.072625ms)
✔ address lost reply replays exact in-memory intent, then confirms current head (2.026875ms)
✔ address reload requires explicit new intent and exact observed CAS; stale head never auto-bumps (1.106667ms)
✔ old address receipt cannot confirm another tab's newer current head (0.187166ms)
✔ a late address CAS winner requires another explicit confirmation, not an automatic version bump (0.34425ms)
✔ checkout lost reply, queued duplicate and current GET reuse one key and one order (0.647375ms)
✔ uncertain checkout retains original journal across later 401/403/404/5xx and malformed success (0.529958ms)
✔ only a fresh definitive denial clears checkout; no order locator is invented (0.136166ms)
✔ locator storage failure after commit retains same key; reload GET failure keeps locator (0.316292ms)
✔ locator persisted but journal removal failed resumes pending receipt, not unrelated pointer (0.315ms)
✔ unavailable storage, invalid locator and late changed context fail closed (0.182375ms)
✔ order locator readback mismatch and no-op journal removal both retain checkout recovery (1.1755ms)
✔ direct claim continuation refuses a newer ordered cart inside the purchase lock (1.756959ms)
✔ direct claim continuation keeps next-cart recovery after a conflicting clear (0.305875ms)
✔ collector projection: admitted for derived connections, absent/null for primary (3.277875ms)
✔ collector rejects identifiers, extra keys and malformed text (0.194791ms)
✔ disclosure renders the contract §5 line with all three slots substituted (0.110458ms)
✔ the disclosure line exists exactly when the hosted view returns a collector (0.088ms)
✔ a shop or collector name with a replacement pattern is shown literally (0.642ms)
✔ OrderPayment renders the disclosure with the view, above every pay button, through the helper only (0.310375ms)
✔ BPT03 exact valid projection and Go nanosecond UTC timestamps (5.233625ms)
✔ BPT03 view rejects private fields, inconsistent state and malformed names (0.518417ms)
✔ BPT03 prepared receipt enforces exact original credit-card amount (2.27275ms)
✔ BPT03 hosted form and replay are exact, bounded and action-allowlisted (0.260958ms)
✔ SU01 Stripe views: fresh, both methods, attempt states, PAYUNi unchanged (0.238125ms)
✔ SU01 Stripe view negatives (0.132333ms)
✔ SU01 prepared amounts follow the corrected per-currency table (0.477375ms)
✔ SU01 Stripe handoff union and every redirect_url negative (0.977208ms)
✔ SU01 payment signal is exactly {order_id, scheduled:boolean} (1.079041ms)
✔ RUI01 refund summary: refunded states, pending money, absent ≡ null (0.898542ms)
✔ RUI01 refund summary negatives (1.143333ms)
✔ BPU03 neutral GET and POST return ignore every callback field and cookie (15.36625ms)
✔ primary origin: exact path/query, same host, and no URL-controlled destination (18.792ms)
✔ GET and HEAD use trusted Host, private bounded uncached resolver and exact 301 (77.55225ms)
✔ no writes redirected; resolution failures fail closed; unknown hosts keep native 404 (0.706458ms)
✔ policy version is the frozen constant, in the customers-core D4 shape (0.422875ms)
✔ route table: exactly the four buyer privacy routes, methods and body kinds (0.390375ms)
✔ body shapes are closed and mirror the frozen Go inputs (no source, no policy_version) (0.089375ms)
✔ GET privacy validator: closed shape, erased owner holds no consent (0.118792ms)
✔ consent result and erasure summary validators (0.216166ms)
✔ buyer export envelope never carries customer_id (0.076875ms)
✔ failure classification: 410 and erased are the erased state (0.049125ms)
✔ copy: every locale has the same keys, the ads box discloses that sent events cannot be recalled (0.84925ms)
✔ selected option photo uses a main display slot without adding a fifth main image (0.800625ms)
✔ use-cover selection and a main-thumbnail selection restore the original main gallery (0.080417ms)
✔ cart thumbnail uses variant then catalog image_id, including when main images are absent (0.087375ms)
✔ migrated four-main/five-detail images stay separate when the option photo changes (0.112209ms)
✔ real cart-detail composition uses server SKU image_id (v2 detail available) (71.532542ms)
✔ real cart-detail composition uses server SKU image_id (v2 detail unavailable) (2.444958ms)
✔ parity: frontend caps equal the Go constants (2.429042ms)
✔ detail parser: 4 main + 20 detail + option-value images are accepted and mapped (7.369958ms)
✔ detail parser: 5 main, 21 detail, bad ids and over-cap option images are refused (6.673542ms)
✔ detail parser: a backend before product-media-v2 (no new keys) still parses with empty defaults (0.169917ms)
✔ v1 catalog row: images are main-only (<= 4) and image_id is a uuid or null (0.244792ms)
✔ PRO-S1 code mirror: any case and spaces normalise; impossible codes never become a request (1.313916ms)
✔ PRO-S2 promotion object: closed keys, kind/value pairing (0.961083ms)
✔ PRO-S3 quote validator: promotion is optional but never malformed; the discount stays the server's own number (1.091416ms)
✔ PRO-S4 journal grammar: a quote write may carry one canonical promo_code, nothing else (2.885833ms)
✔ PRO-S5 copy: three locales cover every refusal code and the same keys (1.061708ms)
✔ PRO-S6 BFF quote route: promo_code relayed untouched when canonical, refused before the private API otherwise (205.982959ms)
✔ PRO-S7 BFF: every promo_* refusal is a definite, non-retryable 422 with its own code (14.038084ms)
✔ demonstration disclosure is explicit and local-only (1.111042ms)
✔ cart selection preserves unrelated SKUs and the observed CAS version (16.236042ms)
✔ minor amounts are bounded before multiplication, including zero (0.083209ms)
✔ delivery identity includes country for one market and method (0.06375ms)
✔ journal is bound to context and rejects PII/unknown fields (0.22ms)
✔ lost response replays exact key/body, then clears only after parsed receipt (51.42675ms)
✔ RUI02 buyer order admits MERCHANT_SHIPPED only with a SHIPPED head; absent shipment ≡ null (3.660959ms)
✔ RUI02 shipment shape negatives (incl. unsafe links) (27.164875ms)
✔ RUI02 history summary admits MERCHANT_SHIPPED (a shipped order must not break the list) (0.117166ms)
✔ CVSP01 options: CVS rows carry pickup_selection/payment_modes; unavailable rows are a separate shape (0.376666ms)
✔ CVSP02 CVS destination write: TW only, pickup_id required, empty home address; home unchanged (10.928667ms)
✔ CVSP03 checkoutInput: payment_mode only for CVS rows and only a mode the row offers (0.354625ms)
✔ COD confirmation includes expected fee, enforces collect cap and validates immutable order money (26.012792ms)
✔ CVSP04 buyer order: pay_at_pickup <=> collection_state; cvs_shipment only on a matching CVS destination (3.972791ms)
✔ CVSP05 journal accepts a CVS destination marker and a checkout body with payment_mode, nothing else (1.267083ms)
✔ validProduct accepts up to the Go photo cap and rejects one more (2.975542ms)
✔ design: garbage and hostile documents collapse to the safe default shape (5.731208ms)
✔ design: links, preview token propagation, nav resolution (0.1515ms)
✔ design: any merchant accent yields readable button text and link colour (WCAG AA) (0.251458ms)
✔ variants: resolution, disabled out-of-stock combinations, initial choice, price bounds (0.456083ms)
✔ catalog-v2 parsers accept the frozen shapes and refuse drift (7.627708ms)
✔ free-delivery progress words the hint only when a threshold exists (0.125916ms)
✔ list query: only whitelisted, canonical values survive (0.663959ms)
✔ seo: JSON-LD cannot break out of its script tag; offers reflect stock and price range (14.377416ms)
✔ seo: sitemap escapes and carries hreflang; robots refuses everything for a closed host (0.332ms)
✔ money: whole amounts drop cents, minor digits come from the currency, filters round-trip (1.123917ms)
✔ cart line write: replaces one line, keeps the others, 0 removes, CAS version is the one shown (1.249834ms)
✔ cart problems map to buyer-facing classes without leaking transport detail (0.086375ms)
✔ checkout options accept the optional free-shipping threshold only as a positive integer or null (0.192ms)
✔ no-image placeholder copy: exactly the locale label a photo-less card or gallery renders (0.052625ms)
✔ storefront image caps equal the Go catalog caps (internal/catalog MaxMainImages, MaxDetailImages) (7.797375ms)
✔ design text limits count code points like Go, never splitting a surrogate pair (0.694334ms)
✔ G3: same-series cards exclude the current product and never invent absent draft/foreign products (0.568291ms)
✔ G5: safety guidance exists in three languages without changing the five merchant policy approval boundaries (1.811875ms)
✔ G4: category chips omit empty collections; hidden collections absent from the public API stay absent (0.112084ms)
✔ OrderHistory renders server order instant in Taipei (14.021583ms)
✔ ClaimLink renders claim expiry in Taipei (36.212917ms)
✔ BankTransfer renders deadline and proof instant in Taipei (24.82ms)
✔ BankTransfer proof echo labels store time in en (22.324625ms)
✔ BankTransfer proof echo labels store time in zh-TW (9.94575ms)
✔ BankTransfer proof echo labels store time in zh-CN (7.70625ms)
✔ BankTransfer input describes the device zone in en (4.995ms)
✔ BankTransfer input describes the device zone in zh-TW (4.988208ms)
✔ BankTransfer input describes the device zone in zh-CN (2.148917ms)
✔ BankTransfer input has a generic label when Intl has no zone in en (3.550583ms)
✔ BankTransfer input has a generic label when Intl has no zone in zh-TW (3.008667ms)
✔ BankTransfer input has a generic label when Intl has no zone in zh-CN (4.150917ms)
✔ ShopFooter uses Taipei year across UTC year boundary (3.280583ms)
✔ BankTransfer deadline labels store time in en (2.807459ms)
✔ BankTransfer deadline labels store time in zh-TW (2.244584ms)
✔ BankTransfer deadline labels store time in zh-CN (1.361834ms)
✔ OrderHistory states the Taipei time zone once in en (0.940042ms)
✔ OrderHistory states the Taipei time zone once in zh-TW (0.859291ms)
✔ OrderHistory states the Taipei time zone once in zh-CN (3.975083ms)
✔ dictionaries have exact parity and non-empty values (4.294ms)
✔ locale precedence and language quality mapping (0.693209ms)
✔ localized paths preserve deep links and reject dangerous input (2.528125ms)
✔ path locale only matches a canonical first segment (0.237ms)
✔ the four constructs render (0.716875ms)
✔ XSS payloads stay inert text (0.488083ms)
✔ fuzz: any string over a hostile alphabet renders only whitelisted tags (32.339584ms)
✔ validator mirrors the Go rules (0.204208ms)
✔ SDN1 allowlist: exactly the contract routes, per method (0.604459ms)
✔ SDN1 allowlist: traversal, case, suffix and prefix tricks never match (0.583458ms)
✔ SDN1 request shape: no query string anywhere, reads carry no body, key, length or transfer-encoding (23.928834ms)
✔ SDN1 cap: 260 KiB = Go's 256 KiB document + 4 KiB envelope, and a body of exactly the cap is still below it (0.093458ms)
✔ SDN2 renderer: every XSS payload comes out as whitelisted tags and escaped text only (0.820209ms)
✔ SDN2 renderer: escape-first means the merchant's text never becomes markup (0.115625ms)
✔ SDN2 renderer: fuzz (seeded) never produces a tag outside the whitelist (71.90025ms)
✔ SDN2 client validator rejects what the server rejects (HTML, non-https links, `<` anywhere) (0.853167ms)
✔ cleanForSave turns cleared fields into null but keeps an empty body (0.446125ms)
✔ localIssues names each missing mandatory value by server path (0.569125ms)
✔ moved swaps neighbours and ignores out-of-range moves (0.074459ms)
✔ parsers accept the exact Go shapes and refuse extra or missing keys (0.384ms)
✔ BFF allowlist covers exactly the design resources (0.228167ms)
✔ validDesignRequest refuses queries and bodies on reads, ignores other paths (92.333041ms)
✔ designDetails forwards only a bounded {path, reason} pair (1.3425ms)
✔ accepts exactly the three locale invite paths with a 20-200 char token (1.875375ms)
✔ rejects anything that is not an exact same-origin relative invite path (0.462459ms)
✔ rejects percent-encoded variants of the exact shape (0.27175ms)
✔ the token is an opaque invite token shape, never a URL (0.199667ms)
✔ fragment carrier: round-trips the exact invite path, is never a query string, and rejects hostile fragments (0.739916ms)
✔ dashboard: accepts the frozen shape, rejects drift (8.415375ms)
✔ import result: strict keys, closed error codes, committed never carries errors (3.518ms)
✔ csv file guard mirrors the Go bounds (0.122ms)
✔ manual options: a COD home row parses with its offer (D01: the page used to refuse the whole list) (1.524542ms)
✔ manual options: only bank_transfer / pay_at_pickup / cash_on_delivery, key must equal market|country|code (0.490875ms)
✔ manual result: link is https with the order id and a 43-char capability in the fragment only (0.929541ms)
✔ draft: first problem, and the body has no price-like field at all (1.506208ms)
✔ BFF grammar: exactly the seven tools resources (0.449333ms)
✔ regenerate body/result: exactly {order_id, locale} and a fresh https link naming that order (0.516166ms)
✔ copy parity: every locale has every key, import rules and error codes (5.468541ms)
✔ callback redirect target is always a same-origin /<locale>/settings path whatever the cookies, store, code or error say (2.999208ms)
✔ the binding cookie: exactly one canonical store uuid, path-scoped to the callback, HttpOnly, Lax, 10 minutes, Secure (0.375ms)
✔ callback query: exactly one code and one state within charset/length bounds; Meta's error=… and repeats are not forwarded (1.424083ms)
✔ the dialog URL the BFF hands the browser is https://www.facebook.com only (0.383209ms)
✔ callback error mapping only ever yields fixed codes, never an upstream message (0.187875ms)
✔ selected Page qualifies only a bare Facebook id, never rewrites another Page or external URL (2.214ms)
✔ status: not connected, connected with and without Instagram, and every deviation throws (10.948708ms)
✔ pick state: closed shape, optional Instagram keys come as a pair, id must match (0.84125ms)
✔ route grammar: only status/states/pick/disconnect; start and callback are dedicated routes; no query; reads carry no body or key (32.119334ms)
✔ connect cookie, body and callback redirect never carry code/state and only fixed codes (1.027291ms)
✔ copy: three locales have the same keys and every Go error code has a message (0.644333ms)
✔ review-required remains restricted; evidence does not promote state (4.603167ms)
✔ legacy omission remains unidentified, independent of array order (0.583208ms)
✔ closed shapes reject unknown state/provider/evidence, leaked fields and inconsistent severity (0.603458ms)
✔ duplicate capabilities/pages and unbounded arrays cannot become trusted state (0.339792ms)
✔ worst Page determines advice, no raw upstream reason reaches copy (0.716166ms)
✔ recheck receipt means scheduled; timestamps and closed keys are checked (0.174625ms)
✔ exact keyless route grammar rejects query/key/body confusion (33.817417ms)
✔ recheck takes exactly page_id and no caller-provided scope (0.350125ms)
✔ blocking advice comes from the blocking capability, not a secondary public-reply warning (0.274208ms)
✔ clean health browser mode prepares admin standalone before starting its fixture (17.971917ms)
✔ en: expired connection retains its full refusal inside a wrapping badge (14.462084ms)
✔ zh-TW: expired connection retains its full refusal inside a wrapping badge (2.718666ms)
✔ zh-CN: expired connection retains its full refusal inside a wrapping badge (1.026792ms)
✔ actual B1 snapshot state remains ok even when a fixture expected review_required (0.156708ms)
✔ D02 TWD input: whole dollars only, x100 on the wire (31.155458ms)
✔ D02 TWD edit text: whole dollars have no decimals; a legacy amount with cents is never shown as another price (0.236ms)
✔ D02 display: NT$ without decimals in every language, cents only when there are cents (1.09ms)
✔ D02 live-price input (Studio claims): TWD whole dollars, other currencies their decimals (0.150416ms)
✔ D02 discount code amounts: TWD whole dollars, a decimal is refused before it is sent (0.253792ms)
✔ D02 no admin copy or component says 'minor units' to the merchant (42.500042ms)
✔ M06 time: Asia/Taipei everywhere, labelled, never UTC (10.630958ms)
✔ settings answer: exactly one boolean key (0.738333ms)
✔ PUT body is the frozen single key (0.070666ms)
✔ BFF grammar: GET read, PUT keyed command, nothing else (0.918625ms)
✔ copy: three locales, same keys, no empty text (1.171334ms)
✔ PRM01 parse: exact keys, kind/value pairing and ranges; duplicates and unknown keys are refused (4.755958ms)
✔ PRM02 Taipei wall time: +08:00 on the wire, instant shown back in Taipei, impossible dates refused (13.140166ms)
✔ PRM03 create body: normalised code, major units to minor units, optional fields null, whole body validated (4.493833ms)
✔ PRM04 update + toggle: version CAS key, form round trip, pause keeps every other field (1.651084ms)
✔ PRM05 BFF grammar: exactly list, create and update; nothing generic (0.667708ms)
✔ PRM06 copy: three locales carry the same keys and every refusal code the Go routes can answer (0.4635ms)
✔ G-UI3/G-UI5 architecture constraints pass with shrinking legacy exceptions (2156.911583ms)
✔ G-UI3/G-UI5 negatives: new formatter, component fetch, >800 lines and wider allowance fail (1.56975ms)
✔ Readiness jump controls expose the actual active section, not a click flag (0.588875ms)
✔ Integrator P2: legal CN comment ordering and a distinct three-image recommendation (0.18975ms)
✔ ADM04 and ADM06 explain unavailable SKUs and keep collection vocabulary consistent (0.250875ms)
✔ ADM06 create/detail titles share the route vocabulary without adding a phantom Next page (0.349125ms)
✔ G-UI1 Next pages and route registry are bidirectional, unique, typed, documented (1.63575ms)
✔ G-UI1 copy key parity: no missing or extra key in any locale (0.112333ms)
✔ G-UI2 staff without catalog:read cannot see products/inventory or open a product URL (0.194459ms)
✔ G-UI2 every route permission is a permission Go knows, and /orders/new needs inventory:reserve (44.881125ms)
✔ G-UI1 dynamic and public routes match, details never appear as navigation (0.494792ms)
✔ W6-U2 ledger is a settings in-page route, preserving existing navigation (0.406958ms)
✔ Every browser spec clicks nav-orders: the orders group stays a singleton, so returns/new/print routes are nav: false (0.662208ms)
✔ shell-registry: every routed path has exactly one nonempty shared h1 in all three locales (715.033084ms)
✔ shell-registry: orders stays one actual group button on live and non-live routes (3.962333ms)
✔ shell-registry: loading/expired/unavailable/forbidden keep one safe heading and never leak private content (5.430375ms)
✔ created address is a strict HTTPS origin matching the assigned handle (0.495041ms)
✔ DNS instructions must name the requested origin and a bare hostname target (0.263416ms)
✔ domain kind is authoritative and closed, not inferred from host or token (0.129834ms)
✔ apex DNS retains every concrete IPv4/IPv6 address and rejects malformed values (0.472834ms)
✔ pending domain journal preserves exact action/key/target; legacy or corrupt markers never replay (0.410917ms)
✔ browser-origin gate: every refusal happens before Go is called, for every action (97.980833ms)
✔ only POST exists on the team routes (20.773917ms)
✔ unknown action is a local 404 and never reaches Go (0.342ms)
✔ strict request grammar: wrong keys, types, ids, roles, locales and token shapes are 422 locally (27.741041ms)
✔ what reaches Go: BFF key, bearer from the cookie, no Cookie/Origin, body unchanged, exactly one call per request (340.23125ms)
✔ Go failures are rebuilt locally from allow-listed codes, never retried, and never echo the token (187.707541ms)
✔ team answer: accepts the frozen shape, null role and OIDC member without email (0.623291ms)
✔ team answer: unknown key, unknown role, bad id, bad mail state are rejected (0.301875ms)
✔ invite and accept answers are strict (0.397292ms)
✔ request grammar: every action has an exact key set and rejects junk values (0.211375ms)
✔ copy: three locales carry the same keys and a label for every role (1.244125ms)
✔ role-aware navigation: hides entries the member's permissions cannot use; unknown shows all; Team is owner-only (0.641833ms)
✔ P02 settlements directory rejects missing/link/owner/group/mode with a valid control (746.600042ms)
✔ preflight health permission grammars and API/worker consistency fail closed (4900.897542ms)
✔ merchant alert flag is explicit 0|1 and independently requires SMTP (3288.024875ms)
✔ shared loader makes API/worker LIVE pair file-only before Compose interpolation (544.957042ms)
✔ export bind accepts omitted JSON false but rejects unsafe source/config mutations (3.732792ms)
✔ sanctioned operator allowlist and fail-closed gates (fake docker, no network) (2832.827375ms)
✔ platform operator custody, export mount and binary are wired (202.619042ms)
✔ actual export bind refuses a missing directory; enabling auto-create is detected (557.495084ms)
✔ R3 preflight rejects cancelled PAYUNi, validates Page app and keeps LIVE pair mandatory (1174.457291ms)
✔ R3 smoke exercises exact denied probes, accepts 404 only for disabled mounts (132.069666ms)
✔ positive control: a complete, valid configuration raises no META_LOGIN finding (1387.506084ms)
✔ feature off (COMMERCE_META_LOGIN_CONFIG_ID empty): no rule applies even with the other keys empty (477.578ms)
✔ P06: the Page route needs the webhook receiver (658.246625ms)
✔ P06: sessions come from identity (469.016ms)
✔ P06: without the claims profile nobody sends the private replies (a WARN, not a FAIL) (326.866708ms)
✔ P08: COMMERCE_META_LOGIN_CONFIG_ID must be numeric ("abc") (344.577208ms)
✔ P08: COMMERCE_META_LOGIN_CONFIG_ID must be numeric ("12 34") (369.119208ms)
✔ P08: COMMERCE_META_LOGIN_CONFIG_ID must be numeric ("111111111111") (500.364458ms)
✔ P08: COMMERCE_META_LOGIN_CONFIG_ID must be numeric ("0x10") (582.056625ms)
✔ P08: COMMERCE_META_LOGIN_CONFIG_ID must be numeric ("-1") (526.882208ms)
✔ P08: COMMERCE_META_LOGIN_REDIRECT_URI must be exactly https://<LC_ADMIN_HOST>/api/meta/callback (wrong host) (503.846625ms)
✔ P08: COMMERCE_META_LOGIN_REDIRECT_URI must be exactly https://<LC_ADMIN_HOST>/api/meta/callback (http scheme) (396.765333ms)
✔ P08: COMMERCE_META_LOGIN_REDIRECT_URI must be exactly https://<LC_ADMIN_HOST>/api/meta/callback (the ads callback path) (376.130167ms)
✔ P08: COMMERCE_META_LOGIN_REDIRECT_URI must be exactly https://<LC_ADMIN_HOST>/api/meta/callback (trailing slash) (360.411333ms)
✔ P08: COMMERCE_META_LOGIN_REDIRECT_URI must be exactly https://<LC_ADMIN_HOST>/api/meta/callback (query string) (377.400083ms)
✔ P08: COMMERCE_META_LOGIN_REDIRECT_URI must be exactly https://<LC_ADMIN_HOST>/api/meta/callback (empty) (446.831583ms)
✔ P08: COMMERCE_META_LOGIN_GRAPH_VERSION grammar vNN.N ("26.0") (404.113833ms)
✔ P08: COMMERCE_META_LOGIN_GRAPH_VERSION grammar vNN.N ("v26") (367.805542ms)
✔ P08: COMMERCE_META_LOGIN_GRAPH_VERSION grammar vNN.N ("v26.0.1") (298.209917ms)
✔ P08: COMMERCE_META_LOGIN_GRAPH_VERSION grammar vNN.N ("latest") (235.255375ms)
✔ P08: COMMERCE_META_LOGIN_GRAPH_VERSION grammar vNN.N ("") (349.850167ms)
✔ P08: COMMERCE_META_LOGIN_GRAPH_VERSION grammar vNN.N ("v1000.0") (495.83325ms)
✔ P08: COMMERCE_META_LOGIN_GRAPH_VERSION accepts v26.0 (371.222292ms)
✔ P08: COMMERCE_META_LOGIN_GRAPH_VERSION accepts v22.0 (272.10925ms)
✔ P08: COMMERCE_META_LOGIN_GRAPH_VERSION accepts v99.9 (229.414709ms)
✔ production without any alert channel is a FAIL (nobody would hear the next outage) (1335.392333ms)
✔ outside production the same gap is only a WARN (531.645375ms)
✔ a webhook alone satisfies the rule (635.138291ms)
✔ an e-mail target with a complete relay (host, username, secret) satisfies the rule (465.564958ms)
✔ an e-mail target without the relay secret cannot be sent: FAIL in production, WARN elsewhere (786.10475ms)
✔ the example's CHANGE_ME_SENDER placeholder is not a relay: the e-mail target cannot be sent (629.461375ms)
✔ LC_ALERT_EMAIL must be one plain address ("not-an-address") (670.734416ms)
✔ LC_ALERT_EMAIL must be one plain address ("two@fake.invalid,three@fake.invalid") (489.04375ms)
✔ LC_ALERT_EMAIL must be one plain address ("a b@fake.invalid") (564.304209ms)
✔ LC_ALERT_EMAIL must be one plain address ("<owner@fake.invalid>") (411.990458ms)
✔ LC_ALERT_EMAIL must be one plain address ("owner@fake") (387.679458ms)
✔ storefront cart-line removal is reversible: clicked for real, not guarded (1.344792ms)
✔ destructive / irreversible / sign-out classification (owner list, en + zh) (1.542834ms)
✔ alike controls (rows with ids / numbers) share one class key (1.383875ms)
✔ known defects classify, never silence: stale entries are reported (0.97125ms)
✔ the markdown ledger has one row per interaction and names the verdict (0.827791ms)
✔ protocolHrefOK accepts well-formed tel:/mailto: and rejects malformed ones (0.58825ms)
✔ J1 waits for enabled media and clicks a real chooser; the uploaded cover is bound to the main section (974.311709ms)
✔ J1 cannot credit a detail-image receipt as the main cover (0.772916ms)
✔ J1 refuses a failed cover upload rather than continuing to activate (0.261375ms)
✔ thresholds are the named constants of the brief (4.6805ms)
✔ R1: document wider than the viewport, and the outermost element past the edge (7.560417ms)
✔ R2: label tops, control tops and control heights of one visual row (80.913584ms)
✔ R2: what is one row and what is not (1.804625ms)
✔ R2: a button beside a field has to line up with its control (0.597959ms)
✔ R3: a row made tall by stacked controls, a control wider than its cell (1.200417ms)
✔ R3: a matrix whose EVERY row is doubled by a stacked stock cell (the median cannot see it) (1.22275ms)
✔ R4: small text, helper text apart, icons and duplicates excepted (1.601375ms)
✔ R5: tap targets on the 390 viewport only (2.373958ms)
✔ R6: interactive elements and text boxes that overlap (0.66725ms)
✔ R7: text clipped inside a control or label (either side), and select values that do not fit (0.939084ms)
✔ R8: the same visible label twice in one list (0.403583ms)
✔ evaluate() tags severity, selectRecords() keeps distinct groups first and counts every instance (2.000833ms)
✔ R9: text and controls flush to the screen edge at 390 (0.947375ms)
✔ R6/R9 judge the visible (ancestor-clipped) rectangle, not the raw one (integrator ruling 2026-10-05) (0.836875ms)
✔ R10: a fixed or sticky bar covering main content after scrolling (1.082334ms)
✔ R11: controls narrower than a usable width (1.286166ms)
ℹ tests 442
ℹ suites 0
ℹ pass 442
ℹ fail 0
ℹ cancelled 0
ℹ skipped 0
ℹ todo 0
ℹ duration_ms 15741.434459
✔ closed projections reject secret-shaped extras, invalid enums, IDs and contradictory capabilities (1.315542ms)
✔ detail accepts only bounded events and keeps actual server action flags (0.576833ms)
✔ BFF exact routes and request grammar forbid keys/body on reads, filters on detail and arbitrary writes (11.531667ms)
✔ copy parity, safe object navigation and UNKNOWN/protective reasons (0.174417ms)
✔ read-only store capability never exposes a command even if the state allows one (0.05625ms)
✔ duplicate escaped keys cannot bypass the exact command grammar (0.044583ms)
✔ query backoff affects only its operation and expires without another action (0.048458ms)
✔ merchant reason text translates ledger events and conceals unknown or prototype codes (0.100041ms)
✔ ledger read navigation requires effective integration:read permission regardless of role (0.071584ms)
ℹ tests 9
ℹ suites 0
ℹ pass 9
ℹ fail 0
ℹ cancelled 0
ℹ skipped 0
ℹ todo 0
ℹ duration_ms 106.701291
✔ OrderHistory renders server order instant in Taipei (8.321958ms)
✔ ClaimLink renders claim expiry in Taipei (2.523833ms)
✔ BankTransfer renders deadline and proof instant in Taipei (3.346792ms)
✔ BankTransfer proof echo labels store time in en (2.479708ms)
✔ BankTransfer proof echo labels store time in zh-TW (2.393334ms)
✔ BankTransfer proof echo labels store time in zh-CN (1.964209ms)
✔ BankTransfer input describes the device zone in en (1.888208ms)
✔ BankTransfer input describes the device zone in zh-TW (1.854333ms)
✔ BankTransfer input describes the device zone in zh-CN (1.602708ms)
✔ BankTransfer input has a generic label when Intl has no zone in en (1.570833ms)
✔ BankTransfer input has a generic label when Intl has no zone in zh-TW (1.095792ms)
✔ BankTransfer input has a generic label when Intl has no zone in zh-CN (1.017958ms)
✔ ShopFooter uses Taipei year across UTC year boundary (1.602542ms)
✔ BankTransfer deadline labels store time in en (1.162958ms)
✔ BankTransfer deadline labels store time in zh-TW (1.018166ms)
✔ BankTransfer deadline labels store time in zh-CN (0.972583ms)
✔ OrderHistory states the Taipei time zone once in en (0.686917ms)
✔ OrderHistory states the Taipei time zone once in zh-TW (0.629208ms)
✔ OrderHistory states the Taipei time zone once in zh-CN (0.612333ms)
✔ Meta rejection wording is preserved as bounded Unicode text, never translated (2.66025ms)
✔ frozen error codes: model list equals the frozen list, each is read from both error shapes (0.611791ms)
✔ copy: every code, status, op state and connect error has text in all three locales (0.415042ms)
✔ copy never calls a budget a hard stop and never offers resume (0.328167ms)
✔ draft: every §5.1 status parses; unknown status/template/op state is an error, never guessed (0.458791ms)
✔ draft: optional fields, remote ids and the Ads Manager link (0.194875ms)
✔ action hints: pause whenever a remote id exists and not ENDED; a paused draft is only ever copied (X7) (0.248625ms)
✔ money: whole units to minor with integer math; TWD must be whole (26.8965ms)
✔ Taipei schedule: wall inputs and draft projections ignore the viewer zone (4.301458ms)
✔ Taipei schedule: invalid calendar days are rejected and all copy names UTC+8 (0.321666ms)
✔ draft input: exact 11-key body and every local rule (3.752792ms)
✔ draft form round trip and X7 copy (blank schedule, no id, no revision) (0.255334ms)
✔ settings parser: environment enum, connections, identities, capi (0.511083ms)
✔ connect state parser: pick list kinds and id match (0.137541ms)
✔ report: three separate blocks, orders may be null, no combined figure (0.31925ms)
✔ default report window is the Asia/Taipei store day whatever the viewer's zone is (Taipei midnight boundary) (4.260166ms)
✔ capi body and validation (0.141042ms)
✔ W6-06B unbind response: exact keys, account, UUIDs and outcome semantics (0.241542ms)
✔ W6-06B in-flight details preserve bounded items and total, reject unknown shapes (0.335167ms)
✔ W6-06B catalog feed has exact public URL/domain pairs or published-store empty (0.327625ms)
✔ W6-06B copy preserves unbind boundaries and feed recovery in three locales (0.107666ms)
✔ W6-06B feed selection follows origin order, not full feed URL order (0.086042ms)
✔ customer list accepts the frozen row and rejects unknown keys, dup ids, bad cursor, oversize (2.83175ms)
✔ customer row invariants: nulls for bundle-only/erased, counts, money, consents (0.8495ms)
✔ customer detail: bounded lists, order summaries reuse the orders parser, id must match (9.175166ms)
✔ erasure summary is four counts only (0.094417ms)
✔ finance summary: net = captured - refunded (I05), totals carry an empty day, sandbox flag (0.330875ms)
✔ financeDay is the UTC+8 day (0.101125ms)
✔ finance defaults keep Taipei dates across midnight, leap day and year end (0.20225ms)
✔ tags and notes are parsed strictly (W6-01B) (0.618125ms)
✔ TSX seam refuses an unlisted import (5.42225ms)
✔ Ads merchant timestamp uses Taipei at the year boundary (17.420542ms)
✔ Design version published_at cell uses Taipei at the year boundary (3.842625ms)
✔ ManualOrder bank-transfer expiry uses Taipei at the year boundary (4.039125ms)
ℹ tests 53
ℹ suites 0
ℹ pass 53
ℹ fail 0
ℹ cancelled 0
ℹ skipped 0
ℹ todo 0
ℹ duration_ms 180.042125
✔ OrderHistory renders server order instant in Taipei (7.205625ms)
✔ ClaimLink renders claim expiry in Taipei (2.3625ms)
✔ BankTransfer renders deadline and proof instant in Taipei (3.27425ms)
✔ BankTransfer proof echo labels store time in en (1.863833ms)
✔ BankTransfer proof echo labels store time in zh-TW (1.611625ms)
✔ BankTransfer proof echo labels store time in zh-CN (1.422ms)
✔ BankTransfer input describes the device zone in en (1.172375ms)
✔ BankTransfer input describes the device zone in zh-TW (1.443541ms)
✔ BankTransfer input describes the device zone in zh-CN (1.266125ms)
✔ BankTransfer input has a generic label when Intl has no zone in en (1.10125ms)
✔ BankTransfer input has a generic label when Intl has no zone in zh-TW (0.987583ms)
✔ BankTransfer input has a generic label when Intl has no zone in zh-CN (0.908667ms)
✔ ShopFooter uses Taipei year across UTC year boundary (1.421208ms)
✔ BankTransfer deadline labels store time in en (1.017041ms)
✔ BankTransfer deadline labels store time in zh-TW (0.954916ms)
✔ BankTransfer deadline labels store time in zh-CN (0.952708ms)
✔ OrderHistory states the Taipei time zone once in en (0.739083ms)
✔ OrderHistory states the Taipei time zone once in zh-TW (0.745875ms)
✔ OrderHistory states the Taipei time zone once in zh-CN (1.060333ms)
✔ Meta rejection wording is preserved as bounded Unicode text, never translated (2.384833ms)
✔ frozen error codes: model list equals the frozen list, each is read from both error shapes (0.596791ms)
✔ copy: every code, status, op state and connect error has text in all three locales (0.327375ms)
✔ copy never calls a budget a hard stop and never offers resume (0.67475ms)
✔ draft: every §5.1 status parses; unknown status/template/op state is an error, never guessed (0.925959ms)
✔ draft: optional fields, remote ids and the Ads Manager link (0.314833ms)
✔ action hints: pause whenever a remote id exists and not ENDED; a paused draft is only ever copied (X7) (0.883584ms)
✔ money: whole units to minor with integer math; TWD must be whole (10.274417ms)
✔ Taipei schedule: wall inputs and draft projections ignore the viewer zone (4.189375ms)
✔ Taipei schedule: invalid calendar days are rejected and all copy names UTC+8 (0.296167ms)
✔ draft input: exact 11-key body and every local rule (3.081667ms)
✔ draft form round trip and X7 copy (blank schedule, no id, no revision) (0.230083ms)
✔ settings parser: environment enum, connections, identities, capi (0.364833ms)
✔ connect state parser: pick list kinds and id match (0.125375ms)
✔ report: three separate blocks, orders may be null, no combined figure (0.283334ms)
✔ default report window is the Asia/Taipei store day whatever the viewer's zone is (Taipei midnight boundary) (2.021417ms)
✔ capi body and validation (0.126625ms)
✔ W6-06B unbind response: exact keys, account, UUIDs and outcome semantics (0.187625ms)
✔ W6-06B in-flight details preserve bounded items and total, reject unknown shapes (0.173417ms)
✔ W6-06B catalog feed has exact public URL/domain pairs or published-store empty (0.180375ms)
✔ W6-06B copy preserves unbind boundaries and feed recovery in three locales (0.064ms)
✔ W6-06B feed selection follows origin order, not full feed URL order (0.071ms)
✔ customer list accepts the frozen row and rejects unknown keys, dup ids, bad cursor, oversize (1.925709ms)
✔ customer row invariants: nulls for bundle-only/erased, counts, money, consents (0.243584ms)
✔ customer detail: bounded lists, order summaries reuse the orders parser, id must match (1.749417ms)
✔ erasure summary is four counts only (0.083167ms)
✔ finance summary: net = captured - refunded (I05), totals carry an empty day, sandbox flag (0.388375ms)
✔ financeDay is the UTC+8 day (0.106292ms)
✔ finance defaults keep Taipei dates across midnight, leap day and year end (0.076708ms)
✔ tags and notes are parsed strictly (W6-01B) (0.52125ms)
✔ TSX seam refuses an unlisted import (3.621833ms)
✔ Ads merchant timestamp uses Taipei at the year boundary (13.227833ms)
✔ Design version published_at cell uses Taipei at the year boundary (9.726459ms)
✔ ManualOrder bank-transfer expiry uses Taipei at the year boundary (7.295625ms)
ℹ tests 53
ℹ suites 0
ℹ pass 53
ℹ fail 0
ℹ cancelled 0
ℹ skipped 0
ℹ todo 0
ℹ duration_ms 142.198959
✔ legacy display sentinels preserve a list row without admitting arbitrary or private data (2.26975ms)
✔ orders-v2 accepts bounded filters and Taipei inclusive dates; rejects ambiguity (0.474375ms)
✔ orders-v2 rejects client count approximations, unbounded or extra response data (0.166375ms)
✔ all three locales label every task queue, payment and delivery mode (0.323666ms)
ℹ tests 4
ℹ suites 0
ℹ pass 4
ℹ fail 0
ℹ cancelled 0
ℹ skipped 0
ℹ todo 0
ℹ duration_ms 75.403542
✔ numeric store IDs have no suggestion BFF or browser client (0.535791ms)
ℹ tests 1
ℹ suites 0
ℹ pass 1
ℹ fail 0
ℹ cancelled 0
ℹ skipped 0
ℹ todo 0
ℹ duration_ms 62.642125
✔ ADM10 operator sentence is localized while product and company facts stay authoritative (0.404041ms)
✔ PS review: actual Host matching normalizes case, port and a terminal DNS dot, never forwarded authority (0.235334ms)
✔ PS review: privacy/terms retain Messenger and Instagram purpose disclosure; deletion uses exact UI labels (0.120917ms)
✔ P2-N1 zh-TW/privacy: current comments and private reply, conditional inbound messages (0.086958ms)
✔ P2-N1 zh-TW/terms: current comments and private reply, conditional inbound messages (0.046333ms)
✔ P2-N1 zh-CN/privacy: current comments and private reply, conditional inbound messages (0.033167ms)
✔ P2-N1 zh-CN/terms: current comments and private reply, conditional inbound messages (0.046459ms)
✔ P2-N1 en/privacy: current comments and private reply, conditional inbound messages (0.040125ms)
✔ P2-N1 en/terms: current comments and private reply, conditional inbound messages (0.055209ms)
✔ PS1 legal identity is one untranslated source (0.082ms)
✔ PS1 contact and hosts come only from configuration; production fails closed (0.335042ms)
✔ PS2 public routes default to zh-TW, restrict page/locale, and never include admin (0.402875ms)
✔ PS4 optional Meta verification value never has a fake default (0.047375ms)
✔ PS1 every locale uses the same product name in auth page titles (0.043333ms)
✔ PS1 public page copy has three complete locales, no invented operator identity or contact (0.201792ms)
✔ PS1 production build validates config; public data is not bundled through NEXT_PUBLIC (0.317417ms)
✔ PS review: admin image installs the manifests for its workspace dependencies before building (0.455459ms)
ℹ tests 17
ℹ suites 0
ℹ pass 17
ℹ fail 0
ℹ cancelled 0
ℹ skipped 0
ℹ todo 0
ℹ duration_ms 104.156084
✔ R11 SQL's exact receipt states are accepted; missing/forged operation/state remains unknown (0.78575ms)
✔ R11 durable receipt journal validates phase against exact operation state (0.457417ms)
✔ R11 actual read control distinguishes replay/inflight/unknown/failure in en (4.970083ms)
✔ R11 actual read control distinguishes replay/inflight/unknown/failure in zh-TW (0.852708ms)
✔ R11 actual read control distinguishes replay/inflight/unknown/failure in zh-CN (1.399667ms)
✔ unknown journal retains exact key/boundary and is scoped to store+session; malformed state fails closed (0.184375ms)
✔ R12 read hook keeps network UNKNOWN on one key and explicitly refreshes acknowledged UNKNOWN (20.900125ms)
✔ actual POST transport uses CSRF and session fence; 403 independent of response text (17.017792ms)
✔ R10 ROAS has exactly two decimals in en (12.245625ms)
✔ R10 unknown ROAS is never fabricated as zero in en (0.073167ms)
✔ R10 ROAS has exactly two decimals in zh-TW (0.152292ms)
✔ R10 unknown ROAS is never fabricated as zero in zh-TW (0.047625ms)
✔ R10 ROAS has exactly two decimals in zh-CN (0.121833ms)
✔ R10 unknown ROAS is never fabricated as zero in zh-CN (0.029042ms)
✔ shared presentation preserves registry title and one empty buyer message in en (33.703125ms)
✔ R11 large linked-draft list is complete but collapsed in en (3.062375ms)
✔ shared presentation preserves registry title and one empty buyer message in zh-TW (5.693208ms)
✔ R11 large linked-draft list is complete but collapsed in zh-TW (2.874041ms)
✔ shared presentation preserves registry title and one empty buyer message in zh-CN (6.498459ms)
✔ R11 large linked-draft list is complete but collapsed in zh-CN (2.606ms)
✔ R11 timeline distinguishes local unknown spend from explicit Meta zero in en (3.076958ms)
✔ R11 timeline distinguishes local unknown spend from explicit Meta zero in zh-TW (2.102292ms)
✔ R11 timeline distinguishes local unknown spend from explicit Meta zero in zh-CN (4.119458ms)
✔ R11 I12 nullable Meta evidence survives without becoming zero (1.125375ms)
✔ R11 actual panel rendering preserves unknowns and reconnect route in en (24.558709ms)
✔ R11 actual panel rendering preserves unknowns and reconnect route in zh-TW (13.048667ms)
✔ R11 actual panel rendering preserves unknowns and reconnect route in zh-CN (22.319583ms)
✔ D1, D6, R7: exact amounts and sources remain independent, account days stay labelled (0.208ms)
✔ R12: null stays unknown and unread / unauthorised / insufficient remain different states (0.330291ms)
✔ R12 granted but unread audience offers a read, never reconnect in en (1.720709ms)
✔ R12 granted but unread audience offers a read, never reconnect in zh-TW (1.659416ms)
✔ R12 granted but unread audience offers a read, never reconnect in zh-CN (1.969458ms)
✔ I12 forged / missing frozen fields never silently become zeros (0.969708ms)
✔ only whitelisted aggregates survive: extra identifiers and HTML are never interpreted (0.065209ms)
✔ attribution is a read-only BFF resource with exact bounded query grammar (0.323709ms)
✔ audience-read is exactly the new local intention POST and never a data GET or queried write (0.242167ms)
✔ route fails closed without ads:read and is not a duplicate navigation entry; locale keys match (0.102625ms)
ℹ tests 37
ℹ suites 0
ℹ pass 37
ℹ fail 0
ℹ cancelled 0
ℹ skipped 0
ℹ todo 0
ℹ duration_ms 467.005875
✔ card-payments copy: identical key sets in all three locales (3.125917ms)
✔ merchant terms are quoted verbatim (contract §5) in the enable dialog (0.327875ms)
✔ ruling-fixed strings: platform not OPEN and BLOCKED note (0.123ms)
✔ error map covers every frozen refusal code from migrations/0137 (0.179042ms)
✔ no Stripe account id, key or approval id shape appears in any copy string (1.051542ms)
✔ storefront collector disclosure matches contract §5 templates in three languages (0.202708ms)
✔ the merchant terms in the dialog are the contract §5 sentence, extracted from the contract (1.532167ms)
✔ the storefront templates are the contract §5 lines, extracted from the contract (0.360916ms)
✔ settlement copy: deduction columns are labelled as deductions in every language, with a legend and the net formula (0.64325ms)
✔ there is no separate 'not on the allowlist' message: it reads as not open (review P1-2) (0.108167ms)
✔ card summary accepts the frozen shape incl. all-null platform NONE (2.175208ms)
✔ card summary rejects unknown keys, bad enums, bad money, bad version (0.355292ms)
✔ card result is exactly {state, version, max_minor, currency, descriptor_preview} (0.102584ms)
✔ descriptor suffix rule: charset, 2..10 chars, must contain a letter (0.130125ms)
✔ the suffix length rule is the charset rule's 10; the 22-character descriptor total stays the server's (SANDBOX L=10, LIVE PrefixLength) (0.052542ms)
✔ descriptor preview mirrors the contract projection (base + '* ' + suffix) (0.055667ms)
✔ settlement list accepts statements without payout/lines keys (omitempty) (0.50375ms)
✔ settlement detail carries lines whose count and sums match the totals (1.332666ms)
✔ settlement parsers reject malformed reads (2.261833ms)
✔ fees, refunds and disputes are signed exactly as the ledger stores them (0.479ms)
✔ a returned fee is a positive line fee; the detail's lines must add up to the statement totals (1.623292ms)
✔ closed_at/paid_at accept the offsets PostgreSQL emits as well as Z (0.430666ms)
✔ a payout reference shaped like a Stripe key or account id is never displayed (0.387333ms)
✔ platform not OPEN: 'not open yet' and no enable control, for every non-OPEN state; the platform badge still tells why (0.866834ms)
✔ allowlisted + OPEN: enable from NONE/DISABLED, disable from ENABLED (0.102041ms)
✔ not allowlisted on an OPEN platform reads exactly like not open: the same message, no 'platform open' badge, no enable (review P1-2) (0.10375ms)
✔ BLOCKED: the suspended note, disable only, never enable (whatever the platform says) (0.111666ms)
✔ without billing:manage nothing can be changed, but the state is still readable (0.303416ms)
✔ enable carries the platform's current terms, the suffix and the version read; NONE starts at 0 (0.26825ms)
✔ disable never sends a suffix and quotes the terms the store accepted (the platform's may have moved on) (0.21825ms)
✔ a retained suffix is recovered from the final preview so a re-enable can keep it (0.296208ms)
✔ the period label shows the last day inside the (exclusive-end) week (1.4815ms)
✔ payout state: paid, pending only when money is due, none when the week nets to zero or less (0.062ms)
✔ card-payments and settlements are nav:false routes, so no group loses or gains a nav button (0.171042ms)
✔ settlements need billing:manage, the card page integration:read; the owner opens both (0.295875ms)
✔ statement cells: a dispute reversal and a returned fee read as credits (+) and every deduction as -, and the columns add up to the server's net (11.44525ms)
✔ the detail parser requires the lines of a statement that has lines; a quiet week (line_count 0) may omit them (0.135541ms)
✔ route table: exactly the four resources, nothing generic (0.703417ms)
✔ query grammar: card and settlement-detail are exact; settlements takes before/limit only (0.233041ms)
✔ request fence: keyless PUT (CAS), bodyless GETs, no transfer-encoding (25.590958ms)
✔ PUT body is the exact frozen shape {enabled, terms_version, descriptor_suffix, expected_version} (1.57ms)
✔ the BFF route wires the card grammar: keyless CAS PUT, exact body, no-store, auth required (0.445917ms)
✔ the real card summary parses and drives the display state machine (2.560209ms)
✔ the real statement list parses: newest first, no lines, three payout states (0.90975ms)
✔ every real detail parses with its lines and the lines add up to the statement (5.307584ms)
✔ an empty ledger parses to no statements (0.5255ms)
✔ no account id, key or approval shape is in any real body (0.489167ms)
✔ the real statements display literally as signed contributions that add up to the server's net (13.014125ms)
ℹ tests 48
ℹ suites 0
ℹ pass 48
ℹ fail 0
ℹ cancelled 0
ℹ skipped 0
ℹ todo 0
ℹ duration_ms 227.093667
✔ option/slug/SKU caps equal internal/catalog (options.go, catalog.go) (15.352ms)
✔ text caps equal the Go validators (name 120, description 8000, SEO 70/160, collection title 80) (1.626584ms)
✔ photo caps equal Go (MaxMainImages, MaxDetailImages, MaxImageBytes) and the SKU code pattern (1.133625ms)
✔ PE13 Cartesian matrix is local, preserves edits and deduplicates values (0.572375ms)
✔ PE13 bulk quantity skips negative rows without modifying them (0.128666ms)
✔ PE12 untracked document uses whole currency and per-order cap, never quantity (10.0265ms)
✔ PE14 missing readback is not guessed or silently cleared by full replacement (0.064333ms)
✔ bulk status accepts explicit per-item results, never empty or duplicated confirmations (0.188458ms)
✔ matrix refuses over 100 SKUs before expansion (0.0795ms)
✔ parity: admin caps equal the Go constants (1.471709ms)
✔ image list: 4 main + 20 detail + 2 sku in role order is accepted (1.464917ms)
✔ image list: 5 main, 21 detail, wrong role order, gaps and extra keys are refused (5.573583ms)
✔ single image: role is required and its position is bounded by the role cap (0.116458ms)
✔ option text limits count Go runes rather than UTF-16 units (0.2555ms)
✔ PE14 new edit SKU carries its own shipping and clears no existing fields (9.643ms)
✔ PE14 patch changes only price and preserves unmentioned fields (0.17275ms)
✔ PE14 on_hand is not available, zero target is transmitted, ambiguous warehouse refuses (0.288375ms)
✔ PE14 explicit clears and shipping remain per SKU on an active row (0.122083ms)
✔ PE14 archive supersedes every other edit on that SKU (b77eeb11) (0.144ms)
✔ PE14 no-op has no command fields and changed axes explicitly archive omitted variants (0.099167ms)
ℹ tests 20
ℹ suites 0
ℹ pass 20
ℹ fail 0
ℹ cancelled 0
ℹ skipped 0
ℹ todo 0
ℹ duration_ms 121.246209
(node:83517) ExperimentalWarning: Transform Types is an experimental feature and might change at any time
(Use `node --trace-warnings ...` to show where the warning was created)
✔ UNKNOWN retry client authorization loss requires reconciliation, not a fresh command (3.635375ms)
✔ UNKNOWN retry 401 authorization loss requires reconciliation, not a fresh command (11.512791ms)
✔ UNKNOWN retry 403 authorization loss requires reconciliation, not a fresh command (0.634166ms)
✔ a conclusive command rejection stays distinct from authorization loss (0.735625ms)
ℹ tests 4
ℹ suites 0
ℹ pass 4
ℹ fail 0
ℹ cancelled 0
ℹ skipped 0
ℹ todo 0
ℹ duration_ms 122.935083
(node:83521) ExperimentalWarning: Transform Types is an experimental feature and might change at any time
(Use `node --trace-warnings ...` to show where the warning was created)
✔ offer controls read authoritative limits without parsing unrelated KEYWORD_QTY_CONTAINS window/stats (21.347833ms)
✔ offer controls accept 101 through the backend cap of 200 distinct offers, reject 201 (2.565959ms)
✔ offer toggle preserves exactly the authoritative maximum in the real M4 payload (3.568375ms)
✔ console BFF admits exactly A1/A7/A6 and A5 read/copy methods (0.370583ms)
✔ Next proxy admits the exact console family and results query before the BFF (51.351375ms)
✔ results query is canonical repeated session_id 1..50, everything else queryless (0.110417ms)
✔ real BFF route forwards only exact resources, authenticates scope and returns private scrubbed errors (42.683292ms)
✔ new commands reject unknown keys and preserve frozen copy/lifecycle/recommend body (0.161541ms)
✔ browser commands reuse Studio fences, exact no-comment recommend body and backend refusal codes (1.357667ms)
✔ results client preserves canonical ids/order and rejects invalid list before fetch (0.308583ms)
✔ stock client reuses catalog transport/key/parser and fences a changed login without retries (1.031625ms)
✔ journal replay sends the exact original method/path/body/key for all five commands (1.735125ms)
(node:83522) ExperimentalWarning: Transform Types is an experimental feature and might change at any time
(Use `node --trace-warnings ...` to show where the warning was created)
✔ A1 strict MOCK snapshot preserves unavailable counts, capability unknown and server stock (10.664208ms)
✔ A7 returns a separate lifecycle version and closed full KEYWORD_QTY_CONTAINS window (0.963459ms)
✔ A5 results retain separate environments/currencies and bind exact requested ids/order (0.680625ms)
✔ A5 copy parses real Go envelope, copied offer prices and KEYWORD_QTY_CONTAINS window (1.268709ms)
✔ A6 accepts optional operation UUID, never guessed send success (0.383541ms)
(node:83523) ExperimentalWarning: Transform Types is an experimental feature and might change at any time
(Use `node --trace-warnings ...` to show where the warning was created)
✔ Live settings navigation accepts a scene picker entry but never a malformed or unscoped deep link (0.845ms)
✔ LC-B7 stock permission admits live_adjust without inventory:write, not unrelated grants (0.086959ms)
✔ Instagram comment total stays unavailable; Facebook observed count is not a platform total (0.066833ms)
✔ LC-U1 one primary action follows lifecycle, never planning or transport state (0.050791ms)
✔ LC-U1 stock target uses sellable delta and rejects fractions, negative and over-limit changes (0.088583ms)
✔ LC-U1 links only explicit FB post identities, never arbitrary URLs or guessed videos (0.074208ms)
✔ LC-U1 Facebook preview keeps the original no-frame CSP and uses a safe external link (0.559917ms)
✔ LC-U1 delayed copy completion cannot navigate after store switch or unmount (0.118625ms)
✔ LC-U1 receipt fence survives cookie rotation; pending replay still has a separate session boundary (0.130375ms)
ℹ tests 26
ℹ suites 0
ℹ pass 26
ℹ fail 0
ℹ cancelled 0
ℹ skipped 0
ℹ todo 0
ℹ duration_ms 311.229417
✔ secondary failures preserve A1; only A1 is periodic; IG notice follows the platform/embeddability observation (226.40225ms)
✔ the existing console refresh also explicitly refreshes its parent list; no automatic list read (15.14275ms)
✔ parent forwards only an explicit refresh callback and retains the scene when list is unavailable (8.978208ms)
✔ every explicit browser response/event/navigation waiter has a finite sub-test budget (7.268833ms)
✔ A1 failures back off 3/6/12/24/30 seconds and success resets to five seconds (89.064416ms)
✔ Retry-After is a minimum; hidden tabs cancel polling; forbidden locks and conceals (36.971916ms)
✔ secondary reads are mount/refresh only, independent from A1 and non-fatal (29.11725ms)
✔ UNKNOWN journal restores the exact key/method/path/body and explicit retry after reload (30.420125ms)
✔ first definite 403 clears journal but locks commands; late success after navigation clears only its own key (33.16875ms)
✔ private reads preserve Retry-After seconds and dates, without changing existing error codes (22.920667ms)
✔ a restored in-flight or UNKNOWN request retains its journal after a replay 403 (65.841458ms)
✔ restored copy success dispatches completion only in the still-current scene (37.148ms)
✔ SessionCopy resyncs closed same-ID titles, preserves open edits and cancels to latest draft (33.406625ms)
✔ SessionCopy submit uses latest version; UNKNOWN request survives later draft/input changes (32.305208ms)
ℹ tests 14
ℹ suites 0
ℹ pass 14
ℹ fail 0
ℹ cancelled 0
ℹ skipped 0
ℹ todo 0
ℹ duration_ms 653.8895
✔ claims window modes match Go constants and every SQL match_mode CHECK (6.833542ms)
✔ host prompt stays verbatim at the frozen trunk contract; Japanese is absent (1.089458ms)
✔ bundle parser accepts manual (labelled) and Meta (unlabelled) bundles (0.541375ms)
✔ bundle parser rejects unknown platforms and label/platform mismatches (0.137584ms)
✔ offer parser carries the live price and rejects every out-of-range or missing field (0.224042ms)
✔ library and import parsers are closed; removal receipt is the only version-0 shape (0.188875ms)
✔ price input: exact decimal minor units, never float, bounded to the currency's places (10.140792ms)
✔ live-tools copy exists in all three locales with the same conflict reasons (0.466959ms)
✔ claims BFF allowlist is exactly M1–M7 per method (3.74225ms)
✔ M7 link response shape is closed (0.225917ms)
✔ host prompt copy is the frozen text, verbatim (0.078542ms)
ℹ tests 11
ℹ suites 0
ℹ pass 11
ℹ fail 0
ℹ cancelled 0
ℹ skipped 0
ℹ todo 0
ℹ duration_ms 104.636833
NOT_RUN: tests/media/r04-input-runner.test.mjs (COMMERCE_R04_LIVEKIT_BINARY unset)
✔ main/detail/sku caps use the existing frozen image contract (0.667666ms)
✔ phone and tall dimensions fit2000 without enlarging small assets (0.155958ms)
✔ upload query requires one exact role and sku value; reads/actions carry no query (0.415791ms)
✔ role transport encodes current option values and refuses invalid identities (0.175625ms)
✔ effective image axis follows current options, then falls back to first (0.070334ms)
✔ detail and option photos cannot satisfy the main-photo recommendation (0.077084ms)
✔ PM-U copy has matching keys in ja and all currently routed locales (0.13725ms)
✔ real-upload mode builds both Next applications on a clean CI checkout (7.619083ms)
✔ upload recovery journal survives a new session while remaining product/store scoped (0.172791ms)
✔ an option upload receipt requires its captured axis, value and image id on canonical readback (0.124959ms)
✔ failed durable recovery storage cannot authorize a media write (0.094375ms)
✔ an active product needs a main image after canonical media is known; repair paths stay possible (0.055417ms)
✔ empty media sections render a readable localized placeholder until photos are present (5.245459ms)
✔ real-upload mode never exits through the storefront MOCK shortcut (11.236583ms)
✔ a valid active zero-main product keeps an inline repair hint rather than a page error (4.033542ms)
✔ a new product issues the image-axis stage only for a chosen axis (0.498167ms)
ℹ tests 16
ℹ suites 0
ℹ pass 16
ℹ fail 0
ℹ cancelled 0
ℹ skipped 0
ℹ todo 0
ℹ duration_ms 264.414458
(node:83577) ExperimentalWarning: Transform Types is an experimental feature and might change at any time
(Use `node --trace-warnings ...` to show where the warning was created)
✔ a fitting PNG keeps the exact original File, bytes and alpha-capable format (0.881458ms)
✔ a JPEG exactly at both limits remains original, not a lossy re-encode (0.869167ms)
✔ an oversized phone JPEG is encoded below the cap after oriented scaling (1.100375ms)
✔ a large transparent PNG stays alpha-capable and is never painted with an opaque matte (0.503333ms)
ℹ tests 4
ℹ suites 0
ℹ pass 4
ℹ fail 0
ℹ cancelled 0
ℹ skipped 0
ℹ todo 0
ℹ duration_ms 98.914542
✔ HTTPS picklist fixture carries Secure session cookies automatically while preserving CSRF refusals (114.798333ms)
✔ batch controls stay compact until an order selection or live-session scope exists (0.15575ms)
✔ selection has XOR bodies, canonical unique IDs and separate 500/100 limits (0.345208ms)
✔ cross-page selection retains existing rows, deduplicates and refuses overflow atomically (0.711584ms)
✔ pick projection rejects PII/extra keys, invalid quantities and unmatched order identities (0.587708ms)
✔ batch replies bind one-for-one to confirmed orders and preserve uncertainty code (0.141166ms)
✔ pick/export POSTs reject keys and all query variants except one exact template (2.128209ms)
✔ CSV filename binds to selected template and store; no path/header injection (0.286ms)
✔ MOCK browser fixture list matches the incumbent closed order parser (12.8065ms)
✔ recovery never clears an unknown or missing current attempt (0.142833ms)
✔ recovery and order-detail MOCK fixtures satisfy real read parsers (8.239333ms)
✔ order selection can read its session fence during SSR without browser globals (1.022125ms)
✔ MOU keeps native headed checks runnable on a Linux CI worker without DISPLAY (16.923667ms)
✔ pick fixture serves the scoped parcel reads required by the orders page (5.239458ms)
ℹ tests 14
ℹ suites 0
ℹ pass 14
ℹ fail 0
ℹ cancelled 0
ℹ skipped 0
ℹ todo 0
ℹ duration_ms 430.944083
✔ bodyless dissolve DELETE (empty body stream, no content-length) reaches Go with the CAS query, no body, no key (28.946834ms)
✔ every parcel DELETE must carry exactly one expected_version >= 1 (never forwarded without it) (8.19825ms)
✔ a DELETE that declares a body or chunked framing is refused (0.7325ms)
✔ DELETE needs the session, origin and CSRF like every command; other DELETEs stay unsupported (1.310042ms)
✔ GET parcel-groups (open groups read) and merge-suggestions pass with no query; a query or key is refused (9.159459ms)
✔ actual MOU parcel runner selects and collects the real parcel browser case (450.689375ms)
✔ merge suggestions accept the frozen shape (server-masked recipient) and reject drift (2.574167ms)
✔ created group requires the OPEN state and its members (0.404792ms)
✔ dissolved group is exactly id/state/version (0.103625ms)
✔ group shipment carries one SHIPPED version per member (2.6905ms)
✔ open groups (GET parcel-groups) accept the frozen shape and fail closed on drift (4.639167ms)
✔ reconcile: a reload rebuilds OPEN panels, a vanished OPEN group is dropped, history and live versions are kept (0.250166ms)
✔ three locales cover the same keys and every refusal code (0.232834ms)
✔ the owner-ruling sentence is exact in all three locales (0.057458ms)
✔ the in_parcel_group copy is the same sentence in parcels-copy (blocked + errors) and orders-copy, in every locale (0.086709ms)
✔ groupOfOrder prefers the OPEN group over retained SHIPPED/DISSOLVED history (0.151708ms)
✔ parcelOrderNumber is the canonical LC-<32 uppercase hex> order number and matches the open-group parser (0.118167ms)
✔ parcel refresh generation: bumped by every successful poll, whatever the cursor (0.041875ms)
✔ parcel refresh generation: an in_parcel_group refusal bumps it, other refusals do not (0.046709ms)
✔ exactly the five W3-07B resources route (0.7985ms)
✔ dissolve carries exactly ?expected_version=N (N >= 1) (0.123125ms)
✔ readMergeSuggestions 401 immediately purges parent scope and refuses late sibling 200 (23.538666ms)
✔ readMergeSuggestions 403 immediately purges parent scope and refuses late sibling 200 (4.346209ms)
✔ readMergeSuggestions 404 immediately purges parent scope and refuses late sibling 200 (3.891084ms)
✔ readOpenParcelGroups 401 immediately purges parent scope and refuses late sibling 200 (7.368542ms)
✔ readOpenParcelGroups 403 immediately purges parent scope and refuses late sibling 200 (4.894542ms)
✔ readOpenParcelGroups 404 immediately purges parent scope and refuses late sibling 200 (5.177458ms)
✔ readMergeSuggestions 503 preserves parent and local retry recovers actual DTOs (6.18475ms)
✔ readOpenParcelGroups 503 preserves parent and local retry recovers actual DTOs (4.207458ms)
✔ captured parent groups callback refuses hidden scope (10.112708ms)
ℹ tests 30
ℹ suites 0
ℹ pass 30
ℹ fail 0
ℹ cancelled 0
ℹ skipped 0
ℹ todo 0
ℹ duration_ms 545.681209
✔ exactly the nine W6-01B resources are admitted, each only under its own method (4.153334ms)
✔ the customer list is claimed only when a tag filter is present (customers-request.ts stays the owner otherwise) (0.278542ms)
✔ near misses are refused (no generic proxying) (0.163833ms)
✔ reads: no body, no key, no transfer-encoding; tag-list takes no query at all (50.9635ms)
✔ customer-list query: closed keys, tag must be a canonical uuid, list bounds identical to customers-request (2.115125ms)
✔ note-list query: only limit and after, with the customers-list bounds (0.460875ms)
✔ writes: exactly one well-formed Idempotency-Key; the two DELETEs carry no body but still need the key (5.875041ms)
✔ validTagName mirrors Go (NFC first, 1..20, trimmed, no control/Cf) (1.046ms)
✔ validNoteBody mirrors Go (1..1000, not blank, only \n \r \t controls) (0.303708ms)
✔ tag-create body: closed keys, valid name and one of the eight colors (0.235209ms)
✔ tag-patch body: at least one of name/color, nothing else (0.089334ms)
✔ owner-tags body: tag_ids (<=100 canonical uuids) + 64-hex revision, exact keys (0.179042ms)
✔ note bodies: create {body}; patch {body, version>=1}; deletes and reads carry no body at all (0.20225ms)
✔ parseTagCatalog decodes {items: TagRecord[]} with the store-catalogue bounds (1.015667ms)
✔ parseTagSet / parseDeletedTag / parseDeletedNote decode the frozen write receipts (0.223083ms)
✔ parseNoteRecord / parseNotePage decode notes with the Go note rules (1.706292ms)
✔ customer-tags copy: three locales, identical key sets, the integrator's ruled note-privacy text verbatim (0.275667ms)
✔ components wire the ruled copy and the tag/note controls the specs click (1.501792ms)
✔ tag read names must already be trimmed NFC and Unicode code-point bounded (0.33825ms)
✔ session change before network sends nothing (7.493292ms)
✔ session changes after network or during body parse drop the response (34.814584ms)
✔ transient session digest failure is settled only before dispatch (2.053125ms)
✔ lost response followed by a changed session is UNKNOWN after dispatch (1.454958ms)
✔ lost response does not auto-retry; explicit replay keeps method/key/payload/scope (2.6375ms)
✔ 5xx or malformed success is uncertain, coded refusal is settled (1.996459ms)
✔ passive tag/detail refresh preserves an unsaved new-note draft (49.761583ms)
✔ passive refresh updates visible notes but preserves edit draft and original CAS version (4.000708ms)
✔ explicit refresh signal clears old edit draft while passive array changes do not (10.590875ms)
✔ an unauthorized note read clears private note bodies and the draft (9.424041ms)
✔ a transient note read failure keeps the notes already shown (3.30325ms)
✔ an unauthorized note read signals the global logout once; a transient failure does not (5.543959ms)
✔ non-privacy writer: own notes keep Edit and Delete on a fresh mount, others' notes do not (1.339417ms)
✔ notes forbidden/not_found signals scope loss exactly once per mount, never on transient failure (13.087125ms)
✔ bad path/store/method/query/header is refused without authority or backend calls (58.184ms)
✔ the actual proxy admits a tagged customer list with scoped search/cursor and rejects malformed tag authority (5.957791ms)
✔ signed-out/cross-store/Origin-CSRF denials short circuit before body or forwarding (1.047292ms)
✔ closed bodies and DELETE payloads cannot reach Go (3.252666ms)
✔ all write methods preserve exact key/body/store and private success status (4.382792ms)
✔ note pagination preserved and hostile backend errors/bodies sanitized (7.241458ms)
✔ a catalogue forbidden or not_found asks the parent to re-run its guarded reads, with no logout (265.184ms)
✔ transient catalogue failures stay local; unauthorized logs out but is not a scope loss (116.651084ms)
✔ after a tag write the manager stays mounted: the catalogue refreshes in place, never reloads (25.976708ms)
✔ a manager-reported scope loss reloads the customer list and catalogue guarded reads (10.76975ms)
✔ CustomerDetail forwards a scope-lost signal to the guarded read once per page (17.066833ms)
✔ badges are escaped server tag facts with human-readable names (5.737375ms)
✔ actual customer notes render privacy notice, safe content, author fallback and read-only permissions (34.308ms)
✔ unknown permissions and erased customer never offer note mutations (1.490583ms)
✔ write-only notes permit add but not edit/delete of notes the server does not mark own; privacy permission permits both (1.256291ms)
✔ manager trigger and all three localized buyer-export notices render through actual components (4.148709ms)
✔ UNKNOWN survives settled unauthorized retry until trusted success; fresh run ignored (5.825ms)
✔ UNKNOWN survives settled forbidden retry until trusted success; fresh run ignored (1.192833ms)
✔ UNKNOWN survives settled version_changed retry until trusted success; fresh run ignored (1.140334ms)
✔ first-attempt preflight refusal is settled and permits a fresh action (1.759959ms)
✔ UNKNOWN and in-flight retries prevent duplicate dispatch; unmount discards stale outcome (0.675417ms)
✔ an unauthorized write signals the global logout; forbidden does not (2.068917ms)
✔ UNKNOWN command survives unmount/remount: still locked, same-key retry, cleared by trusted success (0.667375ms)
✔ a command unmounted while in flight is treated as UNKNOWN on remount (0.406584ms)
✔ a session boundary change drops the remembered UNKNOWN command (0.332041ms)
✔ a guarded read that ends signed-out signals the global logout once (5.666417ms)
✔ forbidden/unavailable failures and a successful read signal no logout (10.679125ms)
✔ refresh ending signed-out clears the view, blocks and signals the global logout once (3.718042ms)
✔ refresh ending forbidden or not-found clears the data without a logout (7.978833ms)
✔ a transient refresh failure keeps the ready view and signals nothing (7.930583ms)
✔ exactly the eight report GETs are admitted; every other method or path is refused (1.208166ms)
✔ report reads: query required, no body, no key, no transfer-encoding (25.241334ms)
✔ from/to: exactly once each, calendar-valid days, 0..91 apart (0.369625ms)
✔ session_id: only on the funnel (json and csv), a canonical uuid, once (0.267875ms)
✔ parseProductReport: echoed range/zone, <=1000 rows sorted by net desc, net = captured - refunded (4.401167ms)
✔ parseChannelReport: closed vocabulary order, money per environment strictly ascending, I05 inside every bucket (0.495542ms)
✔ parseFunnelReport: nested counts, session echo, ordered_without_link bound (0.257125ms)
✔ parseManualReport: nullable principal/session ids, bucketed money like channels (0.195292ms)
✔ reports copy: three locales, identical key sets, the integrator's ruled money annotation verbatim (0.195125ms)
✔ Reports.tsx: four tabs, CSV per tab, ruled annotation, CSS/SVG charts only (no new dependencies) (1.140291ms)
✔ report CSV closed headers use actual Go slug, echoed dates and private no-store (0.348708ms)
✔ report response projection rejects unknown keys, mismatched range and non-private responses (1.418208ms)
✔ manual buckets follow Go's uncapped row count rather than a made-up 500-row limit (1.312875ms)
✔ display sorts only inside currency/environment groups, never sums money or mutates server rows (14.870167ms)
✔ page report query accepts exactly the four report names and defaults to products (0.161ms)
✔ actual product table renders offline separately, both modes, no UUID copy and sortable headers (25.998458ms)
✔ actual channel chart exposes exact numbers and both money modes using SVG (2.972084ms)
✔ actual funnel has four stages, nested widths and truthful zero-denominator text (3.886708ms)
✔ manual table resolves authorized labels, has honest fallback, and never presents UUIDs (6.106084ms)
✔ all report views render localized empty states (1.436209ms)
✔ actual BFF refuses malformed query, unknown store/session, disabled auth and missing CSV fences before Go (84.279709ms)
✔ actual BFF closed JSON projection and CSV scope/query preserve trusted token; no forwarded client authority (20.211875ms)
✔ actual BFF permission and malformed CSV response fences do not masquerade as a download (14.961375ms)
✔ audited browser GET accepts same-origin Fetch Metadata plus CSRF, never cross-site or forwarded Host (23.318542ms)
✔ actual CSV client preflight sends nothing after session change, and a lost audit response is uncertain with no retry (20.172834ms)
✔ actual CSV client refuses stale-session bytes and downloads only a closed private response (13.001541ms)
✔ report leaf gives the actual trusted fetch 65 seconds, rejects redirects and forwards only server bearer (8.325542ms)
✔ incoming request cancellation aborts the real report fetch once, returns safe unavailable and never retries (9.514209ms)
✔ CSV final synchronous fence conceals bytes when cancellation, hide or cookie rotation happens inside final await (32.464042ms)
✔ CSV end-to-end deadline covers store lookup and report budget; aborted preflight sends no audited request (10.479958ms)
✔ an uncertain export stays locked for its scope after another scope's export (10.819708ms)
✔ an uncertain export scope persists per store in tab storage and re-locks a fresh render (44.12175ms)
✔ unavailable tab storage fails closed to the in-memory lock without throwing (7.372417ms)
✔ export lock is stored before dispatch; refused/delivered outcomes release it, uncertain and cut-short keep it (63.9535ms)
✔ releasing one scope keeps the other uncertain scopes of the store (12.204625ms)
✔ export is refused and nothing is dispatched when the lock cannot be saved (denied, full or no storage) (12.223583ms)
✔ copy for an unsaved export lock exists in every locale (0.098875ms)
✔ product sort query parses strictly and defaults to net_minor descending (0.194167ms)
✔ legacy-store permission probe: forbidden/not-found/signed-out fail the read closed, transient falls back (12.123417ms)
✔ channel and funnel data retain their applied dates while draft dates wait for Show (131.310583ms)
✔ an uncertain export lock is bound to the session boundary, so a different user does not inherit it (25.691625ms)
✔ Finance landing links to reports under the same canSeeReports rule (10.371209ms)
✔ selected tag survives searches and cursor pagination while an empty filter is omitted (58.642667ms)
✔ customer list dispatch preserves legacy requests and sends every tag query to the closed W6 authority (400.90775ms)
✔ customers reports link is hidden only when permissions are present and lack orders:read (0.183291ms)
✔ reports are a finance subpage and preserve the existing single finance navigation entry (0.141667ms)
✔ an authoritative erased customer immediately unmounts the cached private tags/notes subtree (36.620917ms)
✔ the actual customer row shows manual tags and imported status without changing consent (5.14675ms)
✔ P1 actual tag DELETE accepts an empty Next-style stream without JSON MIME (515.820708ms)
✔ P1 actual note DELETE accepts an empty Next-style stream without JSON MIME (10.017791ms)
✔ P1 body-carrying tag writes still require JSON MIME through the real BFF (0.505166ms)
✔ P2 customer bare/encoded tag keys are invalid422 through the actual leaf before any backend (4.311083ms)
✔ P2 report products real session/CSRF response is private and Vary Cookie (1.618792ms)
✔ P2 report products.csv real session/CSRF response is private and Vary Cookie (2.275375ms)
✔ P2 report malformed query and wrong CSRF are rejected by actual helpers before upstream (2.233042ms)
ℹ tests 118
ℹ suites 0
ℹ pass 118
ℹ fail 0
ℹ cancelled 0
ℹ skipped 0
ℹ todo 0
ℹ duration_ms 1519.131625
✔ real coded errors retain baseline classification and normalize import leaf cache to private,no-store (25.323916ms)
✔ preflight missing CSRF is definite and sends nothing; actual route CSRF and session refusals stay definite (4.596834ms)
✔ actual route uses real cookies/store membership and method/error envelopes, no helper substitutions (3.349583ms)
✔ actual client/route preserves original Blob bytes, trusted transport and privacy projection on200/409 (5.3605ms)
✔ success or stale preview must remain private; malformed/unknown/mismatched coded errors are uncertain after commit (7.3455ms)
✔ lost/unreadable/session-changed dispatched commit remains UNKNOWN; no automatic retry (1.666709ms)
✔ actual failed-only result route strips IDs and real final session/cancel fence exposes no download (3.142666ms)
✔ actual route refuses unknown resource/query and duplicate session cookies before any upstream call (0.486459ms)
✔ actual route incoming cancellation aborts one dispatched transport and preserves client UNKNOWN (2.564834ms)
✔ real coded error cache may not be public, and closed payload may not acquire data-bearing fields (3.606834ms)
✔ copy still exposes specific merchant field reasons across three locales (3.292958ms)
✔ all real local and upstream import refusals including HEAD/unsupported are exact private,no-store (0.571834ms)
✔ fresh mismatched receipt stays UNKNOWN, exact manual replay mismatch becomes terminal without a third send (1.2905ms)
✔ terminal is impossible for malformed replay receipts or matching replayed counts (0.908916ms)
✔ Big5 bytes pass unchanged to upstream and real422 import envelope surfaces encoding_not_utf8 (0.745292ms)
✔ oversize file uses the actual header guard and specific size guidance in all locales without dispatch (10.48025ms)
✔ commit uses the original requested mapping, including an empty optional field, not resolved preview metadata (6.720333ms)
✔ an UNKNOWN commit remains locked through a later forbidden retry and only explicit same-file success unlocks (3.362708ms)
✔ leaving during a dispatched commit drops its payload and keeps an unconfirmed boolean without replay (2.126292ms)
✔ a definite first preflight refusal clears pending before sign-out and does not invent an unconfirmed import (2.936458ms)
✔ a replayed mismatched receipt ends UNKNOWN without offering another retry or unlocking historical orders (2.452958ms)
✔ real cookie and CSRF helpers generate and validate the actual host-cookie pair (1.347708ms)
✔ exact route rejects methods/keys/body/query/scope before any upstream request using real localError (2.759209ms)
✔ missing/duplicate session cookies reject and real clearAuthCookies expires session and CSRF (0.400375ms)
✔ actual authenticatedStores denies a store absent from the server projection (0.597042ms)
✔ private success routes server cookie token and exact canonical after, never caller bearer/cookie to Go (0.795583ms)
✔ actual safeError/localError preserve coded status with no-store and redact upstream diagnostics (0.931292ms)
✔ actual readBody and strict projection refuse MIME/oversize/extra private fields/city; network loss stays private (2.479ms)
✔ actual client issues GET50/after through real route/private successful projection (14.185ms)
✔ actual helper-issued browser fence rejects changed parent before dispatch (0.844834ms)
✔ private success from real route is discarded when the browser session changes during upstream read (1.261334ms)
✔ real localError no-store 401/403/404/503 preserves correct read category with no retry (4.505ms)
✔ malformed sensitive backend projection becomes real unavailable, never a fake BFF success (0.673916ms)
✔ strict archive rows decode external order text, safe minor units and public keys (3.3795ms)
✔ PII-shaped city and extra sensitive fields never pass the safe projection (0.347709ms)
✔ all canonical Go cities pass; malformed types/bounds/order/time/money/cursor fail (1.11875ms)
✔ read grammar is exact limit/after, not the stale brief's cursor name (16.874125ms)
✔ three locales retain truthful history-not-revenue basis and copy parity (0.195166ms)
✔ SSR renders actual safe rows, shared money/time, total count and read-only three-locale basis (34.952958ms)
✔ SSR distinguishes empty archive, 403, session loss and unavailable without stale rows/count (3.046667ms)
✔ actual pagination callbacks use opaque trail; double click cannot skip; refresh/scope reset page1 (2.450375ms)
✔ the static import subpage wins over customer detail and leaves the single customers nav intact (0.894708ms)
✔ the actual list offers import only to privacy holders and carries the current authorized store (150.133375ms)
✔ the actual detail mounts archive only for an active imported customer and passes its fenced identity (20.294667ms)
✔ MIUI-READY-VISIBLE-STORE actual signed helper waits on the visible selector and retains cookie/wizard assertions (232.557041ms)
✔ MIUI-READY-DENIED read-only staff reaches the real shell refusal instead of waiting for a private wizard (9.013875ms)
✔ failure verdicts precede successful rows, by source row number, without mutating the input (0.6925ms)
✔ the failure download contains only failed row metadata, with no source cell or success identifier (0.221084ms)
✔ reads quoted/BOM header only, without decoding malformed bytes from data rows (3.659917ms)
✔ guess only unique metadata aliases with explicit unmapped values (0.370625ms)
✔ shared dynamic leaf admits only exact import methods/actions and bounded mapping/count (22.221042ms)
✔ failed CSV emits only row/outcome/code, refusing any unexpected identifier or raw cell (0.2265ms)
✔ raw-byte cap does not decode/rebuild uploads and cancels oversized chunks (7.237959ms)
✔ backend privacy projection strips all source IDs on successful and failed rows (0.914916ms)
✔ closed preview parser refuses data-bearing rows, unknown keys and inconsistent counts (0.239292ms)
✔ order preview counts units while first CSV record numbers can exceed rows_total (0.079791ms)
✔ commit receipt has exactly five keys and no extra customer cells (0.100708ms)
ℹ tests 57
ℹ suites 0
ℹ pass 57
ℹ fail 0
ℹ cancelled 0
ℹ skipped 0
ℹ todo 0
ℹ duration_ms 829.894708
✔ parseShard: i/N, empty means unsharded, anything malformed throws (0.903542ms)
✔ assignShards: deterministic, every key owned once, near-balanced (LPT bound) (1.001458ms)
✔ planClick: for every N the shards partition the whole universe (every registry route x variant, storefront walk, journey) (2.110709ms)
✔ planClick at N=10 keeps every shard within ~1.3x of the mean planned cost (0.370125ms)
✔ aggregate click: honest shards pass for several N (3.385333ms)
✔ aggregate click: a missing shard, a dropped page row, a lost journey, a failing row, a stale known defect and a missing platform marker are each a failure (4.030375ms)
✔ aggregate click: a route added to the registry after the shards ran cannot pass (the registry is re-read) (0.760166ms)
✔ aggregate visual: honest shards pass; a missing shard, a missing shot, a blocking verdict and a registry route outside the universe each fail (5.378542ms)
ℹ tests 8
ℹ suites 0
ℹ pass 8
ℹ fail 0
ℹ cancelled 0
ℹ skipped 0
ℹ todo 0
ℹ duration_ms 110.204791
ci-plan: 10 job(s); click-sweep x10 (aggregate)
  --browser-click-sweep@1/10  -> artifact gate-browser-click-sweep_1_10
  --browser-click-sweep@2/10  -> artifact gate-browser-click-sweep_2_10
  --browser-click-sweep@3/10  -> artifact gate-browser-click-sweep_3_10
  --browser-click-sweep@4/10  -> artifact gate-browser-click-sweep_4_10
  --browser-click-sweep@5/10  -> artifact gate-browser-click-sweep_5_10
  --browser-click-sweep@6/10  -> artifact gate-browser-click-sweep_6_10
  --browser-click-sweep@7/10  -> artifact gate-browser-click-sweep_7_10
  --browser-click-sweep@8/10  -> artifact gate-browser-click-sweep_8_10
  --browser-click-sweep@9/10  -> artifact gate-browser-click-sweep_9_10
  --browser-click-sweep@10/10  -> artifact gate-browser-click-sweep_10_10
✔ the full sweep and the full visual lint fan out into every shard and ask for the aggregate (1.096291ms)
✔ foundation-shards = the unit shard + every plan group; the serial `foundation` mode is untouched (0.675167ms)
✔ an explicit shard re-run (or a partial list) never claims the whole-run aggregate (0.095666ms)
✔ duplicates collapse, artifact names are safe and unique, bad input is refused (0.31525ms)
✔ main writes matrix / sweep_n / visual_n to GITHUB_OUTPUT (1.333667ms)
✔ backend-only paths run foundation-shards only (1.188584ms)
✔ node tests of deploy scripts and of the CI planner are backend-only (they cannot change a browser) (0.359666ms)
✔ a UI path adds the whole browser set, including click-sweep and visual-lint (2.491583ms)
✔ docs-only and output-only diffs keep the single required check (foundation-shards) (1.090125ms)
✔ tests/foundation/browser_* is a browser path, other tests/foundation files are not (0.376458ms)
✔ deploy flag: deploy/ and scripts/deploy* only (0.9445ms)
✔ the browser set is release-gate's browser-mode universe minus the documented exclusions (12.858958ms)
✔ parser: only compiled, correctly-shaped Test functions of untagged _test.go files (1.665541ms)
✔ the real plan: every top-level test of tests/foundation runs in exactly one group (805.037875ms)
✔ a new test (in no list) still runs, exactly once, in the catch-all group; the same name with no catch-all is red (1605.616375ms)
✔ a test listed in two groups is red; drift beyond the limit is red (2322.237875ms)
✔ regexes: anchored explicit lists; the catch-all skips exactly everyone else's tests (1.122833ms)
✔ pack: deterministic, balanced to within the longest test, every name once (13.2075ms)
✔ parseDurations: top-level lines only (0.304417ms)
ℹ tests 19
ℹ suites 0
ℹ pass 19
ℹ fail 0
ℹ cancelled 0
ℹ skipped 0
ℹ todo 0
ℹ duration_ms 5065.517416
✔ A8/A9/A13 and published templates: exact reads forward once with no-store (25.037917ms)
✔ real streamed POST bodies: A10-A14 exact keys reach upstream (13.59275ms)
✔ query, read headers, methods and body allowlists refuse before upstream (6.906875ms)
✔ session, CSRF and store authority precede content forwarding (3.0285ms)
✔ A12 fixed codes preserved; arbitrary upstream diagnostics stripped (6.786083ms)
✔ client preserves codes and receipt; changed/aborted session cannot publish private response (6.123875ms)
✔ A9 admits a full page of valid Unicode replies while bounding private response bytes (8.350625ms)
✔ non-JSON upstream 401 still expires both authentication cookies without diagnostic leakage (3.4255ms)
✔ real M7 response keeps no-referrer after matching Next production header rules (9.979292ms)
✔ three unit languages cover identical fixed labels and delivery states (0.851542ms)
✔ hiding aborts requests and rejects late responses, even after reveal (0.426042ms)
✔ switching selection invalidates both reads and write completions (0.066833ms)
✔ owner and explicit inbox permissions only; viewer fails closed (0.056709ms)
✔ Messenger counts Unicode codepoints; Instagram counts NFC UTF8 bytes (0.669916ms)
✔ uncertain transport retries retain the exact submission; definitive conflicts retire it (2.181167ms)
✔ privacy calibration cannot activate with production origin or ordinary caller env (0.634791ms)
✔ late focus/pageshow while native document remains hidden cannot reveal requests (0.134ms)
✔ terminal navigation revocation cannot be undone by focus or refresh until a new page fence (0.065375ms)
✔ a ticket from another store/page fence is never accepted (0.044417ms)
✔ focus while already visible preserves the active epoch and the uncertain reply receipt (0.090125ms)
ℹ tests 20
ℹ suites 0
ℹ pass 20
ℹ fail 0
ℹ cancelled 0
ℹ skipped 0
ℹ todo 0
ℹ duration_ms 381.716416
✔ installed APIRequestContext cookie rules exclude Secure cookie from HTTP127 but retain HTTPS/localhost (0.435542ms)
✔ actual INU02 cross uses browser auth and retains exact 404/DM absence (31.425125ms)
✔ actual INU02 cross still rejects wrong authority 401 (3.345042ms)
✔ actual INU02 cross still rejects wrong authority 200 (1.743791ms)
✔ actual INU02 cross still rejects DM in denied response (2.8385ms)
✔ actual INU02 denied uses browser auth and retains exact 403/DM absence (6.069333ms)
✔ actual INU02 denied still rejects wrong authority 401 (2.667209ms)
✔ actual INU02 denied still rejects wrong authority 200 (2.445709ms)
✔ actual INU02 denied still rejects DM in denied response (2.551958ms)
✔ actual login settles /en and fixture store (real switch, scoped=false) (202.3805ms)
✔ actual login settles /en and fixture store (real switch, scoped=true) (174.013125ms)
✔ actual login settles /en/inventory and fixture store (real switch, scoped=false) (75.952292ms)
✔ actual login settles /en/inventory and fixture store (real switch, scoped=true) (21.819833ms)
✔ actual login settles /en/messages and fixture store (real switch, scoped=false) (6.699583ms)
✔ actual login settles /en/messages and fixture store (real switch, scoped=true) (5.545916ms)
✔ actual login settles /en and fixture store (already selected, scoped=false) (5.0805ms)
✔ actual login settles /en and fixture store (already selected, scoped=true) (16.562791ms)
✔ actual login settles /en/inventory and fixture store (already selected, scoped=false) (1.861417ms)
✔ actual login settles /en/inventory and fixture store (already selected, scoped=true) (2.132667ms)
✔ actual login settles /en/messages and fixture store (already selected, scoped=false) (1.692542ms)
✔ actual login settles /en/messages and fixture store (already selected, scoped=true) (4.995334ms)
✔ bundle fixture uses real claim commands and mounts existing M6/M7 without issuing early (1.109875ms)
✔ sensitive bundle scenario clicks native clipboard with trace/video disabled and no token body reads (0.208208ms)
✔ persisted link and token-free command receipt are compared without disclosing credentials (0.134334ms)
✔ actual clipboard evaluator exports only safe summary and detects malformed or retained synthetic credentials (833.514875ms)
✔ claim-window fixture isolates recovery after the current migration permits multiple OPEN windows (3.316ms)
✔ ordinary Playwright diagnostics still capture failed-page ARIA when private guard is absent (15.793208ms)
✔ sensitive worker lifecycle prevents actual installed snapshot capture without masking the failure (35.391583ms)
✔ worker restores prior environment even when use rejects (absent) (10.766875ms)
✔ worker restores prior environment even when use rejects (empty) (3.058166ms)
✔ worker restores prior environment even when use rejects (existing-policy) (4.902166ms)
✔ fixture is worker-auto and module collection does not suppress ordinary diagnostics (77.709333ms)
✔ ordinary matcher ARIA context bypasses fallback flag and remains in actual installed diagnostics (1.061333ms)
✔ private test teardown removes only matcher page context while preserving failure (failed status) (89.57775ms)
✔ private test teardown removes only matcher page context while preserving failure (rejected use) (18.547125ms)
✔ matcher guard is test-auto without replacing the installed artifact auto fixture (6.103583ms)
✔ real Playwright --list collects each original INU case and isolated INU09 exactly once (2291.091917ms)
✔ A real Inbox selection admits Go A9 attachments null without losing thread (136.352708ms)
✔ A real Inbox selection admits Go A9 attachments empty array without losing thread (8.516292ms)
✔ A malformed non-array A9 attachments is refused without painting DM or crashing selected entry (4.597791ms)
✔ C A8 HTTP200 empty list is ordinary data with no alert, selection or focus request storm (1.129584ms)
✔ C A8 list404 is scoped inbox unavailable in en, never an empty list or conversation denial (1.897709ms)
✔ C A8 list404 is scoped inbox unavailable in zh-TW, never an empty list or conversation denial (4.117625ms)
✔ C A8 list404 is scoped inbox unavailable in zh-CN, never an empty list or conversation denial (1.663834ms)
✔ C click-sweep Go harness mounts existing Inbox/templates services (STRUCTURE_ONLY, Go NOT_RUN) (7.168708ms)
✔ C click-sweep includes actual-router owner200 empty inbox assertion (STRUCTURE_ONLY, Go NOT_RUN) (0.554792ms)
✔ inbox evidence is covered by the CI upload root (1.263292ms)
✔ failed Playwright closes its log and emits sanitized diagnostics before Fatalf (37.735833ms)
✔ failure diagnostics match INU cases/counts without admitting private text (0.796042ms)
✔ INU04 delayed handler 1 signals completion when fulfillment rejects (84.625666ms)
✔ INU04 delayed handler 2 signals completion when fulfillment rejects (5.606833ms)
✔ recoveryDone waits for actual held M7 completion in zh-TW (161.131292ms)
✔ recoveryDone waits for actual held M7 completion in zh-CN (13.692292ms)
✔ recoveryDone waits for actual held M7 completion in en (4.599292ms)
✔ review2 P1 bundle-only row opens real A13 and issues existing M7 claim link to clipboard (300.812792ms)
✔ review2 P1 clipboard denial recopy reuses cached issued URL without another M7 POST (17.278041ms)
✔ review2 P1 lost M7 ACK retries exact receipt and null replay token never mints a fresh key (5.709833ms)
✔ review2 P1 missing CSRF before cached recopy cannot copy or issue again (7.71725ms)
✔ review2 P1 missing CSRF before uncertain retry rejects preserved receipt dispatch (2.890583ms)
✔ review2 P1 late issued-link completion after hide cannot write clipboard (12.11725ms)
✔ review2 P1 late issued-link completion after selection cannot write clipboard (12.711166ms)
✔ review2 P1 late issued-link completion after unmount cannot write clipboard (6.898167ms)
✔ review2 P1 late issued-link completion after logout cannot write clipboard (7.936542ms)
✔ review2 P1 claim-link issuance denied without both live read/manage (inbox:read,live:read) (7.540833ms)
✔ review2 P1 claim-link issuance denied without both live read/manage (inbox:read,live:manage) (10.408208ms)
✔ review2 P1 missing authoritative recovery identity never guesses generation {"missingSession":true} (60.88775ms)
✔ review2 P1 missing authoritative recovery identity never guesses generation {"noBundle":true} (51.431542ms)
✔ review2 P2 exactly one matching binding uses named DM hard gate ok (9.804375ms)
✔ review2 P2 exactly one matching binding uses named DM hard gate review_required (5.663ms)
✔ review2 P2 exactly one matching binding uses named DM hard gate missing_permission (7.109083ms)
✔ review2 P2 multiple same-provider bindings advisory only (dm_session:ok,dm_session:missing_permission) (4.015458ms)
✔ review2 P2 multiple same-provider bindings advisory only (dm_session:missing_permission,dm_session:reauth_required) (1.630709ms)
✔ review2 P2 multiple same-provider bindings advisory only (dm_session:ok,read_comment:missing_permission) (1.266833ms)
✔ review2 P2 multiple same-provider bindings advisory only (dm_session:review_required,dm_session:ok) (1.037417ms)
✔ review2 P2 actual scoped A12 409 capability refusal remains visible after advisory submit (7.625458ms)
✔ review2 P2 missing health and single binding without named DM remain disabled (1.695125ms)
✔ review2 P2 expired cached issued link cannot be recopied or silently reissued (5.897291ms)
✔ P1-1 actual visible focus preserves pending ticket, selection, revision and real retry receipt (12.97ms)
✔ P1-1 actual unchanged-session pageshow checks without clearing; changed-session focus expires (0.381917ms)
✔ P1-1 actual hide/reveal clears and requests fresh revision, never accepts obsolete completion (0.30525ms)
✔ P1-1 changed-session visible focus expires even with a pending request (1.761833ms)
✔ P1-2 actual A9 refresh 404 removes rendered DM and unsent draft (54.005459ms)
✔ P1-2 actual send-finally A9 404 removes DM, draft and uncertain immutable receipt (9.648375ms)
✔ actual uncertain send still retains exact receipt when A9 authority remains (0ms post-send A9) (22.423417ms)
✔ actual uncertain send still retains exact receipt when A9 authority remains (50ms post-send A9) (120.23775ms)
✔ actual A9 stale held completion cannot paint after component cleanup (2.891125ms)
✔ P2 actual A14 404 clears buyer facts and customer draft (explicit future-version MOCK) (5.010083ms)
✔ safe authority errors remain the actual InboxError transport class (0.269416ms)
✔ actual current A13 without version keeps A14 disabled; future MOCK grants no backend claim (1.774666ms)
✔ P1-2 actual A11 takeover write 404 clears private state despite failing follow-up A9 (4.098333ms)
✔ P1-2 actual A12 send write 404 clears private state despite failing follow-up A9 (6.995333ms)
✔ A13 server orders omission remains distinct from authorized omitted data (2.954917ms)
✔ A13 server orders omission remains distinct from authorized empty data (1.186208ms)
✔ A13 server orders omission remains distinct from authorized populated data (4.13625ms)
✔ actual shell-store-selector captures selection before synchronous privacy teardown (allowed=true) (71.501375ms)
✔ actual shell-store-selector captures selection before synchronous privacy teardown (allowed=false) (8.550292ms)
✔ actual locale-switch captures selection before synchronous privacy teardown (allowed=true) (12.339042ms)
✔ actual locale-switch captures selection before synchronous privacy teardown (allowed=false) (7.7035ms)
✔ persisted A9 UNKNOWN after page entry warns and blocks the real composer in en (42.235958ms)
✔ persisted A9 UNKNOWN after page entry warns and blocks the real composer in zh-TW (9.290375ms)
✔ persisted A9 UNKNOWN after page entry warns and blocks the real composer in zh-CN (8.469583ms)
✔ A12 queued ACK followed by final A9 UNKNOWN overrides the local queued notice and blocks another send (16.76ms)
✔ a captured previously enabled composer cannot bypass final UNKNOWN learned by Refresh (12.7825ms)
✔ a later A9 page omitting the known UNKNOWN is not delivery reconciliation (11.456583ms)
✔ persisted queued is not mislabeled UNKNOWN and retains ordinary composer eligibility (9.465792ms)
✔ persisted sent is not mislabeled UNKNOWN and retains ordinary composer eligibility (7.304375ms)
✔ persisted failed is not mislabeled UNKNOWN and retains ordinary composer eligibility (1.639167ms)
✔ persisted blocked is not mislabeled UNKNOWN and retains ordinary composer eligibility (4.246167ms)
✔ fresh mount refuses when an old UNKNOWN is beyond 51 newer messages (fact=true) (2.458375ms)
✔ fresh mount refuses when an old UNKNOWN is beyond 51 newer messages (fact=null) (4.607916ms)
✔ fresh mount refuses when an old UNKNOWN is beyond 51 newer messages (fact=undefined) (1.858334ms)
✔ fresh mount refuses when an old UNKNOWN is beyond 51 newer messages (fact=false) (6.431417ms)
✔ a refreshed unknown authority replaces old clear authority even for a captured composer (2.610625ms)
✔ window strict eligibility with 300001ms before hard 24h deadline (22.617083ms)
✔ window strict eligibility with 300000ms before hard 24h deadline (1.942416ms)
✔ window strict eligibility with 60000ms before hard 24h deadline (1.254584ms)
✔ window strict eligibility with 0ms before hard 24h deadline (1.076583ms)
✔ window invalid server deadline fails closed without preparing a send (1.128167ms)
✔ window captured enabled form callback cannot POST after crossing safe cutoff (3.141708ms)
✔ window deadline timer closes controls at cutoff and hard end without waiting for 15s poll (1.238583ms)
✔ quota recovery gives exact zh-TW comment-quota and DM-window instructions beside copy only (0.429333ms)
✔ quota recovery gives exact zh-CN comment-quota and DM-window instructions beside copy only (0.144ms)
✔ quota recovery gives exact en comment-quota and DM-window instructions beside copy only (0.107084ms)
ℹ tests 123
ℹ suites 0
ℹ pass 123
ℹ fail 0
ℹ cancelled 0
ℹ skipped 0
ℹ todo 0
ℹ duration_ms 2527.463041
