✔ /products/{uuid} redirects permanently to the zh-TW product page (104.104625ms)
✔ non-uuid ids are 404, never redirected (1.214041ms)
✔ AT1: the locale redirect preserves the ad-click query without allowing a redirect target (0.186833ms)
✔ R10: standalone signed signals survive a missing or expired seven-day touch (6.573791ms)
✔ R10: standalone signals reject expiry, bad signature, duplicates and another host (0.229458ms)
✔ AT1 R5: browser identity survives expired touch and rolls for ninety days (0.169ms)
✔ AT1 R5: missing ad parameters create no cookies; fbclid alone creates no touch (0.225416ms)
✔ AT1 R5: lc_ad alone updates attribution and does not replace fbc (0.771542ms)
✔ AT1: host-only first-party cookies contain no PII and read back exactly (0.78425ms)
✔ AT1: a later valid click replaces the draft but preserves the browser identifier (0.388292ms)
✔ R10: only a different fbclid replaces fbc and its first-seen timestamp (0.791792ms)
✔ AT1: malformed and ambiguous links do not overwrite a valid prior touch (1.445209ms)
✔ AT1: host and key binding reject copied cookies (0.270875ms)
✔ AT1: duplicates and tampering invalidate the entire envelope (0.182291ms)
✔ AT1: exactly seven days is valid, the next millisecond and future clicks are not (0.1505ms)
✔ catalog list query limits equal the Go v2 parser (internal/buyerhttp/catalogv2.go) (5.358792ms)
✔ collection list cap equals Go maxCollectionsPerStore (3.729375ms)
✔ design caps equal internal/design/schema.go (nav, sections, pages) (3.549375ms)
✔ CVS buyer-entered store bounds and return path equal Go (internal/checkout/cvs.go, migration 0093) (3.538958ms)
✔ transfer view: closed shape and state rules mirror Go validTransferView (0.830708ms)
✔ proof body and result: five digits, positive minor amount, ISO instant (1.104333ms)
✔ minorFromText: major units with at most two decimals, never a float surprise (0.389709ms)
✔ buyer email mirror: one plain address, 254 characters at most (0.374458ms)
✔ countdown: whole hours and minutes, never negative (0.853917ms)
✔ copy: three locales carry every key and every refusal code (0.659625ms)
✔ options: a home row lists modes only with bank_transfer and then needs its window (1.193875ms)
✔ checkoutInput: a home bank_transfer body, the optional trimmed email, and every refusal before any request (1.308667ms)
✔ order: AWAITING_TRANSFER is a valid commercial state without a hold time (0.468417ms)
✔ BFF: exact transfer routes, keyed proof PUT, strict body, validated answers, no generic proxy (192.493916ms)
✔ BFF: transfer refusal codes pass through as definite 422; checkout accepts bank_transfer and a valid email only (2.944667ms)
✔ D06 order heading follows a settled transfer: never 'waiting for transfer' above a confirmed or expired one (0.108625ms)
✔ uncertain prepare blocks all mutations; changed cookie context resolves journal (137.018125ms)
✔ fully parsed local denial clears only its own pending operation (28.91175ms)
✔ malformed journal, unavailable lock and stale context fail before writes (6.632542ms)
✔ BPT05 exact handoff permits absent body/key, one fetch, no form persistence (13.89425ms)
✔ BPT05 wrong handoff form and ordinary writes fail before any fetch (0.565708ms)
✔ BPT05 unresolved cookie journal blocks handoff; lost response is one fetch without persistence (0.164334ms)
✔ SU02 refresh permits absent body/key, one fetch, no persistence (0.234125ms)
✔ SU02 refresh rejects a body, a key or a malformed path before any fetch (0.157625ms)
✔ SU02 cancel permits absent body/key, one fetch, no persistence (0.116542ms)
✔ SU02 cancel rejects a body, a key or a malformed path before any fetch (0.105625ms)
✔ BPT01 exact private path, headers, body and three-locale one-fetch transport (108.499125ms)
✔ BPT02 payment routes reject untrusted path, context, headers, key and body before fetch (8.823917ms)
✔ BPT03 hostile upstream success is sanitized, never returned as payment data (4.568417ms)
✔ BPT04 every handoff failure is nonretryable, including pre-route and transport loss (1.891125ms)
✔ SU02 five routes: exact upstream path, method, key, body, one fetch each (1.048334ms)
✔ SU02 refresh and cancel are keyless and pass every CSRF/context denial before fetch (1.473375ms)
✔ SU02 every handoff/refresh/cancel failure is nonretryable and sanitized (10.121084ms)
✔ SU02 hostile Stripe bodies become the sanitized 503; PAYUNi and Stripe bodies stay byte-identical (124.53325ms)
✔ SU02 prepare accepts only the two known method codes (0.732833ms)
✔ disabled and invalid configuration fail closed before private fetch (20.936541ms)
✔ private authority, cookie lifecycle and strict local denial (127.565625ms)
✔ bad host, cookie, query and method never reach private API (21.333541ms)
✔ stalled inbound POST body is canceled at its deadline without a cookie or private call (15.52ms)
✔ R10: Begin forwards independently signed signals; browser attribution and forwarded hosts are not authority (32.080417ms)
✔ CVS BFF: exact routes, keyed open/store, keyless verify, validated answers, no generic proxy (8.338375ms)
✔ CVS BFF: contract refusal codes pass through; pay_at_pickup_limit is a definite (non-retryable) 429 (5.885333ms)
✔ round2 stale A session response cannot supersede newer refresh B or its lost-write Retry (373.448917ms)
✔ round2 stale A session response cannot supersede newer mutation B or its lost-write Retry (17.601542ms)
✔ rotated buyer context clears the prior cart on read and preserves the B receipt (15.246208ms)
✔ rotated buyer context clears the prior cart on lost-write and preserves the B receipt (10.053083ms)
✔ rotated buyer context clears the prior cart on refresh-read and preserves the B receipt (283.719791ms)
✔ lost first write keeps Retry alive: same context, same idempotency key, no second purchase (163.438ms)
✔ fragment grammar accepts only one canonical token (0.469333ms)
✔ claim projections are closed (0.250166ms)
✔ claim token rides only its header on B1/B2 and is never echoed (66.246541ms)
✔ claim-priced cart edits send only SKU and quantity, keeping server price authority (67.751416ms)
✔ direct-checkout sold-out projection is mandatory, boolean and closed (0.183ms)
✔ claim redeem shares the purchase lock, guards recovery and never persists the token (1.793542ms)
✔ ClaimLink removal projects live-priced survivors on ready and conflict pages (238.901125ms)
✔ ClaimLink revisit checks out applied A while pending B is sold out or unavailable (16.460542ms)
✔ ClaimLink refreshes a nothing result after a second tab applied the claim (17.989375ms)
✔ ClaimLink does not navigate when a buyable claim target is absent or has changed quantity (153.608042ms)
✔ ClaimLink optional prior-order notice tolerates unreadable storage without bypassing recovery (38.29375ms)
✔ CVS01 map form: only the two ECPay e-map actions, exact fields, top-level-safe values (1.193625ms)
✔ CVS02 return path allowlist excludes /claim and anything but the checkout or product page (0.130917ms)
✔ CVS03 selection projection: VERIFIED<=>pickup, REJECTED<=>reject_code, absent keys read as null (0.459583ms)
✔ CVS04 buyer-entered store answer and request body (0.29125ms)
✔ CVS05 store code table (§16.1) keeps leading zeros and per-chain lengths (0.145958ms)
✔ CVS06 recipient mirror: real-name width 4..10 (CJK=2), no digits/symbols/emoji; 09 mobile (0.530416ms)
✔ CVS07 checkout draft: name, phone and mode only; read once; corrupt/foreign shapes are dropped (0.183916ms)
✔ CVS08 return URL: only ?cvs_selection=<uuid> is accepted (0.077292ms)
✔ CVS09 buyer order projection and copy keys: nothing but PICKED_UP says picked up (0.101125ms)
✔ CVS10 error codes: field mapping, definite refusals, official links are https constants (0.195792ms)
✔ CVS11 client transport: verify is the one new keyless POST; the server refusal code rides BuyerClientError.detail (110.525917ms)
✔ every locale x page has a title, an updated line and at least one section (1.713958ms)
✔ locales share the section count and per-section body count of every page (1.76975ms)
✔ final text is only the owner-confirmed company facts (CR 81215167 name + registered address); nothing else is final (0.702416ms)
✔ a legal page is published only when every text on it is final; buyers see no link to an unpublished one (0.587125ms)
✔ data-deletion path is named in the privacy page of every locale (0.088292ms)
✔ pendingOwnerText lists exactly the texts that keep a page unpublished and is written for the owner (1.255ms)
✔ a live (claim-origin) price replaces the catalog price and strikes it through (1.571209ms)
✔ without a live price the catalog price and its compare-at are shown unchanged (0.227334ms)
✔ a live price equal to or above the catalog price is shown as set (strike hidden by the UI guard) (0.100791ms)
✔ a live price strikes the catalog price, never the variant sale price (0.055667ms)
✔ order ref: 12 hex (dashes or spaces, any case) or a full id (10.091833ms)
✔ contact: one email or a phone of 6..20 digits (0.247417ms)
✔ body is exactly {order_ref, contact}; the answer is exactly {order_id} (0.1575ms)
✔ BFF lookup: no cookie needed, fresh token goes upstream, cookie only on 200 and it carries that same token (281.80925ms)
✔ BFF lookup: strict local denial before any private fetch (4.19075ms)
✔ copy: three locales carry every key (0.238458ms)
✔ MS4 srcset descriptors use actual decoded widths and deduplicate small renditions (0.6185ms)
✔ MS1 product rendition allowlist preserves trusted Host and never forwards buyer cookies (25.473041ms)
✔ MS2 invalid, duplicate, extra, encoded widths and non-product variants fail before fetch (44.692292ms)
✔ MS3 old-image fallback is never promoted to immutable; committed variants are cacheable (41.106375ms)
✔ TWD whole amounts show no decimals in every locale and at every magnitude (line, subtotal, total, zero) (33.204416ms)
✔ cents appear only when there are cents, then always as two digits; the minor-unit arithmetic is untouched (0.191875ms)
✔ digits come from the currency: JPY none, USD two when there are cents (0.726417ms)
✔ one formatter: no component, page or lib builds a currency Intl.NumberFormat outside lib/money.ts (26.738875ms)
✔ locale probe bounds a missing destination head with a route/device diagnostic (4.892375ms)
✔ locale probe clears its deadline when the real head promise completes (0.528083ms)
✔ fragment: exactly #o=<order id>&t=<43-char token>; anything else is null (1.702542ms)
✔ body is exactly {order_id, token, proof}; the answer is exactly the order the link named (0.207208ms)
✔ BFF link: no cookie needed, fresh token upstream, cookie only on a 200 naming the same order, link token never echoed (107.505666ms)
✔ BFF link: strict local denial before any private fetch (20.528542ms)
✔ copy: three locales, one refusal text, a retry and a lookup path (0.115708ms)
✔ BPU01 fresh payment writes exact metadata before prepare, one bodyless Take, no persistent form (83.77075ms)
✔ BPU01 lost prepare response replays original key/body only on explicit next click (88.225083ms)
✔ BPU01 lost handoff is permanently GET-only, even after a second click (8.867666ms)
✔ BPU01 storage, amount, scope and child/screen fences reject before irreversible writes (6.249334ms)
✔ BPU01 document/child loss after prepare but before Take leaves exact replay marker (0.648375ms)
✔ BPU01 malformed server handoff never submits and Take remains nonretryable (1.540125ms)
✔ BPU01 marker replacement before Take and after Take blocks release/form reuse (88.583917ms)
✔ BPU01 context replacement after prepare and after Take closes destination without form (6.811667ms)
✔ BPU01 synchronous destination refuses invalid locale before opening a window (1.566334ms)
✔ SU03 fresh Stripe pay: marker before prepare, one prepare, one handoff, navigate, URL never stored (8.469791ms)
✔ SU03 marker replay: lost prepare response replays key/body, no uncertain on PENDING view with leftover marker (134.433709ms)
✔ SU03 cross-device Continue needs no marker and never prepares (51.911875ms)
✔ SU03 marker/view matrix: PAYUNi marker on Stripe view and Stripe marker on PAYUNi view send nothing (1.216583ms)
✔ SU03 any other view renders without a POST (0.925084ms)
✔ SU03 CREATING: waits on the schedule without the lock, then hands off once when READY (110.966167ms)
✔ SU03 CREATING budget: 10 reads over 30 s, then the blank child is closed, no POST, no throw (40.880666ms)
✔ SU03 cancel_requested seen on the re-GET aborts before the handoff POST (0.458959ms)
✔ SU03 handoff outcomes: CREATING closes child, CLOSED/UNAVAILABLE/error/malformed reject; one POST each, never retried (26.048166ms)
✔ SU03 Stripe prepare errors, amount/currency mismatch and popup loss stop before any handoff (1.817542ms)
✔ SU03 two clicks make two handoff POSTs only because there were two clicks; sequential, none from reads (0.834417ms)
✔ SU03 navigate: validates again, needs an owned blank child, sets used before replace, no URL in errors (0.37825ms)
✔ SU03 refresh signal: keyless single POST, validated, throttled 1/10 s and 30 per page life, cancel never throttled (3.959ms)
✔ SU03 signal failures are single-shot and sanitized: HTTP error, malformed body, wrong order (0.31275ms)
✔ private quote/option authority fields are required; only exact MANUAL home can checkout (3.805291ms)
✔ continue shopping advances only ordered version, clears hint, keeps SQL history authoritative (163.6395ms)
✔ lost next-cart response retries identical key/body and preserves a newer cart (8.9285ms)
✔ continuation never overwrites an already advanced cart (0.438375ms)
✔ unknown checkout blocks continuation without any business request (2.535875ms)
✔ two queued continuation clicks mutate once; stale order ID cannot clear another order (0.60025ms)
✔ CAS conflict resolves only after a newer cart is read (3.581042ms)
✔ locator removal failure retains next-cart journal and recovery survives missing locator (0.77475ms)
✔ order history summary rejects PII/unknown fields and malformed scope IDs (0.118708ms)
✔ native address validation mirrors printable Unicode, limits and phone; journal forbids PII (12.717958ms)
✔ address lost reply replays exact in-memory intent, then confirms current head (0.943125ms)
✔ address reload requires explicit new intent and exact observed CAS; stale head never auto-bumps (0.993417ms)
✔ old address receipt cannot confirm another tab's newer current head (3.007ms)
✔ a late address CAS winner requires another explicit confirmation, not an automatic version bump (1.827042ms)
✔ checkout lost reply, queued duplicate and current GET reuse one key and one order (0.90075ms)
✔ uncertain checkout retains original journal across later 401/403/404/5xx and malformed success (0.672584ms)
✔ only a fresh definitive denial clears checkout; no order locator is invented (0.1895ms)
✔ locator storage failure after commit retains same key; reload GET failure keeps locator (0.3955ms)
✔ locator persisted but journal removal failed resumes pending receipt, not unrelated pointer (0.359417ms)
✔ unavailable storage, invalid locator and late changed context fail closed (0.211417ms)
✔ order locator readback mismatch and no-op journal removal both retain checkout recovery (0.385709ms)
✔ direct claim continuation refuses a newer ordered cart inside the purchase lock (0.275458ms)
✔ direct claim continuation keeps next-cart recovery after a conflicting clear (0.225167ms)
✔ collector projection: admitted for derived connections, absent/null for primary (1.672042ms)
✔ collector rejects identifiers, extra keys and malformed text (0.335334ms)
✔ disclosure renders the contract §5 line with all three slots substituted (0.263917ms)
✔ the disclosure line exists exactly when the hosted view returns a collector (0.211958ms)
✔ a shop or collector name with a replacement pattern is shown literally (0.138458ms)
✔ OrderPayment renders the disclosure with the view, above every pay button, through the helper only (24.030041ms)
✔ BPT03 exact valid projection and Go nanosecond UTC timestamps (33.412417ms)
✔ BPT03 view rejects private fields, inconsistent state and malformed names (0.607709ms)
✔ BPT03 prepared receipt enforces exact original credit-card amount (2.129708ms)
✔ BPT03 hosted form and replay are exact, bounded and action-allowlisted (0.674083ms)
✔ SU01 Stripe views: fresh, both methods, attempt states, PAYUNi unchanged (0.615583ms)
✔ SU01 Stripe view negatives (0.679083ms)
✔ SU01 prepared amounts follow the corrected per-currency table (0.367083ms)
✔ SU01 Stripe handoff union and every redirect_url negative (0.772958ms)
✔ SU01 payment signal is exactly {order_id, scheduled:boolean} (2.085583ms)
✔ RUI01 refund summary: refunded states, pending money, absent ≡ null (1.010667ms)
✔ RUI01 refund summary negatives (0.236292ms)
✔ BPU03 neutral GET and POST return ignore every callback field and cookie (41.480208ms)
✔ primary origin: exact path/query, same host, and no URL-controlled destination (7.934208ms)
✔ GET and HEAD use trusted Host, private bounded uncached resolver and exact 301 (26.286959ms)
✔ no writes redirected; resolution failures fail closed; unknown hosts keep native 404 (3.599ms)
✔ policy version is the frozen constant, in the customers-core D4 shape (0.504791ms)
✔ route table: exactly the four buyer privacy routes, methods and body kinds (0.790417ms)
✔ body shapes are closed and mirror the frozen Go inputs (no source, no policy_version) (0.1065ms)
✔ GET privacy validator: closed shape, erased owner holds no consent (0.13475ms)
✔ consent result and erasure summary validators (0.240125ms)
✔ buyer export envelope never carries customer_id (0.084875ms)
✔ failure classification: 410 and erased are the erased state (0.051625ms)
✔ copy: every locale has the same keys, the ads box discloses that sent events cannot be recalled (0.592916ms)
✔ selected option photo uses a main display slot without adding a fifth main image (1.802333ms)
✔ use-cover selection and a main-thumbnail selection restore the original main gallery (0.24875ms)
✔ cart thumbnail uses variant then catalog image_id, including when main images are absent (0.660667ms)
✔ migrated four-main/five-detail images stay separate when the option photo changes (0.163083ms)
✔ real cart-detail composition uses server SKU image_id (v2 detail available) (129.162958ms)
✔ real cart-detail composition uses server SKU image_id (v2 detail unavailable) (4.482833ms)
✔ parity: frontend caps equal the Go constants (66.695667ms)
✔ detail parser: 4 main + 20 detail + option-value images are accepted and mapped (0.80225ms)
✔ detail parser: 5 main, 21 detail, bad ids and over-cap option images are refused (0.15475ms)
✔ detail parser: a backend before product-media-v2 (no new keys) still parses with empty defaults (0.083ms)
✔ v1 catalog row: images are main-only (<= 4) and image_id is a uuid or null (0.194625ms)
✔ PRO-S1 code mirror: any case and spaces normalise; impossible codes never become a request (0.427959ms)
✔ PRO-S2 promotion object: closed keys, kind/value pairing (0.163208ms)
✔ PRO-S3 quote validator: promotion is optional but never malformed; the discount stays the server's own number (0.256125ms)
✔ PRO-S4 journal grammar: a quote write may carry one canonical promo_code, nothing else (0.338459ms)
✔ PRO-S5 copy: three locales cover every refusal code and the same keys (0.905291ms)
✔ PRO-S6 BFF quote route: promo_code relayed untouched when canonical, refused before the private API otherwise (31.618208ms)
✔ PRO-S7 BFF: every promo_* refusal is a definite, non-retryable 422 with its own code (9.419209ms)
✔ demonstration disclosure is explicit and local-only (0.545708ms)
✔ cart selection preserves unrelated SKUs and the observed CAS version (9.906875ms)
✔ minor amounts are bounded before multiplication, including zero (0.086667ms)
✔ delivery identity includes country for one market and method (0.071ms)
✔ journal is bound to context and rejects PII/unknown fields (0.233416ms)
✔ lost response replays exact key/body, then clears only after parsed receipt (25.265958ms)
✔ RUI02 buyer order admits MERCHANT_SHIPPED only with a SHIPPED head; absent shipment ≡ null (0.692375ms)
✔ RUI02 shipment shape negatives (incl. unsafe links) (0.343334ms)
✔ RUI02 history summary admits MERCHANT_SHIPPED (a shipped order must not break the list) (0.109291ms)
✔ CVSP01 options: CVS rows carry pickup_selection/payment_modes; unavailable rows are a separate shape (0.430416ms)
✔ CVSP02 CVS destination write: TW only, pickup_id required, empty home address; home unchanged (2.191125ms)
✔ CVSP03 checkoutInput: payment_mode only for CVS rows and only a mode the row offers (0.36225ms)
✔ COD confirmation includes expected fee, enforces collect cap and validates immutable order money (0.279542ms)
✔ CVSP04 buyer order: pay_at_pickup <=> collection_state; cvs_shipment only on a matching CVS destination (0.213417ms)
✔ CVSP05 journal accepts a CVS destination marker and a checkout body with payment_mode, nothing else (0.163916ms)
✔ validProduct accepts up to the Go photo cap and rejects one more (0.344708ms)
✔ design: garbage and hostile documents collapse to the safe default shape (16.815375ms)
✔ design: links, preview token propagation, nav resolution (2.717875ms)
✔ design: any merchant accent yields readable button text and link colour (WCAG AA) (10.5905ms)
✔ variants: resolution, disabled out-of-stock combinations, initial choice, price bounds (0.196375ms)
✔ catalog-v2 parsers accept the frozen shapes and refuse drift (0.570417ms)
✔ free-delivery progress words the hint only when a threshold exists (0.07175ms)
✔ list query: only whitelisted, canonical values survive (0.246583ms)
✔ seo: JSON-LD cannot break out of its script tag; offers reflect stock and price range (15.768333ms)
✔ seo: sitemap escapes and carries hreflang; robots refuses everything for a closed host (0.237541ms)
✔ money: whole amounts drop cents, minor digits come from the currency, filters round-trip (0.433542ms)
✔ cart line write: replaces one line, keeps the others, 0 removes, CAS version is the one shown (0.83ms)
✔ cart problems map to buyer-facing classes without leaking transport detail (0.258625ms)
✔ checkout options accept the optional free-shipping threshold only as a positive integer or null (0.499916ms)
✔ no-image placeholder copy: exactly the locale label a photo-less card or gallery renders (0.224041ms)
✔ storefront image caps equal the Go catalog caps (internal/catalog MaxMainImages, MaxDetailImages) (8.381583ms)
✔ design text limits count code points like Go, never splitting a surrogate pair (1.001042ms)
✔ G3: same-series cards exclude the current product and never invent absent draft/foreign products (0.669958ms)
✔ G5: safety guidance exists in three languages without changing the five merchant policy approval boundaries (1.516875ms)
✔ G4: category chips omit empty collections; hidden collections absent from the public API stay absent (0.249667ms)
✔ OrderHistory renders server order instant in Taipei (11.343167ms)
✔ ClaimLink renders claim expiry in Taipei (2.2805ms)
✔ BankTransfer renders deadline and proof instant in Taipei (3.002ms)
✔ BankTransfer proof echo labels store time in en (4.924666ms)
✔ BankTransfer proof echo labels store time in zh-TW (3.280666ms)
✔ BankTransfer proof echo labels store time in zh-CN (1.905041ms)
✔ BankTransfer input describes the device zone in en (98.771958ms)
✔ BankTransfer input describes the device zone in zh-TW (3.908916ms)
✔ BankTransfer input describes the device zone in zh-CN (2.414458ms)
✔ BankTransfer input has a generic label when Intl has no zone in en (3.970792ms)
✔ BankTransfer input has a generic label when Intl has no zone in zh-TW (3.19775ms)
✔ BankTransfer input has a generic label when Intl has no zone in zh-CN (3.171709ms)
✔ ShopFooter uses Taipei year across UTC year boundary (4.922875ms)
✔ BankTransfer deadline labels store time in en (1.834834ms)
✔ BankTransfer deadline labels store time in zh-TW (1.74325ms)
✔ BankTransfer deadline labels store time in zh-CN (2.225125ms)
✔ OrderHistory states the Taipei time zone once in en (52.387917ms)
✔ OrderHistory states the Taipei time zone once in zh-TW (4.47725ms)
✔ OrderHistory states the Taipei time zone once in zh-CN (11.791667ms)
✔ dictionaries have exact parity and non-empty values (0.660667ms)
✔ locale precedence and language quality mapping (1.500458ms)
✔ localized paths preserve deep links and reject dangerous input (0.391667ms)
✔ path locale only matches a canonical first segment (0.055917ms)
✔ the four constructs render (0.691625ms)
✔ XSS payloads stay inert text (0.526834ms)
✔ fuzz: any string over a hostile alphabet renders only whitelisted tags (10.816041ms)
✔ validator mirrors the Go rules (0.538ms)
✔ SDN1 allowlist: exactly the contract routes, per method (0.584416ms)
✔ SDN1 allowlist: traversal, case, suffix and prefix tricks never match (0.766666ms)
✔ SDN1 request shape: no query string anywhere, reads carry no body, key, length or transfer-encoding (23.957708ms)
✔ SDN1 cap: 260 KiB = Go's 256 KiB document + 4 KiB envelope, and a body of exactly the cap is still below it (0.064584ms)
✔ SDN2 renderer: every XSS payload comes out as whitelisted tags and escaped text only (2.009541ms)
✔ SDN2 renderer: escape-first means the merchant's text never becomes markup (0.11325ms)
✔ SDN2 renderer: fuzz (seeded) never produces a tag outside the whitelist (174.116625ms)
✔ SDN2 client validator rejects what the server rejects (HTML, non-https links, `<` anywhere) (0.459083ms)
✔ cleanForSave turns cleared fields into null but keeps an empty body (0.412084ms)
✔ localIssues names each missing mandatory value by server path (0.533042ms)
✔ moved swaps neighbours and ignores out-of-range moves (0.080625ms)
✔ parsers accept the exact Go shapes and refuse extra or missing keys (0.379542ms)
✔ BFF allowlist covers exactly the design resources (0.224125ms)
✔ validDesignRequest refuses queries and bodies on reads, ignores other paths (15.725209ms)
✔ designDetails forwards only a bounded {path, reason} pair (0.20775ms)
✔ accepts exactly the three locale invite paths with a 20-200 char token (2.465584ms)
✔ rejects anything that is not an exact same-origin relative invite path (0.167833ms)
✔ rejects percent-encoded variants of the exact shape (0.0645ms)
✔ the token is an opaque invite token shape, never a URL (0.058125ms)
✔ fragment carrier: round-trips the exact invite path, is never a query string, and rejects hostile fragments (0.367708ms)
✔ dashboard: accepts the frozen shape, rejects drift (11.5475ms)
✔ import result: strict keys, closed error codes, committed never carries errors (0.45275ms)
✔ csv file guard mirrors the Go bounds (0.085959ms)
✔ manual options: a COD home row parses with its offer (D01: the page used to refuse the whole list) (0.725875ms)
✔ manual options: only bank_transfer / pay_at_pickup / cash_on_delivery, key must equal market|country|code (0.1335ms)
✔ manual result: link is https with the order id and a 43-char capability in the fragment only (0.24325ms)
✔ draft: first problem, and the body has no price-like field at all (0.416542ms)
✔ BFF grammar: exactly the seven tools resources (0.074792ms)
✔ regenerate body/result: exactly {order_id, locale} and a fresh https link naming that order (0.132583ms)
✔ copy parity: every locale has every key, import rules and error codes (0.42ms)
✔ callback redirect target is always a same-origin /<locale>/settings path whatever the cookies, store, code or error say (3.305583ms)
✔ the binding cookie: exactly one canonical store uuid, path-scoped to the callback, HttpOnly, Lax, 10 minutes, Secure (0.12825ms)
✔ callback query: exactly one code and one state within charset/length bounds; Meta's error=… and repeats are not forwarded (1.198917ms)
✔ the dialog URL the BFF hands the browser is https://www.facebook.com only (0.193292ms)
✔ callback error mapping only ever yields fixed codes, never an upstream message (0.142083ms)
✔ selected Page qualifies only a bare Facebook id, never rewrites another Page or external URL (1.653833ms)
✔ status: not connected, connected with and without Instagram, and every deviation throws (78.239667ms)
✔ pick state: closed shape, optional Instagram keys come as a pair, id must match (0.461458ms)
✔ route grammar: only status/states/pick/disconnect; start and callback are dedicated routes; no query; reads carry no body or key (73.674959ms)
✔ connect cookie, body and callback redirect never carry code/state and only fixed codes (0.710083ms)
✔ copy: three locales have the same keys and every Go error code has a message (0.365708ms)
✔ review-required remains restricted; evidence does not promote state (0.732458ms)
✔ legacy omission remains unidentified, independent of array order (1.139875ms)
✔ closed shapes reject unknown state/provider/evidence, leaked fields and inconsistent severity (94.957583ms)
✔ duplicate capabilities/pages and unbounded arrays cannot become trusted state (0.529459ms)
✔ worst Page determines advice, no raw upstream reason reaches copy (0.501875ms)
✔ recheck receipt means scheduled; timestamps and closed keys are checked (1.679542ms)
✔ exact keyless route grammar rejects query/key/body confusion (34.154167ms)
✔ recheck takes exactly page_id and no caller-provided scope (0.123875ms)
✔ blocking advice comes from the blocking capability, not a secondary public-reply warning (0.102917ms)
✔ clean health browser mode prepares admin standalone before starting its fixture (60.118041ms)
✔ en: expired connection retains its full refusal inside a wrapping badge (8.795667ms)
✔ zh-TW: expired connection retains its full refusal inside a wrapping badge (0.929834ms)
✔ zh-CN: expired connection retains its full refusal inside a wrapping badge (1.708667ms)
✔ actual B1 snapshot state remains ok even when a fixture expected review_required (0.278125ms)
✔ D02 TWD input: whole dollars only, x100 on the wire (95.905792ms)
✔ D02 TWD edit text: whole dollars have no decimals; a legacy amount with cents is never shown as another price (0.3545ms)
✔ D02 display: NT$ without decimals in every language, cents only when there are cents (1.871542ms)
✔ D02 live-price input (Studio claims): TWD whole dollars, other currencies their decimals (0.182916ms)
✔ D02 discount code amounts: TWD whole dollars, a decimal is refused before it is sent (0.266959ms)
✔ D02 no admin copy or component says 'minor units' to the merchant (126.929084ms)
✔ M06 time: Asia/Taipei everywhere, labelled, never UTC (11.695708ms)
✔ settings answer: exactly one boolean key (11.273666ms)
✔ PUT body is the frozen single key (2.886125ms)
✔ BFF grammar: GET read, PUT keyed command, nothing else (1.531541ms)
✔ copy: three locales, same keys, no empty text (0.17675ms)
✔ PRM01 parse: exact keys, kind/value pairing and ranges; duplicates and unknown keys are refused (12.99975ms)
✔ PRM02 Taipei wall time: +08:00 on the wire, instant shown back in Taipei, impossible dates refused (18.337125ms)
✔ PRM03 create body: normalised code, major units to minor units, optional fields null, whole body validated (6.206625ms)
✔ PRM04 update + toggle: version CAS key, form round trip, pause keeps every other field (0.557ms)
✔ PRM05 BFF grammar: exactly list, create and update; nothing generic (0.189084ms)
✔ PRM06 copy: three locales carry the same keys and every refusal code the Go routes can answer (0.122333ms)
✔ G-UI3/G-UI5 architecture constraints pass with shrinking legacy exceptions (3302.148625ms)
✔ G-UI3/G-UI5 negatives: new formatter, component fetch, >800 lines and wider allowance fail (3.345917ms)
✔ Readiness jump controls expose the actual active section, not a click flag (0.590125ms)
✔ Integrator P2: legal CN comment ordering and a distinct three-image recommendation (0.176292ms)
✔ ADM04 and ADM06 explain unavailable SKUs and keep collection vocabulary consistent (0.224167ms)
✔ ADM06 create/detail titles share the route vocabulary without adding a phantom Next page (44.583458ms)
✔ G-UI1 Next pages and route registry are bidirectional, unique, typed, documented (3.72725ms)
✔ G-UI1 copy key parity: no missing or extra key in any locale (0.103167ms)
✔ G-UI2 staff without catalog:read cannot see products/inventory or open a product URL (0.259167ms)
✔ G-UI2 every route permission is a permission Go knows, and /orders/new needs inventory:reserve (289.334792ms)
✔ G-UI1 dynamic and public routes match, details never appear as navigation (0.914875ms)
✔ W6-U2 ledger is a settings in-page route, preserving existing navigation (0.174ms)
✔ Every browser spec clicks nav-orders: the orders group stays a singleton, so returns/new/print routes are nav: false (0.262666ms)
✔ shell-registry: every routed path has exactly one nonempty shared h1 in all three locales (1323.906667ms)
✔ shell-registry: orders stays one actual group button on live and non-live routes (21.880167ms)
✔ shell-registry: loading/expired/unavailable/forbidden keep one safe heading and never leak private content (33.406917ms)
✔ created address is a strict HTTPS origin matching the assigned handle (0.489708ms)
✔ DNS instructions must name the requested origin and a bare hostname target (0.254ms)
✔ domain kind is authoritative and closed, not inferred from host or token (0.126333ms)
✔ apex DNS retains every concrete IPv4/IPv6 address and rejects malformed values (0.472459ms)
✔ pending domain journal preserves exact action/key/target; legacy or corrupt markers never replay (0.398583ms)
✔ browser-origin gate: every refusal happens before Go is called, for every action (34.865958ms)
✔ only POST exists on the team routes (2.949625ms)
✔ unknown action is a local 404 and never reaches Go (1.879334ms)
✔ strict request grammar: wrong keys, types, ids, roles, locales and token shapes are 422 locally (9.282167ms)
✔ what reaches Go: BFF key, bearer from the cookie, no Cookie/Origin, body unchanged, exactly one call per request (305.659125ms)
✔ Go failures are rebuilt locally from allow-listed codes, never retried, and never echo the token (89.569833ms)
✔ team answer: accepts the frozen shape, null role and OIDC member without email (0.73025ms)
✔ team answer: unknown key, unknown role, bad id, bad mail state are rejected (1.360334ms)
✔ invite and accept answers are strict (0.883666ms)
✔ request grammar: every action has an exact key set and rejects junk values (0.785125ms)
✔ copy: three locales carry the same keys and a label for every role (0.424125ms)
✔ role-aware navigation: hides entries the member's permissions cannot use; unknown shows all; Team is owner-only (0.216375ms)
✔ P02 settlements directory rejects missing/link/owner/group/mode with a valid control (931.782791ms)
✔ preflight health permission grammars and API/worker consistency fail closed (4714.055542ms)
✔ merchant alert flag is explicit 0|1 and independently requires SMTP (4338.651667ms)
✔ shared loader makes API/worker LIVE pair file-only before Compose interpolation (762.256333ms)
✔ export bind accepts omitted JSON false but rejects unsafe source/config mutations (2.4645ms)
✔ sanctioned operator allowlist and fail-closed gates (fake docker, no network) (12634.29925ms)
✔ platform operator custody, export mount and binary are wired (583.258ms)
✔ actual export bind refuses a missing directory; enabling auto-create is detected (987.885625ms)
✔ R3 preflight rejects cancelled PAYUNi, validates Page app and keeps LIVE pair mandatory (3805.954ms)
✔ R3 smoke exercises exact denied probes, accepts 404 only for disabled mounts (386.252167ms)
✔ positive control: a complete, valid configuration raises no META_LOGIN finding (1480.02675ms)
✔ feature off (COMMERCE_META_LOGIN_CONFIG_ID empty): no rule applies even with the other keys empty (794.722042ms)
✔ P06: the Page route needs the webhook receiver (555.136917ms)
✔ P06: sessions come from identity (392.672625ms)
✔ P06: without the claims profile nobody sends the private replies (a WARN, not a FAIL) (416.543375ms)
✔ P08: COMMERCE_META_LOGIN_CONFIG_ID must be numeric ("abc") (421.020541ms)
✔ P08: COMMERCE_META_LOGIN_CONFIG_ID must be numeric ("12 34") (602.025833ms)
✔ P08: COMMERCE_META_LOGIN_CONFIG_ID must be numeric ("111111111111") (524.889958ms)
✔ P08: COMMERCE_META_LOGIN_CONFIG_ID must be numeric ("0x10") (693.85325ms)
✔ P08: COMMERCE_META_LOGIN_CONFIG_ID must be numeric ("-1") (502.660333ms)
✔ P08: COMMERCE_META_LOGIN_REDIRECT_URI must be exactly https://<LC_ADMIN_HOST>/api/meta/callback (wrong host) (484.017917ms)
✔ P08: COMMERCE_META_LOGIN_REDIRECT_URI must be exactly https://<LC_ADMIN_HOST>/api/meta/callback (http scheme) (391.761208ms)
✔ P08: COMMERCE_META_LOGIN_REDIRECT_URI must be exactly https://<LC_ADMIN_HOST>/api/meta/callback (the ads callback path) (487.438417ms)
✔ P08: COMMERCE_META_LOGIN_REDIRECT_URI must be exactly https://<LC_ADMIN_HOST>/api/meta/callback (trailing slash) (457.230417ms)
✔ P08: COMMERCE_META_LOGIN_REDIRECT_URI must be exactly https://<LC_ADMIN_HOST>/api/meta/callback (query string) (1187.456333ms)
✔ P08: COMMERCE_META_LOGIN_REDIRECT_URI must be exactly https://<LC_ADMIN_HOST>/api/meta/callback (empty) (372.937416ms)
✔ P08: COMMERCE_META_LOGIN_GRAPH_VERSION grammar vNN.N ("26.0") (340.670292ms)
✔ P08: COMMERCE_META_LOGIN_GRAPH_VERSION grammar vNN.N ("v26") (341.974417ms)
✔ P08: COMMERCE_META_LOGIN_GRAPH_VERSION grammar vNN.N ("v26.0.1") (495.939542ms)
✔ P08: COMMERCE_META_LOGIN_GRAPH_VERSION grammar vNN.N ("latest") (548.2505ms)
✔ P08: COMMERCE_META_LOGIN_GRAPH_VERSION grammar vNN.N ("") (595.653125ms)
✔ P08: COMMERCE_META_LOGIN_GRAPH_VERSION grammar vNN.N ("v1000.0") (2395.680166ms)
✔ P08: COMMERCE_META_LOGIN_GRAPH_VERSION accepts v26.0 (706.734041ms)
✔ P08: COMMERCE_META_LOGIN_GRAPH_VERSION accepts v22.0 (786.381667ms)
✔ P08: COMMERCE_META_LOGIN_GRAPH_VERSION accepts v99.9 (768.418541ms)
✔ production without any alert channel is a FAIL (nobody would hear the next outage) (1516.572125ms)
✔ outside production the same gap is only a WARN (481.215833ms)
✔ a webhook alone satisfies the rule (592.157042ms)
✔ an e-mail target with a complete relay (host, username, secret) satisfies the rule (547.6645ms)
✔ an e-mail target without the relay secret cannot be sent: FAIL in production, WARN elsewhere (725.2085ms)
✔ the example's CHANGE_ME_SENDER placeholder is not a relay: the e-mail target cannot be sent (470.49175ms)
✔ LC_ALERT_EMAIL must be one plain address ("not-an-address") (519.155ms)
✔ LC_ALERT_EMAIL must be one plain address ("two@fake.invalid,three@fake.invalid") (416.663292ms)
✔ LC_ALERT_EMAIL must be one plain address ("a b@fake.invalid") (582.407666ms)
✔ LC_ALERT_EMAIL must be one plain address ("<owner@fake.invalid>") (501.963291ms)
✔ LC_ALERT_EMAIL must be one plain address ("owner@fake") (636.752125ms)
✔ storefront cart-line removal is reversible: clicked for real, not guarded (5.207208ms)
✔ destructive / irreversible / sign-out classification (owner list, en + zh) (0.793375ms)
✔ alike controls (rows with ids / numbers) share one class key (1.576291ms)
✔ known defects classify, never silence: stale entries are reported (3.444375ms)
✔ the markdown ledger has one row per interaction and names the verdict (0.457375ms)
✔ protocolHrefOK accepts well-formed tel:/mailto: and rejects malformed ones (1.0165ms)
✔ J1 waits for enabled media and clicks a real chooser; the uploaded cover is bound to the main section (2015.227625ms)
✔ J1 cannot credit a detail-image receipt as the main cover (1.855167ms)
✔ J1 refuses a failed cover upload rather than continuing to activate (0.320334ms)
✔ thresholds are the named constants of the brief (90.084291ms)
✔ R1: document wider than the viewport, and the outermost element past the edge (5.420625ms)
✔ R2: label tops, control tops and control heights of one visual row (5.318708ms)
✔ R2: what is one row and what is not (0.631625ms)
✔ R2: a button beside a field has to line up with its control (13.016625ms)
✔ R3: a row made tall by stacked controls, a control wider than its cell (4.405458ms)
✔ R3: a matrix whose EVERY row is doubled by a stacked stock cell (the median cannot see it) (0.7495ms)
✔ R4: small text, helper text apart, icons and duplicates excepted (0.346ms)
✔ R5: tap targets on the 390 viewport only (3.182041ms)
✔ R6: interactive elements and text boxes that overlap (0.716458ms)
✔ R7: text clipped inside a control or label (either side), and select values that do not fit (0.820458ms)
✔ R8: the same visible label twice in one list (4.107375ms)
✔ evaluate() tags severity, selectRecords() keeps distinct groups first and counts every instance (1.791667ms)
✔ R9: text and controls flush to the screen edge at 390 (0.818792ms)
✔ R6/R9 judge the visible (ancestor-clipped) rectangle, not the raw one (integrator ruling 2026-10-05) (2.474833ms)
✔ R10: a fixed or sticky bar covering main content after scrolling (0.884583ms)
✔ R11: controls narrower than a usable width (5.844459ms)
ℹ tests 448
ℹ suites 0
ℹ pass 448
ℹ fail 0
ℹ cancelled 0
ℹ skipped 0
ℹ todo 0
ℹ duration_ms 31385.897458
✔ closed projections reject secret-shaped extras, invalid enums, IDs and contradictory capabilities (1.253541ms)
✔ detail accepts only bounded events and keeps actual server action flags (0.678583ms)
✔ BFF exact routes and request grammar forbid keys/body on reads, filters on detail and arbitrary writes (19.995459ms)
✔ copy parity, safe object navigation and UNKNOWN/protective reasons (0.227834ms)
✔ read-only store capability never exposes a command even if the state allows one (0.167375ms)
✔ duplicate escaped keys cannot bypass the exact command grammar (0.087959ms)
✔ query backoff affects only its operation and expires without another action (0.071625ms)
✔ merchant reason text translates ledger events and conceals unknown or prototype codes (0.122ms)
✔ ledger read navigation requires effective integration:read permission regardless of role (0.493334ms)
ℹ tests 9
ℹ suites 0
ℹ pass 9
ℹ fail 0
ℹ cancelled 0
ℹ skipped 0
ℹ todo 0
ℹ duration_ms 136.263208
✔ OrderHistory renders server order instant in Taipei (50.834042ms)
✔ ClaimLink renders claim expiry in Taipei (3.1365ms)
✔ BankTransfer renders deadline and proof instant in Taipei (2.508541ms)
✔ BankTransfer proof echo labels store time in en (2.009416ms)
✔ BankTransfer proof echo labels store time in zh-TW (1.799666ms)
✔ BankTransfer proof echo labels store time in zh-CN (1.425542ms)
✔ BankTransfer input describes the device zone in en (1.619125ms)
✔ BankTransfer input describes the device zone in zh-TW (1.705292ms)
✔ BankTransfer input describes the device zone in zh-CN (1.558792ms)
✔ BankTransfer input has a generic label when Intl has no zone in en (1.557916ms)
✔ BankTransfer input has a generic label when Intl has no zone in zh-TW (1.601625ms)
✔ BankTransfer input has a generic label when Intl has no zone in zh-CN (1.449792ms)
✔ ShopFooter uses Taipei year across UTC year boundary (2.351583ms)
✔ BankTransfer deadline labels store time in en (1.5075ms)
✔ BankTransfer deadline labels store time in zh-TW (1.298625ms)
✔ BankTransfer deadline labels store time in zh-CN (1.608791ms)
✔ OrderHistory states the Taipei time zone once in en (1.617875ms)
✔ OrderHistory states the Taipei time zone once in zh-TW (0.992625ms)
✔ OrderHistory states the Taipei time zone once in zh-CN (0.916792ms)
✔ Meta rejection wording is preserved as bounded Unicode text, never translated (4.156ms)
✔ frozen error codes: model list equals the frozen list, each is read from both error shapes (0.379583ms)
✔ copy: every code, status, op state and connect error has text in all three locales (0.252458ms)
✔ copy never calls a budget a hard stop and never offers resume (0.339917ms)
✔ draft: every §5.1 status parses; unknown status/template/op state is an error, never guessed (0.363458ms)
✔ draft: optional fields, remote ids and the Ads Manager link (0.180458ms)
✔ action hints: pause whenever a remote id exists and not ENDED; a paused draft is only ever copied (X7) (0.211042ms)
✔ money: whole units to minor with integer math; TWD must be whole (14.141375ms)
✔ Taipei schedule: wall inputs and draft projections ignore the viewer zone (6.199375ms)
✔ Taipei schedule: invalid calendar days are rejected and all copy names UTC+8 (0.29775ms)
✔ draft input: exact 11-key body and every local rule (3.636875ms)
✔ draft form round trip and X7 copy (blank schedule, no id, no revision) (0.255958ms)
✔ settings parser: environment enum, connections, identities, capi (0.385667ms)
✔ connect state parser: pick list kinds and id match (0.382ms)
✔ report: three separate blocks, orders may be null, no combined figure (0.327125ms)
✔ default report window is the Asia/Taipei store day whatever the viewer's zone is (Taipei midnight boundary) (4.65925ms)
✔ capi body and validation (0.289917ms)
✔ W6-06B unbind response: exact keys, account, UUIDs and outcome semantics (0.458ms)
✔ W6-06B in-flight details preserve bounded items and total, reject unknown shapes (0.26475ms)
✔ W6-06B catalog feed has exact public URL/domain pairs or published-store empty (0.283125ms)
✔ W6-06B copy preserves unbind boundaries and feed recovery in three locales (0.079584ms)
✔ W6-06B feed selection follows origin order, not full feed URL order (0.0885ms)
✔ customer list accepts the frozen row and rejects unknown keys, dup ids, bad cursor, oversize (4.489625ms)
✔ customer row invariants: nulls for bundle-only/erased, counts, money, consents (0.817083ms)
✔ customer detail: bounded lists, order summaries reuse the orders parser, id must match (2.508208ms)
✔ erasure summary is four counts only (0.091041ms)
✔ finance summary: net = captured - refunded (I05), totals carry an empty day, sandbox flag (0.285917ms)
✔ financeDay is the UTC+8 day (0.059916ms)
✔ finance defaults keep Taipei dates across midnight, leap day and year end (0.073833ms)
✔ tags and notes are parsed strictly (W6-01B) (0.874ms)
✔ TSX seam refuses an unlisted import (3.45775ms)
✔ Ads merchant timestamp uses Taipei at the year boundary (12.449125ms)
✔ Design version published_at cell uses Taipei at the year boundary (2.905208ms)
✔ ManualOrder bank-transfer expiry uses Taipei at the year boundary (3.212583ms)
ℹ tests 53
ℹ suites 0
ℹ pass 53
ℹ fail 0
ℹ cancelled 0
ℹ skipped 0
ℹ todo 0
ℹ duration_ms 231.684125
✔ OrderHistory renders server order instant in Taipei (7.210625ms)
✔ ClaimLink renders claim expiry in Taipei (2.55375ms)
✔ BankTransfer renders deadline and proof instant in Taipei (3.290333ms)
✔ BankTransfer proof echo labels store time in en (1.942125ms)
✔ BankTransfer proof echo labels store time in zh-TW (1.943042ms)
✔ BankTransfer proof echo labels store time in zh-CN (1.766333ms)
✔ BankTransfer input describes the device zone in en (1.428584ms)
✔ BankTransfer input describes the device zone in zh-TW (1.414125ms)
✔ BankTransfer input describes the device zone in zh-CN (1.491958ms)
✔ BankTransfer input has a generic label when Intl has no zone in en (1.690333ms)
✔ BankTransfer input has a generic label when Intl has no zone in zh-TW (1.581166ms)
✔ BankTransfer input has a generic label when Intl has no zone in zh-CN (3.118833ms)
✔ ShopFooter uses Taipei year across UTC year boundary (3.308417ms)
✔ BankTransfer deadline labels store time in en (3.737584ms)
✔ BankTransfer deadline labels store time in zh-TW (4.645083ms)
✔ BankTransfer deadline labels store time in zh-CN (5.322167ms)
✔ OrderHistory states the Taipei time zone once in en (1.936125ms)
✔ OrderHistory states the Taipei time zone once in zh-TW (1.279ms)
✔ OrderHistory states the Taipei time zone once in zh-CN (2.022834ms)
✔ Meta rejection wording is preserved as bounded Unicode text, never translated (1.640208ms)
✔ frozen error codes: model list equals the frozen list, each is read from both error shapes (0.997042ms)
✔ copy: every code, status, op state and connect error has text in all three locales (0.7895ms)
✔ copy never calls a budget a hard stop and never offers resume (0.692625ms)
✔ draft: every §5.1 status parses; unknown status/template/op state is an error, never guessed (1.113667ms)
✔ draft: optional fields, remote ids and the Ads Manager link (0.66175ms)
✔ action hints: pause whenever a remote id exists and not ENDED; a paused draft is only ever copied (X7) (0.572875ms)
✔ money: whole units to minor with integer math; TWD must be whole (8.905ms)
✔ Taipei schedule: wall inputs and draft projections ignore the viewer zone (3.999166ms)
✔ Taipei schedule: invalid calendar days are rejected and all copy names UTC+8 (0.8775ms)
✔ draft input: exact 11-key body and every local rule (4.174542ms)
✔ draft form round trip and X7 copy (blank schedule, no id, no revision) (0.2335ms)
✔ settings parser: environment enum, connections, identities, capi (0.405667ms)
✔ connect state parser: pick list kinds and id match (0.110792ms)
✔ report: three separate blocks, orders may be null, no combined figure (0.257167ms)
✔ default report window is the Asia/Taipei store day whatever the viewer's zone is (Taipei midnight boundary) (1.97575ms)
✔ capi body and validation (0.115083ms)
✔ W6-06B unbind response: exact keys, account, UUIDs and outcome semantics (0.184833ms)
✔ W6-06B in-flight details preserve bounded items and total, reject unknown shapes (0.174042ms)
✔ W6-06B catalog feed has exact public URL/domain pairs or published-store empty (0.232375ms)
✔ W6-06B copy preserves unbind boundaries and feed recovery in three locales (0.064458ms)
✔ W6-06B feed selection follows origin order, not full feed URL order (0.092ms)
✔ customer list accepts the frozen row and rejects unknown keys, dup ids, bad cursor, oversize (7.896625ms)
✔ customer row invariants: nulls for bundle-only/erased, counts, money, consents (0.812958ms)
✔ customer detail: bounded lists, order summaries reuse the orders parser, id must match (6.6095ms)
✔ erasure summary is four counts only (0.090083ms)
✔ finance summary: net = captured - refunded (I05), totals carry an empty day, sandbox flag (0.282208ms)
✔ financeDay is the UTC+8 day (0.055834ms)
✔ finance defaults keep Taipei dates across midnight, leap day and year end (0.078458ms)
✔ tags and notes are parsed strictly (W6-01B) (0.513917ms)
✔ TSX seam refuses an unlisted import (13.122375ms)
✔ Ads merchant timestamp uses Taipei at the year boundary (19.021625ms)
✔ Design version published_at cell uses Taipei at the year boundary (2.3815ms)
✔ ManualOrder bank-transfer expiry uses Taipei at the year boundary (2.776792ms)
ℹ tests 53
ℹ suites 0
ℹ pass 53
ℹ fail 0
ℹ cancelled 0
ℹ skipped 0
ℹ todo 0
ℹ duration_ms 187.323
✔ legacy display sentinels preserve a list row without admitting arbitrary or private data (1.867375ms)
✔ orders-v2 accepts bounded filters and Taipei inclusive dates; rejects ambiguity (0.970208ms)
✔ orders-v2 rejects client count approximations, unbounded or extra response data (0.170209ms)
✔ all three locales label every task queue, payment and delivery mode (0.366ms)
ℹ tests 4
ℹ suites 0
ℹ pass 4
ℹ fail 0
ℹ cancelled 0
ℹ skipped 0
ℹ todo 0
ℹ duration_ms 86.542042
✔ numeric store IDs have no suggestion BFF or browser client (1.139834ms)
ℹ tests 1
ℹ suites 0
ℹ pass 1
ℹ fail 0
ℹ cancelled 0
ℹ skipped 0
ℹ todo 0
ℹ duration_ms 86.580958
✔ ADM10 operator sentence is localized while product and company facts stay authoritative (0.399334ms)
✔ PS review: actual Host matching normalizes case, port and a terminal DNS dot, never forwarded authority (0.240625ms)
✔ PS review: privacy/terms retain Messenger and Instagram purpose disclosure; deletion uses exact UI labels (0.103ms)
✔ P2-N1 zh-TW/privacy: current comments and private reply, conditional inbound messages (0.123125ms)
✔ P2-N1 zh-TW/terms: current comments and private reply, conditional inbound messages (0.060958ms)
✔ P2-N1 zh-CN/privacy: current comments and private reply, conditional inbound messages (0.039791ms)
✔ P2-N1 zh-CN/terms: current comments and private reply, conditional inbound messages (0.052667ms)
✔ P2-N1 en/privacy: current comments and private reply, conditional inbound messages (0.047667ms)
✔ P2-N1 en/terms: current comments and private reply, conditional inbound messages (0.040542ms)
✔ PS1 legal identity is one untranslated source (0.08575ms)
✔ PS1 contact and hosts come only from configuration; production fails closed (0.378459ms)
✔ PS2 public routes default to zh-TW, restrict page/locale, and never include admin (0.468834ms)
✔ PS4 optional Meta verification value never has a fake default (0.055791ms)
✔ PS1 every locale uses the same product name in auth page titles (0.042708ms)
✔ PS1 public page copy has three complete locales, no invented operator identity or contact (0.19025ms)
✔ PS1 production build validates config; public data is not bundled through NEXT_PUBLIC (1.040833ms)
✔ PS review: admin image installs the manifests for its workspace dependencies before building (0.4285ms)
ℹ tests 17
ℹ suites 0
ℹ pass 17
ℹ fail 0
ℹ cancelled 0
ℹ skipped 0
ℹ todo 0
ℹ duration_ms 90.885667
✔ R11 SQL's exact receipt states are accepted; missing/forged operation/state remains unknown (0.938791ms)
✔ R11 durable receipt journal validates phase against exact operation state (0.388958ms)
✔ R11 actual read control distinguishes replay/inflight/unknown/failure in en (4.844417ms)
✔ R11 actual read control distinguishes replay/inflight/unknown/failure in zh-TW (1.258708ms)
✔ R11 actual read control distinguishes replay/inflight/unknown/failure in zh-CN (1.739875ms)
✔ unknown journal retains exact key/boundary and is scoped to store+session; malformed state fails closed (0.344666ms)
✔ R12 read hook keeps network UNKNOWN on one key and explicitly refreshes acknowledged UNKNOWN (15.133167ms)
✔ actual POST transport uses CSRF and session fence; 403 independent of response text (21.086541ms)
✔ R10 ROAS has exactly two decimals in en (14.991417ms)
✔ R10 unknown ROAS is never fabricated as zero in en (0.230667ms)
✔ R10 ROAS has exactly two decimals in zh-TW (0.438583ms)
✔ R10 unknown ROAS is never fabricated as zero in zh-TW (0.116833ms)
✔ R10 ROAS has exactly two decimals in zh-CN (0.394667ms)
✔ R10 unknown ROAS is never fabricated as zero in zh-CN (0.101959ms)
✔ shared presentation preserves registry title and one empty buyer message in en (28.226958ms)
✔ R11 large linked-draft list is complete but collapsed in en (4.291792ms)
✔ shared presentation preserves registry title and one empty buyer message in zh-TW (5.768375ms)
✔ R11 large linked-draft list is complete but collapsed in zh-TW (2.449875ms)
✔ shared presentation preserves registry title and one empty buyer message in zh-CN (7.131667ms)
✔ R11 large linked-draft list is complete but collapsed in zh-CN (3.323625ms)
✔ R11 timeline distinguishes local unknown spend from explicit Meta zero in en (3.223375ms)
✔ R11 timeline distinguishes local unknown spend from explicit Meta zero in zh-TW (3.382666ms)
✔ R11 timeline distinguishes local unknown spend from explicit Meta zero in zh-CN (2.013541ms)
✔ R11 I12 nullable Meta evidence survives without becoming zero (0.218792ms)
✔ R11 actual panel rendering preserves unknowns and reconnect route in en (13.226291ms)
✔ R11 actual panel rendering preserves unknowns and reconnect route in zh-TW (15.598833ms)
✔ R11 actual panel rendering preserves unknowns and reconnect route in zh-CN (18.737458ms)
✔ D1, D6, R7: exact amounts and sources remain independent, account days stay labelled (0.25025ms)
✔ R12: null stays unknown and unread / unauthorised / insufficient remain different states (0.24425ms)
✔ R12 granted but unread audience offers a read, never reconnect in en (3.499125ms)
✔ R12 granted but unread audience offers a read, never reconnect in zh-TW (2.683542ms)
✔ R12 granted but unread audience offers a read, never reconnect in zh-CN (2.358125ms)
✔ I12 forged / missing frozen fields never silently become zeros (1.463709ms)
✔ only whitelisted aggregates survive: extra identifiers and HTML are never interpreted (0.092083ms)
✔ attribution is a read-only BFF resource with exact bounded query grammar (0.417ms)
✔ audience-read is exactly the new local intention POST and never a data GET or queried write (0.265833ms)
✔ route fails closed without ads:read and is not a duplicate navigation entry; locale keys match (0.113458ms)
ℹ tests 37
ℹ suites 0
ℹ pass 37
ℹ fail 0
ℹ cancelled 0
ℹ skipped 0
ℹ todo 0
ℹ duration_ms 637.186833
✔ card-payments copy: identical key sets in all three locales (5.642041ms)
✔ merchant terms are quoted verbatim (contract §5) in the enable dialog (0.126375ms)
✔ ruling-fixed strings: platform not OPEN and BLOCKED note (0.178667ms)
✔ error map covers every frozen refusal code from migrations/0137 (0.078625ms)
✔ no Stripe account id, key or approval id shape appears in any copy string (0.291084ms)
✔ storefront collector disclosure matches contract §5 templates in three languages (0.064708ms)
✔ the merchant terms in the dialog are the contract §5 sentence, extracted from the contract (0.113875ms)
✔ the storefront templates are the contract §5 lines, extracted from the contract (0.12ms)
✔ settlement copy: deduction columns are labelled as deductions in every language, with a legend and the net formula (0.51075ms)
✔ there is no separate 'not on the allowlist' message: it reads as not open (review P1-2) (0.096041ms)
✔ card summary accepts the frozen shape incl. all-null platform NONE (1.988208ms)
✔ card summary rejects unknown keys, bad enums, bad money, bad version (0.406417ms)
✔ card result is exactly {state, version, max_minor, currency, descriptor_preview} (0.103792ms)
✔ descriptor suffix rule: charset, 2..10 chars, must contain a letter (0.135708ms)
✔ the suffix length rule is the charset rule's 10; the 22-character descriptor total stays the server's (SANDBOX L=10, LIVE PrefixLength) (0.057542ms)
✔ descriptor preview mirrors the contract projection (base + '* ' + suffix) (0.057167ms)
✔ settlement list accepts statements without payout/lines keys (omitempty) (0.467417ms)
✔ settlement detail carries lines whose count and sums match the totals (0.343625ms)
✔ settlement parsers reject malformed reads (1.230333ms)
✔ fees, refunds and disputes are signed exactly as the ledger stores them (0.200875ms)
✔ a returned fee is a positive line fee; the detail's lines must add up to the statement totals (0.691625ms)
✔ closed_at/paid_at accept the offsets PostgreSQL emits as well as Z (0.135417ms)
✔ a payout reference shaped like a Stripe key or account id is never displayed (0.145083ms)
✔ platform not OPEN: 'not open yet' and no enable control, for every non-OPEN state; the platform badge still tells why (0.438ms)
✔ allowlisted + OPEN: enable from NONE/DISABLED, disable from ENABLED (0.068125ms)
✔ not allowlisted on an OPEN platform reads exactly like not open: the same message, no 'platform open' badge, no enable (review P1-2) (0.082792ms)
✔ BLOCKED: the suspended note, disable only, never enable (whatever the platform says) (0.052458ms)
✔ without billing:manage nothing can be changed, but the state is still readable (0.174167ms)
✔ enable carries the platform's current terms, the suffix and the version read; NONE starts at 0 (0.089667ms)
✔ disable never sends a suffix and quotes the terms the store accepted (the platform's may have moved on) (0.040167ms)
✔ a retained suffix is recovered from the final preview so a re-enable can keep it (0.045375ms)
✔ the period label shows the last day inside the (exclusive-end) week (0.828458ms)
✔ payout state: paid, pending only when money is due, none when the week nets to zero or less (0.045ms)
✔ card-payments and settlements are nav:false routes, so no group loses or gains a nav button (0.166958ms)
✔ settlements need billing:manage, the card page integration:read; the owner opens both (0.10825ms)
✔ statement cells: a dispute reversal and a returned fee read as credits (+) and every deduction as -, and the columns add up to the server's net (10.731959ms)
✔ the detail parser requires the lines of a statement that has lines; a quiet week (line_count 0) may omit them (0.231875ms)
✔ route table: exactly the four resources, nothing generic (0.502083ms)
✔ query grammar: card and settlement-detail are exact; settlements takes before/limit only (0.949084ms)
✔ request fence: keyless PUT (CAS), bodyless GETs, no transfer-encoding (27.108875ms)
✔ PUT body is the exact frozen shape {enabled, terms_version, descriptor_suffix, expected_version} (12.642625ms)
✔ the BFF route wires the card grammar: keyless CAS PUT, exact body, no-store, auth required (3.576584ms)
✔ the real card summary parses and drives the display state machine (14.71275ms)
✔ the real statement list parses: newest first, no lines, three payout states (1.135792ms)
✔ every real detail parses with its lines and the lines add up to the statement (4.336958ms)
✔ an empty ledger parses to no statements (0.25425ms)
✔ no account id, key or approval shape is in any real body (0.388292ms)
✔ the real statements display literally as signed contributions that add up to the server's net (12.5915ms)
ℹ tests 48
ℹ suites 0
ℹ pass 48
ℹ fail 0
ℹ cancelled 0
ℹ skipped 0
ℹ todo 0
ℹ duration_ms 227.413792
✔ option/slug/SKU caps equal internal/catalog (options.go, catalog.go) (7.528375ms)
✔ text caps equal the Go validators (name 120, description 8000, SEO 70/160, collection title 80) (1.994584ms)
✔ photo caps equal Go (MaxMainImages, MaxDetailImages, MaxImageBytes) and the SKU code pattern (1.102416ms)
✔ PE13 Cartesian matrix is local, preserves edits and deduplicates values (0.550292ms)
✔ PE13 bulk quantity skips negative rows without modifying them (0.093291ms)
✔ PE12 untracked document uses whole currency and per-order cap, never quantity (8.672583ms)
✔ PE14 missing readback is not guessed or silently cleared by full replacement (0.056583ms)
✔ bulk status accepts explicit per-item results, never empty or duplicated confirmations (0.176334ms)
✔ matrix refuses over 100 SKUs before expansion (0.072917ms)
✔ PR #1 4212540344: per-row matrix labels reappear where the matrix header is not visible (≤900px), desktop untouched (1.134416ms)
✔ PR #1 4212540352: pre-publish missing-items list collapses behind a real toggle at ≤900px instead of being removed (0.914ms)
✔ parity: admin caps equal the Go constants (1.357ms)
✔ image list: 4 main + 20 detail + 2 sku in role order is accepted (1.090875ms)
✔ image list: 5 main, 21 detail, wrong role order, gaps and extra keys are refused (2.70925ms)
✔ single image: role is required and its position is bounded by the role cap (0.183166ms)
✔ option text limits count Go runes rather than UTF-16 units (2.024959ms)
✔ PE14 new edit SKU carries its own shipping and clears no existing fields (13.643875ms)
✔ PE14 patch changes only price and preserves unmentioned fields (0.306458ms)
✔ PE14 on_hand is not available, zero target is transmitted, ambiguous warehouse refuses (0.347083ms)
✔ PE14 explicit clears and shipping remain per SKU on an active row (0.13875ms)
✔ PE14 archive supersedes every other edit on that SKU (b77eeb11) (0.148333ms)
✔ PE14 no-op has no command fields and changed axes explicitly archive omitted variants (0.099875ms)
✔ PE14 replacement SKU edit excludes create-only code from the strict patch grammar (0.212917ms)
ℹ tests 23
ℹ suites 0
ℹ pass 23
ℹ fail 0
ℹ cancelled 0
ℹ skipped 0
ℹ todo 0
ℹ duration_ms 115.04375
(node:70258) ExperimentalWarning: Transform Types is an experimental feature and might change at any time
(Use `node --trace-warnings ...` to show where the warning was created)
✔ UNKNOWN retry client authorization loss requires reconciliation, not a fresh command (4.543042ms)
✔ UNKNOWN retry 401 authorization loss requires reconciliation, not a fresh command (10.170334ms)
✔ UNKNOWN retry 403 authorization loss requires reconciliation, not a fresh command (0.609875ms)
✔ a conclusive command rejection stays distinct from authorization loss (0.81125ms)
ℹ tests 4
ℹ suites 0
ℹ pass 4
ℹ fail 0
ℹ cancelled 0
ℹ skipped 0
ℹ todo 0
ℹ duration_ms 132.225
(node:70263) ExperimentalWarning: Transform Types is an experimental feature and might change at any time
(Use `node --trace-warnings ...` to show where the warning was created)
✔ offer controls read authoritative limits without parsing unrelated KEYWORD_QTY_CONTAINS window/stats (13.379375ms)
✔ offer controls accept 101 through the backend cap of 200 distinct offers, reject 201 (2.630667ms)
✔ offer toggle preserves exactly the authoritative maximum in the real M4 payload (2.550042ms)
✔ console BFF admits exactly A1/A7/A6 and A5 read/copy methods (0.369542ms)
✔ Next proxy admits the exact console family and results query before the BFF (77.296375ms)
✔ PR18 proxy preserves malformed A2 cursor as 400 invalid_cursor (0.565041ms)
✔ results query is canonical repeated session_id 1..50, everything else queryless (0.099791ms)
✔ real BFF route forwards only exact resources, authenticates scope and returns private scrubbed errors (49.124791ms)
✔ new commands reject unknown keys and preserve frozen copy/lifecycle/recommend body (0.156542ms)
✔ browser commands reuse Studio fences, exact no-comment recommend body and backend refusal codes (1.915125ms)
✔ results client preserves canonical ids/order and rejects invalid list before fetch (0.403625ms)
✔ stock client reuses catalog transport/key/parser and fences a changed login without retries (1.167666ms)
✔ journal replay sends the exact original method/path/body/key for all five commands (2.205375ms)
(node:70264) ExperimentalWarning: Transform Types is an experimental feature and might change at any time
(Use `node --trace-warnings ...` to show where the warning was created)
✔ A1 strict MOCK snapshot preserves unavailable counts, capability unknown and server stock (2.366375ms)
✔ A7 returns a separate lifecycle version and closed full KEYWORD_QTY_CONTAINS window (0.155583ms)
✔ A5 results retain separate environments/currencies and bind exact requested ids/order (0.162083ms)
✔ A5 copy parses real Go envelope, copied offer prices and KEYWORD_QTY_CONTAINS window (0.364708ms)
✔ A6 accepts optional operation UUID, never guessed send success (0.114792ms)
(node:70265) ExperimentalWarning: Transform Types is an experimental feature and might change at any time
(Use `node --trace-warnings ...` to show where the warning was created)
✔ Live settings navigation accepts a scene picker entry but never a malformed or unscoped deep link (0.829417ms)
✔ LC-B7 stock permission admits live_adjust without inventory:write, not unrelated grants (0.081125ms)
✔ Instagram comment total stays unavailable; Facebook observed count is not a platform total (0.060917ms)
✔ LC-U1 one primary action follows lifecycle, never planning or transport state (0.044416ms)
✔ LC-U1 stock target uses sellable delta and rejects fractions, negative and over-limit changes (0.081042ms)
✔ LC-U1 links only explicit FB post identities, never arbitrary URLs or guessed videos (0.073458ms)
✔ LC-U1 Facebook preview keeps the original no-frame CSP and uses a safe external link (0.620292ms)
✔ LC-U1 delayed copy completion cannot navigate after store switch or unmount (0.111791ms)
✔ LC-U1 receipt fence survives cookie rotation; pending replay still has a separate session boundary (0.411583ms)
ℹ tests 27
ℹ suites 0
ℹ pass 27
ℹ fail 0
ℹ cancelled 0
ℹ skipped 0
ℹ todo 0
ℹ duration_ms 336.751542
✔ PR18 final public unresolved receipt survives relogin but coarse fence stays session-bound (2.089125ms)
✔ PR18 enabled downgrade gates hook output before passive cleanup (20.62175ms)
✔ PR18 enabled downgrade first all render hides rows buyer and composer (4.355292ms)
✔ PR18 enabled downgrade first private render hides rows buyer and composer (3.6915ms)
✔ PR18 R2 scoped404 a2 clears both private views and stops recovery reads (3.510791ms)
✔ PR18 R2 scoped404 a8 clears both private views and stops recovery reads (3.118708ms)
✔ PR18 R2 scoped404 older clears both private views and stops recovery reads (3.289083ms)
✔ PR18 A8 clears names synchronously and keeps loaded older pages through a head poll (6.029167ms)
✔ PR18 A8 paged list stays bounded across fresh heads and stops older at cap (132.703625ms)
✔ PR18 A8 hides clear before effects even without pagination (1.734417ms)
✔ PR18 deletion HEAD clears selected comment composer but keeps history and public guard (8.457083ms)
✔ PR18 short complete HEAD clears a covered selected comment and composer (5.4465ms)
✔ PR18 quiet A2 stream refreshes delayed claim marks without a new sequence or user refresh (2.466958ms)
✔ PR18 late claim automatically exposes keyword view and the reused BuyerPanel (4.924833ms)
✔ K3 A8 private polls every 10s, backs off, resets, pauses hidden and stops off-filter (14.175625ms)
✔ K3 A8 unreplied polls every 10s, backs off, resets, pauses hidden and stops off-filter (15.971084ms)
✔ K3 pasted tab is refused with invalid_text copy before any reply POST (1.367166ms)
✔ PR18 facts_unavailable mark uses actionable copy zh-TW (1.251708ms)
✔ PR18 facts_unavailable mark uses actionable copy zh-CN (1.228333ms)
✔ PR18 facts_unavailable mark uses actionable copy en (0.90675ms)
✔ real SQL UNKNOWN mark blocks public-mode switching without a local receipt (0.969292ms)
✔ PR18 unknown public receipt has the correct cross-comment fence (7.712917ms)
✔ PR18 queued public receipt has the correct cross-comment fence (4.3765ms)
✔ PR18 public guard releases only definite sent (1.546709ms)
✔ PR18 public guard releases only definite failed (1.256083ms)
✔ PR18 public guard releases only definite blocked (0.995333ms)
✔ PR18 public guard releases only definite refused (0.861ms)
✔ PR18 P1 IG earliest50 refresh preserves100 rows selection and private draft (34.717708ms)
✔ PR18 final expired older cursor keeps live buffer selection and polling (2.518ms)
✔ PR18 command refresh keeps epoch evidence while cursorless initial=0 (1.0195ms)
✔ PR18 command refresh keeps epoch evidence while cursorless initial=1 (0.750167ms)
✔ PR18 bounded window refresh removes FB deletion behind60 arrivals history=false (3.184292ms)
✔ PR18 bounded window refresh removes FB deletion behind60 arrivals history=true (3.72475ms)
✔ PR18 bounded window refresh preserves explicit history until manual refresh (1.757ms)
✔ PR18 bounded window refresh atomically rebuilds IG100 deleted75=false (7.096583ms)
✔ PR18 bounded window refresh atomically rebuilds IG100 deleted75=true (9.089667ms)
✔ PR18 bounded window refresh stalled never publishes an incomplete IG window (13.747833ms)
✔ PR18 bounded window refresh budget never publishes an incomplete IG window (16.48125ms)
✔ PR18 bounded window refresh removes deleted IG final sequence (3.202583ms)
✔ actual A2 hook fake clock: 3/6/12/24/30 backoff, success reset, hide clears and stops, 403 locks (4.460333ms)
✔ actual reset clears selected buyer and rereads without the old epoch cursor (1.974917ms)
✔ reply hints, coded error, UNKNOWN and capability state execute the actual composer (1.652917ms)
✔ PR18 R2 templates read 404 denies the composer (0.813041ms)
✔ PR18 buyer-panel read 404: stays local (retention-purged or gone selection), console keeps access (0.710583ms)
✔ PR18 buyer-panel read 403: revokes the console scope (0.761917ms)
✔ PR18 seq coverage keeps older arrival with newer time and out-of-range rows (1.256791ms)
✔ PR18 seq coverage removes a missing numeric row despite its older created_at (0.10425ms)
✔ PR18 seq coverage never absence-deletes null history (0.098958ms)
✔ PR18 seq coverage treats epoch0 as an initialized cursor (0.056375ms)
✔ PR18 protected null history reserves capacity and never becomes numeric on overlap (6.261458ms)
✔ PR18 P1 IG earliest page and unknown authority never delete by absence (0.813583ms)
✔ PR18 short complete HEAD never expands numeric coverage to an absent oldest row (0.122666ms)
✔ PR18 full or cursor-bearing HEAD uses the same numeric coverage (0.095ms)
✔ PR18 loaded history stays protected from short complete HEAD (0.182458ms)
✔ PR18 deletion HEAD removes absent refs inside its window (0.19025ms)
✔ PR18 deletion HEAD keeps paged history below its oldest tuple (0.117667ms)
✔ PR18 deletion is never inferred from incremental or older pages (0.101084ms)
✔ PR18 empty deletion HEAD is not evidence that any ref was deleted (0.092708ms)
✔ PR18 deletion coverage ignores equal timestamps and timezone spellings (0.134583ms)
✔ PR18 mixed FB and IG page orders normalize chronologically after dedupe (0.123125ms)
✔ PR18 cap keeps newest1000 with mixed page order older=false (5.99975ms)
✔ PR18 cap keeps newest1000 with mixed page order older=true (6.251542ms)
✔ PR18 A3 invalid_ref remains a definite 422 refusal (0.093417ms)
✔ PR18 a full history buffer stops paging without discarding rows or advancing its cursor (0.253792ms)
✔ K3 reply text rejects every C0/C1 control except newline (0.568958ms)
✔ PR18 scan exhaustion parser requires a trusted explicit boolean (0.497875ms)
✔ PR18 approved seq DTO parser accepts safe numbers and explicit history null (0.233459ms)
✔ SQL operation marks map to every merchant-visible delivery state (0.050375ms)
✔ real bridge sealCursor uses payload.signature rather than plain base64url (16.792416ms)
✔ A2 grammar refuses private/duplicate/ambiguous cursors and keys on reads (1.339292ms)
✔ A3-A5 exact comment ref and bodies; explicit preemption private only (0.566334ms)
✔ A4/A5 preserve frozen refusal codes, never provider/debug text (0.077459ms)
✔ reset invalidates old buffers and cursor before reread; older page cannot advance live cursor (0.137875ms)
✔ filter resources have only authorised opaque ids; backoff is capped and success resets (0.05625ms)
ℹ tests 74
ℹ suites 0
ℹ pass 74
ℹ fail 0
ℹ cancelled 0
ℹ skipped 0
ℹ todo 0
ℹ duration_ms 751.333292
✔ secondary failures preserve A1; only A1 is periodic; IG notice follows the platform/embeddability observation (288.779458ms)
✔ the existing console refresh also explicitly refreshes its parent list; no automatic list read (14.103042ms)
✔ parent forwards only an explicit refresh callback and retains the scene when list is unavailable (13.186667ms)
✔ every explicit browser response/event/navigation waiter has a finite sub-test budget (25.287ms)
✔ A1 failures back off 3/6/12/24/30 seconds and success resets to five seconds (99.765333ms)
✔ Retry-After is a minimum; hidden tabs cancel polling; forbidden locks and conceals (50.428125ms)
✔ secondary reads are mount/refresh only, independent from A1 and non-fatal (42.067375ms)
✔ UNKNOWN journal restores the exact key/method/path/body and explicit retry after reload (34.387875ms)
✔ first definite 403 clears journal but locks commands; late success after navigation clears only its own key (34.636208ms)
✔ private reads preserve Retry-After seconds and dates, without changing existing error codes (29.962042ms)
✔ a restored in-flight or UNKNOWN request retains its journal after a replay 403 (101.705083ms)
✔ restored copy success dispatches completion only in the still-current scene (53.365875ms)
✔ SessionCopy resyncs closed same-ID titles, preserves open edits and cancels to latest draft (37.889292ms)
✔ SessionCopy submit uses latest version; UNKNOWN request survives later draft/input changes (52.911125ms)
ℹ tests 14
ℹ suites 0
ℹ pass 14
ℹ fail 0
ℹ cancelled 0
ℹ skipped 0
ℹ todo 0
ℹ duration_ms 776.909333
✔ claims window modes match Go constants and every SQL match_mode CHECK (4.735917ms)
✔ host prompt stays verbatim at the frozen trunk contract; Japanese is absent (0.890792ms)
✔ bundle parser accepts manual (labelled) and Meta (unlabelled) bundles (0.563833ms)
✔ bundle parser rejects unknown platforms and label/platform mismatches (0.182708ms)
✔ offer parser carries the live price and rejects every out-of-range or missing field (8.812167ms)
✔ library and import parsers are closed; removal receipt is the only version-0 shape (0.254166ms)
✔ price input: exact decimal minor units, never float, bounded to the currency's places (11.690542ms)
✔ live-tools copy exists in all three locales with the same conflict reasons (0.456ms)
✔ claims BFF allowlist is exactly M1–M7 per method (5.321792ms)
✔ M7 link response shape is closed (0.2075ms)
✔ host prompt copy is the frozen text, verbatim (0.090375ms)
ℹ tests 11
ℹ suites 0
ℹ pass 11
ℹ fail 0
ℹ cancelled 0
ℹ skipped 0
ℹ todo 0
ℹ duration_ms 126.30225
NOT_RUN: tests/media/r04-input-runner.test.mjs (COMMERCE_R04_LIVEKIT_BINARY unset)
✔ main/detail/sku caps use the existing frozen image contract (1.039417ms)
✔ phone and tall dimensions fit2000 without enlarging small assets (0.211041ms)
✔ upload query requires one exact role and sku value; reads/actions carry no query (0.579417ms)
✔ role transport encodes current option values and refuses invalid identities (0.237167ms)
✔ effective image axis follows current options, then falls back to first (0.088ms)
✔ detail and option photos cannot satisfy the main-photo recommendation (0.071959ms)
✔ PM-U copy has matching keys in ja and all currently routed locales (0.141625ms)
✔ real-upload mode builds both Next applications on a clean CI checkout (18.120333ms)
✔ upload recovery journal survives a new session while remaining product/store scoped (0.2315ms)
✔ an option upload receipt requires its captured axis, value and image id on canonical readback (0.181708ms)
✔ failed durable recovery storage cannot authorize a media write (0.105125ms)
✔ an active product needs a main image after canonical media is known; repair paths stay possible (0.066375ms)
✔ empty media sections render a readable localized placeholder until photos are present (8.926375ms)
✔ real-upload mode never exits through the storefront MOCK shortcut (56.816ms)
✔ a valid active zero-main product keeps an inline repair hint rather than a page error (4.507417ms)
✔ a new product issues the image-axis stage only for a chosen axis (0.993542ms)
ℹ tests 16
ℹ suites 0
ℹ pass 16
ℹ fail 0
ℹ cancelled 0
ℹ skipped 0
ℹ todo 0
ℹ duration_ms 398.744667
(node:70348) ExperimentalWarning: Transform Types is an experimental feature and might change at any time
(Use `node --trace-warnings ...` to show where the warning was created)
✔ a fitting PNG keeps the exact original File, bytes and alpha-capable format (0.936125ms)
✔ a JPEG exactly at both limits remains original, not a lossy re-encode (0.312417ms)
✔ an oversized phone JPEG is encoded below the cap after oriented scaling (0.570292ms)
✔ a large transparent PNG stays alpha-capable and is never painted with an opaque matte (0.539333ms)
ℹ tests 4
ℹ suites 0
ℹ pass 4
ℹ fail 0
ℹ cancelled 0
ℹ skipped 0
ℹ todo 0
ℹ duration_ms 118.828875
✔ HTTPS picklist fixture carries Secure session cookies automatically while preserving CSRF refusals (134.840625ms)
✔ batch controls stay compact until an order selection or live-session scope exists (0.199709ms)
✔ selection has XOR bodies, canonical unique IDs and separate 500/100 limits (0.43875ms)
✔ cross-page selection retains existing rows, deduplicates and refuses overflow atomically (0.827583ms)
✔ pick projection rejects PII/extra keys, invalid quantities and unmatched order identities (0.598334ms)
✔ batch replies bind one-for-one to confirmed orders and preserve uncertainty code (0.128458ms)
✔ pick/export POSTs reject keys and all query variants except one exact template (2.453708ms)
✔ CSV filename binds to selected template and store; no path/header injection (0.313875ms)
✔ MOCK browser fixture list matches the incumbent closed order parser (14.225125ms)
✔ recovery never clears an unknown or missing current attempt (0.152875ms)
✔ recovery and order-detail MOCK fixtures satisfy real read parsers (10.367292ms)
✔ order selection can read its session fence during SSR without browser globals (1.160125ms)
✔ MOU keeps native headed checks runnable on a Linux CI worker without DISPLAY (18.096834ms)
✔ pick fixture serves the scoped parcel reads required by the orders page (8.137292ms)
ℹ tests 14
ℹ suites 0
ℹ pass 14
ℹ fail 0
ℹ cancelled 0
ℹ skipped 0
ℹ todo 0
ℹ duration_ms 516.660083
✔ bodyless dissolve DELETE (empty body stream, no content-length) reaches Go with the CAS query, no body, no key (43.019416ms)
✔ every parcel DELETE must carry exactly one expected_version >= 1 (never forwarded without it) (5.940875ms)
✔ a DELETE that declares a body or chunked framing is refused (5.28625ms)
✔ DELETE needs the session, origin and CSRF like every command; other DELETEs stay unsupported (10.035292ms)
✔ GET parcel-groups (open groups read) and merge-suggestions pass with no query; a query or key is refused (16.136125ms)
✔ actual MOU parcel runner selects and collects the real parcel browser case (552.618458ms)
✔ merge suggestions accept the frozen shape (server-masked recipient) and reject drift (3.814292ms)
✔ created group requires the OPEN state and its members (0.220083ms)
✔ dissolved group is exactly id/state/version (0.089125ms)
✔ group shipment carries one SHIPPED version per member (3.816875ms)
✔ open groups (GET parcel-groups) accept the frozen shape and fail closed on drift (1.837875ms)
✔ reconcile: a reload rebuilds OPEN panels, a vanished OPEN group is dropped, history and live versions are kept (0.2335ms)
✔ three locales cover the same keys and every refusal code (0.209458ms)
✔ the owner-ruling sentence is exact in all three locales (0.045666ms)
✔ the in_parcel_group copy is the same sentence in parcels-copy (blocked + errors) and orders-copy, in every locale (0.065708ms)
✔ groupOfOrder prefers the OPEN group over retained SHIPPED/DISSOLVED history (0.131792ms)
✔ parcelOrderNumber is the canonical LC-<32 uppercase hex> order number and matches the open-group parser (0.110208ms)
✔ parcel refresh generation: bumped by every successful poll, whatever the cursor (0.041291ms)
✔ parcel refresh generation: an in_parcel_group refusal bumps it, other refusals do not (0.048708ms)
✔ exactly the five W3-07B resources route (1.817416ms)
✔ dissolve carries exactly ?expected_version=N (N >= 1) (0.574667ms)
✔ readMergeSuggestions 401 immediately purges parent scope and refuses late sibling 200 (21.13625ms)
✔ readMergeSuggestions 403 immediately purges parent scope and refuses late sibling 200 (5.183875ms)
✔ readMergeSuggestions 404 immediately purges parent scope and refuses late sibling 200 (5.761ms)
✔ readOpenParcelGroups 401 immediately purges parent scope and refuses late sibling 200 (4.281ms)
✔ readOpenParcelGroups 403 immediately purges parent scope and refuses late sibling 200 (3.738709ms)
✔ readOpenParcelGroups 404 immediately purges parent scope and refuses late sibling 200 (5.340625ms)
✔ readMergeSuggestions 503 preserves parent and local retry recovers actual DTOs (5.568166ms)
✔ readOpenParcelGroups 503 preserves parent and local retry recovers actual DTOs (4.765667ms)
✔ captured parent groups callback refuses hidden scope (2.352541ms)
ℹ tests 30
ℹ suites 0
ℹ pass 30
ℹ fail 0
ℹ cancelled 0
ℹ skipped 0
ℹ todo 0
ℹ duration_ms 670.423083
✔ exactly the nine W6-01B resources are admitted, each only under its own method (2.408833ms)
✔ the customer list is claimed only when a tag filter is present (customers-request.ts stays the owner otherwise) (0.927708ms)
✔ near misses are refused (no generic proxying) (0.573917ms)
✔ reads: no body, no key, no transfer-encoding; tag-list takes no query at all (88.614709ms)
✔ customer-list query: closed keys, tag must be a canonical uuid, list bounds identical to customers-request (0.615458ms)
✔ note-list query: only limit and after, with the customers-list bounds (0.155458ms)
✔ writes: exactly one well-formed Idempotency-Key; the two DELETEs carry no body but still need the key (3.664792ms)
✔ validTagName mirrors Go (NFC first, 1..20, trimmed, no control/Cf) (1.048666ms)
✔ validNoteBody mirrors Go (1..1000, not blank, only \n \r \t controls) (0.723417ms)
✔ tag-create body: closed keys, valid name and one of the eight colors (0.376292ms)
✔ tag-patch body: at least one of name/color, nothing else (0.105833ms)
✔ owner-tags body: tag_ids (<=100 canonical uuids) + 64-hex revision, exact keys (0.170833ms)
✔ note bodies: create {body}; patch {body, version>=1}; deletes and reads carry no body at all (0.269666ms)
✔ parseTagCatalog decodes {items: TagRecord[]} with the store-catalogue bounds (1.638334ms)
✔ parseTagSet / parseDeletedTag / parseDeletedNote decode the frozen write receipts (0.684084ms)
✔ parseNoteRecord / parseNotePage decode notes with the Go note rules (1.805459ms)
✔ customer-tags copy: three locales, identical key sets, the integrator's ruled note-privacy text verbatim (0.348209ms)
✔ components wire the ruled copy and the tag/note controls the specs click (1.303583ms)
✔ tag read names must already be trimmed NFC and Unicode code-point bounded (0.159958ms)
✔ session change before network sends nothing (29.876166ms)
✔ session changes after network or during body parse drop the response (44.307333ms)
✔ transient session digest failure is settled only before dispatch (12.576208ms)
✔ lost response followed by a changed session is UNKNOWN after dispatch (10.499667ms)
✔ lost response does not auto-retry; explicit replay keeps method/key/payload/scope (13.348625ms)
✔ 5xx or malformed success is uncertain, coded refusal is settled (12.008666ms)
✔ passive tag/detail refresh preserves an unsaved new-note draft (29.898417ms)
✔ passive refresh updates visible notes but preserves edit draft and original CAS version (21.636709ms)
✔ explicit refresh signal clears old edit draft while passive array changes do not (19.317958ms)
✔ an unauthorized note read clears private note bodies and the draft (13.626916ms)
✔ a transient note read failure keeps the notes already shown (8.99975ms)
✔ an unauthorized note read signals the global logout once; a transient failure does not (7.475875ms)
✔ non-privacy writer: own notes keep Edit and Delete on a fresh mount, others' notes do not (2.12925ms)
✔ notes forbidden/not_found signals scope loss exactly once per mount, never on transient failure (16.14625ms)
✔ bad path/store/method/query/header is refused without authority or backend calls (12.964458ms)
✔ the actual proxy admits a tagged customer list with scoped search/cursor and rejects malformed tag authority (3.006167ms)
✔ signed-out/cross-store/Origin-CSRF denials short circuit before body or forwarding (0.376625ms)
✔ closed bodies and DELETE payloads cannot reach Go (1.237667ms)
✔ all write methods preserve exact key/body/store and private success status (1.26325ms)
✔ note pagination preserved and hostile backend errors/bodies sanitized (3.264ms)
✔ a catalogue forbidden or not_found asks the parent to re-run its guarded reads, with no logout (195.278125ms)
✔ transient catalogue failures stay local; unauthorized logs out but is not a scope loss (70.5795ms)
✔ after a tag write the manager stays mounted: the catalogue refreshes in place, never reloads (42.958292ms)
✔ a manager-reported scope loss reloads the customer list and catalogue guarded reads (20.221167ms)
✔ CustomerDetail forwards a scope-lost signal to the guarded read once per page (61.485458ms)
✔ badges are escaped server tag facts with human-readable names (8.116ms)
✔ actual customer notes render privacy notice, safe content, author fallback and read-only permissions (23.737708ms)
✔ unknown permissions and erased customer never offer note mutations (1.084166ms)
✔ write-only notes permit add but not edit/delete of notes the server does not mark own; privacy permission permits both (6.905625ms)
✔ manager trigger and all three localized buyer-export notices render through actual components (5.108833ms)
✔ UNKNOWN survives settled unauthorized retry until trusted success; fresh run ignored (1.675625ms)
✔ UNKNOWN survives settled forbidden retry until trusted success; fresh run ignored (0.403833ms)
✔ UNKNOWN survives settled version_changed retry until trusted success; fresh run ignored (4.834417ms)
✔ first-attempt preflight refusal is settled and permits a fresh action (0.466292ms)
✔ UNKNOWN and in-flight retries prevent duplicate dispatch; unmount discards stale outcome (0.369208ms)
✔ an unauthorized write signals the global logout; forbidden does not (1.324666ms)
✔ UNKNOWN command survives unmount/remount: still locked, same-key retry, cleared by trusted success (0.825292ms)
✔ a command unmounted while in flight is treated as UNKNOWN on remount (0.493458ms)
✔ a session boundary change drops the remembered UNKNOWN command (0.495625ms)
✔ a guarded read that ends signed-out signals the global logout once (4.961125ms)
✔ forbidden/unavailable failures and a successful read signal no logout (4.549708ms)
✔ refresh ending signed-out clears the view, blocks and signals the global logout once (5.020042ms)
✔ refresh ending forbidden or not-found clears the data without a logout (7.5345ms)
✔ a transient refresh failure keeps the ready view and signals nothing (7.751042ms)
✔ exactly the eight report GETs are admitted; every other method or path is refused (0.628292ms)
✔ report reads: query required, no body, no key, no transfer-encoding (18.594708ms)
✔ from/to: exactly once each, calendar-valid days, 0..91 apart (0.364416ms)
✔ session_id: only on the funnel (json and csv), a canonical uuid, once (0.248084ms)
✔ parseProductReport: echoed range/zone, <=1000 rows sorted by net desc, net = captured - refunded (5.626625ms)
✔ parseChannelReport: closed vocabulary order, money per environment strictly ascending, I05 inside every bucket (0.576458ms)
✔ parseFunnelReport: nested counts, session echo, ordered_without_link bound (0.329ms)
✔ parseManualReport: nullable principal/session ids, bucketed money like channels (0.251125ms)
✔ reports copy: three locales, identical key sets, the integrator's ruled money annotation verbatim (0.208375ms)
✔ Reports.tsx: four tabs, CSV per tab, ruled annotation, CSS/SVG charts only (no new dependencies) (0.997459ms)
✔ report CSV closed headers use actual Go slug, echoed dates and private no-store (0.664125ms)
✔ report response projection rejects unknown keys, mismatched range and non-private responses (3.022042ms)
✔ manual buckets follow Go's uncapped row count rather than a made-up 500-row limit (1.124541ms)
✔ display sorts only inside currency/environment groups, never sums money or mutates server rows (12.869667ms)
✔ page report query accepts exactly the four report names and defaults to products (0.085292ms)
✔ actual product table renders offline separately, both modes, no UUID copy and sortable headers (29.292042ms)
✔ actual channel chart exposes exact numbers and both money modes using SVG (0.833875ms)
✔ actual funnel has four stages, nested widths and truthful zero-denominator text (1.272959ms)
✔ manual table resolves authorized labels, has honest fallback, and never presents UUIDs (1.353292ms)
✔ all report views render localized empty states (0.450792ms)
✔ actual BFF refuses malformed query, unknown store/session, disabled auth and missing CSV fences before Go (92.554625ms)
✔ actual BFF closed JSON projection and CSV scope/query preserve trusted token; no forwarded client authority (34.894166ms)
✔ actual BFF permission and malformed CSV response fences do not masquerade as a download (54.0345ms)
✔ audited browser GET accepts same-origin Fetch Metadata plus CSRF, never cross-site or forwarded Host (22.935417ms)
✔ actual CSV client preflight sends nothing after session change, and a lost audit response is uncertain with no retry (16.139458ms)
✔ actual CSV client refuses stale-session bytes and downloads only a closed private response (15.928708ms)
✔ report leaf gives the actual trusted fetch 65 seconds, rejects redirects and forwards only server bearer (8.817583ms)
✔ incoming request cancellation aborts the real report fetch once, returns safe unavailable and never retries (5.392375ms)
✔ CSV final synchronous fence conceals bytes when cancellation, hide or cookie rotation happens inside final await (31.70475ms)
✔ CSV end-to-end deadline covers store lookup and report budget; aborted preflight sends no audited request (20.519333ms)
✔ an uncertain export stays locked for its scope after another scope's export (7.19525ms)
✔ an uncertain export scope persists per store in tab storage and re-locks a fresh render (49.738583ms)
✔ unavailable tab storage fails closed to the in-memory lock without throwing (18.759958ms)
✔ export lock is stored before dispatch; refused/delivered outcomes release it, uncertain and cut-short keep it (222.312708ms)
✔ releasing one scope keeps the other uncertain scopes of the store (19.551083ms)
✔ export is refused and nothing is dispatched when the lock cannot be saved (denied, full or no storage) (23.495917ms)
✔ copy for an unsaved export lock exists in every locale (0.187458ms)
✔ product sort query parses strictly and defaults to net_minor descending (0.229583ms)
✔ legacy-store permission probe: forbidden/not-found/signed-out fail the read closed, transient falls back (18.707542ms)
✔ channel and funnel data retain their applied dates while draft dates wait for Show (114.036458ms)
✔ an uncertain export lock is bound to the session boundary, so a different user does not inherit it (32.449291ms)
✔ Finance landing links to reports under the same canSeeReports rule (21.049791ms)
✔ selected tag survives searches and cursor pagination while an empty filter is omitted (31.6925ms)
✔ customer list dispatch preserves legacy requests and sends every tag query to the closed W6 authority (630.785333ms)
✔ customers reports link is hidden only when permissions are present and lack orders:read (0.347958ms)
✔ reports are a finance subpage and preserve the existing single finance navigation entry (0.179292ms)
✔ an authoritative erased customer immediately unmounts the cached private tags/notes subtree (44.863958ms)
✔ the actual customer row shows manual tags and imported status without changing consent (5.756125ms)
✔ P1 actual tag DELETE accepts an empty Next-style stream without JSON MIME (748.567375ms)
✔ P1 actual note DELETE accepts an empty Next-style stream without JSON MIME (2.166666ms)
✔ P1 body-carrying tag writes still require JSON MIME through the real BFF (0.316875ms)
✔ P2 customer bare/encoded tag keys are invalid422 through the actual leaf before any backend (5.726791ms)
✔ P2 report products real session/CSRF response is private and Vary Cookie (3.17175ms)
✔ P2 report products.csv real session/CSRF response is private and Vary Cookie (0.492458ms)
✔ P2 report malformed query and wrong CSRF are rejected by actual helpers before upstream (0.305833ms)
ℹ tests 118
ℹ suites 0
ℹ pass 118
ℹ fail 0
ℹ cancelled 0
ℹ skipped 0
ℹ todo 0
ℹ duration_ms 1963.931458
✔ real coded errors retain baseline classification and normalize import leaf cache to private,no-store (50.168042ms)
✔ preflight missing CSRF is definite and sends nothing; actual route CSRF and session refusals stay definite (4.185834ms)
✔ actual route uses real cookies/store membership and method/error envelopes, no helper substitutions (8.502166ms)
✔ actual client/route preserves original Blob bytes, trusted transport and privacy projection on200/409 (5.127959ms)
✔ success or stale preview must remain private; malformed/unknown/mismatched coded errors are uncertain after commit (14.106625ms)
✔ lost/unreadable/session-changed dispatched commit remains UNKNOWN; no automatic retry (3.556833ms)
✔ actual failed-only result route strips IDs and real final session/cancel fence exposes no download (3.498458ms)
✔ actual route refuses unknown resource/query and duplicate session cookies before any upstream call (1.094916ms)
✔ actual route incoming cancellation aborts one dispatched transport and preserves client UNKNOWN (2.342958ms)
✔ real coded error cache may not be public, and closed payload may not acquire data-bearing fields (4.013917ms)
✔ copy still exposes specific merchant field reasons across three locales (9.003917ms)
✔ all real local and upstream import refusals including HEAD/unsupported are exact private,no-store (3.651459ms)
✔ fresh mismatched receipt stays UNKNOWN, exact manual replay mismatch becomes terminal without a third send (3.507ms)
✔ terminal is impossible for malformed replay receipts or matching replayed counts (6.061541ms)
✔ Big5 bytes pass unchanged to upstream and real422 import envelope surfaces encoding_not_utf8 (3.354667ms)
✔ oversize file uses the actual header guard and specific size guidance in all locales without dispatch (9.908042ms)
✔ commit uses the original requested mapping, including an empty optional field, not resolved preview metadata (5.569666ms)
✔ an UNKNOWN commit remains locked through a later forbidden retry and only explicit same-file success unlocks (10.836125ms)
✔ leaving during a dispatched commit drops its payload and keeps an unconfirmed boolean without replay (9.138209ms)
✔ a definite first preflight refusal clears pending before sign-out and does not invent an unconfirmed import (2.415667ms)
✔ a replayed mismatched receipt ends UNKNOWN without offering another retry or unlocking historical orders (3.204917ms)
✔ real cookie and CSRF helpers generate and validate the actual host-cookie pair (3.922083ms)
✔ exact route rejects methods/keys/body/query/scope before any upstream request using real localError (7.845208ms)
✔ missing/duplicate session cookies reject and real clearAuthCookies expires session and CSRF (0.454875ms)
✔ actual authenticatedStores denies a store absent from the server projection (0.681291ms)
✔ private success routes server cookie token and exact canonical after, never caller bearer/cookie to Go (4.100208ms)
✔ actual safeError/localError preserve coded status with no-store and redact upstream diagnostics (1.612375ms)
✔ actual readBody and strict projection refuse MIME/oversize/extra private fields/city; network loss stays private (3.334625ms)
✔ actual client issues GET50/after through real route/private successful projection (12.39025ms)
✔ actual helper-issued browser fence rejects changed parent before dispatch (1.824958ms)
✔ private success from real route is discarded when the browser session changes during upstream read (3.426458ms)
✔ real localError no-store 401/403/404/503 preserves correct read category with no retry (11.669166ms)
✔ malformed sensitive backend projection becomes real unavailable, never a fake BFF success (2.548583ms)
✔ strict archive rows decode external order text, safe minor units and public keys (2.779542ms)
✔ PII-shaped city and extra sensitive fields never pass the safe projection (1.48475ms)
✔ all canonical Go cities pass; malformed types/bounds/order/time/money/cursor fail (1.103584ms)
✔ read grammar is exact limit/after, not the stale brief's cursor name (76.083375ms)
✔ three locales retain truthful history-not-revenue basis and copy parity (0.752375ms)
✔ SSR renders actual safe rows, shared money/time, total count and read-only three-locale basis (132.734917ms)
✔ SSR distinguishes empty archive, 403, session loss and unavailable without stale rows/count (3.232459ms)
✔ actual pagination callbacks use opaque trail; double click cannot skip; refresh/scope reset page1 (1.211958ms)
✔ the static import subpage wins over customer detail and leaves the single customers nav intact (1.367208ms)
✔ the actual list offers import only to privacy holders and carries the current authorized store (103.504333ms)
✔ the actual detail mounts archive only for an active imported customer and passes its fenced identity (36.679917ms)
✔ MIUI-READY-VISIBLE-STORE actual signed helper waits on the visible selector and retains cookie/wizard assertions (135.289667ms)
✔ MIUI-READY-DENIED read-only staff reaches the real shell refusal instead of waiting for a private wizard (9.793292ms)
✔ failure verdicts precede successful rows, by source row number, without mutating the input (0.613416ms)
✔ the failure download contains only failed row metadata, with no source cell or success identifier (0.2725ms)
✔ reads quoted/BOM header only, without decoding malformed bytes from data rows (4.346042ms)
✔ guess only unique metadata aliases with explicit unmapped values (0.325709ms)
✔ shared dynamic leaf admits only exact import methods/actions and bounded mapping/count (22.62525ms)
✔ failed CSV emits only row/outcome/code, refusing any unexpected identifier or raw cell (5.35ms)
✔ raw-byte cap does not decode/rebuild uploads and cancels oversized chunks (4.756292ms)
✔ backend privacy projection strips all source IDs on successful and failed rows (1.142541ms)
✔ closed preview parser refuses data-bearing rows, unknown keys and inconsistent counts (0.241458ms)
✔ order preview counts units while first CSV record numbers can exceed rows_total (0.077125ms)
✔ commit receipt has exactly five keys and no extra customer cells (0.091916ms)
ℹ tests 57
ℹ suites 0
ℹ pass 57
ℹ fail 0
ℹ cancelled 0
ℹ skipped 0
ℹ todo 0
ℹ duration_ms 876.730208
✔ G-UI8 storefront pages and the sweep's STOREFRONT_ROUTES are the same set (1.332542ms)
✔ parseShard: i/N, empty means unsharded, anything malformed throws (0.247917ms)
✔ assignShards: deterministic, every key owned once, near-balanced (LPT bound) (0.906458ms)
✔ planClick: for every N the shards partition the whole universe (every registry route x variant, storefront walk, journey) (1.217917ms)
✔ planClick at N=10 keeps every shard within ~1.3x of the mean planned cost (0.11725ms)
✔ aggregate click: honest shards pass for several N (2.435291ms)
✔ aggregate click: a missing shard, a dropped page row, a lost journey, a failing row, a stale known defect and a missing platform marker are each a failure (3.667167ms)
✔ aggregate click: a route added to the registry after the shards ran cannot pass (the registry is re-read) (0.527916ms)
✔ aggregate visual: honest shards pass; a missing shard, a missing shot, a blocking verdict and a registry route outside the universe each fail (5.350167ms)
ℹ tests 9
ℹ suites 0
ℹ pass 9
ℹ fail 0
ℹ cancelled 0
ℹ skipped 0
ℹ todo 0
ℹ duration_ms 97.988916
ci-plan: 10 job(s); click-sweep x10 (aggregate)
  --browser-click-sweep@1/10  -> artifact gate-browser-click-sweep_1_10
  --browser-click-sweep@2/10  -> artifact gate-browser-click-sweep_2_10
  --browser-click-sweep@3/10  -> artifact gate-browser-click-sweep_3_10
  --browser-click-sweep@4/10  -> artifact gate-browser-click-sweep_4_10
  --browser-click-sweep@5/10  -> artifact gate-browser-click-sweep_5_10
  --browser-click-sweep@6/10  -> artifact gate-browser-click-sweep_6_10
  --browser-click-sweep@7/10  -> artifact gate-browser-click-sweep_7_10
  --browser-click-sweep@8/10  -> artifact gate-browser-click-sweep_8_10
  --browser-click-sweep@9/10  -> artifact gate-browser-click-sweep_9_10
  --browser-click-sweep@10/10  -> artifact gate-browser-click-sweep_10_10
✔ the full sweep and the full visual lint fan out into every shard and ask for the aggregate (0.958166ms)
✔ foundation-shards = the unit shard + every plan group; the serial `foundation` mode is untouched (1.319792ms)
✔ an explicit shard re-run (or a partial list) never claims the whole-run aggregate (0.1035ms)
✔ duplicates collapse, artifact names are safe and unique, bad input is refused (0.334292ms)
✔ main writes matrix / sweep_n / visual_n to GITHUB_OUTPUT (1.213209ms)
✔ mode discovery has no Docker/build dependency and includes the existing universe (35.08225ms)
✔ dry-run resolves a mode without executing dependencies and keeps its command environment (69.028209ms)
✔ one appended case is discovered and dispatched; malformed and duplicate registry entries fail closed (53.231375ms)
✔ registry discovery cannot silently lose indented, aliased or unrecognised Bash case arms (5.515ms)
✔ backend-only paths run foundation-shards only (0.860166ms)
✔ node tests of deploy scripts and of the CI planner are backend-only (they cannot change a browser) (1.376292ms)
✔ a UI path adds the whole browser set, including click-sweep and visual-lint (6.609875ms)
✔ docs-only and output-only diffs keep the single required check (foundation-shards) (0.308792ms)
✔ legacy browser_* paths still select all browsers; a known untagged foundation file stays backend-only (0.559917ms)
✔ legacy deploy prefixes remain selected and unrelated paths do not select smoke (1.953458ms)
✔ the browser set is release-gate's browser-mode universe minus the documented exclusions (62.886542ms)
✔ every real browser-tagged foundation file selects registry browser modes, including non-browser names (135.157417ms)
✔ tagged runner discovery follows registry additions, command arrays and line continuations (2.238334ms)
✔ deploy smoke is selected for its workflow, verdict/helpers and executable test inputs (1.924458ms)
✔ new selection never drops legacy modes or deploy for any tracked path (603.515458ms)
✔ CLI classifies merge-base and explicit head, including removed tags, deleted files and renames (817.539542ms)
✔ CLI selects modes the base added after divergence when the checkout is the PR merge (PR #22 review P1) (376.040791ms)
✔ CLI reads the merge checkout's source when the base adds a browser tag after the fork (PR #22 review P1) (218.537ms)
✔ CLI explicit head and stdin include tags outside the checkout and uncommitted tag removals (242.060042ms)
✔ compound/legacy tags and unknown source are conservative; known untagged source stays backend-only (7.514292ms)
✔ explicit-head CLI derives tagged runner modes from that head's real registry (250.992917ms)
✔ real Git CLI preserves legacy selection: quotePath=true, "架构.md" (159.439792ms)
✔ real Git CLI preserves legacy selection: quotePath=true, "internal/示例.go" (198.529667ms)
✔ real Git CLI preserves legacy selection: quotePath=true, "tests/foundation/plain\tname_test.go" (207.892542ms)
✔ real Git CLI preserves legacy selection: quotePath=true, " deploy/scripts/synthetic-smoke.sh" (193.829458ms)
✔ real Git CLI preserves legacy selection: quotePath=false, "架构.md" (185.971625ms)
✔ real Git CLI preserves legacy selection: quotePath=false, "internal/示例.go" (205.742916ms)
✔ real Git CLI preserves legacy selection: quotePath=false, "tests/foundation/plain\tname_test.go" (194.01775ms)
✔ real Git CLI preserves legacy selection: quotePath=false, " deploy/scripts/synthetic-smoke.sh" (175.558333ms)
✔ stdin unions legacy trimming without trimming the source lookup path (93.52075ms)
✔ parser: only compiled, correctly-shaped Test functions of untagged _test.go files (1.590375ms)
✔ the real plan: every top-level test of tests/foundation runs in exactly one group (917.320041ms)
✔ a new test (in no list) still runs, exactly once, in the catch-all group; the same name with no catch-all is red (1194.286625ms)
✔ a test listed in two groups is red; drift beyond the limit is red (1073.124666ms)
✔ regexes: anchored explicit lists; the catch-all skips exactly everyone else's tests (0.912ms)
✔ pack: deterministic, balanced to within the longest test, every name once (4.617708ms)
✔ parseDurations: top-level lines only (0.180125ms)
ℹ tests 42
ℹ suites 0
ℹ pass 42
ℹ fail 0
ℹ cancelled 0
ℹ skipped 0
ℹ todo 0
ℹ duration_ms 4397.04675
✔ PR18 real BFF preserves invalid_ref and cursor errors without upstream retry (24.170584ms)
✔ PR18 valid A2 Unicode/escaped pages exceed 1 MiB but A8 cap stays unchanged (157.778458ms)
✔ K3 comment-only no_source cannot widen the existing inbox error seam (5.801625ms)
✔ LC-U2a real BFF seam A2-A5 exact grammar, privacy, denial and no diagnostic reflection (10.881875ms)
✔ A8/A9/A13 and published templates: exact reads forward once with no-store (14.581875ms)
✔ real streamed POST bodies: A10-A14 exact keys reach upstream (11.424291ms)
✔ query, read headers, methods and body allowlists refuse before upstream (12.226958ms)
✔ session, CSRF and store authority precede content forwarding (2.239708ms)
✔ A12 fixed codes preserved; arbitrary upstream diagnostics stripped (12.177458ms)
✔ client preserves codes and receipt; changed/aborted session cannot publish private response (5.031792ms)
✔ A9 admits a full page of valid Unicode replies while bounding private response bytes (5.03ms)
✔ non-JSON upstream 401 still expires both authentication cookies without diagnostic leakage (0.872417ms)
✔ real M7 response keeps no-referrer after matching Next production header rules (21.696084ms)
✔ three unit languages cover identical fixed labels and delivery states (3.220167ms)
✔ hiding aborts requests and rejects late responses, even after reveal (0.670958ms)
✔ switching selection invalidates both reads and write completions (0.189583ms)
✔ owner and explicit inbox permissions only; viewer fails closed (0.113208ms)
✔ Messenger counts Unicode codepoints; Instagram counts NFC UTF8 bytes (2.078583ms)
✔ uncertain transport retries retain the exact submission; definitive conflicts retire it (1.138916ms)
✔ privacy calibration cannot activate with production origin or ordinary caller env (0.54975ms)
✔ late focus/pageshow while native document remains hidden cannot reveal requests (0.32775ms)
✔ terminal navigation revocation cannot be undone by focus or refresh until a new page fence (0.191875ms)
✔ a ticket from another store/page fence is never accepted (0.14725ms)
✔ focus while already visible preserves the active epoch and the uncertain reply receipt (0.659584ms)
ℹ tests 24
ℹ suites 0
ℹ pass 24
ℹ fail 0
ℹ cancelled 0
ℹ skipped 0
ℹ todo 0
ℹ duration_ms 462.532792
✔ installed APIRequestContext cookie rules exclude Secure cookie from HTTP127 but retain HTTPS/localhost (0.703542ms)
✔ actual INU02 cross uses browser auth and retains exact 404/DM absence (23.644125ms)
✔ actual INU02 cross still rejects wrong authority 401 (6.003958ms)
✔ actual INU02 cross still rejects wrong authority 200 (1.708584ms)
✔ actual INU02 cross still rejects DM in denied response (3.233459ms)
✔ actual INU02 denied uses browser auth and retains exact 403/DM absence (4.518459ms)
✔ actual INU02 denied still rejects wrong authority 401 (1.832125ms)
✔ actual INU02 denied still rejects wrong authority 200 (1.226166ms)
✔ actual INU02 denied still rejects DM in denied response (1.09325ms)
✔ actual login settles /en and fixture store (real switch, scoped=false) (70.783875ms)
✔ actual login settles /en and fixture store (real switch, scoped=true) (35.610417ms)
✔ actual login settles /en/inventory and fixture store (real switch, scoped=false) (30.361375ms)
✔ actual login settles /en/inventory and fixture store (real switch, scoped=true) (53.565167ms)
✔ actual login settles /en/messages and fixture store (real switch, scoped=false) (18.743541ms)
✔ actual login settles /en/messages and fixture store (real switch, scoped=true) (31.852875ms)
✔ actual login settles /en and fixture store (already selected, scoped=false) (11.081459ms)
✔ actual login settles /en and fixture store (already selected, scoped=true) (7.58125ms)
✔ actual login settles /en/inventory and fixture store (already selected, scoped=false) (9.705666ms)
✔ actual login settles /en/inventory and fixture store (already selected, scoped=true) (1.882166ms)
✔ actual login settles /en/messages and fixture store (already selected, scoped=false) (2.289625ms)
✔ actual login settles /en/messages and fixture store (already selected, scoped=true) (17.136542ms)
✔ bundle fixture uses real claim commands and mounts existing M6/M7 without issuing early (3.368667ms)
✔ sensitive bundle scenario clicks native clipboard with trace/video disabled and no token body reads (0.163958ms)
✔ persisted link and token-free command receipt are compared without disclosing credentials (0.127334ms)
✔ actual clipboard evaluator exports only safe summary and detects malformed or retained synthetic credentials (426.101541ms)
✔ claim-window fixture isolates recovery after the current migration permits multiple OPEN windows (1.970458ms)
✔ ordinary Playwright diagnostics still capture failed-page ARIA when private guard is absent (0.62925ms)
✔ sensitive worker lifecycle prevents actual installed snapshot capture without masking the failure (30.95375ms)
✔ worker restores prior environment even when use rejects (absent) (17.208417ms)
✔ worker restores prior environment even when use rejects (empty) (1.599083ms)
✔ worker restores prior environment even when use rejects (existing-policy) (15.689167ms)
✔ fixture is worker-auto and module collection does not suppress ordinary diagnostics (67.112833ms)
✔ ordinary matcher ARIA context bypasses fallback flag and remains in actual installed diagnostics (0.767875ms)
✔ private test teardown removes only matcher page context while preserving failure (failed status) (2.444292ms)
✔ private test teardown removes only matcher page context while preserving failure (rejected use) (1.540292ms)
✔ matcher guard is test-auto without replacing the installed artifact auto fixture (1.142959ms)
✔ real Playwright --list collects each original INU case and isolated INU09 exactly once (1289.552125ms)
✔ A real Inbox selection admits Go A9 attachments null without losing thread (99.259417ms)
✔ A real Inbox selection admits Go A9 attachments empty array without losing thread (10.638541ms)
✔ A malformed non-array A9 attachments is refused without painting DM or crashing selected entry (12.144917ms)
✔ C A8 HTTP200 empty list is ordinary data with no alert, selection or focus request storm (0.9685ms)
✔ C A8 list404 is scoped inbox unavailable in en, never an empty list or conversation denial (1.079625ms)
✔ C A8 list404 is scoped inbox unavailable in zh-TW, never an empty list or conversation denial (2.221083ms)
✔ C A8 list404 is scoped inbox unavailable in zh-CN, never an empty list or conversation denial (18.328291ms)
✔ C click-sweep Go harness mounts existing Inbox/templates services (STRUCTURE_ONLY, Go NOT_RUN) (1.537792ms)
✔ C click-sweep includes actual-router owner200 empty inbox assertion (STRUCTURE_ONLY, Go NOT_RUN) (0.300417ms)
✔ inbox evidence is covered by the CI upload root (1.293167ms)
✔ failed Playwright closes its log and emits sanitized diagnostics before Fatalf (0.793334ms)
✔ failure diagnostics match INU cases/counts without admitting private text (0.634792ms)
✔ INU04 delayed handler 1 signals completion when fulfillment rejects (21.781958ms)
✔ INU04 delayed handler 2 signals completion when fulfillment rejects (7.109292ms)
✔ recoveryDone waits for actual held M7 completion in zh-TW (59.020042ms)
✔ recoveryDone waits for actual held M7 completion in zh-CN (8.538625ms)
✔ recoveryDone waits for actual held M7 completion in en (6.74075ms)
✔ review2 P1 bundle-only row opens real A13 and issues existing M7 claim link to clipboard (115.010417ms)
✔ review2 P1 clipboard denial recopy reuses cached issued URL without another M7 POST (4.412458ms)
✔ review2 P1 lost M7 ACK retries exact receipt and null replay token never mints a fresh key (49.02375ms)
✔ review2 P1 missing CSRF before cached recopy cannot copy or issue again (10.209959ms)
✔ review2 P1 missing CSRF before uncertain retry rejects preserved receipt dispatch (4.65875ms)
✔ review2 P1 late issued-link completion after hide cannot write clipboard (6.626583ms)
✔ review2 P1 late issued-link completion after selection cannot write clipboard (5.807041ms)
✔ review2 P1 late issued-link completion after unmount cannot write clipboard (4.837708ms)
✔ review2 P1 late issued-link completion after logout cannot write clipboard (5.861584ms)
✔ review2 P1 claim-link issuance denied without both live read/manage (inbox:read,live:read) (2.331541ms)
✔ review2 P1 claim-link issuance denied without both live read/manage (inbox:read,live:manage) (3.581167ms)
✔ review2 P1 missing authoritative recovery identity never guesses generation {"missingSession":true} (1.187792ms)
✔ review2 P1 missing authoritative recovery identity never guesses generation {"noBundle":true} (2.617958ms)
✔ review2 P2 exactly one matching binding uses named DM hard gate ok (4.484916ms)
✔ review2 P2 exactly one matching binding uses named DM hard gate review_required (2.427083ms)
✔ review2 P2 exactly one matching binding uses named DM hard gate missing_permission (1.836792ms)
✔ review2 P2 multiple same-provider bindings advisory only (dm_session:ok,dm_session:missing_permission) (1.178292ms)
✔ review2 P2 multiple same-provider bindings advisory only (dm_session:missing_permission,dm_session:reauth_required) (0.785792ms)
✔ review2 P2 multiple same-provider bindings advisory only (dm_session:ok,read_comment:missing_permission) (1.258792ms)
✔ review2 P2 multiple same-provider bindings advisory only (dm_session:review_required,dm_session:ok) (0.977167ms)
✔ review2 P2 actual scoped A12 409 capability refusal remains visible after advisory submit (7.361792ms)
✔ review2 P2 missing health and single binding without named DM remain disabled (2.566333ms)
✔ review2 P2 expired cached issued link cannot be recopied or silently reissued (6.38075ms)
✔ P1-1 actual visible focus preserves pending ticket, selection, revision and real retry receipt (5.078125ms)
✔ P1-1 actual unchanged-session pageshow checks without clearing; changed-session focus expires (0.370583ms)
✔ P1-1 actual hide/reveal clears and requests fresh revision, never accepts obsolete completion (0.299334ms)
✔ P1-1 changed-session visible focus expires even with a pending request (0.175541ms)
✔ P1-2 actual A9 refresh 404 removes rendered DM and unsent draft (21.005667ms)
✔ P1-2 actual send-finally A9 404 removes DM, draft and uncertain immutable receipt (5.501917ms)
✔ actual uncertain send still retains exact receipt when A9 authority remains (0ms post-send A9) (8.269834ms)
✔ actual uncertain send still retains exact receipt when A9 authority remains (50ms post-send A9) (108.393417ms)
✔ actual A9 stale held completion cannot paint after component cleanup (1.116708ms)
✔ P2 actual A14 404 clears buyer facts and customer draft (explicit future-version MOCK) (1.200209ms)
✔ safe authority errors remain the actual InboxError transport class (0.040042ms)
✔ actual current A13 without version keeps A14 disabled; future MOCK grants no backend claim (0.500125ms)
✔ P1-2 actual A11 takeover write 404 clears private state despite failing follow-up A9 (4.275792ms)
✔ P1-2 actual A12 send write 404 clears private state despite failing follow-up A9 (2.112041ms)
✔ A13 server orders omission remains distinct from authorized omitted data (0.809417ms)
✔ A13 server orders omission remains distinct from authorized empty data (0.541584ms)
✔ A13 server orders omission remains distinct from authorized populated data (0.483083ms)
✔ PR18 host digest hardening sync-throw (220.428042ms)
✔ PR18 host digest hardening never-settles (1647.600083ms)
✔ actual shell-store-selector captures selection before synchronous privacy teardown (allowed=true) (49.747917ms)
✔ actual shell-store-selector captures selection before synchronous privacy teardown (allowed=false) (1.762625ms)
✔ actual locale-switch captures selection before synchronous privacy teardown (allowed=true) (7.677125ms)
✔ actual locale-switch captures selection before synchronous privacy teardown (allowed=false) (1.387ms)
✔ persisted A9 UNKNOWN after page entry warns and blocks the real composer in en (27.184416ms)
✔ persisted A9 UNKNOWN after page entry warns and blocks the real composer in zh-TW (2.061833ms)
✔ persisted A9 UNKNOWN after page entry warns and blocks the real composer in zh-CN (1.686167ms)
✔ A12 queued ACK followed by final A9 UNKNOWN overrides the local queued notice and blocks another send (2.211708ms)
✔ a captured previously enabled composer cannot bypass final UNKNOWN learned by Refresh (1.536541ms)
✔ a later A9 page omitting the known UNKNOWN is not delivery reconciliation (7.361ms)
✔ persisted queued is not mislabeled UNKNOWN and retains ordinary composer eligibility (0.997834ms)
✔ persisted sent is not mislabeled UNKNOWN and retains ordinary composer eligibility (0.70575ms)
✔ persisted failed is not mislabeled UNKNOWN and retains ordinary composer eligibility (1.822416ms)
✔ persisted blocked is not mislabeled UNKNOWN and retains ordinary composer eligibility (3.678125ms)
✔ fresh mount refuses when an old UNKNOWN is beyond 51 newer messages (fact=true) (1.580333ms)
✔ fresh mount refuses when an old UNKNOWN is beyond 51 newer messages (fact=null) (1.126208ms)
✔ fresh mount refuses when an old UNKNOWN is beyond 51 newer messages (fact=undefined) (3.839875ms)
✔ fresh mount refuses when an old UNKNOWN is beyond 51 newer messages (fact=false) (4.529333ms)
✔ a refreshed unknown authority replaces old clear authority even for a captured composer (2.878916ms)
✔ window strict eligibility with 300001ms before hard 24h deadline (17.889ms)
✔ window strict eligibility with 300000ms before hard 24h deadline (1.465792ms)
✔ window strict eligibility with 60000ms before hard 24h deadline (1.441541ms)
✔ window strict eligibility with 0ms before hard 24h deadline (1.190875ms)
✔ window invalid server deadline fails closed without preparing a send (1.000417ms)
✔ window captured enabled form callback cannot POST after crossing safe cutoff (1.044291ms)
✔ window deadline timer closes controls at cutoff and hard end without waiting for 15s poll (0.868084ms)
✔ quota recovery gives exact zh-TW comment-quota and DM-window instructions beside copy only (0.409167ms)
✔ quota recovery gives exact zh-CN comment-quota and DM-window instructions beside copy only (0.174542ms)
✔ quota recovery gives exact en comment-quota and DM-window instructions beside copy only (0.093375ms)
ℹ tests 125
ℹ suites 0
ℹ pass 125
ℹ fail 0
ℹ cancelled 0
ℹ skipped 0
ℹ todo 0
ℹ duration_ms 3238.003417
