✔ /products/{uuid} redirects permanently to the zh-TW product page (52.349875ms)
✔ non-uuid ids are 404, never redirected (1.085375ms)
✔ AT1: the locale redirect preserves the ad-click query without allowing a redirect target (0.145791ms)
✔ R10: standalone signed signals survive a missing or expired seven-day touch (5.837ms)
✔ R10: standalone signals reject expiry, bad signature, duplicates and another host (0.211792ms)
✔ AT1 R5: browser identity survives expired touch and rolls for ninety days (0.731125ms)
✔ AT1 R5: missing ad parameters create no cookies; fbclid alone creates no touch (1.12025ms)
✔ AT1 R5: lc_ad alone updates attribution and does not replace fbc (0.71925ms)
✔ AT1: host-only first-party cookies contain no PII and read back exactly (0.538041ms)
✔ AT1: a later valid click replaces the draft but preserves the browser identifier (0.61ms)
✔ R10: only a different fbclid replaces fbc and its first-seen timestamp (0.982167ms)
✔ AT1: malformed and ambiguous links do not overwrite a valid prior touch (1.406917ms)
✔ AT1: host and key binding reject copied cookies (0.578375ms)
✔ AT1: duplicates and tampering invalidate the entire envelope (0.677292ms)
✔ AT1: exactly seven days is valid, the next millisecond and future clicks are not (0.197292ms)
✔ catalog list query limits equal the Go v2 parser (internal/buyerhttp/catalogv2.go) (7.056ms)
✔ collection list cap equals Go maxCollectionsPerStore (15.3075ms)
✔ design caps equal internal/design/schema.go (nav, sections, pages) (6.422042ms)
✔ CVS buyer-entered store bounds and return path equal Go (internal/checkout/cvs.go, migration 0093) (1.987292ms)
✔ transfer view: closed shape and state rules mirror Go validTransferView (27.583667ms)
✔ proof body and result: five digits, positive minor amount, ISO instant (0.276042ms)
✔ minorFromText: major units with at most two decimals, never a float surprise (0.105792ms)
✔ buyer email mirror: one plain address, 254 characters at most (4.571ms)
✔ countdown: whole hours and minutes, never negative (0.429625ms)
✔ copy: three locales carry every key and every refusal code (0.225708ms)
✔ options: a home row lists modes only with bank_transfer and then needs its window (0.276875ms)
✔ checkoutInput: a home bank_transfer body, the optional trimmed email, and every refusal before any request (1.323375ms)
✔ order: AWAITING_TRANSFER is a valid commercial state without a hold time (0.22725ms)
✔ BFF: exact transfer routes, keyed proof PUT, strict body, validated answers, no generic proxy (55.624084ms)
✔ BFF: transfer refusal codes pass through as definite 422; checkout accepts bank_transfer and a valid email only (22.609042ms)
✔ D06 order heading follows a settled transfer: never 'waiting for transfer' above a confirmed or expired one (0.588083ms)
✔ uncertain prepare blocks all mutations; changed cookie context resolves journal (72.416792ms)
✔ fully parsed local denial clears only its own pending operation (0.794625ms)
✔ malformed journal, unavailable lock and stale context fail before writes (2.493958ms)
✔ BPT05 exact handoff permits absent body/key, one fetch, no form persistence (46.43025ms)
✔ BPT05 wrong handoff form and ordinary writes fail before any fetch (1.80225ms)
✔ BPT05 unresolved cookie journal blocks handoff; lost response is one fetch without persistence (0.530542ms)
✔ SU02 refresh permits absent body/key, one fetch, no persistence (0.839458ms)
✔ SU02 refresh rejects a body, a key or a malformed path before any fetch (0.526041ms)
✔ SU02 cancel permits absent body/key, one fetch, no persistence (0.528583ms)
✔ SU02 cancel rejects a body, a key or a malformed path before any fetch (0.347166ms)
✔ BPT01 exact private path, headers, body and three-locale one-fetch transport (60.403208ms)
✔ BPT02 payment routes reject untrusted path, context, headers, key and body before fetch (41.043042ms)
✔ BPT03 hostile upstream success is sanitized, never returned as payment data (17.648792ms)
✔ BPT04 every handoff failure is nonretryable, including pre-route and transport loss (3.161084ms)
✔ SU02 five routes: exact upstream path, method, key, body, one fetch each (4.492791ms)
✔ SU02 refresh and cancel are keyless and pass every CSRF/context denial before fetch (27.90275ms)
✔ SU02 every handoff/refresh/cancel failure is nonretryable and sanitized (9.431583ms)
✔ SU02 hostile Stripe bodies become the sanitized 503; PAYUNi and Stripe bodies stay byte-identical (15.831292ms)
✔ SU02 prepare accepts only the two known method codes (2.035958ms)
✔ disabled and invalid configuration fail closed before private fetch (22.737792ms)
✔ private authority, cookie lifecycle and strict local denial (22.080666ms)
✔ bad host, cookie, query and method never reach private API (15.513208ms)
✔ stalled inbound POST body is canceled at its deadline without a cookie or private call (1.701792ms)
✔ R10: Begin forwards independently signed signals; browser attribution and forwarded hosts are not authority (5.189875ms)
✔ CVS BFF: exact routes, keyed open/store, keyless verify, validated answers, no generic proxy (49.95725ms)
✔ CVS BFF: contract refusal codes pass through; pay_at_pickup_limit is a definite (non-retryable) 429 (22.364917ms)
✔ round2 stale A session response cannot supersede newer refresh B or its lost-write Retry (243.221209ms)
✔ round2 stale A session response cannot supersede newer mutation B or its lost-write Retry (59.413125ms)
✔ rotated buyer context clears the prior cart on read and preserves the B receipt (90.822542ms)
✔ rotated buyer context clears the prior cart on lost-write and preserves the B receipt (82.947834ms)
✔ rotated buyer context clears the prior cart on refresh-read and preserves the B receipt (13.099583ms)
✔ lost first write keeps Retry alive: same context, same idempotency key, no second purchase (47.299208ms)
✔ fragment grammar accepts only one canonical token (0.50575ms)
✔ claim projections are closed (0.24575ms)
✔ claim token rides only its header on B1/B2 and is never echoed (104.518583ms)
✔ claim-priced cart edits send only SKU and quantity, keeping server price authority (17.8915ms)
✔ direct-checkout sold-out projection is mandatory, boolean and closed (0.260708ms)
✔ claim redeem shares the purchase lock, guards recovery and never persists the token (3.524209ms)
✔ ClaimLink removal projects live-priced survivors on ready and conflict pages (163.177333ms)
✔ ClaimLink revisit checks out applied A while pending B is sold out or unavailable (5.797542ms)
✔ ClaimLink refreshes a nothing result after a second tab applied the claim (4.74125ms)
✔ ClaimLink does not navigate when a buyable claim target is absent or has changed quantity (4.314292ms)
✔ ClaimLink optional prior-order notice tolerates unreadable storage without bypassing recovery (8.78525ms)
✔ CVS01 map form: only the two ECPay e-map actions, exact fields, top-level-safe values (1.415666ms)
✔ CVS02 return path allowlist excludes /claim and anything but the checkout or product page (0.2005ms)
✔ CVS03 selection projection: VERIFIED<=>pickup, REJECTED<=>reject_code, absent keys read as null (0.750875ms)
✔ CVS04 buyer-entered store answer and request body (6.289ms)
✔ CVS05 store code table (§16.1) keeps leading zeros and per-chain lengths (0.20625ms)
✔ CVS06 recipient mirror: real-name width 4..10 (CJK=2), no digits/symbols/emoji; 09 mobile (0.555584ms)
✔ CVS07 checkout draft: name, phone and mode only; read once; corrupt/foreign shapes are dropped (0.346167ms)
✔ CVS08 return URL: only ?cvs_selection=<uuid> is accepted (0.091625ms)
✔ CVS09 buyer order projection and copy keys: nothing but PICKED_UP says picked up (0.102666ms)
✔ CVS10 error codes: field mapping, definite refusals, official links are https constants (0.200292ms)
✔ CVS11 client transport: verify is the one new keyless POST; the server refusal code rides BuyerClientError.detail (32.870791ms)
✔ every locale x page has a title, an updated line and at least one section (0.641334ms)
✔ locales share the section count and per-section body count of every page (1.965583ms)
✔ final text is only the owner-confirmed company facts (CR 81215167 name + registered address); nothing else is final (1.519958ms)
✔ a legal page is published only when every text on it is final; buyers see no link to an unpublished one (2.330875ms)
✔ data-deletion path is named in the privacy page of every locale (0.227333ms)
✔ pendingOwnerText lists exactly the texts that keep a page unpublished and is written for the owner (1.105917ms)
✔ a live (claim-origin) price replaces the catalog price and strikes it through (0.74825ms)
✔ without a live price the catalog price and its compare-at are shown unchanged (0.062709ms)
✔ a live price equal to or above the catalog price is shown as set (strike hidden by the UI guard) (0.863667ms)
✔ a live price strikes the catalog price, never the variant sale price (0.0695ms)
✔ order ref: 12 hex (dashes or spaces, any case) or a full id (0.468125ms)
✔ contact: one email or a phone of 6..20 digits (0.157083ms)
✔ body is exactly {order_ref, contact}; the answer is exactly {order_id} (0.135833ms)
✔ BFF lookup: no cookie needed, fresh token goes upstream, cookie only on 200 and it carries that same token (62.195917ms)
✔ BFF lookup: strict local denial before any private fetch (3.578375ms)
✔ copy: three locales carry every key (0.473958ms)
✔ MS4 srcset descriptors use actual decoded widths and deduplicate small renditions (1.441208ms)
✔ MS1 product rendition allowlist preserves trusted Host and never forwards buyer cookies (32.616875ms)
✔ MS2 invalid, duplicate, extra, encoded widths and non-product variants fail before fetch (3.808625ms)
✔ MS3 old-image fallback is never promoted to immutable; committed variants are cacheable (2.621667ms)
✔ TWD whole amounts show no decimals in every locale and at every magnitude (line, subtotal, total, zero) (33.005708ms)
✔ cents appear only when there are cents, then always as two digits; the minor-unit arithmetic is untouched (0.253833ms)
✔ digits come from the currency: JPY none, USD two when there are cents (2.060459ms)
✔ one formatter: no component, page or lib builds a currency Intl.NumberFormat outside lib/money.ts (7.023541ms)
✔ locale probe bounds a missing destination head with a route/device diagnostic (6.170958ms)
✔ locale probe clears its deadline when the real head promise completes (1.04375ms)
✔ fragment: exactly #o=<order id>&t=<43-char token>; anything else is null (3.209333ms)
✔ body is exactly {order_id, token, proof}; the answer is exactly the order the link named (1.201208ms)
✔ BFF link: no cookie needed, fresh token upstream, cookie only on a 200 naming the same order, link token never echoed (28.627167ms)
✔ BFF link: strict local denial before any private fetch (4.3545ms)
✔ copy: three locales, one refusal text, a retry and a lookup path (0.11175ms)
✔ BPU01 fresh payment writes exact metadata before prepare, one bodyless Take, no persistent form (66.805708ms)
✔ BPU01 lost prepare response replays original key/body only on explicit next click (1.688625ms)
✔ BPU01 lost handoff is permanently GET-only, even after a second click (2.2835ms)
✔ BPU01 storage, amount, scope and child/screen fences reject before irreversible writes (7.484208ms)
✔ BPU01 document/child loss after prepare but before Take leaves exact replay marker (2.40325ms)
✔ BPU01 malformed server handoff never submits and Take remains nonretryable (4.953292ms)
✔ BPU01 marker replacement before Take and after Take blocks release/form reuse (11.020292ms)
✔ BPU01 context replacement after prepare and after Take closes destination without form (3.128416ms)
✔ BPU01 synchronous destination refuses invalid locale before opening a window (0.159417ms)
✔ SU03 fresh Stripe pay: marker before prepare, one prepare, one handoff, navigate, URL never stored (0.98ms)
✔ SU03 marker replay: lost prepare response replays key/body, no uncertain on PENDING view with leftover marker (4.411083ms)
✔ SU03 cross-device Continue needs no marker and never prepares (1.334292ms)
✔ SU03 marker/view matrix: PAYUNi marker on Stripe view and Stripe marker on PAYUNi view send nothing (14.319417ms)
✔ SU03 any other view renders without a POST (43.971208ms)
✔ SU03 CREATING: waits on the schedule without the lock, then hands off once when READY (58.163292ms)
✔ SU03 CREATING budget: 10 reads over 30 s, then the blank child is closed, no POST, no throw (87.243708ms)
✔ SU03 cancel_requested seen on the re-GET aborts before the handoff POST (0.688125ms)
✔ SU03 handoff outcomes: CREATING closes child, CLOSED/UNAVAILABLE/error/malformed reject; one POST each, never retried (3.046042ms)
✔ SU03 Stripe prepare errors, amount/currency mismatch and popup loss stop before any handoff (13.125917ms)
✔ SU03 two clicks make two handoff POSTs only because there were two clicks; sequential, none from reads (3.130333ms)
✔ SU03 navigate: validates again, needs an owned blank child, sets used before replace, no URL in errors (0.477959ms)
✔ SU03 refresh signal: keyless single POST, validated, throttled 1/10 s and 30 per page life, cancel never throttled (3.786166ms)
✔ SU03 signal failures are single-shot and sanitized: HTTP error, malformed body, wrong order (0.390125ms)
✔ private quote/option authority fields are required; only exact MANUAL home can checkout (2.080417ms)
✔ continue shopping advances only ordered version, clears hint, keeps SQL history authoritative (59.877042ms)
✔ lost next-cart response retries identical key/body and preserves a newer cart (8.367ms)
✔ continuation never overwrites an already advanced cart (5.748ms)
✔ unknown checkout blocks continuation without any business request (2.120291ms)
✔ two queued continuation clicks mutate once; stale order ID cannot clear another order (2.20675ms)
✔ CAS conflict resolves only after a newer cart is read (9.829834ms)
✔ locator removal failure retains next-cart journal and recovery survives missing locator (5.324875ms)
✔ order history summary rejects PII/unknown fields and malformed scope IDs (1.800458ms)
✔ native address validation mirrors printable Unicode, limits and phone; journal forbids PII (17.130834ms)
✔ address lost reply replays exact in-memory intent, then confirms current head (18.790833ms)
✔ address reload requires explicit new intent and exact observed CAS; stale head never auto-bumps (10.577583ms)
✔ old address receipt cannot confirm another tab's newer current head (1.757166ms)
✔ a late address CAS winner requires another explicit confirmation, not an automatic version bump (0.553709ms)
✔ checkout lost reply, queued duplicate and current GET reuse one key and one order (0.769083ms)
✔ uncertain checkout retains original journal across later 401/403/404/5xx and malformed success (1.3585ms)
✔ only a fresh definitive denial clears checkout; no order locator is invented (0.750167ms)
✔ locator storage failure after commit retains same key; reload GET failure keeps locator (1.853792ms)
✔ locator persisted but journal removal failed resumes pending receipt, not unrelated pointer (1.527625ms)
✔ unavailable storage, invalid locator and late changed context fail closed (0.287208ms)
✔ order locator readback mismatch and no-op journal removal both retain checkout recovery (0.505208ms)
✔ direct claim continuation refuses a newer ordered cart inside the purchase lock (0.304458ms)
✔ direct claim continuation keeps next-cart recovery after a conflicting clear (0.229667ms)
✔ collector projection: admitted for derived connections, absent/null for primary (2.409709ms)
✔ collector rejects identifiers, extra keys and malformed text (0.480584ms)
✔ disclosure renders the contract §5 line with all three slots substituted (0.62725ms)
✔ the disclosure line exists exactly when the hosted view returns a collector (0.381291ms)
✔ a shop or collector name with a replacement pattern is shown literally (0.202416ms)
✔ OrderPayment renders the disclosure with the view, above every pay button, through the helper only (19.731084ms)
✔ BPT03 exact valid projection and Go nanosecond UTC timestamps (2.504208ms)
✔ BPT03 view rejects private fields, inconsistent state and malformed names (0.487ms)
✔ BPT03 prepared receipt enforces exact original credit-card amount (0.20625ms)
✔ BPT03 hosted form and replay are exact, bounded and action-allowlisted (0.514167ms)
✔ SU01 Stripe views: fresh, both methods, attempt states, PAYUNi unchanged (0.365459ms)
✔ SU01 Stripe view negatives (0.302166ms)
✔ SU01 prepared amounts follow the corrected per-currency table (0.280791ms)
✔ SU01 Stripe handoff union and every redirect_url negative (0.431875ms)
✔ SU01 payment signal is exactly {order_id, scheduled:boolean} (0.121417ms)
✔ RUI01 refund summary: refunded states, pending money, absent ≡ null (0.20275ms)
✔ RUI01 refund summary negatives (0.169916ms)
✔ BPU03 neutral GET and POST return ignore every callback field and cookie (21.377625ms)
✔ primary origin: exact path/query, same host, and no URL-controlled destination (5.142916ms)
✔ GET and HEAD use trusted Host, private bounded uncached resolver and exact 301 (18.146583ms)
✔ no writes redirected; resolution failures fail closed; unknown hosts keep native 404 (0.708375ms)
✔ policy version is the frozen constant, in the customers-core D4 shape (1.093916ms)
✔ route table: exactly the four buyer privacy routes, methods and body kinds (0.809541ms)
✔ body shapes are closed and mirror the frozen Go inputs (no source, no policy_version) (0.138541ms)
✔ GET privacy validator: closed shape, erased owner holds no consent (0.142542ms)
✔ consent result and erasure summary validators (0.2465ms)
✔ buyer export envelope never carries customer_id (0.081417ms)
✔ failure classification: 410 and erased are the erased state (0.072416ms)
✔ copy: every locale has the same keys, the ads box discloses that sent events cannot be recalled (0.1155ms)
✔ selected option photo uses a main display slot without adding a fifth main image (1.22075ms)
✔ use-cover selection and a main-thumbnail selection restore the original main gallery (0.095375ms)
✔ cart thumbnail uses variant then catalog image_id, including when main images are absent (0.729458ms)
✔ migrated four-main/five-detail images stay separate when the option photo changes (0.270709ms)
✔ real cart-detail composition uses server SKU image_id (v2 detail available) (22.115625ms)
✔ real cart-detail composition uses server SKU image_id (v2 detail unavailable) (11.599292ms)
✔ parity: frontend caps equal the Go constants (0.911541ms)
✔ detail parser: 4 main + 20 detail + option-value images are accepted and mapped (0.749167ms)
✔ detail parser: 5 main, 21 detail, bad ids and over-cap option images are refused (0.156417ms)
✔ detail parser: a backend before product-media-v2 (no new keys) still parses with empty defaults (0.079958ms)
✔ v1 catalog row: images are main-only (<= 4) and image_id is a uuid or null (0.195792ms)
✔ PRO-S1 code mirror: any case and spaces normalise; impossible codes never become a request (1.067583ms)
✔ PRO-S2 promotion object: closed keys, kind/value pairing (0.554042ms)
✔ PRO-S3 quote validator: promotion is optional but never malformed; the discount stays the server's own number (0.51875ms)
✔ PRO-S4 journal grammar: a quote write may carry one canonical promo_code, nothing else (0.412125ms)
✔ PRO-S5 copy: three locales cover every refusal code and the same keys (0.452459ms)
✔ PRO-S6 BFF quote route: promo_code relayed untouched when canonical, refused before the private API otherwise (90.681625ms)
✔ PRO-S7 BFF: every promo_* refusal is a definite, non-retryable 422 with its own code (23.693667ms)
✔ demonstration disclosure is explicit and local-only (0.547458ms)
✔ cart selection preserves unrelated SKUs and the observed CAS version (38.289208ms)
✔ minor amounts are bounded before multiplication, including zero (0.085041ms)
✔ delivery identity includes country for one market and method (0.061667ms)
✔ journal is bound to context and rejects PII/unknown fields (2.827083ms)
✔ lost response replays exact key/body, then clears only after parsed receipt (36.239167ms)
✔ RUI02 buyer order admits MERCHANT_SHIPPED only with a SHIPPED head; absent shipment ≡ null (0.462625ms)
✔ RUI02 shipment shape negatives (incl. unsafe links) (0.242041ms)
✔ RUI02 history summary admits MERCHANT_SHIPPED (a shipped order must not break the list) (0.078125ms)
✔ CVSP01 options: CVS rows carry pickup_selection/payment_modes; unavailable rows are a separate shape (0.336833ms)
✔ CVSP02 CVS destination write: TW only, pickup_id required, empty home address; home unchanged (1.929416ms)
✔ CVSP03 checkoutInput: payment_mode only for CVS rows and only a mode the row offers (0.323041ms)
✔ COD confirmation includes expected fee, enforces collect cap and validates immutable order money (0.258375ms)
✔ CVSP04 buyer order: pay_at_pickup <=> collection_state; cvs_shipment only on a matching CVS destination (0.195333ms)
✔ CVSP05 journal accepts a CVS destination marker and a checkout body with payment_mode, nothing else (0.174292ms)
✔ validProduct accepts up to the Go photo cap and rejects one more (1.009625ms)
✔ design: garbage and hostile documents collapse to the safe default shape (1.079417ms)
✔ design: links, preview token propagation, nav resolution (0.109625ms)
✔ design: any merchant accent yields readable button text and link colour (WCAG AA) (0.2155ms)
✔ variants: resolution, disabled out-of-stock combinations, initial choice, price bounds (0.135792ms)
✔ catalog-v2 parsers accept the frozen shapes and refuse drift (2.074334ms)
✔ free-delivery progress words the hint only when a threshold exists (0.072291ms)
✔ list query: only whitelisted, canonical values survive (0.237083ms)
✔ seo: JSON-LD cannot break out of its script tag; offers reflect stock and price range (10.435208ms)
✔ seo: sitemap escapes and carries hreflang; robots refuses everything for a closed host (0.222375ms)
✔ money: whole amounts drop cents, minor digits come from the currency, filters round-trip (0.494541ms)
✔ cart line write: replaces one line, keeps the others, 0 removes, CAS version is the one shown (0.781083ms)
✔ cart problems map to buyer-facing classes without leaking transport detail (0.0825ms)
✔ checkout options accept the optional free-shipping threshold only as a positive integer or null (0.154208ms)
✔ no-image placeholder copy: exactly the locale label a photo-less card or gallery renders (0.042ms)
✔ storefront image caps equal the Go catalog caps (internal/catalog MaxMainImages, MaxDetailImages) (5.913792ms)
✔ design text limits count code points like Go, never splitting a surrogate pair (2.555542ms)
✔ G3: same-series cards exclude the current product and never invent absent draft/foreign products (0.606916ms)
✔ G5: safety guidance exists in three languages without changing the five merchant policy approval boundaries (1.178458ms)
✔ G4: category chips omit empty collections; hidden collections absent from the public API stay absent (0.080666ms)
✔ OrderHistory renders server order instant in Taipei (13.100125ms)
✔ ClaimLink renders claim expiry in Taipei (13.639208ms)
✔ BankTransfer renders deadline and proof instant in Taipei (6.00325ms)
✔ BankTransfer proof echo labels store time in en (3.5835ms)
✔ BankTransfer proof echo labels store time in zh-TW (2.565542ms)
✔ BankTransfer proof echo labels store time in zh-CN (1.800875ms)
✔ BankTransfer input describes the device zone in en (1.529792ms)
✔ BankTransfer input describes the device zone in zh-TW (1.26025ms)
✔ BankTransfer input describes the device zone in zh-CN (1.314541ms)
✔ BankTransfer input has a generic label when Intl has no zone in en (1.291458ms)
✔ BankTransfer input has a generic label when Intl has no zone in zh-TW (9.824916ms)
✔ BankTransfer input has a generic label when Intl has no zone in zh-CN (9.522791ms)
✔ ShopFooter uses Taipei year across UTC year boundary (3.4615ms)
✔ BankTransfer deadline labels store time in en (1.553625ms)
✔ BankTransfer deadline labels store time in zh-TW (1.163667ms)
✔ BankTransfer deadline labels store time in zh-CN (1.029584ms)
✔ OrderHistory states the Taipei time zone once in en (0.744666ms)
✔ OrderHistory states the Taipei time zone once in zh-TW (0.665ms)
✔ OrderHistory states the Taipei time zone once in zh-CN (0.6565ms)
✔ dictionaries have exact parity and non-empty values (0.662417ms)
✔ locale precedence and language quality mapping (0.669375ms)
✔ localized paths preserve deep links and reject dangerous input (0.380959ms)
✔ path locale only matches a canonical first segment (0.052375ms)
✔ the four constructs render (0.673417ms)
✔ XSS payloads stay inert text (0.459375ms)
✔ fuzz: any string over a hostile alphabet renders only whitelisted tags (9.862875ms)
✔ validator mirrors the Go rules (0.4485ms)
✔ SDN1 allowlist: exactly the contract routes, per method (0.531208ms)
✔ SDN1 allowlist: traversal, case, suffix and prefix tricks never match (0.649167ms)
✔ SDN1 request shape: no query string anywhere, reads carry no body, key, length or transfer-encoding (27.864083ms)
✔ SDN1 cap: 260 KiB = Go's 256 KiB document + 4 KiB envelope, and a body of exactly the cap is still below it (0.057916ms)
✔ SDN2 renderer: every XSS payload comes out as whitelisted tags and escaped text only (1.121042ms)
✔ SDN2 renderer: escape-first means the merchant's text never becomes markup (0.384417ms)
✔ SDN2 renderer: fuzz (seeded) never produces a tag outside the whitelist (83.157625ms)
✔ SDN2 client validator rejects what the server rejects (HTML, non-https links, `<` anywhere) (0.224875ms)
✔ cleanForSave turns cleared fields into null but keeps an empty body (0.41475ms)
✔ localIssues names each missing mandatory value by server path (0.530542ms)
✔ moved swaps neighbours and ignores out-of-range moves (0.075416ms)
✔ parsers accept the exact Go shapes and refuse extra or missing keys (0.367458ms)
✔ BFF allowlist covers exactly the design resources (0.223083ms)
✔ validDesignRequest refuses queries and bodies on reads, ignores other paths (16.923583ms)
✔ designDetails forwards only a bounded {path, reason} pair (0.158834ms)
✔ accepts exactly the three locale invite paths with a 20-200 char token (0.399667ms)
✔ rejects anything that is not an exact same-origin relative invite path (0.089417ms)
✔ rejects percent-encoded variants of the exact shape (0.656375ms)
✔ the token is an opaque invite token shape, never a URL (0.181541ms)
✔ fragment carrier: round-trips the exact invite path, is never a query string, and rejects hostile fragments (0.678959ms)
✔ dashboard: accepts the frozen shape, rejects drift (3.6405ms)
✔ import result: strict keys, closed error codes, committed never carries errors (0.292459ms)
✔ csv file guard mirrors the Go bounds (0.08225ms)
✔ manual options: a COD home row parses with its offer (D01: the page used to refuse the whole list) (0.732625ms)
✔ manual options: only bank_transfer / pay_at_pickup / cash_on_delivery, key must equal market|country|code (0.12875ms)
✔ manual result: link is https with the order id and a 43-char capability in the fragment only (0.2525ms)
✔ draft: first problem, and the body has no price-like field at all (0.7295ms)
✔ BFF grammar: exactly the seven tools resources (0.349167ms)
✔ regenerate body/result: exactly {order_id, locale} and a fresh https link naming that order (0.558542ms)
✔ copy parity: every locale has every key, import rules and error codes (1.477042ms)
✔ callback redirect target is always a same-origin /<locale>/settings path whatever the cookies, store, code or error say (3.741542ms)
✔ the binding cookie: exactly one canonical store uuid, path-scoped to the callback, HttpOnly, Lax, 10 minutes, Secure (0.383625ms)
✔ callback query: exactly one code and one state within charset/length bounds; Meta's error=… and repeats are not forwarded (0.991042ms)
✔ the dialog URL the BFF hands the browser is https://www.facebook.com only (0.134125ms)
✔ callback error mapping only ever yields fixed codes, never an upstream message (0.129875ms)
✔ selected Page qualifies only a bare Facebook id, never rewrites another Page or external URL (0.559417ms)
✔ status: not connected, connected with and without Instagram, and every deviation throws (4.84075ms)
✔ pick state: closed shape, optional Instagram keys come as a pair, id must match (0.29775ms)
✔ route grammar: only status/states/pick/disconnect; start and callback are dedicated routes; no query; reads carry no body or key (17.9455ms)
✔ connect cookie, body and callback redirect never carry code/state and only fixed codes (0.984792ms)
✔ copy: three locales have the same keys and every Go error code has a message (0.322875ms)
✔ review-required remains restricted; evidence does not promote state (1.461667ms)
✔ legacy omission remains unidentified, independent of array order (0.44475ms)
✔ closed shapes reject unknown state/provider/evidence, leaked fields and inconsistent severity (0.653542ms)
✔ duplicate capabilities/pages and unbounded arrays cannot become trusted state (0.367792ms)
✔ worst Page determines advice, no raw upstream reason reaches copy (0.33525ms)
✔ recheck receipt means scheduled; timestamps and closed keys are checked (0.339167ms)
✔ exact keyless route grammar rejects query/key/body confusion (31.42425ms)
✔ recheck takes exactly page_id and no caller-provided scope (0.891959ms)
✔ blocking advice comes from the blocking capability, not a secondary public-reply warning (0.435125ms)
✔ clean health browser mode prepares admin standalone before starting its fixture (22.774708ms)
✔ en: expired connection retains its full refusal inside a wrapping badge (10.406375ms)
✔ zh-TW: expired connection retains its full refusal inside a wrapping badge (0.761417ms)
✔ zh-CN: expired connection retains its full refusal inside a wrapping badge (0.458875ms)
✔ actual B1 snapshot state remains ok even when a fixture expected review_required (0.099625ms)
✔ D02 TWD input: whole dollars only, x100 on the wire (27.206083ms)
✔ D02 TWD edit text: whole dollars have no decimals; a legacy amount with cents is never shown as another price (0.512375ms)
✔ D02 display: NT$ without decimals in every language, cents only when there are cents (2.467ms)
✔ D02 live-price input (Studio claims): TWD whole dollars, other currencies their decimals (0.202ms)
✔ D02 discount code amounts: TWD whole dollars, a decimal is refused before it is sent (0.274375ms)
✔ D02 no admin copy or component says 'minor units' to the merchant (49.240875ms)
✔ M06 time: Asia/Taipei everywhere, labelled, never UTC (11.609667ms)
✔ settings answer: exactly one boolean key (0.954541ms)
✔ PUT body is the frozen single key (0.083167ms)
✔ BFF grammar: GET read, PUT keyed command, nothing else (0.215375ms)
✔ copy: three locales, same keys, no empty text (0.132709ms)
✔ PRM01 parse: exact keys, kind/value pairing and ranges; duplicates and unknown keys are refused (5.349958ms)
✔ PRM02 Taipei wall time: +08:00 on the wire, instant shown back in Taipei, impossible dates refused (21.036458ms)
✔ PRM03 create body: normalised code, major units to minor units, optional fields null, whole body validated (3.949208ms)
✔ PRM04 update + toggle: version CAS key, form round trip, pause keeps every other field (0.464208ms)
✔ PRM05 BFF grammar: exactly list, create and update; nothing generic (0.564167ms)
✔ PRM06 copy: three locales carry the same keys and every refusal code the Go routes can answer (0.472875ms)
✔ G-UI3/G-UI5 architecture constraints pass with shrinking legacy exceptions (1237.630458ms)
✔ G-UI3/G-UI5 negatives: new formatter, component fetch, >800 lines and wider allowance fail (0.466333ms)
✔ Readiness jump controls expose the actual active section, not a click flag (0.580583ms)
✔ Integrator P2: legal CN comment ordering and a distinct three-image recommendation (0.151875ms)
✔ ADM04 and ADM06 explain unavailable SKUs and keep collection vocabulary consistent (0.224917ms)
✔ ADM06 create/detail titles share the route vocabulary without adding a phantom Next page (0.329041ms)
✔ G-UI1 Next pages and route registry are bidirectional, unique, typed, documented (1.220084ms)
✔ G-UI1 copy key parity: no missing or extra key in any locale (0.075459ms)
✔ G-UI2 staff without catalog:read cannot see products/inventory or open a product URL (0.141333ms)
✔ G-UI2 every route permission is a permission Go knows, and /orders/new needs inventory:reserve (65.454125ms)
✔ G-UI1 dynamic and public routes match, details never appear as navigation (0.223917ms)
✔ W6-U2 ledger is a settings in-page route, preserving existing navigation (0.110834ms)
✔ Every browser spec clicks nav-orders: the orders group stays a singleton, so returns/new/print routes are nav: false (0.191291ms)
✔ shell-registry: every routed path has exactly one nonempty shared h1 in all three locales (142.754ms)
✔ shell-registry: orders stays one actual group button on live and non-live routes (2.723625ms)
✔ shell-registry: loading/expired/unavailable/forbidden keep one safe heading and never leak private content (1.911041ms)
✔ created address is a strict HTTPS origin matching the assigned handle (1.362709ms)
✔ DNS instructions must name the requested origin and a bare hostname target (0.808625ms)
✔ domain kind is authoritative and closed, not inferred from host or token (0.150625ms)
✔ apex DNS retains every concrete IPv4/IPv6 address and rejects malformed values (2.374458ms)
✔ pending domain journal preserves exact action/key/target; legacy or corrupt markers never replay (0.519791ms)
✔ browser-origin gate: every refusal happens before Go is called, for every action (89.883083ms)
✔ only POST exists on the team routes (2.695083ms)
✔ unknown action is a local 404 and never reaches Go (0.759875ms)
✔ strict request grammar: wrong keys, types, ids, roles, locales and token shapes are 422 locally (10.75325ms)
✔ what reaches Go: BFF key, bearer from the cookie, no Cookie/Origin, body unchanged, exactly one call per request (42.66225ms)
✔ Go failures are rebuilt locally from allow-listed codes, never retried, and never echo the token (452.575ms)
✔ team answer: accepts the frozen shape, null role and OIDC member without email (1.244917ms)
✔ team answer: unknown key, unknown role, bad id, bad mail state are rejected (1.015542ms)
✔ invite and accept answers are strict (1.391166ms)
✔ request grammar: every action has an exact key set and rejects junk values (1.034667ms)
✔ copy: three locales carry the same keys and a label for every role (1.539708ms)
✔ role-aware navigation: hides entries the member's permissions cannot use; unknown shows all; Team is owner-only (0.652958ms)
✔ P02 settlements directory rejects missing/link/owner/group/mode with a valid control (760.370333ms)
✔ preflight health permission grammars and API/worker consistency fail closed (3774.910625ms)
✔ merchant alert flag is explicit 0|1 and independently requires SMTP (2226.588542ms)
✔ shared loader makes API/worker LIVE pair file-only before Compose interpolation (432.082042ms)
✔ export bind accepts omitted JSON false but rejects unsafe source/config mutations (1.082292ms)
✔ sanctioned operator allowlist and fail-closed gates (fake docker, no network) (3223.394834ms)
✔ platform operator custody, export mount and binary are wired (206.686209ms)
✔ actual export bind refuses a missing directory; enabling auto-create is detected (435.287125ms)
✔ R3 preflight rejects cancelled PAYUNi, validates Page app and keeps LIVE pair mandatory (869.98325ms)
✔ R3 smoke exercises exact denied probes, accepts 404 only for disabled mounts (100.227917ms)
✔ positive control: a complete, valid configuration raises no META_LOGIN finding (1813.262375ms)
✔ feature off (COMMERCE_META_LOGIN_CONFIG_ID empty): no rule applies even with the other keys empty (356.370416ms)
✔ P06: the Page route needs the webhook receiver (326.479292ms)
✔ P06: sessions come from identity (355.761833ms)
✔ P06: without the claims profile nobody sends the private replies (a WARN, not a FAIL) (351.90375ms)
✔ P08: COMMERCE_META_LOGIN_CONFIG_ID must be numeric ("abc") (307.248542ms)
✔ P08: COMMERCE_META_LOGIN_CONFIG_ID must be numeric ("12 34") (332.659209ms)
✔ P08: COMMERCE_META_LOGIN_CONFIG_ID must be numeric ("111111111111") (339.904917ms)
✔ P08: COMMERCE_META_LOGIN_CONFIG_ID must be numeric ("0x10") (359.739917ms)
✔ P08: COMMERCE_META_LOGIN_CONFIG_ID must be numeric ("-1") (287.588125ms)
✔ P08: COMMERCE_META_LOGIN_REDIRECT_URI must be exactly https://<LC_ADMIN_HOST>/api/meta/callback (wrong host) (322.103625ms)
✔ P08: COMMERCE_META_LOGIN_REDIRECT_URI must be exactly https://<LC_ADMIN_HOST>/api/meta/callback (http scheme) (330.954625ms)
✔ P08: COMMERCE_META_LOGIN_REDIRECT_URI must be exactly https://<LC_ADMIN_HOST>/api/meta/callback (the ads callback path) (344.942666ms)
✔ P08: COMMERCE_META_LOGIN_REDIRECT_URI must be exactly https://<LC_ADMIN_HOST>/api/meta/callback (trailing slash) (237.412709ms)
✔ P08: COMMERCE_META_LOGIN_REDIRECT_URI must be exactly https://<LC_ADMIN_HOST>/api/meta/callback (query string) (260.485625ms)
✔ P08: COMMERCE_META_LOGIN_REDIRECT_URI must be exactly https://<LC_ADMIN_HOST>/api/meta/callback (empty) (244.5255ms)
✔ P08: COMMERCE_META_LOGIN_GRAPH_VERSION grammar vNN.N ("26.0") (231.758542ms)
✔ P08: COMMERCE_META_LOGIN_GRAPH_VERSION grammar vNN.N ("v26") (229.94375ms)
✔ P08: COMMERCE_META_LOGIN_GRAPH_VERSION grammar vNN.N ("v26.0.1") (362.156375ms)
✔ P08: COMMERCE_META_LOGIN_GRAPH_VERSION grammar vNN.N ("latest") (564.153ms)
✔ P08: COMMERCE_META_LOGIN_GRAPH_VERSION grammar vNN.N ("") (338.511875ms)
✔ P08: COMMERCE_META_LOGIN_GRAPH_VERSION grammar vNN.N ("v1000.0") (280.599125ms)
✔ P08: COMMERCE_META_LOGIN_GRAPH_VERSION accepts v26.0 (264.630583ms)
✔ P08: COMMERCE_META_LOGIN_GRAPH_VERSION accepts v22.0 (206.124416ms)
✔ P08: COMMERCE_META_LOGIN_GRAPH_VERSION accepts v99.9 (229.818625ms)
✔ production without any alert channel is a FAIL (nobody would hear the next outage) (1809.026667ms)
✔ outside production the same gap is only a WARN (372.934334ms)
✔ a webhook alone satisfies the rule (308.799875ms)
✔ an e-mail target with a complete relay (host, username, secret) satisfies the rule (341.419875ms)
✔ an e-mail target without the relay secret cannot be sent: FAIL in production, WARN elsewhere (674.464208ms)
✔ the example's CHANGE_ME_SENDER placeholder is not a relay: the e-mail target cannot be sent (362.654458ms)
✔ LC_ALERT_EMAIL must be one plain address ("not-an-address") (309.19775ms)
✔ LC_ALERT_EMAIL must be one plain address ("two@fake.invalid,three@fake.invalid") (378.40225ms)
✔ LC_ALERT_EMAIL must be one plain address ("a b@fake.invalid") (308.500333ms)
✔ LC_ALERT_EMAIL must be one plain address ("<owner@fake.invalid>") (290.472083ms)
✔ LC_ALERT_EMAIL must be one plain address ("owner@fake") (355.354542ms)
✔ storefront cart-line removal is reversible: clicked for real, not guarded (1.951709ms)
✔ destructive / irreversible / sign-out classification (owner list, en + zh) (1.324834ms)
✔ alike controls (rows with ids / numbers) share one class key (0.388167ms)
✔ known defects classify, never silence: stale entries are reported (1.07975ms)
✔ the markdown ledger has one row per interaction and names the verdict (0.593709ms)
✔ protocolHrefOK accepts well-formed tel:/mailto: and rejects malformed ones (0.989167ms)
✔ J1 waits for enabled media and clicks a real chooser; the uploaded cover is bound to the main section (903.500125ms)
✔ J1 cannot credit a detail-image receipt as the main cover (1.316291ms)
✔ J1 refuses a failed cover upload rather than continuing to activate (0.357208ms)
✔ thresholds are the named constants of the brief (2.31225ms)
✔ R1: document wider than the viewport, and the outermost element past the edge (0.50875ms)
✔ R2: label tops, control tops and control heights of one visual row (2.216916ms)
✔ R2: what is one row and what is not (0.8165ms)
✔ R2: a button beside a field has to line up with its control (0.395916ms)
✔ R3: a row made tall by stacked controls, a control wider than its cell (0.887708ms)
✔ R3: a matrix whose EVERY row is doubled by a stacked stock cell (the median cannot see it) (0.776792ms)
✔ R4: small text, helper text apart, icons and duplicates excepted (1.060625ms)
✔ R5: tap targets on the 390 viewport only (0.503167ms)
✔ R6: interactive elements and text boxes that overlap (0.280666ms)
✔ R7: text clipped inside a control or label (either side), and select values that do not fit (0.257125ms)
✔ R8: the same visible label twice in one list (0.113416ms)
✔ evaluate() tags severity, selectRecords() keeps distinct groups first and counts every instance (0.299917ms)
✔ R9: text and controls flush to the screen edge at 390 (0.224166ms)
✔ R6/R9 judge the visible (ancestor-clipped) rectangle, not the raw one (integrator ruling 2026-10-05) (0.141542ms)
✔ R10: a fixed or sticky bar covering main content after scrolling (0.5335ms)
✔ R11: controls narrower than a usable width (0.799708ms)
ℹ tests 448
ℹ suites 0
ℹ pass 448
ℹ fail 0
ℹ cancelled 0
ℹ skipped 0
ℹ todo 0
ℹ duration_ms 13248.378875
✔ closed projections reject secret-shaped extras, invalid enums, IDs and contradictory capabilities (0.807083ms)
✔ detail accepts only bounded events and keeps actual server action flags (0.380708ms)
✔ BFF exact routes and request grammar forbid keys/body on reads, filters on detail and arbitrary writes (19.793166ms)
✔ copy parity, safe object navigation and UNKNOWN/protective reasons (0.149667ms)
✔ read-only store capability never exposes a command even if the state allows one (0.05ms)
✔ duplicate escaped keys cannot bypass the exact command grammar (0.040333ms)
✔ query backoff affects only its operation and expires without another action (0.043167ms)
✔ merchant reason text translates ledger events and conceals unknown or prototype codes (0.093792ms)
✔ ledger read navigation requires effective integration:read permission regardless of role (0.06875ms)
ℹ tests 9
ℹ suites 0
ℹ pass 9
ℹ fail 0
ℹ cancelled 0
ℹ skipped 0
ℹ todo 0
ℹ duration_ms 95.24425
✔ OrderHistory renders server order instant in Taipei (15.128792ms)
✔ ClaimLink renders claim expiry in Taipei (5.513917ms)
✔ BankTransfer renders deadline and proof instant in Taipei (2.344666ms)
✔ BankTransfer proof echo labels store time in en (1.37975ms)
✔ BankTransfer proof echo labels store time in zh-TW (1.362209ms)
✔ BankTransfer proof echo labels store time in zh-CN (1.244541ms)
✔ BankTransfer input describes the device zone in en (1.109042ms)
✔ BankTransfer input describes the device zone in zh-TW (1.351208ms)
✔ BankTransfer input describes the device zone in zh-CN (1.157ms)
✔ BankTransfer input has a generic label when Intl has no zone in en (1.115083ms)
✔ BankTransfer input has a generic label when Intl has no zone in zh-TW (0.934333ms)
✔ BankTransfer input has a generic label when Intl has no zone in zh-CN (0.891208ms)
✔ ShopFooter uses Taipei year across UTC year boundary (2.668958ms)
✔ BankTransfer deadline labels store time in en (1.275708ms)
✔ BankTransfer deadline labels store time in zh-TW (1.141167ms)
✔ BankTransfer deadline labels store time in zh-CN (1.1415ms)
✔ OrderHistory states the Taipei time zone once in en (0.978417ms)
✔ OrderHistory states the Taipei time zone once in zh-TW (0.758041ms)
✔ OrderHistory states the Taipei time zone once in zh-CN (0.619167ms)
✔ Meta rejection wording is preserved as bounded Unicode text, never translated (1.060042ms)
✔ frozen error codes: model list equals the frozen list, each is read from both error shapes (0.449042ms)
✔ copy: every code, status, op state and connect error has text in all three locales (0.312ms)
✔ copy never calls a budget a hard stop and never offers resume (0.285792ms)
✔ draft: every §5.1 status parses; unknown status/template/op state is an error, never guessed (0.414208ms)
✔ draft: optional fields, remote ids and the Ads Manager link (0.172125ms)
✔ action hints: pause whenever a remote id exists and not ENDED; a paused draft is only ever copied (X7) (0.201041ms)
✔ money: whole units to minor with integer math; TWD must be whole (21.715625ms)
✔ Taipei schedule: wall inputs and draft projections ignore the viewer zone (3.105ms)
✔ Taipei schedule: invalid calendar days are rejected and all copy names UTC+8 (0.266875ms)
✔ draft input: exact 11-key body and every local rule (3.486375ms)
✔ draft form round trip and X7 copy (blank schedule, no id, no revision) (0.224291ms)
✔ settings parser: environment enum, connections, identities, capi (0.356541ms)
✔ connect state parser: pick list kinds and id match (0.104375ms)
✔ report: three separate blocks, orders may be null, no combined figure (0.24975ms)
✔ default report window is the Asia/Taipei store day whatever the viewer's zone is (Taipei midnight boundary) (3.556833ms)
✔ capi body and validation (0.115167ms)
✔ W6-06B unbind response: exact keys, account, UUIDs and outcome semantics (0.18375ms)
✔ W6-06B in-flight details preserve bounded items and total, reject unknown shapes (0.167334ms)
✔ W6-06B catalog feed has exact public URL/domain pairs or published-store empty (0.164916ms)
✔ W6-06B copy preserves unbind boundaries and feed recovery in three locales (0.10125ms)
✔ W6-06B feed selection follows origin order, not full feed URL order (0.081292ms)
✔ customer list accepts the frozen row and rejects unknown keys, dup ids, bad cursor, oversize (3.286458ms)
✔ customer row invariants: nulls for bundle-only/erased, counts, money, consents (0.348167ms)
✔ customer detail: bounded lists, order summaries reuse the orders parser, id must match (6.517708ms)
✔ erasure summary is four counts only (0.092459ms)
✔ finance summary: net = captured - refunded (I05), totals carry an empty day, sandbox flag (0.2955ms)
✔ financeDay is the UTC+8 day (0.0545ms)
✔ finance defaults keep Taipei dates across midnight, leap day and year end (0.071375ms)
✔ tags and notes are parsed strictly (W6-01B) (0.782292ms)
✔ TSX seam refuses an unlisted import (3.608958ms)
✔ Ads merchant timestamp uses Taipei at the year boundary (11.660917ms)
✔ Design version published_at cell uses Taipei at the year boundary (2.564542ms)
✔ ManualOrder bank-transfer expiry uses Taipei at the year boundary (3.165917ms)
ℹ tests 53
ℹ suites 0
ℹ pass 53
ℹ fail 0
ℹ cancelled 0
ℹ skipped 0
ℹ todo 0
ℹ duration_ms 163.341708
✔ OrderHistory renders server order instant in Taipei (9.992125ms)
✔ ClaimLink renders claim expiry in Taipei (9.445583ms)
✔ BankTransfer renders deadline and proof instant in Taipei (6.22175ms)
✔ BankTransfer proof echo labels store time in en (6.661292ms)
✔ BankTransfer proof echo labels store time in zh-TW (3.201083ms)
✔ BankTransfer proof echo labels store time in zh-CN (4.326791ms)
✔ BankTransfer input describes the device zone in en (2.953875ms)
✔ BankTransfer input describes the device zone in zh-TW (2.562417ms)
✔ BankTransfer input describes the device zone in zh-CN (2.225083ms)
✔ BankTransfer input has a generic label when Intl has no zone in en (1.859459ms)
✔ BankTransfer input has a generic label when Intl has no zone in zh-TW (1.216584ms)
✔ BankTransfer input has a generic label when Intl has no zone in zh-CN (1.046667ms)
✔ ShopFooter uses Taipei year across UTC year boundary (1.659ms)
✔ BankTransfer deadline labels store time in en (1.5905ms)
✔ BankTransfer deadline labels store time in zh-TW (2.750167ms)
✔ BankTransfer deadline labels store time in zh-CN (1.656625ms)
✔ OrderHistory states the Taipei time zone once in en (1.284209ms)
✔ OrderHistory states the Taipei time zone once in zh-TW (0.820333ms)
✔ OrderHistory states the Taipei time zone once in zh-CN (0.695833ms)
✔ Meta rejection wording is preserved as bounded Unicode text, never translated (1.128333ms)
✔ frozen error codes: model list equals the frozen list, each is read from both error shapes (0.352542ms)
✔ copy: every code, status, op state and connect error has text in all three locales (0.251084ms)
✔ copy never calls a budget a hard stop and never offers resume (0.228458ms)
✔ draft: every §5.1 status parses; unknown status/template/op state is an error, never guessed (0.343333ms)
✔ draft: optional fields, remote ids and the Ads Manager link (0.162958ms)
✔ action hints: pause whenever a remote id exists and not ENDED; a paused draft is only ever copied (X7) (0.23525ms)
✔ money: whole units to minor with integer math; TWD must be whole (8.290666ms)
✔ Taipei schedule: wall inputs and draft projections ignore the viewer zone (5.742583ms)
✔ Taipei schedule: invalid calendar days are rejected and all copy names UTC+8 (1.01075ms)
✔ draft input: exact 11-key body and every local rule (14.285959ms)
✔ draft form round trip and X7 copy (blank schedule, no id, no revision) (0.687459ms)
✔ settings parser: environment enum, connections, identities, capi (1.189875ms)
✔ connect state parser: pick list kinds and id match (0.392042ms)
✔ report: three separate blocks, orders may be null, no combined figure (1.02225ms)
✔ default report window is the Asia/Taipei store day whatever the viewer's zone is (Taipei midnight boundary) (7.521959ms)
✔ capi body and validation (0.349584ms)
✔ W6-06B unbind response: exact keys, account, UUIDs and outcome semantics (0.297042ms)
✔ W6-06B in-flight details preserve bounded items and total, reject unknown shapes (0.246709ms)
✔ W6-06B catalog feed has exact public URL/domain pairs or published-store empty (0.285291ms)
✔ W6-06B copy preserves unbind boundaries and feed recovery in three locales (0.078916ms)
✔ W6-06B feed selection follows origin order, not full feed URL order (0.09675ms)
✔ customer list accepts the frozen row and rejects unknown keys, dup ids, bad cursor, oversize (1.8395ms)
✔ customer row invariants: nulls for bundle-only/erased, counts, money, consents (0.204833ms)
✔ customer detail: bounded lists, order summaries reuse the orders parser, id must match (1.410625ms)
✔ erasure summary is four counts only (0.07875ms)
✔ finance summary: net = captured - refunded (I05), totals carry an empty day, sandbox flag (0.275083ms)
✔ financeDay is the UTC+8 day (0.0545ms)
✔ finance defaults keep Taipei dates across midnight, leap day and year end (0.074458ms)
✔ tags and notes are parsed strictly (W6-01B) (0.601041ms)
✔ TSX seam refuses an unlisted import (4.401875ms)
✔ Ads merchant timestamp uses Taipei at the year boundary (13.036125ms)
✔ Design version published_at cell uses Taipei at the year boundary (2.615083ms)
✔ ManualOrder bank-transfer expiry uses Taipei at the year boundary (2.703125ms)
ℹ tests 53
ℹ suites 0
ℹ pass 53
ℹ fail 0
ℹ cancelled 0
ℹ skipped 0
ℹ todo 0
ℹ duration_ms 156.987375
✔ legacy display sentinels preserve a list row without admitting arbitrary or private data (1.929708ms)
✔ orders-v2 accepts bounded filters and Taipei inclusive dates; rejects ambiguity (0.422667ms)
✔ orders-v2 rejects client count approximations, unbounded or extra response data (0.150584ms)
✔ all three locales label every task queue, payment and delivery mode (0.291834ms)
ℹ tests 4
ℹ suites 0
ℹ pass 4
ℹ fail 0
ℹ cancelled 0
ℹ skipped 0
ℹ todo 0
ℹ duration_ms 77.190042
✔ numeric store IDs have no suggestion BFF or browser client (1.01675ms)
ℹ tests 1
ℹ suites 0
ℹ pass 1
ℹ fail 0
ℹ cancelled 0
ℹ skipped 0
ℹ todo 0
ℹ duration_ms 60.353417
✔ ADM10 operator sentence is localized while product and company facts stay authoritative (0.353709ms)
✔ PS review: actual Host matching normalizes case, port and a terminal DNS dot, never forwarded authority (0.222584ms)
✔ PS review: privacy/terms retain Messenger and Instagram purpose disclosure; deletion uses exact UI labels (0.084833ms)
✔ P2-N1 zh-TW/privacy: current comments and private reply, conditional inbound messages (0.075708ms)
✔ P2-N1 zh-TW/terms: current comments and private reply, conditional inbound messages (0.076375ms)
✔ P2-N1 zh-CN/privacy: current comments and private reply, conditional inbound messages (0.048209ms)
✔ P2-N1 zh-CN/terms: current comments and private reply, conditional inbound messages (0.050042ms)
✔ P2-N1 en/privacy: current comments and private reply, conditional inbound messages (0.071ms)
✔ P2-N1 en/terms: current comments and private reply, conditional inbound messages (0.060209ms)
✔ PS1 legal identity is one untranslated source (0.091041ms)
✔ PS1 contact and hosts come only from configuration; production fails closed (0.359666ms)
✔ PS2 public routes default to zh-TW, restrict page/locale, and never include admin (0.383917ms)
✔ PS4 optional Meta verification value never has a fake default (0.050208ms)
✔ PS1 every locale uses the same product name in auth page titles (0.0405ms)
✔ PS1 public page copy has three complete locales, no invented operator identity or contact (0.192375ms)
✔ PS1 production build validates config; public data is not bundled through NEXT_PUBLIC (0.92575ms)
✔ PS review: admin image installs the manifests for its workspace dependencies before building (0.373709ms)
ℹ tests 17
ℹ suites 0
ℹ pass 17
ℹ fail 0
ℹ cancelled 0
ℹ skipped 0
ℹ todo 0
ℹ duration_ms 81.150625
✔ R11 SQL's exact receipt states are accepted; missing/forged operation/state remains unknown (0.845084ms)
✔ R11 durable receipt journal validates phase against exact operation state (0.330542ms)
✔ R11 actual read control distinguishes replay/inflight/unknown/failure in en (3.849791ms)
✔ R11 actual read control distinguishes replay/inflight/unknown/failure in zh-TW (0.619292ms)
✔ R11 actual read control distinguishes replay/inflight/unknown/failure in zh-CN (0.515584ms)
✔ unknown journal retains exact key/boundary and is scoped to store+session; malformed state fails closed (0.115584ms)
✔ R12 read hook keeps network UNKNOWN on one key and explicitly refreshes acknowledged UNKNOWN (10.263458ms)
✔ actual POST transport uses CSRF and session fence; 403 independent of response text (16.110167ms)
✔ R10 ROAS has exactly two decimals in en (9.920459ms)
✔ R10 unknown ROAS is never fabricated as zero in en (0.083916ms)
✔ R10 ROAS has exactly two decimals in zh-TW (0.175625ms)
✔ R10 unknown ROAS is never fabricated as zero in zh-TW (0.036875ms)
✔ R10 ROAS has exactly two decimals in zh-CN (0.12425ms)
✔ R10 unknown ROAS is never fabricated as zero in zh-CN (0.029791ms)
✔ shared presentation preserves registry title and one empty buyer message in en (23.710042ms)
✔ R11 large linked-draft list is complete but collapsed in en (2.99675ms)
✔ shared presentation preserves registry title and one empty buyer message in zh-TW (5.398875ms)
✔ R11 large linked-draft list is complete but collapsed in zh-TW (2.474292ms)
✔ shared presentation preserves registry title and one empty buyer message in zh-CN (5.085125ms)
✔ R11 large linked-draft list is complete but collapsed in zh-CN (2.463916ms)
✔ R11 timeline distinguishes local unknown spend from explicit Meta zero in en (2.76425ms)
✔ R11 timeline distinguishes local unknown spend from explicit Meta zero in zh-TW (2.876291ms)
✔ R11 timeline distinguishes local unknown spend from explicit Meta zero in zh-CN (1.88025ms)
✔ R11 I12 nullable Meta evidence survives without becoming zero (0.195291ms)
✔ R11 actual panel rendering preserves unknowns and reconnect route in en (9.985208ms)
✔ R11 actual panel rendering preserves unknowns and reconnect route in zh-TW (10.037125ms)
✔ R11 actual panel rendering preserves unknowns and reconnect route in zh-CN (11.00725ms)
✔ D1, D6, R7: exact amounts and sources remain independent, account days stay labelled (0.16925ms)
✔ R12: null stays unknown and unread / unauthorised / insufficient remain different states (0.227667ms)
✔ R12 granted but unread audience offers a read, never reconnect in en (1.565208ms)
✔ R12 granted but unread audience offers a read, never reconnect in zh-TW (1.576583ms)
✔ R12 granted but unread audience offers a read, never reconnect in zh-CN (1.552625ms)
✔ I12 forged / missing frozen fields never silently become zeros (0.825125ms)
✔ only whitelisted aggregates survive: extra identifiers and HTML are never interpreted (0.058292ms)
✔ attribution is a read-only BFF resource with exact bounded query grammar (0.285458ms)
✔ audience-read is exactly the new local intention POST and never a data GET or queried write (0.238917ms)
✔ route fails closed without ads:read and is not a duplicate navigation entry; locale keys match (0.105458ms)
ℹ tests 37
ℹ suites 0
ℹ pass 37
ℹ fail 0
ℹ cancelled 0
ℹ skipped 0
ℹ todo 0
ℹ duration_ms 372.662666
✔ card-payments copy: identical key sets in all three locales (0.786333ms)
✔ merchant terms are quoted verbatim (contract §5) in the enable dialog (0.085583ms)
✔ ruling-fixed strings: platform not OPEN and BLOCKED note (0.042ms)
✔ error map covers every frozen refusal code from migrations/0137 (0.058042ms)
✔ no Stripe account id, key or approval id shape appears in any copy string (0.206667ms)
✔ storefront collector disclosure matches contract §5 templates in three languages (0.048917ms)
✔ the merchant terms in the dialog are the contract §5 sentence, extracted from the contract (0.346333ms)
✔ the storefront templates are the contract §5 lines, extracted from the contract (0.113542ms)
✔ settlement copy: deduction columns are labelled as deductions in every language, with a legend and the net formula (0.246041ms)
✔ there is no separate 'not on the allowlist' message: it reads as not open (review P1-2) (0.081875ms)
✔ card summary accepts the frozen shape incl. all-null platform NONE (0.847167ms)
✔ card summary rejects unknown keys, bad enums, bad money, bad version (0.276375ms)
✔ card result is exactly {state, version, max_minor, currency, descriptor_preview} (0.090792ms)
✔ descriptor suffix rule: charset, 2..10 chars, must contain a letter (0.120083ms)
✔ the suffix length rule is the charset rule's 10; the 22-character descriptor total stays the server's (SANDBOX L=10, LIVE PrefixLength) (0.051333ms)
✔ descriptor preview mirrors the contract projection (base + '* ' + suffix) (0.050041ms)
✔ settlement list accepts statements without payout/lines keys (omitempty) (0.386166ms)
✔ settlement detail carries lines whose count and sums match the totals (0.327542ms)
✔ settlement parsers reject malformed reads (0.602958ms)
✔ fees, refunds and disputes are signed exactly as the ledger stores them (0.974208ms)
✔ a returned fee is a positive line fee; the detail's lines must add up to the statement totals (0.403458ms)
✔ closed_at/paid_at accept the offsets PostgreSQL emits as well as Z (0.137333ms)
✔ a payout reference shaped like a Stripe key or account id is never displayed (0.131375ms)
✔ platform not OPEN: 'not open yet' and no enable control, for every non-OPEN state; the platform badge still tells why (0.3975ms)
✔ allowlisted + OPEN: enable from NONE/DISABLED, disable from ENABLED (0.060625ms)
✔ not allowlisted on an OPEN platform reads exactly like not open: the same message, no 'platform open' badge, no enable (review P1-2) (0.080708ms)
✔ BLOCKED: the suspended note, disable only, never enable (whatever the platform says) (0.060042ms)
✔ without billing:manage nothing can be changed, but the state is still readable (0.041791ms)
✔ enable carries the platform's current terms, the suffix and the version read; NONE starts at 0 (0.067042ms)
✔ disable never sends a suffix and quotes the terms the store accepted (the platform's may have moved on) (0.067667ms)
✔ a retained suffix is recovered from the final preview so a re-enable can keep it (0.084375ms)
✔ the period label shows the last day inside the (exclusive-end) week (0.753834ms)
✔ payout state: paid, pending only when money is due, none when the week nets to zero or less (0.049333ms)
✔ card-payments and settlements are nav:false routes, so no group loses or gains a nav button (0.1775ms)
✔ settlements need billing:manage, the card page integration:read; the owner opens both (0.139167ms)
✔ statement cells: a dispute reversal and a returned fee read as credits (+) and every deduction as -, and the columns add up to the server's net (8.914166ms)
✔ the detail parser requires the lines of a statement that has lines; a quiet week (line_count 0) may omit them (0.116ms)
✔ route table: exactly the four resources, nothing generic (0.47625ms)
✔ query grammar: card and settlement-detail are exact; settlements takes before/limit only (0.210541ms)
✔ request fence: keyless PUT (CAS), bodyless GETs, no transfer-encoding (18.491834ms)
✔ PUT body is the exact frozen shape {enabled, terms_version, descriptor_suffix, expected_version} (2.450167ms)
✔ the BFF route wires the card grammar: keyless CAS PUT, exact body, no-store, auth required (1.212833ms)
✔ the real card summary parses and drives the display state machine (1.4395ms)
✔ the real statement list parses: newest first, no lines, three payout states (5.361083ms)
✔ every real detail parses with its lines and the lines add up to the statement (1.535333ms)
✔ an empty ledger parses to no statements (0.249583ms)
✔ no account id, key or approval shape is in any real body (0.3825ms)
✔ the real statements display literally as signed contributions that add up to the server's net (12.162209ms)
ℹ tests 48
ℹ suites 0
ℹ pass 48
ℹ fail 0
ℹ cancelled 0
ℹ skipped 0
ℹ todo 0
ℹ duration_ms 109.456291
✔ option/slug/SKU caps equal internal/catalog (options.go, catalog.go) (5.457208ms)
✔ text caps equal the Go validators (name 120, description 8000, SEO 70/160, collection title 80) (1.357209ms)
✔ photo caps equal Go (MaxMainImages, MaxDetailImages, MaxImageBytes) and the SKU code pattern (0.990666ms)
✔ PE13 Cartesian matrix is local, preserves edits and deduplicates values (2.501708ms)
✔ PE13 bulk quantity skips negative rows without modifying them (0.131375ms)
✔ PE12 untracked document uses whole currency and per-order cap, never quantity (9.462667ms)
✔ PE14 missing readback is not guessed or silently cleared by full replacement (0.069625ms)
✔ bulk status accepts explicit per-item results, never empty or duplicated confirmations (0.200167ms)
✔ matrix refuses over 100 SKUs before expansion (0.083875ms)
✔ PR #1 4212540344: per-row matrix labels reappear where the matrix header is not visible (≤900px), desktop untouched (1.6655ms)
✔ PR #1 4212540352: pre-publish missing-items list collapses behind a real toggle at ≤900px instead of being removed (1.196375ms)
✔ parity: admin caps equal the Go constants (0.714792ms)
✔ image list: 4 main + 20 detail + 2 sku in role order is accepted (0.311041ms)
✔ image list: 5 main, 21 detail, wrong role order, gaps and extra keys are refused (1.609291ms)
✔ single image: role is required and its position is bounded by the role cap (0.26575ms)
✔ option text limits count Go runes rather than UTF-16 units (0.675042ms)
✔ PE14 new edit SKU carries its own shipping and clears no existing fields (9.536375ms)
✔ PE14 patch changes only price and preserves unmentioned fields (0.185583ms)
✔ PE14 on_hand is not available, zero target is transmitted, ambiguous warehouse refuses (0.29575ms)
✔ PE14 explicit clears and shipping remain per SKU on an active row (0.125ms)
✔ PE14 archive supersedes every other edit on that SKU (b77eeb11) (0.1325ms)
✔ PE14 no-op has no command fields and changed axes explicitly archive omitted variants (0.091833ms)
✔ PE14 replacement SKU edit excludes create-only code from the strict patch grammar (0.188209ms)
ℹ tests 23
ℹ suites 0
ℹ pass 23
ℹ fail 0
ℹ cancelled 0
ℹ skipped 0
ℹ todo 0
ℹ duration_ms 101.670792
(node:71646) ExperimentalWarning: Transform Types is an experimental feature and might change at any time
(Use `node --trace-warnings ...` to show where the warning was created)
✔ UNKNOWN retry client authorization loss requires reconciliation, not a fresh command (3.622416ms)
✔ UNKNOWN retry 401 authorization loss requires reconciliation, not a fresh command (8.38625ms)
✔ UNKNOWN retry 403 authorization loss requires reconciliation, not a fresh command (0.572583ms)
✔ a conclusive command rejection stays distinct from authorization loss (0.741458ms)
ℹ tests 4
ℹ suites 0
ℹ pass 4
ℹ fail 0
ℹ cancelled 0
ℹ skipped 0
ℹ todo 0
ℹ duration_ms 111.846167
(node:71650) ExperimentalWarning: Transform Types is an experimental feature and might change at any time
(Use `node --trace-warnings ...` to show where the warning was created)
✔ offer controls read authoritative limits without parsing unrelated KEYWORD_QTY_CONTAINS window/stats (11.621584ms)
✔ offer controls accept 101 through the backend cap of 200 distinct offers, reject 201 (1.865667ms)
✔ offer toggle preserves exactly the authoritative maximum in the real M4 payload (2.537542ms)
✔ console BFF admits exactly A1/A7/A6 and A5 read/copy methods (0.337334ms)
✔ Next proxy admits the exact console family and results query before the BFF (81.131709ms)
✔ PR18 proxy preserves malformed A2 cursor as 400 invalid_cursor (0.484167ms)
✔ results query is canonical repeated session_id 1..50, everything else queryless (0.08125ms)
✔ real BFF route forwards only exact resources, authenticates scope and returns private scrubbed errors (41.219167ms)
✔ new commands reject unknown keys and preserve frozen copy/lifecycle/recommend body (0.163583ms)
✔ browser commands reuse Studio fences, exact no-comment recommend body and backend refusal codes (1.227375ms)
✔ results client preserves canonical ids/order and rejects invalid list before fetch (0.281791ms)
✔ stock client reuses catalog transport/key/parser and fences a changed login without retries (0.894625ms)
✔ journal replay sends the exact original method/path/body/key for all five commands (2.039083ms)
(node:71651) ExperimentalWarning: Transform Types is an experimental feature and might change at any time
(Use `node --trace-warnings ...` to show where the warning was created)
✔ A1 strict MOCK snapshot preserves unavailable counts, capability unknown and server stock (3.049167ms)
✔ A7 returns a separate lifecycle version and closed full KEYWORD_QTY_CONTAINS window (0.140292ms)
✔ A5 results retain separate environments/currencies and bind exact requested ids/order (0.156333ms)
✔ A5 copy parses real Go envelope, copied offer prices and KEYWORD_QTY_CONTAINS window (0.346125ms)
✔ A6 accepts optional operation UUID, never guessed send success (0.090291ms)
(node:71652) ExperimentalWarning: Transform Types is an experimental feature and might change at any time
(Use `node --trace-warnings ...` to show where the warning was created)
✔ Live settings navigation accepts a scene picker entry but never a malformed or unscoped deep link (0.753459ms)
✔ LC-B7 stock permission admits live_adjust without inventory:write, not unrelated grants (0.081791ms)
✔ Instagram comment total stays unavailable; Facebook observed count is not a platform total (0.067125ms)
✔ LC-U1 one primary action follows lifecycle, never planning or transport state (0.047666ms)
✔ LC-U1 stock target uses sellable delta and rejects fractions, negative and over-limit changes (0.090583ms)
✔ LC-U1 links only explicit FB post identities, never arbitrary URLs or guessed videos (0.076292ms)
✔ LC-U1 Facebook preview keeps the original no-frame CSP and uses a safe external link (0.595125ms)
✔ LC-U1 delayed copy completion cannot navigate after store switch or unmount (0.099833ms)
✔ LC-U1 receipt fence survives cookie rotation; pending replay still has a separate session boundary (0.397125ms)
ℹ tests 27
ℹ suites 0
ℹ pass 27
ℹ fail 0
ℹ cancelled 0
ℹ skipped 0
ℹ todo 0
ℹ duration_ms 298.023083
✔ PR18 final public unresolved receipt survives relogin but coarse fence stays session-bound (0.692958ms)
✔ PR18 enabled downgrade gates hook output before passive cleanup (14.075541ms)
✔ PR18 enabled downgrade first all render hides rows buyer and composer (4.1475ms)
✔ PR18 enabled downgrade first private render hides rows buyer and composer (2.291ms)
✔ PR18 R2 scoped404 a2 clears both private views and stops recovery reads (2.909917ms)
✔ PR18 R2 scoped404 a8 clears both private views and stops recovery reads (2.203584ms)
✔ PR18 R2 scoped404 older clears both private views and stops recovery reads (2.263583ms)
✔ PR18 A8 clears names synchronously and keeps loaded older pages through a head poll (2.116375ms)
✔ PR18 A8 paged list stays bounded across fresh heads and stops older at cap (80.574417ms)
✔ PR18 A8 hides clear before effects even without pagination (1.08025ms)
✔ PR18 deletion HEAD clears selected comment composer but keeps history and public guard (3.653ms)
✔ PR18 short complete HEAD clears oldest selected comment and composer (2.506167ms)
✔ PR18 quiet A2 stream refreshes delayed claim marks without a new sequence or user refresh (1.688458ms)
✔ PR18 late claim automatically exposes keyword view and the reused BuyerPanel (2.796709ms)
✔ K3 A8 private polls every 10s, backs off, resets, pauses hidden and stops off-filter (6.211167ms)
✔ K3 A8 unreplied polls every 10s, backs off, resets, pauses hidden and stops off-filter (7.489166ms)
✔ K3 pasted tab is refused with invalid_text copy before any reply POST (0.789334ms)
✔ PR18 facts_unavailable mark uses actionable copy zh-TW (0.467084ms)
✔ PR18 facts_unavailable mark uses actionable copy zh-CN (0.425292ms)
✔ PR18 facts_unavailable mark uses actionable copy en (0.461208ms)
✔ real SQL UNKNOWN mark blocks public-mode switching without a local receipt (0.506625ms)
✔ PR18 unknown public receipt has the correct cross-comment fence (2.259041ms)
✔ PR18 queued public receipt has the correct cross-comment fence (2.0575ms)
✔ PR18 public guard releases only definite sent (0.920208ms)
✔ PR18 public guard releases only definite failed (0.702084ms)
✔ PR18 public guard releases only definite blocked (0.752458ms)
✔ PR18 public guard releases only definite refused (0.714125ms)
✔ PR18 P1 IG earliest50 refresh preserves100 rows selection and private draft (29.99525ms)
✔ PR18 final expired older cursor keeps live buffer selection and polling (1.814333ms)
✔ actual A2 hook fake clock: 3/6/12/24/30 backoff, success reset, hide clears and stops, 403 locks (3.239834ms)
✔ actual reset clears selected buyer and rereads without the old epoch cursor (0.75125ms)
✔ reply hints, coded error, UNKNOWN and capability state execute the actual composer (1.016625ms)
✔ PR18 R2 templates read 404 denies the composer (0.490375ms)
✔ PR18 buyer-panel read 404: stays local (retention-purged or gone selection), console keeps access (0.435209ms)
✔ PR18 buyer-panel read 403: revokes the console scope (0.428167ms)
✔ PR18 P1 IG earliest page and unknown authority never delete by absence (2.158ms)
✔ PR18 short complete HEAD removes an absent oldest live row (0.257792ms)
✔ PR18 full or cursor-bearing HEAD keeps the floor rule (0.111375ms)
✔ PR18 loaded history stays protected from short complete HEAD (0.07875ms)
✔ PR18 deletion HEAD removes absent refs inside its window (0.13275ms)
✔ PR18 deletion HEAD keeps paged history below its oldest tuple (0.0745ms)
✔ PR18 deletion is never inferred from incremental or older pages (0.120541ms)
✔ PR18 empty deletion HEAD is not evidence that any ref was deleted (0.054084ms)
✔ PR18 deletion floor compares equal timestamp refs and timezone instants (0.095917ms)
✔ PR18 mixed FB and IG page orders normalize chronologically after dedupe (0.169ms)
✔ PR18 cap keeps newest1000 with mixed page order older=false (3.547542ms)
✔ PR18 cap keeps newest1000 with mixed page order older=true (3.352417ms)
✔ PR18 A3 invalid_ref remains a definite 422 refusal (0.111459ms)
✔ PR18 a full history buffer stops paging without discarding rows or advancing its cursor (0.472917ms)
✔ K3 reply text rejects every C0/C1 control except newline (0.729458ms)
✔ SQL operation marks map to every merchant-visible delivery state (0.260833ms)
✔ real bridge sealCursor uses payload.signature rather than plain base64url (25.585459ms)
✔ A2 grammar refuses private/duplicate/ambiguous cursors and keys on reads (1.362875ms)
✔ A3-A5 exact comment ref and bodies; explicit preemption private only (0.218667ms)
✔ A4/A5 preserve frozen refusal codes, never provider/debug text (0.061875ms)
✔ reset invalidates old buffers and cursor before reread; older page cannot advance live cursor (0.166834ms)
✔ filter resources have only authorised opaque ids; backoff is capped and success resets (0.2665ms)
ℹ tests 57
ℹ suites 0
ℹ pass 57
ℹ fail 0
ℹ cancelled 0
ℹ skipped 0
ℹ todo 0
ℹ duration_ms 498.482375
✔ secondary failures preserve A1; only A1 is periodic; IG notice follows the platform/embeddability observation (189.717375ms)
✔ the existing console refresh also explicitly refreshes its parent list; no automatic list read (11.586292ms)
✔ parent forwards only an explicit refresh callback and retains the scene when list is unavailable (10.98125ms)
✔ every explicit browser response/event/navigation waiter has a finite sub-test budget (9.265417ms)
✔ A1 failures back off 3/6/12/24/30 seconds and success resets to five seconds (76.27475ms)
✔ Retry-After is a minimum; hidden tabs cancel polling; forbidden locks and conceals (33.772875ms)
✔ secondary reads are mount/refresh only, independent from A1 and non-fatal (22.768583ms)
✔ UNKNOWN journal restores the exact key/method/path/body and explicit retry after reload (26.332875ms)
✔ first definite 403 clears journal but locks commands; late success after navigation clears only its own key (22.188458ms)
✔ private reads preserve Retry-After seconds and dates, without changing existing error codes (19.666292ms)
✔ a restored in-flight or UNKNOWN request retains its journal after a replay 403 (56.880167ms)
✔ restored copy success dispatches completion only in the still-current scene (32.24325ms)
✔ SessionCopy resyncs closed same-ID titles, preserves open edits and cancels to latest draft (22.929625ms)
✔ SessionCopy submit uses latest version; UNKNOWN request survives later draft/input changes (19.402166ms)
ℹ tests 14
ℹ suites 0
ℹ pass 14
ℹ fail 0
ℹ cancelled 0
ℹ skipped 0
ℹ todo 0
ℹ duration_ms 520.750292
✔ claims window modes match Go constants and every SQL match_mode CHECK (3.757667ms)
✔ host prompt stays verbatim at the frozen trunk contract; Japanese is absent (0.808041ms)
✔ bundle parser accepts manual (labelled) and Meta (unlabelled) bundles (0.620167ms)
✔ bundle parser rejects unknown platforms and label/platform mismatches (0.158167ms)
✔ offer parser carries the live price and rejects every out-of-range or missing field (0.242167ms)
✔ library and import parsers are closed; removal receipt is the only version-0 shape (0.200209ms)
✔ price input: exact decimal minor units, never float, bounded to the currency's places (7.712791ms)
✔ live-tools copy exists in all three locales with the same conflict reasons (0.535833ms)
✔ claims BFF allowlist is exactly M1–M7 per method (0.959708ms)
✔ M7 link response shape is closed (0.155541ms)
✔ host prompt copy is the frozen text, verbatim (0.071625ms)
ℹ tests 11
ℹ suites 0
ℹ pass 11
ℹ fail 0
ℹ cancelled 0
ℹ skipped 0
ℹ todo 0
ℹ duration_ms 99.259708
NOT_RUN: tests/media/r04-input-runner.test.mjs (COMMERCE_R04_LIVEKIT_BINARY unset)
✔ main/detail/sku caps use the existing frozen image contract (0.591667ms)
✔ phone and tall dimensions fit2000 without enlarging small assets (0.138083ms)
✔ upload query requires one exact role and sku value; reads/actions carry no query (0.362792ms)
✔ role transport encodes current option values and refuses invalid identities (0.170333ms)
✔ effective image axis follows current options, then falls back to first (0.066042ms)
✔ detail and option photos cannot satisfy the main-photo recommendation (0.058ms)
✔ PM-U copy has matching keys in ja and all currently routed locales (0.124375ms)
✔ real-upload mode builds both Next applications on a clean CI checkout (10.307625ms)
✔ upload recovery journal survives a new session while remaining product/store scoped (0.10425ms)
✔ an option upload receipt requires its captured axis, value and image id on canonical readback (0.104791ms)
✔ failed durable recovery storage cannot authorize a media write (0.115167ms)
✔ an active product needs a main image after canonical media is known; repair paths stay possible (0.062334ms)
✔ empty media sections render a readable localized placeholder until photos are present (4.624959ms)
✔ real-upload mode never exits through the storefront MOCK shortcut (30.079667ms)
✔ a valid active zero-main product keeps an inline repair hint rather than a page error (3.294834ms)
✔ a new product issues the image-axis stage only for a chosen axis (0.699333ms)
ℹ tests 16
ℹ suites 0
ℹ pass 16
ℹ fail 0
ℹ cancelled 0
ℹ skipped 0
ℹ todo 0
ℹ duration_ms 257.18825
(node:71728) ExperimentalWarning: Transform Types is an experimental feature and might change at any time
(Use `node --trace-warnings ...` to show where the warning was created)
✔ a fitting PNG keeps the exact original File, bytes and alpha-capable format (0.818208ms)
✔ a JPEG exactly at both limits remains original, not a lossy re-encode (0.280375ms)
✔ an oversized phone JPEG is encoded below the cap after oriented scaling (0.577708ms)
✔ a large transparent PNG stays alpha-capable and is never painted with an opaque matte (0.4295ms)
ℹ tests 4
ℹ suites 0
ℹ pass 4
ℹ fail 0
ℹ cancelled 0
ℹ skipped 0
ℹ todo 0
ℹ duration_ms 91.220833
✔ HTTPS picklist fixture carries Secure session cookies automatically while preserving CSRF refusals (95.378375ms)
✔ batch controls stay compact until an order selection or live-session scope exists (0.120416ms)
✔ selection has XOR bodies, canonical unique IDs and separate 500/100 limits (0.356792ms)
✔ cross-page selection retains existing rows, deduplicates and refuses overflow atomically (0.705042ms)
✔ pick projection rejects PII/extra keys, invalid quantities and unmatched order identities (0.495375ms)
✔ batch replies bind one-for-one to confirmed orders and preserve uncertainty code (0.115917ms)
✔ pick/export POSTs reject keys and all query variants except one exact template (1.658833ms)
✔ CSV filename binds to selected template and store; no path/header injection (0.16325ms)
✔ MOCK browser fixture list matches the incumbent closed order parser (11.596ms)
✔ recovery never clears an unknown or missing current attempt (0.132667ms)
✔ recovery and order-detail MOCK fixtures satisfy real read parsers (9.671125ms)
✔ order selection can read its session fence during SSR without browser globals (0.91475ms)
✔ MOU keeps native headed checks runnable on a Linux CI worker without DISPLAY (12.002875ms)
✔ pick fixture serves the scoped parcel reads required by the orders page (5.999208ms)
ℹ tests 14
ℹ suites 0
ℹ pass 14
ℹ fail 0
ℹ cancelled 0
ℹ skipped 0
ℹ todo 0
ℹ duration_ms 355.0815
✔ bodyless dissolve DELETE (empty body stream, no content-length) reaches Go with the CAS query, no body, no key (14.025333ms)
✔ every parcel DELETE must carry exactly one expected_version >= 1 (never forwarded without it) (1.866125ms)
✔ a DELETE that declares a body or chunked framing is refused (0.311708ms)
✔ DELETE needs the session, origin and CSRF like every command; other DELETEs stay unsupported (0.802958ms)
✔ GET parcel-groups (open groups read) and merge-suggestions pass with no query; a query or key is refused (6.3845ms)
✔ actual MOU parcel runner selects and collects the real parcel browser case (308.284292ms)
✔ merge suggestions accept the frozen shape (server-masked recipient) and reject drift (2.501292ms)
✔ created group requires the OPEN state and its members (0.236083ms)
✔ dissolved group is exactly id/state/version (0.102458ms)
✔ group shipment carries one SHIPPED version per member (1.5215ms)
✔ open groups (GET parcel-groups) accept the frozen shape and fail closed on drift (1.7455ms)
✔ reconcile: a reload rebuilds OPEN panels, a vanished OPEN group is dropped, history and live versions are kept (0.273041ms)
✔ three locales cover the same keys and every refusal code (0.235125ms)
✔ the owner-ruling sentence is exact in all three locales (0.054959ms)
✔ the in_parcel_group copy is the same sentence in parcels-copy (blocked + errors) and orders-copy, in every locale (0.068917ms)
✔ groupOfOrder prefers the OPEN group over retained SHIPPED/DISSOLVED history (0.124459ms)
✔ parcelOrderNumber is the canonical LC-<32 uppercase hex> order number and matches the open-group parser (0.110416ms)
✔ parcel refresh generation: bumped by every successful poll, whatever the cursor (0.04125ms)
✔ parcel refresh generation: an in_parcel_group refusal bumps it, other refusals do not (0.044333ms)
✔ exactly the five W3-07B resources route (0.539375ms)
✔ dissolve carries exactly ?expected_version=N (N >= 1) (0.115416ms)
✔ readMergeSuggestions 401 immediately purges parent scope and refuses late sibling 200 (16.826875ms)
✔ readMergeSuggestions 403 immediately purges parent scope and refuses late sibling 200 (3.874125ms)
✔ readMergeSuggestions 404 immediately purges parent scope and refuses late sibling 200 (3.16325ms)
✔ readOpenParcelGroups 401 immediately purges parent scope and refuses late sibling 200 (3.34025ms)
✔ readOpenParcelGroups 403 immediately purges parent scope and refuses late sibling 200 (3.195083ms)
✔ readOpenParcelGroups 404 immediately purges parent scope and refuses late sibling 200 (7.320209ms)
✔ readMergeSuggestions 503 preserves parent and local retry recovers actual DTOs (5.781667ms)
✔ readOpenParcelGroups 503 preserves parent and local retry recovers actual DTOs (4.361ms)
✔ captured parent groups callback refuses hidden scope (5.588917ms)
ℹ tests 30
ℹ suites 0
ℹ pass 30
ℹ fail 0
ℹ cancelled 0
ℹ skipped 0
ℹ todo 0
ℹ duration_ms 377.535292
✔ exactly the nine W6-01B resources are admitted, each only under its own method (3.396875ms)
✔ the customer list is claimed only when a tag filter is present (customers-request.ts stays the owner otherwise) (0.292917ms)
✔ near misses are refused (no generic proxying) (0.329625ms)
✔ reads: no body, no key, no transfer-encoding; tag-list takes no query at all (47.837416ms)
✔ customer-list query: closed keys, tag must be a canonical uuid, list bounds identical to customers-request (2.15075ms)
✔ note-list query: only limit and after, with the customers-list bounds (0.410167ms)
✔ writes: exactly one well-formed Idempotency-Key; the two DELETEs carry no body but still need the key (4.070959ms)
✔ validTagName mirrors Go (NFC first, 1..20, trimmed, no control/Cf) (2.459ms)
✔ validNoteBody mirrors Go (1..1000, not blank, only \n \r \t controls) (0.678ms)
✔ tag-create body: closed keys, valid name and one of the eight colors (1.659292ms)
✔ tag-patch body: at least one of name/color, nothing else (0.351625ms)
✔ owner-tags body: tag_ids (<=100 canonical uuids) + 64-hex revision, exact keys (0.403625ms)
✔ note bodies: create {body}; patch {body, version>=1}; deletes and reads carry no body at all (0.928625ms)
✔ parseTagCatalog decodes {items: TagRecord[]} with the store-catalogue bounds (2.878042ms)
✔ parseTagSet / parseDeletedTag / parseDeletedNote decode the frozen write receipts (0.373458ms)
✔ parseNoteRecord / parseNotePage decode notes with the Go note rules (1.727292ms)
✔ customer-tags copy: three locales, identical key sets, the integrator's ruled note-privacy text verbatim (0.114792ms)
✔ components wire the ruled copy and the tag/note controls the specs click (0.983125ms)
✔ tag read names must already be trimmed NFC and Unicode code-point bounded (0.111833ms)
✔ session change before network sends nothing (9.198709ms)
✔ session changes after network or during body parse drop the response (17.656709ms)
✔ transient session digest failure is settled only before dispatch (1.471375ms)
✔ lost response followed by a changed session is UNKNOWN after dispatch (3.855875ms)
✔ lost response does not auto-retry; explicit replay keeps method/key/payload/scope (12.369ms)
✔ 5xx or malformed success is uncertain, coded refusal is settled (5.747042ms)
✔ passive tag/detail refresh preserves an unsaved new-note draft (23.648208ms)
✔ passive refresh updates visible notes but preserves edit draft and original CAS version (2.502209ms)
✔ explicit refresh signal clears old edit draft while passive array changes do not (18.362959ms)
✔ an unauthorized note read clears private note bodies and the draft (5.293417ms)
✔ a transient note read failure keeps the notes already shown (9.432292ms)
✔ an unauthorized note read signals the global logout once; a transient failure does not (6.650333ms)
✔ non-privacy writer: own notes keep Edit and Delete on a fresh mount, others' notes do not (2.533083ms)
✔ notes forbidden/not_found signals scope loss exactly once per mount, never on transient failure (21.460959ms)
✔ bad path/store/method/query/header is refused without authority or backend calls (46.066792ms)
✔ the actual proxy admits a tagged customer list with scoped search/cursor and rejects malformed tag authority (3.234958ms)
✔ signed-out/cross-store/Origin-CSRF denials short circuit before body or forwarding (0.891083ms)
✔ closed bodies and DELETE payloads cannot reach Go (3.077875ms)
✔ all write methods preserve exact key/body/store and private success status (5.223042ms)
✔ note pagination preserved and hostile backend errors/bodies sanitized (6.441709ms)
✔ a catalogue forbidden or not_found asks the parent to re-run its guarded reads, with no logout (201.051291ms)
✔ transient catalogue failures stay local; unauthorized logs out but is not a scope loss (64.709625ms)
✔ after a tag write the manager stays mounted: the catalogue refreshes in place, never reloads (29.94325ms)
✔ a manager-reported scope loss reloads the customer list and catalogue guarded reads (17.886791ms)
✔ CustomerDetail forwards a scope-lost signal to the guarded read once per page (16.09775ms)
✔ badges are escaped server tag facts with human-readable names (4.638959ms)
✔ actual customer notes render privacy notice, safe content, author fallback and read-only permissions (12.598583ms)
✔ unknown permissions and erased customer never offer note mutations (9.548625ms)
✔ write-only notes permit add but not edit/delete of notes the server does not mark own; privacy permission permits both (6.375334ms)
✔ manager trigger and all three localized buyer-export notices render through actual components (1.924708ms)
✔ UNKNOWN survives settled unauthorized retry until trusted success; fresh run ignored (1.86475ms)
✔ UNKNOWN survives settled forbidden retry until trusted success; fresh run ignored (1.538083ms)
✔ UNKNOWN survives settled version_changed retry until trusted success; fresh run ignored (0.5075ms)
✔ first-attempt preflight refusal is settled and permits a fresh action (1.115334ms)
✔ UNKNOWN and in-flight retries prevent duplicate dispatch; unmount discards stale outcome (1.42175ms)
✔ an unauthorized write signals the global logout; forbidden does not (2.40325ms)
✔ UNKNOWN command survives unmount/remount: still locked, same-key retry, cleared by trusted success (0.5945ms)
✔ a command unmounted while in flight is treated as UNKNOWN on remount (0.389417ms)
✔ a session boundary change drops the remembered UNKNOWN command (4.048417ms)
✔ a guarded read that ends signed-out signals the global logout once (2.456541ms)
✔ forbidden/unavailable failures and a successful read signal no logout (8.0685ms)
✔ refresh ending signed-out clears the view, blocks and signals the global logout once (4.225625ms)
✔ refresh ending forbidden or not-found clears the data without a logout (13.797459ms)
✔ a transient refresh failure keeps the ready view and signals nothing (6.949541ms)
✔ exactly the eight report GETs are admitted; every other method or path is refused (0.568375ms)
✔ report reads: query required, no body, no key, no transfer-encoding (23.406458ms)
✔ from/to: exactly once each, calendar-valid days, 0..91 apart (0.993708ms)
✔ session_id: only on the funnel (json and csv), a canonical uuid, once (1.135166ms)
✔ parseProductReport: echoed range/zone, <=1000 rows sorted by net desc, net = captured - refunded (7.591584ms)
✔ parseChannelReport: closed vocabulary order, money per environment strictly ascending, I05 inside every bucket (0.492459ms)
✔ parseFunnelReport: nested counts, session echo, ordered_without_link bound (0.262917ms)
✔ parseManualReport: nullable principal/session ids, bucketed money like channels (0.192ms)
✔ reports copy: three locales, identical key sets, the integrator's ruled money annotation verbatim (0.192208ms)
✔ Reports.tsx: four tabs, CSV per tab, ruled annotation, CSS/SVG charts only (no new dependencies) (1.341958ms)
✔ report CSV closed headers use actual Go slug, echoed dates and private no-store (0.330667ms)
✔ report response projection rejects unknown keys, mismatched range and non-private responses (1.534959ms)
✔ manual buckets follow Go's uncapped row count rather than a made-up 500-row limit (0.813375ms)
✔ display sorts only inside currency/environment groups, never sums money or mutates server rows (15.291583ms)
✔ page report query accepts exactly the four report names and defaults to products (0.695375ms)
✔ actual product table renders offline separately, both modes, no UUID copy and sortable headers (26.349334ms)
✔ actual channel chart exposes exact numbers and both money modes using SVG (1.024459ms)
✔ actual funnel has four stages, nested widths and truthful zero-denominator text (1.294833ms)
✔ manual table resolves authorized labels, has honest fallback, and never presents UUIDs (3.401208ms)
✔ all report views render localized empty states (2.0965ms)
✔ actual BFF refuses malformed query, unknown store/session, disabled auth and missing CSV fences before Go (63.9095ms)
✔ actual BFF closed JSON projection and CSV scope/query preserve trusted token; no forwarded client authority (19.4225ms)
✔ actual BFF permission and malformed CSV response fences do not masquerade as a download (9.437125ms)
✔ audited browser GET accepts same-origin Fetch Metadata plus CSRF, never cross-site or forwarded Host (16.898291ms)
✔ actual CSV client preflight sends nothing after session change, and a lost audit response is uncertain with no retry (11.519792ms)
✔ actual CSV client refuses stale-session bytes and downloads only a closed private response (7.182041ms)
✔ report leaf gives the actual trusted fetch 65 seconds, rejects redirects and forwards only server bearer (8.262167ms)
✔ incoming request cancellation aborts the real report fetch once, returns safe unavailable and never retries (5.304916ms)
✔ CSV final synchronous fence conceals bytes when cancellation, hide or cookie rotation happens inside final await (25.477959ms)
✔ CSV end-to-end deadline covers store lookup and report budget; aborted preflight sends no audited request (11.724625ms)
✔ an uncertain export stays locked for its scope after another scope's export (6.111792ms)
✔ an uncertain export scope persists per store in tab storage and re-locks a fresh render (29.672875ms)
✔ unavailable tab storage fails closed to the in-memory lock without throwing (4.898958ms)
✔ export lock is stored before dispatch; refused/delivered outcomes release it, uncertain and cut-short keep it (43.022667ms)
✔ releasing one scope keeps the other uncertain scopes of the store (7.315666ms)
✔ export is refused and nothing is dispatched when the lock cannot be saved (denied, full or no storage) (7.047ms)
✔ copy for an unsaved export lock exists in every locale (0.127167ms)
✔ product sort query parses strictly and defaults to net_minor descending (0.361333ms)
✔ legacy-store permission probe: forbidden/not-found/signed-out fail the read closed, transient falls back (9.682458ms)
✔ channel and funnel data retain their applied dates while draft dates wait for Show (93.950042ms)
✔ an uncertain export lock is bound to the session boundary, so a different user does not inherit it (23.403541ms)
✔ Finance landing links to reports under the same canSeeReports rule (11.232875ms)
✔ selected tag survives searches and cursor pagination while an empty filter is omitted (51.454333ms)
✔ customer list dispatch preserves legacy requests and sends every tag query to the closed W6 authority (306.406667ms)
✔ customers reports link is hidden only when permissions are present and lack orders:read (0.171125ms)
✔ reports are a finance subpage and preserve the existing single finance navigation entry (0.139792ms)
✔ an authoritative erased customer immediately unmounts the cached private tags/notes subtree (28.978583ms)
✔ the actual customer row shows manual tags and imported status without changing consent (6.927ms)
✔ P1 actual tag DELETE accepts an empty Next-style stream without JSON MIME (410.319791ms)
✔ P1 actual note DELETE accepts an empty Next-style stream without JSON MIME (1.045708ms)
✔ P1 body-carrying tag writes still require JSON MIME through the real BFF (0.246625ms)
✔ P2 customer bare/encoded tag keys are invalid422 through the actual leaf before any backend (2.703833ms)
✔ P2 report products real session/CSRF response is private and Vary Cookie (0.962166ms)
✔ P2 report products.csv real session/CSRF response is private and Vary Cookie (0.445209ms)
✔ P2 report malformed query and wrong CSRF are rejected by actual helpers before upstream (0.230792ms)
ℹ tests 118
ℹ suites 0
ℹ pass 118
ℹ fail 0
ℹ cancelled 0
ℹ skipped 0
ℹ todo 0
ℹ duration_ms 1157.754583
✔ real coded errors retain baseline classification and normalize import leaf cache to private,no-store (21.808084ms)
✔ preflight missing CSRF is definite and sends nothing; actual route CSRF and session refusals stay definite (1.269625ms)
✔ actual route uses real cookies/store membership and method/error envelopes, no helper substitutions (2.688291ms)
✔ actual client/route preserves original Blob bytes, trusted transport and privacy projection on200/409 (1.309166ms)
✔ success or stale preview must remain private; malformed/unknown/mismatched coded errors are uncertain after commit (1.895833ms)
✔ lost/unreadable/session-changed dispatched commit remains UNKNOWN; no automatic retry (0.686125ms)
✔ actual failed-only result route strips IDs and real final session/cancel fence exposes no download (1.38925ms)
✔ actual route refuses unknown resource/query and duplicate session cookies before any upstream call (0.299417ms)
✔ actual route incoming cancellation aborts one dispatched transport and preserves client UNKNOWN (0.603ms)
✔ real coded error cache may not be public, and closed payload may not acquire data-bearing fields (1.286958ms)
✔ copy still exposes specific merchant field reasons across three locales (3.308792ms)
✔ all real local and upstream import refusals including HEAD/unsupported are exact private,no-store (0.629208ms)
✔ fresh mismatched receipt stays UNKNOWN, exact manual replay mismatch becomes terminal without a third send (1.223833ms)
✔ terminal is impossible for malformed replay receipts or matching replayed counts (0.958166ms)
✔ Big5 bytes pass unchanged to upstream and real422 import envelope surfaces encoding_not_utf8 (0.489625ms)
✔ oversize file uses the actual header guard and specific size guidance in all locales without dispatch (9.500708ms)
✔ commit uses the original requested mapping, including an empty optional field, not resolved preview metadata (3.860791ms)
✔ an UNKNOWN commit remains locked through a later forbidden retry and only explicit same-file success unlocks (4.173583ms)
✔ leaving during a dispatched commit drops its payload and keeps an unconfirmed boolean without replay (2.668292ms)
✔ a definite first preflight refusal clears pending before sign-out and does not invent an unconfirmed import (2.88925ms)
✔ a replayed mismatched receipt ends UNKNOWN without offering another retry or unlocking historical orders (3.526208ms)
✔ real cookie and CSRF helpers generate and validate the actual host-cookie pair (2.213459ms)
✔ exact route rejects methods/keys/body/query/scope before any upstream request using real localError (3.151542ms)
✔ missing/duplicate session cookies reject and real clearAuthCookies expires session and CSRF (0.403333ms)
✔ actual authenticatedStores denies a store absent from the server projection (0.601875ms)
✔ private success routes server cookie token and exact canonical after, never caller bearer/cookie to Go (0.898417ms)
✔ actual safeError/localError preserve coded status with no-store and redact upstream diagnostics (5.909583ms)
✔ actual readBody and strict projection refuse MIME/oversize/extra private fields/city; network loss stays private (2.632209ms)
✔ actual client issues GET50/after through real route/private successful projection (6.141792ms)
✔ actual helper-issued browser fence rejects changed parent before dispatch (0.564625ms)
✔ private success from real route is discarded when the browser session changes during upstream read (1.1285ms)
✔ real localError no-store 401/403/404/503 preserves correct read category with no retry (2.369834ms)
✔ malformed sensitive backend projection becomes real unavailable, never a fake BFF success (0.686417ms)
✔ strict archive rows decode external order text, safe minor units and public keys (12.73275ms)
✔ PII-shaped city and extra sensitive fields never pass the safe projection (0.728333ms)
✔ all canonical Go cities pass; malformed types/bounds/order/time/money/cursor fail (0.774167ms)
✔ read grammar is exact limit/after, not the stale brief's cursor name (22.004792ms)
✔ three locales retain truthful history-not-revenue basis and copy parity (0.203084ms)
✔ SSR renders actual safe rows, shared money/time, total count and read-only three-locale basis (59.448208ms)
✔ SSR distinguishes empty archive, 403, session loss and unavailable without stale rows/count (18.73475ms)
✔ actual pagination callbacks use opaque trail; double click cannot skip; refresh/scope reset page1 (8.897084ms)
✔ the static import subpage wins over customer detail and leaves the single customers nav intact (1.047042ms)
✔ the actual list offers import only to privacy holders and carries the current authorized store (101.259542ms)
✔ the actual detail mounts archive only for an active imported customer and passes its fenced identity (20.270334ms)
✔ MIUI-READY-VISIBLE-STORE actual signed helper waits on the visible selector and retains cookie/wizard assertions (178.566375ms)
✔ MIUI-READY-DENIED read-only staff reaches the real shell refusal instead of waiting for a private wizard (25.885333ms)
✔ failure verdicts precede successful rows, by source row number, without mutating the input (1.577083ms)
✔ the failure download contains only failed row metadata, with no source cell or success identifier (0.4865ms)
✔ reads quoted/BOM header only, without decoding malformed bytes from data rows (2.167416ms)
✔ guess only unique metadata aliases with explicit unmapped values (1.161709ms)
✔ shared dynamic leaf admits only exact import methods/actions and bounded mapping/count (24.061417ms)
✔ failed CSV emits only row/outcome/code, refusing any unexpected identifier or raw cell (0.635375ms)
✔ raw-byte cap does not decode/rebuild uploads and cancels oversized chunks (2.861083ms)
✔ backend privacy projection strips all source IDs on successful and failed rows (2.725417ms)
✔ closed preview parser refuses data-bearing rows, unknown keys and inconsistent counts (6.922209ms)
✔ order preview counts units while first CSV record numbers can exceed rows_total (0.447584ms)
✔ commit receipt has exactly five keys and no extra customer cells (0.373875ms)
ℹ tests 57
ℹ suites 0
ℹ pass 57
ℹ fail 0
ℹ cancelled 0
ℹ skipped 0
ℹ todo 0
ℹ duration_ms 574.726334
✔ G-UI8 storefront pages and the sweep's STOREFRONT_ROUTES are the same set (1.186667ms)
✔ parseShard: i/N, empty means unsharded, anything malformed throws (0.245125ms)
✔ assignShards: deterministic, every key owned once, near-balanced (LPT bound) (0.916042ms)
✔ planClick: for every N the shards partition the whole universe (every registry route x variant, storefront walk, journey) (1.498ms)
✔ planClick at N=10 keeps every shard within ~1.3x of the mean planned cost (0.13125ms)
✔ aggregate click: honest shards pass for several N (2.636334ms)
✔ aggregate click: a missing shard, a dropped page row, a lost journey, a failing row, a stale known defect and a missing platform marker are each a failure (3.278667ms)
✔ aggregate click: a route added to the registry after the shards ran cannot pass (the registry is re-read) (0.328291ms)
✔ aggregate visual: honest shards pass; a missing shard, a missing shot, a blocking verdict and a registry route outside the universe each fail (4.563834ms)
ℹ tests 9
ℹ suites 0
ℹ pass 9
ℹ fail 0
ℹ cancelled 0
ℹ skipped 0
ℹ todo 0
ℹ duration_ms 83.997791
ci-plan: 10 job(s); click-sweep x10 (aggregate)
  --browser-click-sweep@1/10  -> artifact gate-browser-click-sweep_1_10
  --browser-click-sweep@2/10  -> artifact gate-browser-click-sweep_2_10
  --browser-click-sweep@3/10  -> artifact gate-browser-click-sweep_3_10
  --browser-click-sweep@4/10  -> artifact gate-browser-click-sweep_4_10
  --browser-click-sweep@5/10  -> artifact gate-browser-click-sweep_5_10
  --browser-click-sweep@6/10  -> artifact gate-browser-click-sweep_6_10
  --browser-click-sweep@7/10  -> artifact gate-browser-click-sweep_7_10
  --browser-click-sweep@8/10  -> artifact gate-browser-click-sweep_8_10
  --browser-click-sweep@9/10  -> artifact gate-browser-click-sweep_9_10
  --browser-click-sweep@10/10  -> artifact gate-browser-click-sweep_10_10
✔ the full sweep and the full visual lint fan out into every shard and ask for the aggregate (0.879166ms)
✔ foundation-shards = the unit shard + every plan group; the serial `foundation` mode is untouched (0.667125ms)
✔ an explicit shard re-run (or a partial list) never claims the whole-run aggregate (0.085083ms)
✔ duplicates collapse, artifact names are safe and unique, bad input is refused (0.277792ms)
✔ main writes matrix / sweep_n / visual_n to GITHUB_OUTPUT (1.921583ms)
✔ mode discovery has no Docker/build dependency and includes the existing universe (27.961709ms)
✔ dry-run resolves a mode without executing dependencies and keeps its command environment (60.314666ms)
✔ one appended case is discovered and dispatched; malformed and duplicate registry entries fail closed (43.92275ms)
✔ registry discovery cannot silently lose indented, aliased or unrecognised Bash case arms (3.052791ms)
✔ backend-only paths run foundation-shards only (0.788292ms)
✔ node tests of deploy scripts and of the CI planner are backend-only (they cannot change a browser) (1.522875ms)
✔ a UI path adds the whole browser set, including click-sweep and visual-lint (4.893125ms)
✔ docs-only and output-only diffs keep the single required check (foundation-shards) (0.277792ms)
✔ legacy browser_* paths still select all browsers; a known untagged foundation file stays backend-only (0.519708ms)
✔ legacy deploy prefixes remain selected and unrelated paths do not select smoke (1.561208ms)
✔ the browser set is release-gate's browser-mode universe minus the documented exclusions (54.352125ms)
✔ every real browser-tagged foundation file selects registry browser modes, including non-browser names (55.053875ms)
✔ tagged runner discovery follows registry additions, command arrays and line continuations (1.135875ms)
✔ deploy smoke is selected for its workflow, verdict/helpers and executable test inputs (1.671042ms)
✔ new selection never drops legacy modes or deploy for any tracked path (418.464417ms)
✔ CLI classifies merge-base and explicit head, including removed tags, deleted files and renames (445.848625ms)
✔ CLI selects modes the base added after divergence when the checkout is the PR merge (PR #22 review P1) (220.307792ms)
✔ CLI reads the merge checkout's source when the base adds a browser tag after the fork (PR #22 review P1) (209.150417ms)
✔ CLI explicit head and stdin include tags outside the checkout and uncommitted tag removals (203.652584ms)
✔ compound/legacy tags and unknown source are conservative; known untagged source stays backend-only (3.135625ms)
✔ explicit-head CLI derives tagged runner modes from that head's real registry (170.566792ms)
✔ real Git CLI preserves legacy selection: quotePath=true, "架构.md" (151.000625ms)
✔ real Git CLI preserves legacy selection: quotePath=true, "internal/示例.go" (151.277334ms)
✔ real Git CLI preserves legacy selection: quotePath=true, "tests/foundation/plain\tname_test.go" (162.906417ms)
✔ real Git CLI preserves legacy selection: quotePath=true, " deploy/scripts/synthetic-smoke.sh" (155.3135ms)
✔ real Git CLI preserves legacy selection: quotePath=false, "架构.md" (143.083625ms)
✔ real Git CLI preserves legacy selection: quotePath=false, "internal/示例.go" (139.514084ms)
✔ real Git CLI preserves legacy selection: quotePath=false, "tests/foundation/plain\tname_test.go" (149.935375ms)
✔ real Git CLI preserves legacy selection: quotePath=false, " deploy/scripts/synthetic-smoke.sh" (149.45975ms)
✔ stdin unions legacy trimming without trimming the source lookup path (80.778917ms)
✔ parser: only compiled, correctly-shaped Test functions of untagged _test.go files (1.2705ms)
✔ the real plan: every top-level test of tests/foundation runs in exactly one group (612.20575ms)
✔ a new test (in no list) still runs, exactly once, in the catch-all group; the same name with no catch-all is red (898.615417ms)
✔ a test listed in two groups is red; drift beyond the limit is red (907.883292ms)
✔ regexes: anchored explicit lists; the catch-all skips exactly everyone else's tests (0.373708ms)
✔ pack: deterministic, balanced to within the longest test, every name once (3.738959ms)
✔ parseDurations: top-level lines only (0.181666ms)
ℹ tests 42
ℹ suites 0
ℹ pass 42
ℹ fail 0
ℹ cancelled 0
ℹ skipped 0
ℹ todo 0
ℹ duration_ms 3121.751958
✔ PR18 real BFF preserves invalid_ref and cursor errors without upstream retry (16.857667ms)
✔ PR18 valid A2 Unicode/escaped pages exceed 1 MiB but A8 cap stays unchanged (129.390166ms)
✔ K3 comment-only no_source cannot widen the existing inbox error seam (16.718833ms)
✔ LC-U2a real BFF seam A2-A5 exact grammar, privacy, denial and no diagnostic reflection (46.288833ms)
✔ A8/A9/A13 and published templates: exact reads forward once with no-store (14.506625ms)
✔ real streamed POST bodies: A10-A14 exact keys reach upstream (21.095666ms)
✔ query, read headers, methods and body allowlists refuse before upstream (28.727625ms)
✔ session, CSRF and store authority precede content forwarding (3.895542ms)
✔ A12 fixed codes preserved; arbitrary upstream diagnostics stripped (31.778083ms)
✔ client preserves codes and receipt; changed/aborted session cannot publish private response (8.313208ms)
✔ A9 admits a full page of valid Unicode replies while bounding private response bytes (11.551166ms)
✔ non-JSON upstream 401 still expires both authentication cookies without diagnostic leakage (8.225541ms)
✔ real M7 response keeps no-referrer after matching Next production header rules (27.267208ms)
✔ three unit languages cover identical fixed labels and delivery states (0.677833ms)
✔ hiding aborts requests and rejects late responses, even after reveal (0.393583ms)
✔ switching selection invalidates both reads and write completions (0.0725ms)
✔ owner and explicit inbox permissions only; viewer fails closed (0.062667ms)
✔ Messenger counts Unicode codepoints; Instagram counts NFC UTF8 bytes (0.487792ms)
✔ uncertain transport retries retain the exact submission; definitive conflicts retire it (0.417375ms)
✔ privacy calibration cannot activate with production origin or ordinary caller env (0.170792ms)
✔ late focus/pageshow while native document remains hidden cannot reveal requests (0.086459ms)
✔ terminal navigation revocation cannot be undone by focus or refresh until a new page fence (0.061458ms)
✔ a ticket from another store/page fence is never accepted (0.04125ms)
✔ focus while already visible preserves the active epoch and the uncertain reply receipt (0.079667ms)
ℹ tests 24
ℹ suites 0
ℹ pass 24
ℹ fail 0
ℹ cancelled 0
ℹ skipped 0
ℹ todo 0
ℹ duration_ms 492.13625
✔ installed APIRequestContext cookie rules exclude Secure cookie from HTTP127 but retain HTTPS/localhost (0.419333ms)
✔ actual INU02 cross uses browser auth and retains exact 404/DM absence (28.855209ms)
✔ actual INU02 cross still rejects wrong authority 401 (12.243875ms)
✔ actual INU02 cross still rejects wrong authority 200 (4.088084ms)
✔ actual INU02 cross still rejects DM in denied response (1.809542ms)
✔ actual INU02 denied uses browser auth and retains exact 403/DM absence (1.949125ms)
✔ actual INU02 denied still rejects wrong authority 401 (2.287208ms)
✔ actual INU02 denied still rejects wrong authority 200 (1.390625ms)
✔ actual INU02 denied still rejects DM in denied response (1.0775ms)
✔ actual login settles /en and fixture store (real switch, scoped=false) (33.108167ms)
✔ actual login settles /en and fixture store (real switch, scoped=true) (13.785916ms)
✔ actual login settles /en/inventory and fixture store (real switch, scoped=false) (17.8885ms)
✔ actual login settles /en/inventory and fixture store (real switch, scoped=true) (18.779833ms)
✔ actual login settles /en/messages and fixture store (real switch, scoped=false) (3.202375ms)
✔ actual login settles /en/messages and fixture store (real switch, scoped=true) (26.723375ms)
✔ actual login settles /en and fixture store (already selected, scoped=false) (3.947792ms)
✔ actual login settles /en and fixture store (already selected, scoped=true) (1.923291ms)
✔ actual login settles /en/inventory and fixture store (already selected, scoped=false) (5.026583ms)
✔ actual login settles /en/inventory and fixture store (already selected, scoped=true) (1.5735ms)
✔ actual login settles /en/messages and fixture store (already selected, scoped=false) (1.122959ms)
✔ actual login settles /en/messages and fixture store (already selected, scoped=true) (1.184334ms)
✔ bundle fixture uses real claim commands and mounts existing M6/M7 without issuing early (5.650209ms)
✔ sensitive bundle scenario clicks native clipboard with trace/video disabled and no token body reads (0.204333ms)
✔ persisted link and token-free command receipt are compared without disclosing credentials (0.135084ms)
✔ actual clipboard evaluator exports only safe summary and detects malformed or retained synthetic credentials (288.047625ms)
✔ claim-window fixture isolates recovery after the current migration permits multiple OPEN windows (2.921416ms)
✔ ordinary Playwright diagnostics still capture failed-page ARIA when private guard is absent (0.629292ms)
✔ sensitive worker lifecycle prevents actual installed snapshot capture without masking the failure (36.094958ms)
✔ worker restores prior environment even when use rejects (absent) (22.455708ms)
✔ worker restores prior environment even when use rejects (empty) (6.164625ms)
✔ worker restores prior environment even when use rejects (existing-policy) (19.552833ms)
✔ fixture is worker-auto and module collection does not suppress ordinary diagnostics (35.1955ms)
✔ ordinary matcher ARIA context bypasses fallback flag and remains in actual installed diagnostics (0.747875ms)
✔ private test teardown removes only matcher page context while preserving failure (failed status) (3.372666ms)
✔ private test teardown removes only matcher page context while preserving failure (rejected use) (2.136375ms)
✔ matcher guard is test-auto without replacing the installed artifact auto fixture (2.785959ms)
✔ real Playwright --list collects each original INU case and isolated INU09 exactly once (1189.260209ms)
✔ A real Inbox selection admits Go A9 attachments null without losing thread (38.744584ms)
✔ A real Inbox selection admits Go A9 attachments empty array without losing thread (9.188791ms)
✔ A malformed non-array A9 attachments is refused without painting DM or crashing selected entry (3.923209ms)
✔ C A8 HTTP200 empty list is ordinary data with no alert, selection or focus request storm (1.525167ms)
✔ C A8 list404 is scoped inbox unavailable in en, never an empty list or conversation denial (2.490209ms)
✔ C A8 list404 is scoped inbox unavailable in zh-TW, never an empty list or conversation denial (14.059083ms)
✔ C A8 list404 is scoped inbox unavailable in zh-CN, never an empty list or conversation denial (1.742ms)
✔ C click-sweep Go harness mounts existing Inbox/templates services (STRUCTURE_ONLY, Go NOT_RUN) (0.399291ms)
✔ C click-sweep includes actual-router owner200 empty inbox assertion (STRUCTURE_ONLY, Go NOT_RUN) (0.231917ms)
✔ inbox evidence is covered by the CI upload root (0.974792ms)
✔ failed Playwright closes its log and emits sanitized diagnostics before Fatalf (0.118958ms)
✔ failure diagnostics match INU cases/counts without admitting private text (0.623667ms)
✔ INU04 delayed handler 1 signals completion when fulfillment rejects (22.89175ms)
✔ INU04 delayed handler 2 signals completion when fulfillment rejects (3.256541ms)
✔ recoveryDone waits for actual held M7 completion in zh-TW (67.073791ms)
✔ recoveryDone waits for actual held M7 completion in zh-CN (13.504ms)
✔ recoveryDone waits for actual held M7 completion in en (8.699208ms)
✔ review2 P1 bundle-only row opens real A13 and issues existing M7 claim link to clipboard (77.989166ms)
✔ review2 P1 clipboard denial recopy reuses cached issued URL without another M7 POST (18.09875ms)
✔ review2 P1 lost M7 ACK retries exact receipt and null replay token never mints a fresh key (15.539709ms)
✔ review2 P1 missing CSRF before cached recopy cannot copy or issue again (5.054542ms)
✔ review2 P1 missing CSRF before uncertain retry rejects preserved receipt dispatch (11.707208ms)
✔ review2 P1 late issued-link completion after hide cannot write clipboard (8.961917ms)
✔ review2 P1 late issued-link completion after selection cannot write clipboard (10.646875ms)
✔ review2 P1 late issued-link completion after unmount cannot write clipboard (3.465625ms)
✔ review2 P1 late issued-link completion after logout cannot write clipboard (9.434417ms)
✔ review2 P1 claim-link issuance denied without both live read/manage (inbox:read,live:read) (5.389042ms)
✔ review2 P1 claim-link issuance denied without both live read/manage (inbox:read,live:manage) (5.368959ms)
✔ review2 P1 missing authoritative recovery identity never guesses generation {"missingSession":true} (5.513708ms)
✔ review2 P1 missing authoritative recovery identity never guesses generation {"noBundle":true} (13.130791ms)
✔ review2 P2 exactly one matching binding uses named DM hard gate ok (8.868042ms)
✔ review2 P2 exactly one matching binding uses named DM hard gate review_required (2.270083ms)
✔ review2 P2 exactly one matching binding uses named DM hard gate missing_permission (1.394208ms)
✔ review2 P2 multiple same-provider bindings advisory only (dm_session:ok,dm_session:missing_permission) (1.599375ms)
✔ review2 P2 multiple same-provider bindings advisory only (dm_session:missing_permission,dm_session:reauth_required) (2.226875ms)
✔ review2 P2 multiple same-provider bindings advisory only (dm_session:ok,read_comment:missing_permission) (3.053292ms)
✔ review2 P2 multiple same-provider bindings advisory only (dm_session:review_required,dm_session:ok) (1.857208ms)
✔ review2 P2 actual scoped A12 409 capability refusal remains visible after advisory submit (20.194792ms)
✔ review2 P2 missing health and single binding without named DM remain disabled (2.969291ms)
✔ review2 P2 expired cached issued link cannot be recopied or silently reissued (3.958916ms)
✔ P1-1 actual visible focus preserves pending ticket, selection, revision and real retry receipt (6.054375ms)
✔ P1-1 actual unchanged-session pageshow checks without clearing; changed-session focus expires (0.4325ms)
✔ P1-1 actual hide/reveal clears and requests fresh revision, never accepts obsolete completion (0.316667ms)
✔ P1-1 changed-session visible focus expires even with a pending request (0.169041ms)
✔ P1-2 actual A9 refresh 404 removes rendered DM and unsent draft (21.686792ms)
✔ P1-2 actual send-finally A9 404 removes DM, draft and uncertain immutable receipt (4.641042ms)
✔ actual uncertain send still retains exact receipt when A9 authority remains (0ms post-send A9) (6.869542ms)
✔ actual uncertain send still retains exact receipt when A9 authority remains (50ms post-send A9) (110.046166ms)
✔ actual A9 stale held completion cannot paint after component cleanup (1.081792ms)
✔ P2 actual A14 404 clears buyer facts and customer draft (explicit future-version MOCK) (1.240916ms)
✔ safe authority errors remain the actual InboxError transport class (0.203583ms)
✔ actual current A13 without version keeps A14 disabled; future MOCK grants no backend claim (1.255084ms)
✔ P1-2 actual A11 takeover write 404 clears private state despite failing follow-up A9 (1.622417ms)
✔ P1-2 actual A12 send write 404 clears private state despite failing follow-up A9 (1.9485ms)
✔ A13 server orders omission remains distinct from authorized omitted data (0.89925ms)
✔ A13 server orders omission remains distinct from authorized empty data (0.428542ms)
✔ A13 server orders omission remains distinct from authorized populated data (0.419125ms)
✔ PR18 host digest hardening sync-throw (235.858208ms)
✔ PR18 host digest hardening never-settles (1416.477042ms)
✔ actual shell-store-selector captures selection before synchronous privacy teardown (allowed=true) (88.912875ms)
✔ actual shell-store-selector captures selection before synchronous privacy teardown (allowed=false) (4.709125ms)
✔ actual locale-switch captures selection before synchronous privacy teardown (allowed=true) (4.038833ms)
✔ actual locale-switch captures selection before synchronous privacy teardown (allowed=false) (1.407334ms)
✔ persisted A9 UNKNOWN after page entry warns and blocks the real composer in en (30.636125ms)
✔ persisted A9 UNKNOWN after page entry warns and blocks the real composer in zh-TW (5.079792ms)
✔ persisted A9 UNKNOWN after page entry warns and blocks the real composer in zh-CN (1.880583ms)
✔ A12 queued ACK followed by final A9 UNKNOWN overrides the local queued notice and blocks another send (2.187084ms)
✔ a captured previously enabled composer cannot bypass final UNKNOWN learned by Refresh (3.1575ms)
✔ a later A9 page omitting the known UNKNOWN is not delivery reconciliation (6.644917ms)
✔ persisted queued is not mislabeled UNKNOWN and retains ordinary composer eligibility (0.951041ms)
✔ persisted sent is not mislabeled UNKNOWN and retains ordinary composer eligibility (1.726458ms)
✔ persisted failed is not mislabeled UNKNOWN and retains ordinary composer eligibility (1.996125ms)
✔ persisted blocked is not mislabeled UNKNOWN and retains ordinary composer eligibility (1.717083ms)
✔ fresh mount refuses when an old UNKNOWN is beyond 51 newer messages (fact=true) (1.417959ms)
✔ fresh mount refuses when an old UNKNOWN is beyond 51 newer messages (fact=null) (1.738084ms)
✔ fresh mount refuses when an old UNKNOWN is beyond 51 newer messages (fact=undefined) (2.935542ms)
✔ fresh mount refuses when an old UNKNOWN is beyond 51 newer messages (fact=false) (3.673916ms)
✔ a refreshed unknown authority replaces old clear authority even for a captured composer (1.811542ms)
✔ window strict eligibility with 300001ms before hard 24h deadline (15.463875ms)
✔ window strict eligibility with 300000ms before hard 24h deadline (2.045417ms)
✔ window strict eligibility with 60000ms before hard 24h deadline (1.525834ms)
✔ window strict eligibility with 0ms before hard 24h deadline (1.093917ms)
✔ window invalid server deadline fails closed without preparing a send (1.268375ms)
✔ window captured enabled form callback cannot POST after crossing safe cutoff (1.296ms)
✔ window deadline timer closes controls at cutoff and hard end without waiting for 15s poll (1.17875ms)
✔ quota recovery gives exact zh-TW comment-quota and DM-window instructions beside copy only (0.38725ms)
✔ quota recovery gives exact zh-CN comment-quota and DM-window instructions beside copy only (0.0955ms)
✔ quota recovery gives exact en comment-quota and DM-window instructions beside copy only (0.089583ms)
ℹ tests 125
ℹ suites 0
ℹ pass 125
ℹ fail 0
ℹ cancelled 0
ℹ skipped 0
ℹ todo 0
ℹ duration_ms 2856.345542
