✔ /products/{uuid} redirects permanently to the zh-TW product page (17.246167ms)
✔ non-uuid ids are 404, never redirected (0.93525ms)
✔ AT1: the locale redirect preserves the ad-click query without allowing a redirect target (0.129083ms)
✔ R10: standalone signed signals survive a missing or expired seven-day touch (15.798625ms)
✔ R10: standalone signals reject expiry, bad signature, duplicates and another host (0.211875ms)
✔ AT1 R5: browser identity survives expired touch and rolls for ninety days (0.155125ms)
✔ AT1 R5: missing ad parameters create no cookies; fbclid alone creates no touch (0.164375ms)
✔ AT1 R5: lc_ad alone updates attribution and does not replace fbc (0.127167ms)
✔ AT1: host-only first-party cookies contain no PII and read back exactly (0.234041ms)
✔ AT1: a later valid click replaces the draft but preserves the browser identifier (0.146209ms)
✔ R10: only a different fbclid replaces fbc and its first-seen timestamp (0.214583ms)
✔ AT1: malformed and ambiguous links do not overwrite a valid prior touch (0.336875ms)
✔ AT1: host and key binding reject copied cookies (0.179041ms)
✔ AT1: duplicates and tampering invalidate the entire envelope (0.142375ms)
✔ AT1: exactly seven days is valid, the next millisecond and future clicks are not (0.129333ms)
✔ catalog list query limits equal the Go v2 parser (internal/buyerhttp/catalogv2.go) (20.610333ms)
✔ collection list cap equals Go maxCollectionsPerStore (8.635875ms)
✔ design caps equal internal/design/schema.go (nav, sections, pages) (3.809208ms)
✔ CVS buyer-entered store bounds and return path equal Go (internal/checkout/cvs.go, migration 0093) (2.544541ms)
✔ transfer view: closed shape and state rules mirror Go validTransferView (0.719167ms)
✔ proof body and result: five digits, positive minor amount, ISO instant (0.176459ms)
✔ minorFromText: major units with at most two decimals, never a float surprise (0.091125ms)
✔ buyer email mirror: one plain address, 254 characters at most (0.097584ms)
✔ countdown: whole hours and minutes, never negative (0.330083ms)
✔ copy: three locales carry every key and every refusal code (0.191958ms)
✔ options: a home row lists modes only with bank_transfer and then needs its window (0.239792ms)
✔ checkoutInput: a home bank_transfer body, the optional trimmed email, and every refusal before any request (0.375667ms)
✔ order: AWAITING_TRANSFER is a valid commercial state without a hold time (0.183833ms)
✔ BFF: exact transfer routes, keyed proof PUT, strict body, validated answers, no generic proxy (26.418833ms)
✔ BFF: transfer refusal codes pass through as definite 422; checkout accepts bank_transfer and a valid email only (9.97925ms)
✔ D06 order heading follows a settled transfer: never 'waiting for transfer' above a confirmed or expired one (0.285042ms)
✔ uncertain prepare blocks all mutations; changed cookie context resolves journal (37.372208ms)
✔ fully parsed local denial clears only its own pending operation (0.69275ms)
✔ malformed journal, unavailable lock and stale context fail before writes (1.942583ms)
✔ BPT05 exact handoff permits absent body/key, one fetch, no form persistence (56.720917ms)
✔ BPT05 wrong handoff form and ordinary writes fail before any fetch (0.508666ms)
✔ BPT05 unresolved cookie journal blocks handoff; lost response is one fetch without persistence (0.146334ms)
✔ SU02 refresh permits absent body/key, one fetch, no persistence (0.174584ms)
✔ SU02 refresh rejects a body, a key or a malformed path before any fetch (0.140583ms)
✔ SU02 cancel permits absent body/key, one fetch, no persistence (0.108458ms)
✔ SU02 cancel rejects a body, a key or a malformed path before any fetch (0.123584ms)
✔ BPT01 exact private path, headers, body and three-locale one-fetch transport (44.44625ms)
✔ BPT02 payment routes reject untrusted path, context, headers, key and body before fetch (8.365958ms)
✔ BPT03 hostile upstream success is sanitized, never returned as payment data (5.72075ms)
✔ BPT04 every handoff failure is nonretryable, including pre-route and transport loss (1.059542ms)
✔ SU02 five routes: exact upstream path, method, key, body, one fetch each (0.79325ms)
✔ SU02 refresh and cancel are keyless and pass every CSRF/context denial before fetch (1.996125ms)
✔ SU02 every handoff/refresh/cancel failure is nonretryable and sanitized (6.059875ms)
✔ SU02 hostile Stripe bodies become the sanitized 503; PAYUNi and Stripe bodies stay byte-identical (7.807166ms)
✔ SU02 prepare accepts only the two known method codes (0.431542ms)
✔ disabled and invalid configuration fail closed before private fetch (10.617875ms)
✔ private authority, cookie lifecycle and strict local denial (31.623125ms)
✔ bad host, cookie, query and method never reach private API (2.668459ms)
✔ stalled inbound POST body is canceled at its deadline without a cookie or private call (0.788166ms)
✔ R10: Begin forwards independently signed signals; browser attribution and forwarded hosts are not authority (4.45725ms)
✔ CVS BFF: exact routes, keyed open/store, keyless verify, validated answers, no generic proxy (10.653916ms)
✔ CVS BFF: contract refusal codes pass through; pay_at_pickup_limit is a definite (non-retryable) 429 (3.101042ms)
✔ round2 stale A session response cannot supersede newer refresh B or its lost-write Retry (166.411333ms)
✔ round2 stale A session response cannot supersede newer mutation B or its lost-write Retry (43.628625ms)
✔ rotated buyer context clears the prior cart on read and preserves the B receipt (16.972333ms)
✔ rotated buyer context clears the prior cart on lost-write and preserves the B receipt (24.01625ms)
✔ rotated buyer context clears the prior cart on refresh-read and preserves the B receipt (34.62875ms)
✔ lost first write keeps Retry alive: same context, same idempotency key, no second purchase (41.134167ms)
✔ fragment grammar accepts only one canonical token (0.443ms)
✔ claim projections are closed (0.239541ms)
✔ claim token rides only its header on B1/B2 and is never echoed (101.20675ms)
✔ claim-priced cart edits send only SKU and quantity, keeping server price authority (26.305708ms)
✔ direct-checkout sold-out projection is mandatory, boolean and closed (0.274333ms)
✔ claim redeem shares the purchase lock, guards recovery and never persists the token (18.625708ms)
✔ ClaimLink removal projects live-priced survivors on ready and conflict pages (110.191542ms)
✔ ClaimLink revisit checks out applied A while pending B is sold out or unavailable (7.735791ms)
✔ ClaimLink refreshes a nothing result after a second tab applied the claim (5.366709ms)
✔ ClaimLink does not navigate when a buyable claim target is absent or has changed quantity (7.628333ms)
✔ ClaimLink optional prior-order notice tolerates unreadable storage without bypassing recovery (33.261042ms)
✔ CVS01 map form: only the two ECPay e-map actions, exact fields, top-level-safe values (1.190333ms)
✔ CVS02 return path allowlist excludes /claim and anything but the checkout or product page (0.133916ms)
✔ CVS03 selection projection: VERIFIED<=>pickup, REJECTED<=>reject_code, absent keys read as null (0.455667ms)
✔ CVS04 buyer-entered store answer and request body (0.287916ms)
✔ CVS05 store code table (§16.1) keeps leading zeros and per-chain lengths (0.14125ms)
✔ CVS06 recipient mirror: real-name width 4..10 (CJK=2), no digits/symbols/emoji; 09 mobile (0.529792ms)
✔ CVS07 checkout draft: name, phone and mode only; read once; corrupt/foreign shapes are dropped (0.182625ms)
✔ CVS08 return URL: only ?cvs_selection=<uuid> is accepted (0.078584ms)
✔ CVS09 buyer order projection and copy keys: nothing but PICKED_UP says picked up (0.104209ms)
✔ CVS10 error codes: field mapping, definite refusals, official links are https constants (0.197958ms)
✔ CVS11 client transport: verify is the one new keyless POST; the server refusal code rides BuyerClientError.detail (35.683209ms)
✔ every locale x page has a title, an updated line and at least one section (0.601292ms)
✔ locales share the section count and per-section body count of every page (0.966ms)
✔ final text is only the owner-confirmed company facts (CR 81215167 name + registered address); nothing else is final (0.467209ms)
✔ a legal page is published only when every text on it is final; buyers see no link to an unpublished one (1.203ms)
✔ data-deletion path is named in the privacy page of every locale (0.176458ms)
✔ pendingOwnerText lists exactly the texts that keep a page unpublished and is written for the owner (2.202417ms)
✔ a live (claim-origin) price replaces the catalog price and strikes it through (0.541667ms)
✔ without a live price the catalog price and its compare-at are shown unchanged (0.056ms)
✔ a live price equal to or above the catalog price is shown as set (strike hidden by the UI guard) (0.047708ms)
✔ a live price strikes the catalog price, never the variant sale price (0.041875ms)
✔ order ref: 12 hex (dashes or spaces, any case) or a full id (0.460834ms)
✔ contact: one email or a phone of 6..20 digits (0.170458ms)
✔ body is exactly {order_ref, contact}; the answer is exactly {order_id} (0.151375ms)
✔ BFF lookup: no cookie needed, fresh token goes upstream, cookie only on 200 and it carries that same token (74.354708ms)
✔ BFF lookup: strict local denial before any private fetch (0.96925ms)
✔ copy: three locales carry every key (0.182083ms)
✔ MS4 srcset descriptors use actual decoded widths and deduplicate small renditions (0.368542ms)
✔ MS1 product rendition allowlist preserves trusted Host and never forwards buyer cookies (23.021458ms)
✔ MS2 invalid, duplicate, extra, encoded widths and non-product variants fail before fetch (0.833667ms)
✔ MS3 old-image fallback is never promoted to immutable; committed variants are cacheable (2.682709ms)
✔ TWD whole amounts show no decimals in every locale and at every magnitude (line, subtotal, total, zero) (17.0285ms)
✔ cents appear only when there are cents, then always as two digits; the minor-unit arithmetic is untouched (0.19675ms)
✔ digits come from the currency: JPY none, USD two when there are cents (1.00675ms)
✔ one formatter: no component, page or lib builds a currency Intl.NumberFormat outside lib/money.ts (26.073459ms)
✔ locale probe bounds a missing destination head with a route/device diagnostic (4.174583ms)
✔ locale probe clears its deadline when the real head promise completes (0.913417ms)
✔ fragment: exactly #o=<order id>&t=<43-char token>; anything else is null (1.453917ms)
✔ body is exactly {order_id, token, proof}; the answer is exactly the order the link named (0.172875ms)
✔ BFF link: no cookie needed, fresh token upstream, cookie only on a 200 naming the same order, link token never echoed (67.262833ms)
✔ BFF link: strict local denial before any private fetch (6.235291ms)
✔ copy: three locales, one refusal text, a retry and a lookup path (0.255625ms)
✔ BPU01 fresh payment writes exact metadata before prepare, one bodyless Take, no persistent form (35.1475ms)
✔ BPU01 lost prepare response replays original key/body only on explicit next click (1.308083ms)
✔ BPU01 lost handoff is permanently GET-only, even after a second click (0.78675ms)
✔ BPU01 storage, amount, scope and child/screen fences reject before irreversible writes (0.655791ms)
✔ BPU01 document/child loss after prepare but before Take leaves exact replay marker (0.313291ms)
✔ BPU01 malformed server handoff never submits and Take remains nonretryable (3.1665ms)
✔ BPU01 marker replacement before Take and after Take blocks release/form reuse (2.980458ms)
✔ BPU01 context replacement after prepare and after Take closes destination without form (3.9355ms)
✔ BPU01 synchronous destination refuses invalid locale before opening a window (0.368833ms)
✔ SU03 fresh Stripe pay: marker before prepare, one prepare, one handoff, navigate, URL never stored (2.664042ms)
✔ SU03 marker replay: lost prepare response replays key/body, no uncertain on PENDING view with leftover marker (3.644458ms)
✔ SU03 cross-device Continue needs no marker and never prepares (0.947208ms)
✔ SU03 marker/view matrix: PAYUNi marker on Stripe view and Stripe marker on PAYUNi view send nothing (4.955625ms)
✔ SU03 any other view renders without a POST (2.859ms)
✔ SU03 CREATING: waits on the schedule without the lock, then hands off once when READY (32.305584ms)
✔ SU03 CREATING budget: 10 reads over 30 s, then the blank child is closed, no POST, no throw (43.837666ms)
✔ SU03 cancel_requested seen on the re-GET aborts before the handoff POST (0.635333ms)
✔ SU03 handoff outcomes: CREATING closes child, CLOSED/UNAVAILABLE/error/malformed reject; one POST each, never retried (2.935083ms)
✔ SU03 Stripe prepare errors, amount/currency mismatch and popup loss stop before any handoff (1.572417ms)
✔ SU03 two clicks make two handoff POSTs only because there were two clicks; sequential, none from reads (0.781625ms)
✔ SU03 navigate: validates again, needs an owned blank child, sets used before replace, no URL in errors (0.376958ms)
✔ SU03 refresh signal: keyless single POST, validated, throttled 1/10 s and 30 per page life, cancel never throttled (5.090916ms)
✔ SU03 signal failures are single-shot and sanitized: HTTP error, malformed body, wrong order (0.288125ms)
✔ private quote/option authority fields are required; only exact MANUAL home can checkout (3.81575ms)
✔ continue shopping advances only ordered version, clears hint, keeps SQL history authoritative (26.845458ms)
✔ lost next-cart response retries identical key/body and preserves a newer cart (0.932375ms)
✔ continuation never overwrites an already advanced cart (0.411417ms)
✔ unknown checkout blocks continuation without any business request (1.924417ms)
✔ two queued continuation clicks mutate once; stale order ID cannot clear another order (2.178375ms)
✔ CAS conflict resolves only after a newer cart is read (2.344167ms)
✔ locator removal failure retains next-cart journal and recovery survives missing locator (3.218375ms)
✔ order history summary rejects PII/unknown fields and malformed scope IDs (0.313625ms)
✔ native address validation mirrors printable Unicode, limits and phone; journal forbids PII (1.862917ms)
✔ address lost reply replays exact in-memory intent, then confirms current head (0.921541ms)
✔ address reload requires explicit new intent and exact observed CAS; stale head never auto-bumps (2.999833ms)
✔ old address receipt cannot confirm another tab's newer current head (1.051542ms)
✔ a late address CAS winner requires another explicit confirmation, not an automatic version bump (9.589042ms)
✔ checkout lost reply, queued duplicate and current GET reuse one key and one order (5.29925ms)
✔ uncertain checkout retains original journal across later 401/403/404/5xx and malformed success (7.639792ms)
✔ only a fresh definitive denial clears checkout; no order locator is invented (0.211542ms)
✔ locator storage failure after commit retains same key; reload GET failure keeps locator (1.006167ms)
✔ locator persisted but journal removal failed resumes pending receipt, not unrelated pointer (2.985292ms)
✔ unavailable storage, invalid locator and late changed context fail closed (1.04425ms)
✔ order locator readback mismatch and no-op journal removal both retain checkout recovery (13.111541ms)
✔ direct claim continuation refuses a newer ordered cart inside the purchase lock (3.95125ms)
✔ direct claim continuation keeps next-cart recovery after a conflicting clear (1.7095ms)
✔ collector projection: admitted for derived connections, absent/null for primary (0.648667ms)
✔ collector rejects identifiers, extra keys and malformed text (0.1045ms)
✔ disclosure renders the contract §5 line with all three slots substituted (0.086084ms)
✔ the disclosure line exists exactly when the hosted view returns a collector (0.075209ms)
✔ a shop or collector name with a replacement pattern is shown literally (0.044375ms)
✔ OrderPayment renders the disclosure with the view, above every pay button, through the helper only (0.7785ms)
✔ BPT03 exact valid projection and Go nanosecond UTC timestamps (2.034459ms)
✔ BPT03 view rejects private fields, inconsistent state and malformed names (0.2555ms)
✔ BPT03 prepared receipt enforces exact original credit-card amount (0.225083ms)
✔ BPT03 hosted form and replay are exact, bounded and action-allowlisted (0.484458ms)
✔ SU01 Stripe views: fresh, both methods, attempt states, PAYUNi unchanged (0.540125ms)
✔ SU01 Stripe view negatives (0.347542ms)
✔ SU01 prepared amounts follow the corrected per-currency table (0.283583ms)
✔ SU01 Stripe handoff union and every redirect_url negative (0.51975ms)
✔ SU01 payment signal is exactly {order_id, scheduled:boolean} (0.286875ms)
✔ RUI01 refund summary: refunded states, pending money, absent ≡ null (0.208084ms)
✔ RUI01 refund summary negatives (0.139458ms)
✔ BPU03 neutral GET and POST return ignore every callback field and cookie (11.32975ms)
✔ primary origin: exact path/query, same host, and no URL-controlled destination (11.287916ms)
✔ GET and HEAD use trusted Host, private bounded uncached resolver and exact 301 (32.566292ms)
✔ no writes redirected; resolution failures fail closed; unknown hosts keep native 404 (0.893334ms)
✔ policy version is the frozen constant, in the customers-core D4 shape (0.4005ms)
✔ route table: exactly the four buyer privacy routes, methods and body kinds (0.366209ms)
✔ body shapes are closed and mirror the frozen Go inputs (no source, no policy_version) (0.084042ms)
✔ GET privacy validator: closed shape, erased owner holds no consent (0.109208ms)
✔ consent result and erasure summary validators (0.958416ms)
✔ buyer export envelope never carries customer_id (0.111958ms)
✔ failure classification: 410 and erased are the erased state (1.534458ms)
✔ copy: every locale has the same keys, the ads box discloses that sent events cannot be recalled (0.575375ms)
✔ selected option photo uses a main display slot without adding a fifth main image (1.678334ms)
✔ use-cover selection and a main-thumbnail selection restore the original main gallery (0.306292ms)
✔ cart thumbnail uses variant then catalog image_id, including when main images are absent (0.112833ms)
✔ migrated four-main/five-detail images stay separate when the option photo changes (0.140708ms)
✔ real cart-detail composition uses server SKU image_id (v2 detail available) (31.805958ms)
✔ real cart-detail composition uses server SKU image_id (v2 detail unavailable) (0.675959ms)
✔ parity: frontend caps equal the Go constants (1.717875ms)
✔ detail parser: 4 main + 20 detail + option-value images are accepted and mapped (1.202833ms)
✔ detail parser: 5 main, 21 detail, bad ids and over-cap option images are refused (0.341667ms)
✔ detail parser: a backend before product-media-v2 (no new keys) still parses with empty defaults (0.247167ms)
✔ v1 catalog row: images are main-only (<= 4) and image_id is a uuid or null (0.489458ms)
✔ PRO-S1 code mirror: any case and spaces normalise; impossible codes never become a request (0.712875ms)
✔ PRO-S2 promotion object: closed keys, kind/value pairing (0.387917ms)
✔ PRO-S3 quote validator: promotion is optional but never malformed; the discount stays the server's own number (0.541125ms)
✔ PRO-S4 journal grammar: a quote write may carry one canonical promo_code, nothing else (0.76ms)
✔ PRO-S5 copy: three locales cover every refusal code and the same keys (0.939334ms)
✔ PRO-S6 BFF quote route: promo_code relayed untouched when canonical, refused before the private API otherwise (32.657417ms)
✔ PRO-S7 BFF: every promo_* refusal is a definite, non-retryable 422 with its own code (5.616917ms)
✔ demonstration disclosure is explicit and local-only (0.440792ms)
✔ cart selection preserves unrelated SKUs and the observed CAS version (26.066292ms)
✔ minor amounts are bounded before multiplication, including zero (0.082667ms)
✔ delivery identity includes country for one market and method (0.315625ms)
✔ journal is bound to context and rejects PII/unknown fields (1.133583ms)
✔ lost response replays exact key/body, then clears only after parsed receipt (21.194917ms)
✔ RUI02 buyer order admits MERCHANT_SHIPPED only with a SHIPPED head; absent shipment ≡ null (0.413458ms)
✔ RUI02 shipment shape negatives (incl. unsafe links) (0.476125ms)
✔ RUI02 history summary admits MERCHANT_SHIPPED (a shipped order must not break the list) (0.119916ms)
✔ CVSP01 options: CVS rows carry pickup_selection/payment_modes; unavailable rows are a separate shape (0.374125ms)
✔ CVSP02 CVS destination write: TW only, pickup_id required, empty home address; home unchanged (12.571625ms)
✔ CVSP03 checkoutInput: payment_mode only for CVS rows and only a mode the row offers (0.818333ms)
✔ COD confirmation includes expected fee, enforces collect cap and validates immutable order money (1.101667ms)
✔ CVSP04 buyer order: pay_at_pickup <=> collection_state; cvs_shipment only on a matching CVS destination (4.996334ms)
✔ CVSP05 journal accepts a CVS destination marker and a checkout body with payment_mode, nothing else (0.721292ms)
✔ validProduct accepts up to the Go photo cap and rejects one more (1.089458ms)
✔ design: garbage and hostile documents collapse to the safe default shape (1.098833ms)
✔ design: links, preview token propagation, nav resolution (0.118083ms)
✔ design: any merchant accent yields readable button text and link colour (WCAG AA) (0.228334ms)
✔ variants: resolution, disabled out-of-stock combinations, initial choice, price bounds (1.446833ms)
✔ catalog-v2 parsers accept the frozen shapes and refuse drift (2.233959ms)
✔ free-delivery progress words the hint only when a threshold exists (0.19125ms)
✔ list query: only whitelisted, canonical values survive (1.960667ms)
✔ seo: JSON-LD cannot break out of its script tag; offers reflect stock and price range (14.697708ms)
✔ seo: sitemap escapes and carries hreflang; robots refuses everything for a closed host (1.140542ms)
✔ money: whole amounts drop cents, minor digits come from the currency, filters round-trip (2.214292ms)
✔ cart line write: replaces one line, keeps the others, 0 removes, CAS version is the one shown (0.805917ms)
✔ cart problems map to buyer-facing classes without leaking transport detail (0.084583ms)
✔ checkout options accept the optional free-shipping threshold only as a positive integer or null (0.156542ms)
✔ no-image placeholder copy: exactly the locale label a photo-less card or gallery renders (0.042458ms)
✔ storefront image caps equal the Go catalog caps (internal/catalog MaxMainImages, MaxDetailImages) (5.328166ms)
✔ design text limits count code points like Go, never splitting a surrogate pair (0.385375ms)
✔ G3: same-series cards exclude the current product and never invent absent draft/foreign products (0.585625ms)
✔ G5: safety guidance exists in three languages without changing the five merchant policy approval boundaries (0.923833ms)
✔ G4: category chips omit empty collections; hidden collections absent from the public API stay absent (0.065667ms)
✔ OrderHistory renders server order instant in Taipei (27.83975ms)
✔ ClaimLink renders claim expiry in Taipei (2.072708ms)
✔ BankTransfer renders deadline and proof instant in Taipei (1.846542ms)
✔ BankTransfer proof echo labels store time in en (18.273209ms)
✔ BankTransfer proof echo labels store time in zh-TW (9.10925ms)
✔ BankTransfer proof echo labels store time in zh-CN (4.304084ms)
✔ BankTransfer input describes the device zone in en (1.74325ms)
✔ BankTransfer input describes the device zone in zh-TW (1.776458ms)
✔ BankTransfer input describes the device zone in zh-CN (1.4665ms)
✔ BankTransfer input has a generic label when Intl has no zone in en (1.502125ms)
✔ BankTransfer input has a generic label when Intl has no zone in zh-TW (1.268792ms)
✔ BankTransfer input has a generic label when Intl has no zone in zh-CN (1.165458ms)
✔ ShopFooter uses Taipei year across UTC year boundary (2.14275ms)
✔ BankTransfer deadline labels store time in en (1.262792ms)
✔ BankTransfer deadline labels store time in zh-TW (1.087666ms)
✔ BankTransfer deadline labels store time in zh-CN (1.028583ms)
✔ OrderHistory states the Taipei time zone once in en (0.772708ms)
✔ OrderHistory states the Taipei time zone once in zh-TW (0.670458ms)
✔ OrderHistory states the Taipei time zone once in zh-CN (0.693583ms)
✔ dictionaries have exact parity and non-empty values (0.684833ms)
✔ locale precedence and language quality mapping (0.637041ms)
✔ localized paths preserve deep links and reject dangerous input (0.347959ms)
✔ path locale only matches a canonical first segment (0.052209ms)
✔ the four constructs render (1.317292ms)
✔ XSS payloads stay inert text (1.040334ms)
✔ fuzz: any string over a hostile alphabet renders only whitelisted tags (12.71775ms)
✔ validator mirrors the Go rules (0.363917ms)
✔ SDN1 allowlist: exactly the contract routes, per method (0.547875ms)
✔ SDN1 allowlist: traversal, case, suffix and prefix tricks never match (0.234041ms)
✔ SDN1 request shape: no query string anywhere, reads carry no body, key, length or transfer-encoding (10.21775ms)
✔ SDN1 cap: 260 KiB = Go's 256 KiB document + 4 KiB envelope, and a body of exactly the cap is still below it (0.054042ms)
✔ SDN2 renderer: every XSS payload comes out as whitelisted tags and escaped text only (0.726708ms)
✔ SDN2 renderer: escape-first means the merchant's text never becomes markup (0.09925ms)
✔ SDN2 renderer: fuzz (seeded) never produces a tag outside the whitelist (19.3415ms)
✔ SDN2 client validator rejects what the server rejects (HTML, non-https links, `<` anywhere) (0.199666ms)
✔ cleanForSave turns cleared fields into null but keeps an empty body (0.394584ms)
✔ localIssues names each missing mandatory value by server path (0.512917ms)
✔ moved swaps neighbours and ignores out-of-range moves (0.071667ms)
✔ parsers accept the exact Go shapes and refuse extra or missing keys (0.354917ms)
✔ BFF allowlist covers exactly the design resources (0.223667ms)
✔ validDesignRequest refuses queries and bodies on reads, ignores other paths (15.665792ms)
✔ designDetails forwards only a bounded {path, reason} pair (0.168541ms)
✔ accepts exactly the three locale invite paths with a 20-200 char token (0.888958ms)
✔ rejects anything that is not an exact same-origin relative invite path (0.254042ms)
✔ rejects percent-encoded variants of the exact shape (0.128041ms)
✔ the token is an opaque invite token shape, never a URL (0.166959ms)
✔ fragment carrier: round-trips the exact invite path, is never a query string, and rejects hostile fragments (0.434166ms)
✔ dashboard: accepts the frozen shape, rejects drift (4.168459ms)
✔ import result: strict keys, closed error codes, committed never carries errors (0.290625ms)
✔ csv file guard mirrors the Go bounds (0.0735ms)
✔ manual options: a COD home row parses with its offer (D01: the page used to refuse the whole list) (0.698042ms)
✔ manual options: only bank_transfer / pay_at_pickup / cash_on_delivery, key must equal market|country|code (0.124916ms)
✔ manual result: link is https with the order id and a 43-char capability in the fragment only (0.250792ms)
✔ draft: first problem, and the body has no price-like field at all (0.416125ms)
✔ BFF grammar: exactly the seven tools resources (0.080417ms)
✔ regenerate body/result: exactly {order_id, locale} and a fresh https link naming that order (0.1365ms)
✔ copy parity: every locale has every key, import rules and error codes (0.445542ms)
✔ callback redirect target is always a same-origin /<locale>/settings path whatever the cookies, store, code or error say (2.884583ms)
✔ the binding cookie: exactly one canonical store uuid, path-scoped to the callback, HttpOnly, Lax, 10 minutes, Secure (0.100167ms)
✔ callback query: exactly one code and one state within charset/length bounds; Meta's error=… and repeats are not forwarded (0.578125ms)
✔ the dialog URL the BFF hands the browser is https://www.facebook.com only (0.108708ms)
✔ callback error mapping only ever yields fixed codes, never an upstream message (0.111417ms)
✔ selected Page qualifies only a bare Facebook id, never rewrites another Page or external URL (0.519667ms)
✔ status: not connected, connected with and without Instagram, and every deviation throws (1.237709ms)
✔ pick state: closed shape, optional Instagram keys come as a pair, id must match (0.296ms)
✔ route grammar: only status/states/pick/disconnect; start and callback are dedicated routes; no query; reads carry no body or key (8.722875ms)
✔ connect cookie, body and callback redirect never carry code/state and only fixed codes (0.313041ms)
✔ copy: three locales have the same keys and every Go error code has a message (0.102ms)
✔ review-required remains restricted; evidence does not promote state (1.300875ms)
✔ legacy omission remains unidentified, independent of array order (0.608833ms)
✔ closed shapes reject unknown state/provider/evidence, leaked fields and inconsistent severity (10.815958ms)
✔ duplicate capabilities/pages and unbounded arrays cannot become trusted state (0.844584ms)
✔ worst Page determines advice, no raw upstream reason reaches copy (0.388125ms)
✔ recheck receipt means scheduled; timestamps and closed keys are checked (0.167625ms)
✔ exact keyless route grammar rejects query/key/body confusion (18.075917ms)
✔ recheck takes exactly page_id and no caller-provided scope (0.196375ms)
✔ blocking advice comes from the blocking capability, not a secondary public-reply warning (0.304167ms)
✔ clean health browser mode prepares admin standalone before starting its fixture (8.538834ms)
✔ en: expired connection retains its full refusal inside a wrapping badge (92.250709ms)
✔ zh-TW: expired connection retains its full refusal inside a wrapping badge (1.156583ms)
✔ zh-CN: expired connection retains its full refusal inside a wrapping badge (1.250125ms)
✔ actual B1 snapshot state remains ok even when a fixture expected review_required (0.179792ms)
✔ D02 TWD input: whole dollars only, x100 on the wire (12.65425ms)
✔ D02 TWD edit text: whole dollars have no decimals; a legacy amount with cents is never shown as another price (0.2265ms)
✔ D02 display: NT$ without decimals in every language, cents only when there are cents (1.096833ms)
✔ D02 live-price input (Studio claims): TWD whole dollars, other currencies their decimals (0.721ms)
✔ D02 discount code amounts: TWD whole dollars, a decimal is refused before it is sent (0.631208ms)
✔ D02 no admin copy or component says 'minor units' to the merchant (77.228583ms)
✔ M06 time: Asia/Taipei everywhere, labelled, never UTC (6.593667ms)
✔ settings answer: exactly one boolean key (0.719833ms)
✔ PUT body is the frozen single key (0.062583ms)
✔ BFF grammar: GET read, PUT keyed command, nothing else (0.188792ms)
✔ copy: three locales, same keys, no empty text (0.113916ms)
✔ PRM01 parse: exact keys, kind/value pairing and ranges; duplicates and unknown keys are refused (1.265708ms)
✔ PRM02 Taipei wall time: +08:00 on the wire, instant shown back in Taipei, impossible dates refused (9.003917ms)
✔ PRM03 create body: normalised code, major units to minor units, optional fields null, whole body validated (3.256ms)
✔ PRM04 update + toggle: version CAS key, form round trip, pause keeps every other field (0.316833ms)
✔ PRM05 BFF grammar: exactly list, create and update; nothing generic (0.152625ms)
✔ PRM06 copy: three locales carry the same keys and every refusal code the Go routes can answer (0.110458ms)
✔ G-UI3/G-UI5 architecture constraints pass with shrinking legacy exceptions (787.052541ms)
✔ G-UI3/G-UI5 negatives: new formatter, component fetch, >800 lines and wider allowance fail (0.41075ms)
✔ Readiness jump controls expose the actual active section, not a click flag (1.232ms)
✔ Integrator P2: legal CN comment ordering and a distinct three-image recommendation (0.148416ms)
✔ ADM04 and ADM06 explain unavailable SKUs and keep collection vocabulary consistent (1.064667ms)
✔ ADM06 create/detail titles share the route vocabulary without adding a phantom Next page (0.332792ms)
✔ G-UI1 Next pages and route registry are bidirectional, unique, typed, documented (1.780917ms)
✔ G-UI1 copy key parity: no missing or extra key in any locale (0.083459ms)
✔ G-UI2 staff without catalog:read cannot see products/inventory or open a product URL (0.150375ms)
✔ G-UI2 every route permission is a permission Go knows, and /orders/new needs inventory:reserve (269.76675ms)
✔ G-UI1 dynamic and public routes match, details never appear as navigation (0.444834ms)
✔ W6-U2 ledger is a settings in-page route, preserving existing navigation (0.280875ms)
✔ Every browser spec clicks nav-orders: the orders group stays a singleton, so returns/new/print routes are nav: false (0.22925ms)
✔ shell-registry: every routed path has exactly one nonempty shared h1 in all three locales (163.920959ms)
✔ shell-registry: orders stays one actual group button on live and non-live routes (1.262667ms)
✔ shell-registry: loading/expired/unavailable/forbidden keep one safe heading and never leak private content (2.48225ms)
✔ created address is a strict HTTPS origin matching the assigned handle (0.725459ms)
✔ DNS instructions must name the requested origin and a bare hostname target (0.266209ms)
✔ domain kind is authoritative and closed, not inferred from host or token (0.131625ms)
✔ apex DNS retains every concrete IPv4/IPv6 address and rejects malformed values (0.46375ms)
✔ pending domain journal preserves exact action/key/target; legacy or corrupt markers never replay (0.400375ms)
✔ browser-origin gate: every refusal happens before Go is called, for every action (28.334709ms)
✔ only POST exists on the team routes (1.326708ms)
✔ unknown action is a local 404 and never reaches Go (0.875542ms)
✔ strict request grammar: wrong keys, types, ids, roles, locales and token shapes are 422 locally (4.563041ms)
✔ what reaches Go: BFF key, bearer from the cookie, no Cookie/Origin, body unchanged, exactly one call per request (31.838458ms)
✔ Go failures are rebuilt locally from allow-listed codes, never retried, and never echo the token (21.770042ms)
✔ team answer: accepts the frozen shape, null role and OIDC member without email (0.520875ms)
✔ team answer: unknown key, unknown role, bad id, bad mail state are rejected (0.269667ms)
✔ invite and accept answers are strict (0.418417ms)
✔ request grammar: every action has an exact key set and rejects junk values (0.476ms)
✔ copy: three locales carry the same keys and a label for every role (1.016834ms)
✔ role-aware navigation: hides entries the member's permissions cannot use; unknown shows all; Team is owner-only (0.504292ms)
✔ P02 settlements directory rejects missing/link/owner/group/mode with a valid control (390.030333ms)
✔ preflight health permission grammars and API/worker consistency fail closed (2630.097042ms)
✔ merchant alert flag is explicit 0|1 and independently requires SMTP (1628.50075ms)
✔ shared loader makes API/worker LIVE pair file-only before Compose interpolation (328.32525ms)
✔ export bind accepts omitted JSON false but rejects unsafe source/config mutations (1.085416ms)
✔ sanctioned operator allowlist and fail-closed gates (fake docker, no network) (1959.845667ms)
✔ platform operator custody, export mount and binary are wired (187.037ms)
✔ actual export bind refuses a missing directory; enabling auto-create is detected (412.187875ms)
✔ R3 preflight rejects cancelled PAYUNi, validates Page app and keeps LIVE pair mandatory (770.499042ms)
✔ R3 smoke exercises exact denied probes, accepts 404 only for disabled mounts (96.127084ms)
✔ positive control: a complete, valid configuration raises no META_LOGIN finding (1000.914ms)
✔ feature off (COMMERCE_META_LOGIN_CONFIG_ID empty): no rule applies even with the other keys empty (287.612334ms)
✔ P06: the Page route needs the webhook receiver (248.01275ms)
✔ P06: sessions come from identity (223.531542ms)
✔ P06: without the claims profile nobody sends the private replies (a WARN, not a FAIL) (218.634042ms)
✔ P08: COMMERCE_META_LOGIN_CONFIG_ID must be numeric ("abc") (253.491125ms)
✔ P08: COMMERCE_META_LOGIN_CONFIG_ID must be numeric ("12 34") (273.066125ms)
✔ P08: COMMERCE_META_LOGIN_CONFIG_ID must be numeric ("111111111111") (228.638125ms)
✔ P08: COMMERCE_META_LOGIN_CONFIG_ID must be numeric ("0x10") (256.440833ms)
✔ P08: COMMERCE_META_LOGIN_CONFIG_ID must be numeric ("-1") (259.321083ms)
✔ P08: COMMERCE_META_LOGIN_REDIRECT_URI must be exactly https://<LC_ADMIN_HOST>/api/meta/callback (wrong host) (236.364959ms)
✔ P08: COMMERCE_META_LOGIN_REDIRECT_URI must be exactly https://<LC_ADMIN_HOST>/api/meta/callback (http scheme) (241.851166ms)
✔ P08: COMMERCE_META_LOGIN_REDIRECT_URI must be exactly https://<LC_ADMIN_HOST>/api/meta/callback (the ads callback path) (192.433375ms)
✔ P08: COMMERCE_META_LOGIN_REDIRECT_URI must be exactly https://<LC_ADMIN_HOST>/api/meta/callback (trailing slash) (174.973625ms)
✔ P08: COMMERCE_META_LOGIN_REDIRECT_URI must be exactly https://<LC_ADMIN_HOST>/api/meta/callback (query string) (178.478875ms)
✔ P08: COMMERCE_META_LOGIN_REDIRECT_URI must be exactly https://<LC_ADMIN_HOST>/api/meta/callback (empty) (169.057208ms)
✔ P08: COMMERCE_META_LOGIN_GRAPH_VERSION grammar vNN.N ("26.0") (181.332708ms)
✔ P08: COMMERCE_META_LOGIN_GRAPH_VERSION grammar vNN.N ("v26") (149.144959ms)
✔ P08: COMMERCE_META_LOGIN_GRAPH_VERSION grammar vNN.N ("v26.0.1") (154.859375ms)
✔ P08: COMMERCE_META_LOGIN_GRAPH_VERSION grammar vNN.N ("latest") (180.973584ms)
✔ P08: COMMERCE_META_LOGIN_GRAPH_VERSION grammar vNN.N ("") (271.01725ms)
✔ P08: COMMERCE_META_LOGIN_GRAPH_VERSION grammar vNN.N ("v1000.0") (200.3535ms)
✔ P08: COMMERCE_META_LOGIN_GRAPH_VERSION accepts v26.0 (180.15525ms)
✔ P08: COMMERCE_META_LOGIN_GRAPH_VERSION accepts v22.0 (168.870333ms)
✔ P08: COMMERCE_META_LOGIN_GRAPH_VERSION accepts v99.9 (158.782542ms)
✔ production without any alert channel is a FAIL (nobody would hear the next outage) (927.026542ms)
✔ outside production the same gap is only a WARN (273.471625ms)
✔ a webhook alone satisfies the rule (241.825292ms)
✔ an e-mail target with a complete relay (host, username, secret) satisfies the rule (220.544375ms)
✔ an e-mail target without the relay secret cannot be sent: FAIL in production, WARN elsewhere (444.977916ms)
✔ the example's CHANGE_ME_SENDER placeholder is not a relay: the e-mail target cannot be sent (262.792208ms)
✔ LC_ALERT_EMAIL must be one plain address ("not-an-address") (269.26925ms)
✔ LC_ALERT_EMAIL must be one plain address ("two@fake.invalid,three@fake.invalid") (269.600333ms)
✔ LC_ALERT_EMAIL must be one plain address ("a b@fake.invalid") (252.947916ms)
✔ LC_ALERT_EMAIL must be one plain address ("<owner@fake.invalid>") (231.887625ms)
✔ LC_ALERT_EMAIL must be one plain address ("owner@fake") (247.195625ms)
✔ storefront cart-line removal is reversible: clicked for real, not guarded (2.217709ms)
✔ destructive / irreversible / sign-out classification (owner list, en + zh) (1.3645ms)
✔ alike controls (rows with ids / numbers) share one class key (0.379208ms)
✔ known defects classify, never silence: stale entries are reported (0.541667ms)
✔ the markdown ledger has one row per interaction and names the verdict (0.339875ms)
✔ protocolHrefOK accepts well-formed tel:/mailto: and rejects malformed ones (0.192208ms)
✔ J1 waits for enabled media and clicks a real chooser; the uploaded cover is bound to the main section (413.038167ms)
✔ J1 cannot credit a detail-image receipt as the main cover (1.422583ms)
✔ J1 refuses a failed cover upload rather than continuing to activate (0.528ms)
✔ thresholds are the named constants of the brief (2.582458ms)
✔ R1: document wider than the viewport, and the outermost element past the edge (0.490542ms)
✔ R2: label tops, control tops and control heights of one visual row (0.899833ms)
✔ R2: what is one row and what is not (0.322458ms)
✔ R2: a button beside a field has to line up with its control (0.3345ms)
✔ R3: a row made tall by stacked controls, a control wider than its cell (0.945541ms)
✔ R3: a matrix whose EVERY row is doubled by a stacked stock cell (the median cannot see it) (0.889583ms)
✔ R4: small text, helper text apart, icons and duplicates excepted (0.174417ms)
✔ R5: tap targets on the 390 viewport only (0.44575ms)
✔ R6: interactive elements and text boxes that overlap (0.270708ms)
✔ R7: text clipped inside a control or label (either side), and select values that do not fit (0.263125ms)
✔ R8: the same visible label twice in one list (0.230208ms)
✔ evaluate() tags severity, selectRecords() keeps distinct groups first and counts every instance (0.724208ms)
✔ R9: text and controls flush to the screen edge at 390 (0.35425ms)
✔ R6/R9 judge the visible (ancestor-clipped) rectangle, not the raw one (integrator ruling 2026-10-05) (0.25575ms)
✔ R10: a fixed or sticky bar covering main content after scrolling (0.685291ms)
✔ R11: controls narrower than a usable width (0.510125ms)
ℹ tests 448
ℹ suites 0
ℹ pass 448
ℹ fail 0
ℹ cancelled 0
ℹ skipped 0
ℹ todo 0
ℹ duration_ms 9296.66475
✔ closed projections reject secret-shaped extras, invalid enums, IDs and contradictory capabilities (0.764292ms)
✔ detail accepts only bounded events and keeps actual server action flags (0.379542ms)
✔ BFF exact routes and request grammar forbid keys/body on reads, filters on detail and arbitrary writes (9.501917ms)
✔ copy parity, safe object navigation and UNKNOWN/protective reasons (0.159875ms)
✔ read-only store capability never exposes a command even if the state allows one (0.065042ms)
✔ duplicate escaped keys cannot bypass the exact command grammar (0.042625ms)
✔ query backoff affects only its operation and expires without another action (0.054125ms)
✔ merchant reason text translates ledger events and conceals unknown or prototype codes (0.094375ms)
✔ ledger read navigation requires effective integration:read permission regardless of role (0.068375ms)
ℹ tests 9
ℹ suites 0
ℹ pass 9
ℹ fail 0
ℹ cancelled 0
ℹ skipped 0
ℹ todo 0
ℹ duration_ms 81.056458
✔ OrderHistory renders server order instant in Taipei (6.946791ms)
✔ ClaimLink renders claim expiry in Taipei (1.851917ms)
✔ BankTransfer renders deadline and proof instant in Taipei (1.854958ms)
✔ BankTransfer proof echo labels store time in en (1.213ms)
✔ BankTransfer proof echo labels store time in zh-TW (1.53575ms)
✔ BankTransfer proof echo labels store time in zh-CN (1.494209ms)
✔ BankTransfer input describes the device zone in en (1.369834ms)
✔ BankTransfer input describes the device zone in zh-TW (1.662334ms)
✔ BankTransfer input describes the device zone in zh-CN (1.375583ms)
✔ BankTransfer input has a generic label when Intl has no zone in en (1.201416ms)
✔ BankTransfer input has a generic label when Intl has no zone in zh-TW (1.019417ms)
✔ BankTransfer input has a generic label when Intl has no zone in zh-CN (0.916416ms)
✔ ShopFooter uses Taipei year across UTC year boundary (1.365333ms)
✔ BankTransfer deadline labels store time in en (1.025625ms)
✔ BankTransfer deadline labels store time in zh-TW (0.938667ms)
✔ BankTransfer deadline labels store time in zh-CN (0.893292ms)
✔ OrderHistory states the Taipei time zone once in en (0.675917ms)
✔ OrderHistory states the Taipei time zone once in zh-TW (0.590791ms)
✔ OrderHistory states the Taipei time zone once in zh-CN (0.943042ms)
✔ Meta rejection wording is preserved as bounded Unicode text, never translated (1.142583ms)
✔ frozen error codes: model list equals the frozen list, each is read from both error shapes (0.351958ms)
✔ copy: every code, status, op state and connect error has text in all three locales (0.256292ms)
✔ copy never calls a budget a hard stop and never offers resume (0.229708ms)
✔ draft: every §5.1 status parses; unknown status/template/op state is an error, never guessed (0.343166ms)
✔ draft: optional fields, remote ids and the Ads Manager link (0.173792ms)
✔ action hints: pause whenever a remote id exists and not ENDED; a paused draft is only ever copied (X7) (0.187833ms)
✔ money: whole units to minor with integer math; TWD must be whole (8.165875ms)
✔ Taipei schedule: wall inputs and draft projections ignore the viewer zone (3.343458ms)
✔ Taipei schedule: invalid calendar days are rejected and all copy names UTC+8 (0.286292ms)
✔ draft input: exact 11-key body and every local rule (3.035125ms)
✔ draft form round trip and X7 copy (blank schedule, no id, no revision) (0.191208ms)
✔ settings parser: environment enum, connections, identities, capi (0.326875ms)
✔ connect state parser: pick list kinds and id match (0.101792ms)
✔ report: three separate blocks, orders may be null, no combined figure (0.240208ms)
✔ default report window is the Asia/Taipei store day whatever the viewer's zone is (Taipei midnight boundary) (3.358042ms)
✔ capi body and validation (0.112334ms)
✔ W6-06B unbind response: exact keys, account, UUIDs and outcome semantics (0.183708ms)
✔ W6-06B in-flight details preserve bounded items and total, reject unknown shapes (0.182917ms)
✔ W6-06B catalog feed has exact public URL/domain pairs or published-store empty (0.18575ms)
✔ W6-06B copy preserves unbind boundaries and feed recovery in three locales (0.066791ms)
✔ W6-06B feed selection follows origin order, not full feed URL order (0.069125ms)
✔ customer list accepts the frozen row and rejects unknown keys, dup ids, bad cursor, oversize (3.728083ms)
✔ customer row invariants: nulls for bundle-only/erased, counts, money, consents (0.610875ms)
✔ customer detail: bounded lists, order summaries reuse the orders parser, id must match (2.339959ms)
✔ erasure summary is four counts only (0.091125ms)
✔ finance summary: net = captured - refunded (I05), totals carry an empty day, sandbox flag (0.2965ms)
✔ financeDay is the UTC+8 day (0.056292ms)
✔ finance defaults keep Taipei dates across midnight, leap day and year end (0.075958ms)
✔ tags and notes are parsed strictly (W6-01B) (0.534958ms)
✔ TSX seam refuses an unlisted import (3.485375ms)
✔ Ads merchant timestamp uses Taipei at the year boundary (15.421875ms)
✔ Design version published_at cell uses Taipei at the year boundary (2.523166ms)
✔ ManualOrder bank-transfer expiry uses Taipei at the year boundary (3.73775ms)
ℹ tests 53
ℹ suites 0
ℹ pass 53
ℹ fail 0
ℹ cancelled 0
ℹ skipped 0
ℹ todo 0
ℹ duration_ms 136.549417
✔ OrderHistory renders server order instant in Taipei (6.584167ms)
✔ ClaimLink renders claim expiry in Taipei (2.130417ms)
✔ BankTransfer renders deadline and proof instant in Taipei (2.088709ms)
✔ BankTransfer proof echo labels store time in en (1.3815ms)
✔ BankTransfer proof echo labels store time in zh-TW (1.348708ms)
✔ BankTransfer proof echo labels store time in zh-CN (1.28125ms)
✔ BankTransfer input describes the device zone in en (1.249584ms)
✔ BankTransfer input describes the device zone in zh-TW (1.436125ms)
✔ BankTransfer input describes the device zone in zh-CN (1.1325ms)
✔ BankTransfer input has a generic label when Intl has no zone in en (1.099709ms)
✔ BankTransfer input has a generic label when Intl has no zone in zh-TW (1.030416ms)
✔ BankTransfer input has a generic label when Intl has no zone in zh-CN (1.004209ms)
✔ ShopFooter uses Taipei year across UTC year boundary (1.548291ms)
✔ BankTransfer deadline labels store time in en (1.145042ms)
✔ BankTransfer deadline labels store time in zh-TW (1.02975ms)
✔ BankTransfer deadline labels store time in zh-CN (0.977583ms)
✔ OrderHistory states the Taipei time zone once in en (0.687667ms)
✔ OrderHistory states the Taipei time zone once in zh-TW (0.615458ms)
✔ OrderHistory states the Taipei time zone once in zh-CN (0.591458ms)
✔ Meta rejection wording is preserved as bounded Unicode text, never translated (1.061958ms)
✔ frozen error codes: model list equals the frozen list, each is read from both error shapes (0.338541ms)
✔ copy: every code, status, op state and connect error has text in all three locales (0.250708ms)
✔ copy never calls a budget a hard stop and never offers resume (0.227625ms)
✔ draft: every §5.1 status parses; unknown status/template/op state is an error, never guessed (0.342542ms)
✔ draft: optional fields, remote ids and the Ads Manager link (0.158292ms)
✔ action hints: pause whenever a remote id exists and not ENDED; a paused draft is only ever copied (X7) (0.188458ms)
✔ money: whole units to minor with integer math; TWD must be whole (7.960541ms)
✔ Taipei schedule: wall inputs and draft projections ignore the viewer zone (3.5015ms)
✔ Taipei schedule: invalid calendar days are rejected and all copy names UTC+8 (0.301959ms)
✔ draft input: exact 11-key body and every local rule (3.049833ms)
✔ draft form round trip and X7 copy (blank schedule, no id, no revision) (0.1935ms)
✔ settings parser: environment enum, connections, identities, capi (0.338792ms)
✔ connect state parser: pick list kinds and id match (0.10575ms)
✔ report: three separate blocks, orders may be null, no combined figure (0.238792ms)
✔ default report window is the Asia/Taipei store day whatever the viewer's zone is (Taipei midnight boundary) (2.136ms)
✔ capi body and validation (0.135125ms)
✔ W6-06B unbind response: exact keys, account, UUIDs and outcome semantics (0.197791ms)
✔ W6-06B in-flight details preserve bounded items and total, reject unknown shapes (0.179333ms)
✔ W6-06B catalog feed has exact public URL/domain pairs or published-store empty (0.171ms)
✔ W6-06B copy preserves unbind boundaries and feed recovery in three locales (0.069125ms)
✔ W6-06B feed selection follows origin order, not full feed URL order (0.068792ms)
✔ customer list accepts the frozen row and rejects unknown keys, dup ids, bad cursor, oversize (2.55ms)
✔ customer row invariants: nulls for bundle-only/erased, counts, money, consents (0.225959ms)
✔ customer detail: bounded lists, order summaries reuse the orders parser, id must match (1.353042ms)
✔ erasure summary is four counts only (0.072959ms)
✔ finance summary: net = captured - refunded (I05), totals carry an empty day, sandbox flag (0.278167ms)
✔ financeDay is the UTC+8 day (0.054459ms)
✔ finance defaults keep Taipei dates across midnight, leap day and year end (0.076083ms)
✔ tags and notes are parsed strictly (W6-01B) (0.552333ms)
✔ TSX seam refuses an unlisted import (3.475292ms)
✔ Ads merchant timestamp uses Taipei at the year boundary (15.18925ms)
✔ Design version published_at cell uses Taipei at the year boundary (2.575458ms)
✔ ManualOrder bank-transfer expiry uses Taipei at the year boundary (2.918834ms)
ℹ tests 53
ℹ suites 0
ℹ pass 53
ℹ fail 0
ℹ cancelled 0
ℹ skipped 0
ℹ todo 0
ℹ duration_ms 125.999875
✔ legacy display sentinels preserve a list row without admitting arbitrary or private data (1.845583ms)
✔ orders-v2 accepts bounded filters and Taipei inclusive dates; rejects ambiguity (0.557958ms)
✔ orders-v2 rejects client count approximations, unbounded or extra response data (0.163292ms)
✔ all three locales label every task queue, payment and delivery mode (0.36625ms)
ℹ tests 4
ℹ suites 0
ℹ pass 4
ℹ fail 0
ℹ cancelled 0
ℹ skipped 0
ℹ todo 0
ℹ duration_ms 75.45525
✔ numeric store IDs have no suggestion BFF or browser client (0.57075ms)
ℹ tests 1
ℹ suites 0
ℹ pass 1
ℹ fail 0
ℹ cancelled 0
ℹ skipped 0
ℹ todo 0
ℹ duration_ms 67.818875
✔ ADM10 operator sentence is localized while product and company facts stay authoritative (0.370375ms)
✔ PS review: actual Host matching normalizes case, port and a terminal DNS dot, never forwarded authority (0.219416ms)
✔ PS review: privacy/terms retain Messenger and Instagram purpose disclosure; deletion uses exact UI labels (0.100708ms)
✔ P2-N1 zh-TW/privacy: current comments and private reply, conditional inbound messages (0.071083ms)
✔ P2-N1 zh-TW/terms: current comments and private reply, conditional inbound messages (0.037083ms)
✔ P2-N1 zh-CN/privacy: current comments and private reply, conditional inbound messages (0.031333ms)
✔ P2-N1 zh-CN/terms: current comments and private reply, conditional inbound messages (0.036458ms)
✔ P2-N1 en/privacy: current comments and private reply, conditional inbound messages (0.04025ms)
✔ P2-N1 en/terms: current comments and private reply, conditional inbound messages (0.038958ms)
✔ PS1 legal identity is one untranslated source (0.071917ms)
✔ PS1 contact and hosts come only from configuration; production fails closed (0.30575ms)
✔ PS2 public routes default to zh-TW, restrict page/locale, and never include admin (0.354458ms)
✔ PS4 optional Meta verification value never has a fake default (0.046667ms)
✔ PS1 every locale uses the same product name in auth page titles (0.035625ms)
✔ PS1 public page copy has three complete locales, no invented operator identity or contact (0.1905ms)
✔ PS1 production build validates config; public data is not bundled through NEXT_PUBLIC (1.08925ms)
✔ PS review: admin image installs the manifests for its workspace dependencies before building (0.775917ms)
ℹ tests 17
ℹ suites 0
ℹ pass 17
ℹ fail 0
ℹ cancelled 0
ℹ skipped 0
ℹ todo 0
ℹ duration_ms 72.758167
✔ R11 SQL's exact receipt states are accepted; missing/forged operation/state remains unknown (1.101459ms)
✔ R11 durable receipt journal validates phase against exact operation state (0.338ms)
✔ R11 actual read control distinguishes replay/inflight/unknown/failure in en (4.088667ms)
✔ R11 actual read control distinguishes replay/inflight/unknown/failure in zh-TW (0.615417ms)
✔ R11 actual read control distinguishes replay/inflight/unknown/failure in zh-CN (0.493916ms)
✔ unknown journal retains exact key/boundary and is scoped to store+session; malformed state fails closed (0.117292ms)
✔ R12 read hook keeps network UNKNOWN on one key and explicitly refreshes acknowledged UNKNOWN (10.083916ms)
✔ actual POST transport uses CSRF and session fence; 403 independent of response text (13.571417ms)
✔ R10 ROAS has exactly two decimals in en (16.530041ms)
✔ R10 unknown ROAS is never fabricated as zero in en (0.41525ms)
✔ R10 ROAS has exactly two decimals in zh-TW (0.26475ms)
✔ R10 unknown ROAS is never fabricated as zero in zh-TW (0.039458ms)
✔ R10 ROAS has exactly two decimals in zh-CN (0.131125ms)
✔ R10 unknown ROAS is never fabricated as zero in zh-CN (0.029ms)
✔ shared presentation preserves registry title and one empty buyer message in en (24.62125ms)
✔ R11 large linked-draft list is complete but collapsed in en (3.087167ms)
✔ shared presentation preserves registry title and one empty buyer message in zh-TW (5.363167ms)
✔ R11 large linked-draft list is complete but collapsed in zh-TW (2.771458ms)
✔ shared presentation preserves registry title and one empty buyer message in zh-CN (5.65125ms)
✔ R11 large linked-draft list is complete but collapsed in zh-CN (2.550042ms)
✔ R11 timeline distinguishes local unknown spend from explicit Meta zero in en (2.919875ms)
✔ R11 timeline distinguishes local unknown spend from explicit Meta zero in zh-TW (1.969416ms)
✔ R11 timeline distinguishes local unknown spend from explicit Meta zero in zh-CN (3.294333ms)
✔ R11 I12 nullable Meta evidence survives without becoming zero (0.242292ms)
✔ R11 actual panel rendering preserves unknowns and reconnect route in en (10.400375ms)
✔ R11 actual panel rendering preserves unknowns and reconnect route in zh-TW (10.462333ms)
✔ R11 actual panel rendering preserves unknowns and reconnect route in zh-CN (11.184541ms)
✔ D1, D6, R7: exact amounts and sources remain independent, account days stay labelled (0.186084ms)
✔ R12: null stays unknown and unread / unauthorised / insufficient remain different states (0.251375ms)
✔ R12 granted but unread audience offers a read, never reconnect in en (1.622583ms)
✔ R12 granted but unread audience offers a read, never reconnect in zh-TW (1.6385ms)
✔ R12 granted but unread audience offers a read, never reconnect in zh-CN (1.58725ms)
✔ I12 forged / missing frozen fields never silently become zeros (0.828209ms)
✔ only whitelisted aggregates survive: extra identifiers and HTML are never interpreted (0.057916ms)
✔ attribution is a read-only BFF resource with exact bounded query grammar (0.303667ms)
✔ audience-read is exactly the new local intention POST and never a data GET or queried write (0.230041ms)
✔ route fails closed without ads:read and is not a duplicate navigation entry; locale keys match (0.093209ms)
ℹ tests 37
ℹ suites 0
ℹ pass 37
ℹ fail 0
ℹ cancelled 0
ℹ skipped 0
ℹ todo 0
ℹ duration_ms 370.867125
✔ card-payments copy: identical key sets in all three locales (1.593875ms)
✔ merchant terms are quoted verbatim (contract §5) in the enable dialog (0.116292ms)
✔ ruling-fixed strings: platform not OPEN and BLOCKED note (0.04725ms)
✔ error map covers every frozen refusal code from migrations/0137 (0.066916ms)
✔ no Stripe account id, key or approval id shape appears in any copy string (0.732958ms)
✔ storefront collector disclosure matches contract §5 templates in three languages (0.549459ms)
✔ the merchant terms in the dialog are the contract §5 sentence, extracted from the contract (0.28175ms)
✔ the storefront templates are the contract §5 lines, extracted from the contract (0.800541ms)
✔ settlement copy: deduction columns are labelled as deductions in every language, with a legend and the net formula (0.578666ms)
✔ there is no separate 'not on the allowlist' message: it reads as not open (review P1-2) (0.203833ms)
✔ card summary accepts the frozen shape incl. all-null platform NONE (0.809709ms)
✔ card summary rejects unknown keys, bad enums, bad money, bad version (0.263834ms)
✔ card result is exactly {state, version, max_minor, currency, descriptor_preview} (0.087334ms)
✔ descriptor suffix rule: charset, 2..10 chars, must contain a letter (0.110167ms)
✔ the suffix length rule is the charset rule's 10; the 22-character descriptor total stays the server's (SANDBOX L=10, LIVE PrefixLength) (0.050167ms)
✔ descriptor preview mirrors the contract projection (base + '* ' + suffix) (0.048417ms)
✔ settlement list accepts statements without payout/lines keys (omitempty) (0.370833ms)
✔ settlement detail carries lines whose count and sums match the totals (0.308167ms)
✔ settlement parsers reject malformed reads (1.034708ms)
✔ fees, refunds and disputes are signed exactly as the ledger stores them (0.2715ms)
✔ a returned fee is a positive line fee; the detail's lines must add up to the statement totals (0.320417ms)
✔ closed_at/paid_at accept the offsets PostgreSQL emits as well as Z (0.17775ms)
✔ a payout reference shaped like a Stripe key or account id is never displayed (0.327666ms)
✔ platform not OPEN: 'not open yet' and no enable control, for every non-OPEN state; the platform badge still tells why (0.924708ms)
✔ allowlisted + OPEN: enable from NONE/DISABLED, disable from ENABLED (0.238292ms)
✔ not allowlisted on an OPEN platform reads exactly like not open: the same message, no 'platform open' badge, no enable (review P1-2) (0.237459ms)
✔ BLOCKED: the suspended note, disable only, never enable (whatever the platform says) (0.147291ms)
✔ without billing:manage nothing can be changed, but the state is still readable (0.115791ms)
✔ enable carries the platform's current terms, the suffix and the version read; NONE starts at 0 (0.151ms)
✔ disable never sends a suffix and quotes the terms the store accepted (the platform's may have moved on) (0.109917ms)
✔ a retained suffix is recovered from the final preview so a re-enable can keep it (0.121875ms)
✔ the period label shows the last day inside the (exclusive-end) week (1.094833ms)
✔ payout state: paid, pending only when money is due, none when the week nets to zero or less (0.07325ms)
✔ card-payments and settlements are nav:false routes, so no group loses or gains a nav button (0.181041ms)
✔ settlements need billing:manage, the card page integration:read; the owner opens both (0.1435ms)
✔ statement cells: a dispute reversal and a returned fee read as credits (+) and every deduction as -, and the columns add up to the server's net (10.057209ms)
✔ the detail parser requires the lines of a statement that has lines; a quiet week (line_count 0) may omit them (0.138667ms)
✔ route table: exactly the four resources, nothing generic (1.071709ms)
✔ query grammar: card and settlement-detail are exact; settlements takes before/limit only (0.256375ms)
✔ request fence: keyless PUT (CAS), bodyless GETs, no transfer-encoding (16.372459ms)
✔ PUT body is the exact frozen shape {enabled, terms_version, descriptor_suffix, expected_version} (0.939875ms)
✔ the BFF route wires the card grammar: keyless CAS PUT, exact body, no-store, auth required (0.722917ms)
✔ the real card summary parses and drives the display state machine (1.557166ms)
✔ the real statement list parses: newest first, no lines, three payout states (0.922417ms)
✔ every real detail parses with its lines and the lines add up to the statement (1.302041ms)
✔ an empty ledger parses to no statements (0.293625ms)
✔ no account id, key or approval shape is in any real body (1.018459ms)
✔ the real statements display literally as signed contributions that add up to the server's net (12.329791ms)
ℹ tests 48
ℹ suites 0
ℹ pass 48
ℹ fail 0
ℹ cancelled 0
ℹ skipped 0
ℹ todo 0
ℹ duration_ms 122.027583
✔ option/slug/SKU caps equal internal/catalog (options.go, catalog.go) (5.373ms)
✔ text caps equal the Go validators (name 120, description 8000, SEO 70/160, collection title 80) (1.920917ms)
✔ photo caps equal Go (MaxMainImages, MaxDetailImages, MaxImageBytes) and the SKU code pattern (1.861917ms)
✔ PE13 Cartesian matrix is local, preserves edits and deduplicates values (1.814833ms)
✔ PE13 bulk quantity skips negative rows without modifying them (1.310791ms)
✔ PE12 untracked document uses whole currency and per-order cap, never quantity (11.290542ms)
✔ PE14 missing readback is not guessed or silently cleared by full replacement (0.067292ms)
✔ bulk status accepts explicit per-item results, never empty or duplicated confirmations (0.40175ms)
✔ matrix refuses over 100 SKUs before expansion (0.120292ms)
✔ PR #1 4212540344: per-row matrix labels reappear where the matrix header is not visible (≤900px), desktop untouched (0.46925ms)
✔ PR #1 4212540352: pre-publish missing-items list collapses behind a real toggle at ≤900px instead of being removed (0.825083ms)
✔ parity: admin caps equal the Go constants (1.428416ms)
✔ image list: 4 main + 20 detail + 2 sku in role order is accepted (0.402458ms)
✔ image list: 5 main, 21 detail, wrong role order, gaps and extra keys are refused (0.165875ms)
✔ single image: role is required and its position is bounded by the role cap (0.682ms)
✔ option text limits count Go runes rather than UTF-16 units (0.240958ms)
✔ PE14 new edit SKU carries its own shipping and clears no existing fields (14.006792ms)
✔ PE14 patch changes only price and preserves unmentioned fields (0.287209ms)
✔ PE14 on_hand is not available, zero target is transmitted, ambiguous warehouse refuses (0.466875ms)
✔ PE14 explicit clears and shipping remain per SKU on an active row (0.281541ms)
✔ PE14 archive supersedes every other edit on that SKU (b77eeb11) (0.223917ms)
✔ PE14 no-op has no command fields and changed axes explicitly archive omitted variants (0.324584ms)
ℹ tests 22
ℹ suites 0
ℹ pass 22
ℹ fail 0
ℹ cancelled 0
ℹ skipped 0
ℹ todo 0
ℹ duration_ms 110.837291
(node:18385) ExperimentalWarning: Transform Types is an experimental feature and might change at any time
(Use `node --trace-warnings ...` to show where the warning was created)
✔ UNKNOWN retry client authorization loss requires reconciliation, not a fresh command (3.06025ms)
✔ UNKNOWN retry 401 authorization loss requires reconciliation, not a fresh command (11.293209ms)
✔ UNKNOWN retry 403 authorization loss requires reconciliation, not a fresh command (0.761166ms)
✔ a conclusive command rejection stays distinct from authorization loss (0.61825ms)
ℹ tests 4
ℹ suites 0
ℹ pass 4
ℹ fail 0
ℹ cancelled 0
ℹ skipped 0
ℹ todo 0
ℹ duration_ms 145.531
(node:18389) ExperimentalWarning: Transform Types is an experimental feature and might change at any time
(Use `node --trace-warnings ...` to show where the warning was created)
✔ offer controls read authoritative limits without parsing unrelated KEYWORD_QTY_CONTAINS window/stats (13.371083ms)
✔ offer controls accept 101 through the backend cap of 200 distinct offers, reject 201 (2.157542ms)
✔ offer toggle preserves exactly the authoritative maximum in the real M4 payload (4.28825ms)
✔ console BFF admits exactly A1/A7/A6 and A5 read/copy methods (0.388083ms)
✔ Next proxy admits the exact console family and results query before the BFF (30.70225ms)
✔ results query is canonical repeated session_id 1..50, everything else queryless (0.094125ms)
✔ real BFF route forwards only exact resources, authenticates scope and returns private scrubbed errors (39.785416ms)
✔ new commands reject unknown keys and preserve frozen copy/lifecycle/recommend body (0.155125ms)
✔ browser commands reuse Studio fences, exact no-comment recommend body and backend refusal codes (1.198208ms)
✔ results client preserves canonical ids/order and rejects invalid list before fetch (0.258333ms)
✔ stock client reuses catalog transport/key/parser and fences a changed login without retries (0.799333ms)
✔ journal replay sends the exact original method/path/body/key for all five commands (1.750709ms)
(node:18390) ExperimentalWarning: Transform Types is an experimental feature and might change at any time
(Use `node --trace-warnings ...` to show where the warning was created)
✔ A1 strict MOCK snapshot preserves unavailable counts, capability unknown and server stock (2.458583ms)
✔ A7 returns a separate lifecycle version and closed full KEYWORD_QTY_CONTAINS window (0.147875ms)
✔ A5 results retain separate environments/currencies and bind exact requested ids/order (0.178916ms)
✔ A5 copy parses real Go envelope, copied offer prices and KEYWORD_QTY_CONTAINS window (0.464417ms)
✔ A6 accepts optional operation UUID, never guessed send success (0.118ms)
(node:18391) ExperimentalWarning: Transform Types is an experimental feature and might change at any time
(Use `node --trace-warnings ...` to show where the warning was created)
✔ Live settings navigation accepts a scene picker entry but never a malformed or unscoped deep link (0.872917ms)
✔ LC-B7 stock permission admits live_adjust without inventory:write, not unrelated grants (0.083792ms)
✔ Instagram comment total stays unavailable; Facebook observed count is not a platform total (0.070625ms)
✔ LC-U1 one primary action follows lifecycle, never planning or transport state (0.046458ms)
✔ LC-U1 stock target uses sellable delta and rejects fractions, negative and over-limit changes (0.082083ms)
✔ LC-U1 links only explicit FB post identities, never arbitrary URLs or guessed videos (0.068541ms)
✔ LC-U1 Facebook preview keeps the original no-frame CSP and uses a safe external link (0.251083ms)
✔ LC-U1 delayed copy completion cannot navigate after store switch or unmount (0.102667ms)
✔ LC-U1 receipt fence survives cookie rotation; pending replay still has a separate session boundary (0.134541ms)
ℹ tests 26
ℹ suites 0
ℹ pass 26
ℹ fail 0
ℹ cancelled 0
ℹ skipped 0
ℹ todo 0
ℹ duration_ms 248.858792
✔ secondary failures preserve A1; only A1 is periodic; IG notice follows the platform/embeddability observation (170.60025ms)
✔ the existing console refresh also explicitly refreshes its parent list; no automatic list read (12.062416ms)
✔ parent forwards only an explicit refresh callback and retains the scene when list is unavailable (6.227291ms)
✔ every explicit browser response/event/navigation waiter has a finite sub-test budget (5.077792ms)
✔ A1 failures back off 3/6/12/24/30 seconds and success resets to five seconds (72.430334ms)
✔ Retry-After is a minimum; hidden tabs cancel polling; forbidden locks and conceals (28.681375ms)
✔ secondary reads are mount/refresh only, independent from A1 and non-fatal (17.880417ms)
✔ UNKNOWN journal restores the exact key/method/path/body and explicit retry after reload (20.618541ms)
✔ first definite 403 clears journal but locks commands; late success after navigation clears only its own key (19.812959ms)
✔ private reads preserve Retry-After seconds and dates, without changing existing error codes (15.77375ms)
✔ a restored in-flight or UNKNOWN request retains its journal after a replay 403 (46.549792ms)
✔ restored copy success dispatches completion only in the still-current scene (29.946833ms)
✔ SessionCopy resyncs closed same-ID titles, preserves open edits and cancels to latest draft (19.58ms)
✔ SessionCopy submit uses latest version; UNKNOWN request survives later draft/input changes (18.25025ms)
ℹ tests 14
ℹ suites 0
ℹ pass 14
ℹ fail 0
ℹ cancelled 0
ℹ skipped 0
ℹ todo 0
ℹ duration_ms 469.58025
✔ claims window modes match Go constants and every SQL match_mode CHECK (7.399625ms)
✔ host prompt stays verbatim at the frozen trunk contract; Japanese is absent (2.028083ms)
✔ bundle parser accepts manual (labelled) and Meta (unlabelled) bundles (0.578917ms)
✔ bundle parser rejects unknown platforms and label/platform mismatches (0.147708ms)
✔ offer parser carries the live price and rejects every out-of-range or missing field (0.220209ms)
✔ library and import parsers are closed; removal receipt is the only version-0 shape (0.188791ms)
✔ price input: exact decimal minor units, never float, bounded to the currency's places (61.502959ms)
✔ live-tools copy exists in all three locales with the same conflict reasons (0.818167ms)
✔ claims BFF allowlist is exactly M1–M7 per method (0.948541ms)
✔ M7 link response shape is closed (0.147916ms)
✔ host prompt copy is the frozen text, verbatim (0.069041ms)
ℹ tests 11
ℹ suites 0
ℹ pass 11
ℹ fail 0
ℹ cancelled 0
ℹ skipped 0
ℹ todo 0
ℹ duration_ms 178.822458
NOT_RUN: tests/media/r04-input-runner.test.mjs (COMMERCE_R04_LIVEKIT_BINARY unset)
✔ main/detail/sku caps use the existing frozen image contract (0.570542ms)
✔ phone and tall dimensions fit2000 without enlarging small assets (0.135375ms)
✔ upload query requires one exact role and sku value; reads/actions carry no query (0.353709ms)
✔ role transport encodes current option values and refuses invalid identities (0.1485ms)
✔ effective image axis follows current options, then falls back to first (0.064708ms)
✔ detail and option photos cannot satisfy the main-photo recommendation (0.058375ms)
✔ PM-U copy has matching keys in ja and all currently routed locales (0.117875ms)
✔ real-upload mode builds both Next applications on a clean CI checkout (5.335625ms)
✔ upload recovery journal survives a new session while remaining product/store scoped (0.0865ms)
✔ an option upload receipt requires its captured axis, value and image id on canonical readback (0.08775ms)
✔ failed durable recovery storage cannot authorize a media write (0.067042ms)
✔ an active product needs a main image after canonical media is known; repair paths stay possible (0.048167ms)
✔ empty media sections render a readable localized placeholder until photos are present (4.574542ms)
✔ real-upload mode never exits through the storefront MOCK shortcut (7.261833ms)
✔ a valid active zero-main product keeps an inline repair hint rather than a page error (2.8265ms)
✔ a new product issues the image-axis stage only for a chosen axis (0.340458ms)
ℹ tests 16
ℹ suites 0
ℹ pass 16
ℹ fail 0
ℹ cancelled 0
ℹ skipped 0
ℹ todo 0
ℹ duration_ms 333.5885
(node:18457) ExperimentalWarning: Transform Types is an experimental feature and might change at any time
(Use `node --trace-warnings ...` to show where the warning was created)
✔ a fitting PNG keeps the exact original File, bytes and alpha-capable format (0.758875ms)
✔ a JPEG exactly at both limits remains original, not a lossy re-encode (0.293125ms)
✔ an oversized phone JPEG is encoded below the cap after oriented scaling (0.506292ms)
✔ a large transparent PNG stays alpha-capable and is never painted with an opaque matte (0.409917ms)
ℹ tests 4
ℹ suites 0
ℹ pass 4
ℹ fail 0
ℹ cancelled 0
ℹ skipped 0
ℹ todo 0
ℹ duration_ms 80.072042
✔ HTTPS picklist fixture carries Secure session cookies automatically while preserving CSRF refusals (97.991209ms)
✔ batch controls stay compact until an order selection or live-session scope exists (0.2165ms)
✔ selection has XOR bodies, canonical unique IDs and separate 500/100 limits (0.350208ms)
✔ cross-page selection retains existing rows, deduplicates and refuses overflow atomically (0.685083ms)
✔ pick projection rejects PII/extra keys, invalid quantities and unmatched order identities (0.525916ms)
✔ batch replies bind one-for-one to confirmed orders and preserve uncertainty code (0.12125ms)
✔ pick/export POSTs reject keys and all query variants except one exact template (1.636667ms)
✔ CSV filename binds to selected template and store; no path/header injection (0.160875ms)
✔ MOCK browser fixture list matches the incumbent closed order parser (11.178458ms)
✔ recovery never clears an unknown or missing current attempt (0.128083ms)
✔ recovery and order-detail MOCK fixtures satisfy real read parsers (6.621542ms)
✔ order selection can read its session fence during SSR without browser globals (0.869291ms)
✔ MOU keeps native headed checks runnable on a Linux CI worker without DISPLAY (11.613334ms)
✔ pick fixture serves the scoped parcel reads required by the orders page (4.843375ms)
ℹ tests 14
ℹ suites 0
ℹ pass 14
ℹ fail 0
ℹ cancelled 0
ℹ skipped 0
ℹ todo 0
ℹ duration_ms 338.547459
✔ bodyless dissolve DELETE (empty body stream, no content-length) reaches Go with the CAS query, no body, no key (20.009958ms)
✔ every parcel DELETE must carry exactly one expected_version >= 1 (never forwarded without it) (1.6255ms)
✔ a DELETE that declares a body or chunked framing is refused (0.307625ms)
✔ DELETE needs the session, origin and CSRF like every command; other DELETEs stay unsupported (0.668959ms)
✔ GET parcel-groups (open groups read) and merge-suggestions pass with no query; a query or key is refused (10.857708ms)
✔ actual MOU parcel runner selects and collects the real parcel browser case (408.377958ms)
✔ merge suggestions accept the frozen shape (server-masked recipient) and reject drift (1.085875ms)
✔ created group requires the OPEN state and its members (0.120792ms)
✔ dissolved group is exactly id/state/version (0.072584ms)
✔ group shipment carries one SHIPPED version per member (6.928458ms)
✔ open groups (GET parcel-groups) accept the frozen shape and fail closed on drift (1.728625ms)
✔ reconcile: a reload rebuilds OPEN panels, a vanished OPEN group is dropped, history and live versions are kept (0.228875ms)
✔ three locales cover the same keys and every refusal code (0.217583ms)
✔ the owner-ruling sentence is exact in all three locales (0.047875ms)
✔ the in_parcel_group copy is the same sentence in parcels-copy (blocked + errors) and orders-copy, in every locale (0.076458ms)
✔ groupOfOrder prefers the OPEN group over retained SHIPPED/DISSOLVED history (0.122625ms)
✔ parcelOrderNumber is the canonical LC-<32 uppercase hex> order number and matches the open-group parser (0.104417ms)
✔ parcel refresh generation: bumped by every successful poll, whatever the cursor (0.040958ms)
✔ parcel refresh generation: an in_parcel_group refusal bumps it, other refusals do not (0.044916ms)
✔ exactly the five W3-07B resources route (0.533417ms)
✔ dissolve carries exactly ?expected_version=N (N >= 1) (0.143916ms)
✔ readMergeSuggestions 401 immediately purges parent scope and refuses late sibling 200 (18.996458ms)
✔ readMergeSuggestions 403 immediately purges parent scope and refuses late sibling 200 (3.916917ms)
✔ readMergeSuggestions 404 immediately purges parent scope and refuses late sibling 200 (3.150917ms)
✔ readOpenParcelGroups 401 immediately purges parent scope and refuses late sibling 200 (3.689542ms)
✔ readOpenParcelGroups 403 immediately purges parent scope and refuses late sibling 200 (3.681375ms)
✔ readOpenParcelGroups 404 immediately purges parent scope and refuses late sibling 200 (7.973584ms)
✔ readMergeSuggestions 503 preserves parent and local retry recovers actual DTOs (5.421292ms)
✔ readOpenParcelGroups 503 preserves parent and local retry recovers actual DTOs (22.801583ms)
✔ captured parent groups callback refuses hidden scope (9.328041ms)
ℹ tests 30
ℹ suites 0
ℹ pass 30
ℹ fail 0
ℹ cancelled 0
ℹ skipped 0
ℹ todo 0
ℹ duration_ms 489.536375
✔ exactly the nine W6-01B resources are admitted, each only under its own method (0.737875ms)
✔ the customer list is claimed only when a tag filter is present (customers-request.ts stays the owner otherwise) (0.078541ms)
✔ near misses are refused (no generic proxying) (0.066792ms)
✔ reads: no body, no key, no transfer-encoding; tag-list takes no query at all (27.93325ms)
✔ customer-list query: closed keys, tag must be a canonical uuid, list bounds identical to customers-request (0.620166ms)
✔ note-list query: only limit and after, with the customers-list bounds (0.13225ms)
✔ writes: exactly one well-formed Idempotency-Key; the two DELETEs carry no body but still need the key (1.269125ms)
✔ validTagName mirrors Go (NFC first, 1..20, trimmed, no control/Cf) (1.409291ms)
✔ validNoteBody mirrors Go (1..1000, not blank, only \n \r \t controls) (0.264916ms)
✔ tag-create body: closed keys, valid name and one of the eight colors (0.227416ms)
✔ tag-patch body: at least one of name/color, nothing else (0.085375ms)
✔ owner-tags body: tag_ids (<=100 canonical uuids) + 64-hex revision, exact keys (0.133542ms)
✔ note bodies: create {body}; patch {body, version>=1}; deletes and reads carry no body at all (0.182625ms)
✔ parseTagCatalog decodes {items: TagRecord[]} with the store-catalogue bounds (0.683458ms)
✔ parseTagSet / parseDeletedTag / parseDeletedNote decode the frozen write receipts (0.198625ms)
✔ parseNoteRecord / parseNotePage decode notes with the Go note rules (0.74ms)
✔ customer-tags copy: three locales, identical key sets, the integrator's ruled note-privacy text verbatim (0.09025ms)
✔ components wire the ruled copy and the tag/note controls the specs click (0.24275ms)
✔ tag read names must already be trimmed NFC and Unicode code-point bounded (0.069208ms)
✔ session change before network sends nothing (9.936875ms)
✔ session changes after network or during body parse drop the response (12.66875ms)
✔ transient session digest failure is settled only before dispatch (1.139042ms)
✔ lost response followed by a changed session is UNKNOWN after dispatch (1.525125ms)
✔ lost response does not auto-retry; explicit replay keeps method/key/payload/scope (2.503625ms)
✔ 5xx or malformed success is uncertain, coded refusal is settled (6.654958ms)
✔ passive tag/detail refresh preserves an unsaved new-note draft (22.482791ms)
✔ passive refresh updates visible notes but preserves edit draft and original CAS version (1.956875ms)
✔ explicit refresh signal clears old edit draft while passive array changes do not (1.389125ms)
✔ an unauthorized note read clears private note bodies and the draft (6.874791ms)
✔ a transient note read failure keeps the notes already shown (4.909875ms)
✔ an unauthorized note read signals the global logout once; a transient failure does not (10.560666ms)
✔ non-privacy writer: own notes keep Edit and Delete on a fresh mount, others' notes do not (1.511042ms)
✔ notes forbidden/not_found signals scope loss exactly once per mount, never on transient failure (12.75825ms)
✔ bad path/store/method/query/header is refused without authority or backend calls (28.528291ms)
✔ the actual proxy admits a tagged customer list with scoped search/cursor and rejects malformed tag authority (3.487792ms)
✔ signed-out/cross-store/Origin-CSRF denials short circuit before body or forwarding (0.332416ms)
✔ closed bodies and DELETE payloads cannot reach Go (0.983459ms)
✔ all write methods preserve exact key/body/store and private success status (5.052334ms)
✔ note pagination preserved and hostile backend errors/bodies sanitized (5.346334ms)
✔ a catalogue forbidden or not_found asks the parent to re-run its guarded reads, with no logout (109.403166ms)
✔ transient catalogue failures stay local; unauthorized logs out but is not a scope loss (34.381959ms)
✔ after a tag write the manager stays mounted: the catalogue refreshes in place, never reloads (12.646125ms)
✔ a manager-reported scope loss reloads the customer list and catalogue guarded reads (12.658834ms)
✔ CustomerDetail forwards a scope-lost signal to the guarded read once per page (14.594375ms)
✔ badges are escaped server tag facts with human-readable names (4.271ms)
✔ actual customer notes render privacy notice, safe content, author fallback and read-only permissions (10.742083ms)
✔ unknown permissions and erased customer never offer note mutations (1.551875ms)
✔ write-only notes permit add but not edit/delete of notes the server does not mark own; privacy permission permits both (1.37625ms)
✔ manager trigger and all three localized buyer-export notices render through actual components (1.765042ms)
✔ UNKNOWN survives settled unauthorized retry until trusted success; fresh run ignored (1.61875ms)
✔ UNKNOWN survives settled forbidden retry until trusted success; fresh run ignored (0.396333ms)
✔ UNKNOWN survives settled version_changed retry until trusted success; fresh run ignored (0.360542ms)
✔ first-attempt preflight refusal is settled and permits a fresh action (0.328542ms)
✔ UNKNOWN and in-flight retries prevent duplicate dispatch; unmount discards stale outcome (0.341208ms)
✔ an unauthorized write signals the global logout; forbidden does not (6.098833ms)
✔ UNKNOWN command survives unmount/remount: still locked, same-key retry, cleared by trusted success (5.89125ms)
✔ a command unmounted while in flight is treated as UNKNOWN on remount (0.509375ms)
✔ a session boundary change drops the remembered UNKNOWN command (0.357208ms)
✔ a guarded read that ends signed-out signals the global logout once (2.477584ms)
✔ forbidden/unavailable failures and a successful read signal no logout (15.457417ms)
✔ refresh ending signed-out clears the view, blocks and signals the global logout once (5.526833ms)
✔ refresh ending forbidden or not-found clears the data without a logout (8.994167ms)
✔ a transient refresh failure keeps the ready view and signals nothing (7.457209ms)
✔ exactly the eight report GETs are admitted; every other method or path is refused (0.550416ms)
✔ report reads: query required, no body, no key, no transfer-encoding (13.982792ms)
✔ from/to: exactly once each, calendar-valid days, 0..91 apart (1.488333ms)
✔ session_id: only on the funnel (json and csv), a canonical uuid, once (0.577458ms)
✔ parseProductReport: echoed range/zone, <=1000 rows sorted by net desc, net = captured - refunded (6.762791ms)
✔ parseChannelReport: closed vocabulary order, money per environment strictly ascending, I05 inside every bucket (0.374042ms)
✔ parseFunnelReport: nested counts, session echo, ordered_without_link bound (0.214291ms)
✔ parseManualReport: nullable principal/session ids, bucketed money like channels (0.174ms)
✔ reports copy: three locales, identical key sets, the integrator's ruled money annotation verbatim (0.176416ms)
✔ Reports.tsx: four tabs, CSV per tab, ruled annotation, CSS/SVG charts only (no new dependencies) (0.357333ms)
✔ report CSV closed headers use actual Go slug, echoed dates and private no-store (0.2745ms)
✔ report response projection rejects unknown keys, mismatched range and non-private responses (1.282333ms)
✔ manual buckets follow Go's uncapped row count rather than a made-up 500-row limit (1.656ms)
✔ display sorts only inside currency/environment groups, never sums money or mutates server rows (14.492333ms)
✔ page report query accepts exactly the four report names and defaults to products (0.079042ms)
✔ actual product table renders offline separately, both modes, no UUID copy and sortable headers (13.184ms)
✔ actual channel chart exposes exact numbers and both money modes using SVG (0.810875ms)
✔ actual funnel has four stages, nested widths and truthful zero-denominator text (6.594792ms)
✔ manual table resolves authorized labels, has honest fallback, and never presents UUIDs (6.273792ms)
✔ all report views render localized empty states (0.561375ms)
✔ actual BFF refuses malformed query, unknown store/session, disabled auth and missing CSV fences before Go (59.229167ms)
✔ actual BFF closed JSON projection and CSV scope/query preserve trusted token; no forwarded client authority (19.558208ms)
✔ actual BFF permission and malformed CSV response fences do not masquerade as a download (13.623041ms)
✔ audited browser GET accepts same-origin Fetch Metadata plus CSRF, never cross-site or forwarded Host (14.798375ms)
✔ actual CSV client preflight sends nothing after session change, and a lost audit response is uncertain with no retry (8.058959ms)
✔ actual CSV client refuses stale-session bytes and downloads only a closed private response (5.754083ms)
✔ report leaf gives the actual trusted fetch 65 seconds, rejects redirects and forwards only server bearer (3.253209ms)
✔ incoming request cancellation aborts the real report fetch once, returns safe unavailable and never retries (3.064542ms)
✔ CSV final synchronous fence conceals bytes when cancellation, hide or cookie rotation happens inside final await (14.369375ms)
✔ CSV end-to-end deadline covers store lookup and report budget; aborted preflight sends no audited request (7.512958ms)
✔ an uncertain export stays locked for its scope after another scope's export (3.362417ms)
✔ an uncertain export scope persists per store in tab storage and re-locks a fresh render (17.904959ms)
✔ unavailable tab storage fails closed to the in-memory lock without throwing (3.382125ms)
✔ export lock is stored before dispatch; refused/delivered outcomes release it, uncertain and cut-short keep it (32.105083ms)
✔ releasing one scope keeps the other uncertain scopes of the store (5.836375ms)
✔ export is refused and nothing is dispatched when the lock cannot be saved (denied, full or no storage) (5.950542ms)
✔ copy for an unsaved export lock exists in every locale (0.095834ms)
✔ product sort query parses strictly and defaults to net_minor descending (0.183042ms)
✔ legacy-store permission probe: forbidden/not-found/signed-out fail the read closed, transient falls back (9.310791ms)
✔ channel and funnel data retain their applied dates while draft dates wait for Show (75.338416ms)
✔ an uncertain export lock is bound to the session boundary, so a different user does not inherit it (18.968166ms)
✔ Finance landing links to reports under the same canSeeReports rule (8.538916ms)
✔ selected tag survives searches and cursor pagination while an empty filter is omitted (39.366416ms)
✔ customer list dispatch preserves legacy requests and sends every tag query to the closed W6 authority (242.290708ms)
✔ customers reports link is hidden only when permissions are present and lack orders:read (0.124375ms)
✔ reports are a finance subpage and preserve the existing single finance navigation entry (0.116875ms)
✔ an authoritative erased customer immediately unmounts the cached private tags/notes subtree (17.80625ms)
✔ the actual customer row shows manual tags and imported status without changing consent (4.406666ms)
✔ P1 actual tag DELETE accepts an empty Next-style stream without JSON MIME (340.57375ms)
✔ P1 actual note DELETE accepts an empty Next-style stream without JSON MIME (1.055625ms)
✔ P1 body-carrying tag writes still require JSON MIME through the real BFF (0.242166ms)
✔ P2 customer bare/encoded tag keys are invalid422 through the actual leaf before any backend (2.735375ms)
✔ P2 report products real session/CSRF response is private and Vary Cookie (1.049833ms)
✔ P2 report products.csv real session/CSRF response is private and Vary Cookie (0.343792ms)
✔ P2 report malformed query and wrong CSRF are rejected by actual helpers before upstream (0.256208ms)
ℹ tests 118
ℹ suites 0
ℹ pass 118
ℹ fail 0
ℹ cancelled 0
ℹ skipped 0
ℹ todo 0
ℹ duration_ms 910.964167
✔ real coded errors retain baseline classification and normalize import leaf cache to private,no-store (22.946292ms)
✔ preflight missing CSRF is definite and sends nothing; actual route CSRF and session refusals stay definite (1.350542ms)
✔ actual route uses real cookies/store membership and method/error envelopes, no helper substitutions (1.923166ms)
✔ actual client/route preserves original Blob bytes, trusted transport and privacy projection on200/409 (1.113542ms)
✔ success or stale preview must remain private; malformed/unknown/mismatched coded errors are uncertain after commit (2.547459ms)
✔ lost/unreadable/session-changed dispatched commit remains UNKNOWN; no automatic retry (0.782375ms)
✔ actual failed-only result route strips IDs and real final session/cancel fence exposes no download (1.253625ms)
✔ actual route refuses unknown resource/query and duplicate session cookies before any upstream call (0.371875ms)
✔ actual route incoming cancellation aborts one dispatched transport and preserves client UNKNOWN (0.585ms)
✔ real coded error cache may not be public, and closed payload may not acquire data-bearing fields (1.041ms)
✔ copy still exposes specific merchant field reasons across three locales (3.101292ms)
✔ all real local and upstream import refusals including HEAD/unsupported are exact private,no-store (0.502208ms)
✔ fresh mismatched receipt stays UNKNOWN, exact manual replay mismatch becomes terminal without a third send (1.0885ms)
✔ terminal is impossible for malformed replay receipts or matching replayed counts (0.715209ms)
✔ Big5 bytes pass unchanged to upstream and real422 import envelope surfaces encoding_not_utf8 (0.472792ms)
✔ oversize file uses the actual header guard and specific size guidance in all locales without dispatch (24.449042ms)
✔ commit uses the original requested mapping, including an empty optional field, not resolved preview metadata (3.688209ms)
✔ an UNKNOWN commit remains locked through a later forbidden retry and only explicit same-file success unlocks (1.534ms)
✔ leaving during a dispatched commit drops its payload and keeps an unconfirmed boolean without replay (1.890667ms)
✔ a definite first preflight refusal clears pending before sign-out and does not invent an unconfirmed import (2.343209ms)
✔ a replayed mismatched receipt ends UNKNOWN without offering another retry or unlocking historical orders (11.226459ms)
✔ real cookie and CSRF helpers generate and validate the actual host-cookie pair (1.115709ms)
✔ exact route rejects methods/keys/body/query/scope before any upstream request using real localError (2.577ms)
✔ missing/duplicate session cookies reject and real clearAuthCookies expires session and CSRF (0.385167ms)
✔ actual authenticatedStores denies a store absent from the server projection (0.566542ms)
✔ private success routes server cookie token and exact canonical after, never caller bearer/cookie to Go (0.884583ms)
✔ actual safeError/localError preserve coded status with no-store and redact upstream diagnostics (0.874625ms)
✔ actual readBody and strict projection refuse MIME/oversize/extra private fields/city; network loss stays private (1.332042ms)
✔ actual client issues GET50/after through real route/private successful projection (6.946583ms)
✔ actual helper-issued browser fence rejects changed parent before dispatch (0.52075ms)
✔ private success from real route is discarded when the browser session changes during upstream read (0.980792ms)
✔ real localError no-store 401/403/404/503 preserves correct read category with no retry (2.953375ms)
✔ malformed sensitive backend projection becomes real unavailable, never a fake BFF success (0.6085ms)
✔ strict archive rows decode external order text, safe minor units and public keys (2.288916ms)
✔ PII-shaped city and extra sensitive fields never pass the safe projection (0.271959ms)
✔ all canonical Go cities pass; malformed types/bounds/order/time/money/cursor fail (0.451708ms)
✔ read grammar is exact limit/after, not the stale brief's cursor name (24.826416ms)
✔ three locales retain truthful history-not-revenue basis and copy parity (0.172ms)
✔ SSR renders actual safe rows, shared money/time, total count and read-only three-locale basis (43.438917ms)
✔ SSR distinguishes empty archive, 403, session loss and unavailable without stale rows/count (2.773833ms)
✔ actual pagination callbacks use opaque trail; double click cannot skip; refresh/scope reset page1 (1.14225ms)
✔ the static import subpage wins over customer detail and leaves the single customers nav intact (0.360208ms)
✔ the actual list offers import only to privacy holders and carries the current authorized store (105.490542ms)
✔ the actual detail mounts archive only for an active imported customer and passes its fenced identity (32.006583ms)
✔ MIUI-READY-VISIBLE-STORE actual signed helper waits on the visible selector and retains cookie/wizard assertions (171.066ms)
✔ MIUI-READY-DENIED read-only staff reaches the real shell refusal instead of waiting for a private wizard (24.872042ms)
✔ failure verdicts precede successful rows, by source row number, without mutating the input (0.583541ms)
✔ the failure download contains only failed row metadata, with no source cell or success identifier (0.199917ms)
✔ reads quoted/BOM header only, without decoding malformed bytes from data rows (6.693792ms)
✔ guess only unique metadata aliases with explicit unmapped values (0.237917ms)
✔ shared dynamic leaf admits only exact import methods/actions and bounded mapping/count (24.5555ms)
✔ failed CSV emits only row/outcome/code, refusing any unexpected identifier or raw cell (0.196209ms)
✔ raw-byte cap does not decode/rebuild uploads and cancels oversized chunks (3.716583ms)
✔ backend privacy projection strips all source IDs on successful and failed rows (1.469542ms)
✔ closed preview parser refuses data-bearing rows, unknown keys and inconsistent counts (0.241791ms)
✔ order preview counts units while first CSV record numbers can exceed rows_total (0.077542ms)
✔ commit receipt has exactly five keys and no extra customer cells (0.093167ms)
ℹ tests 57
ℹ suites 0
ℹ pass 57
ℹ fail 0
ℹ cancelled 0
ℹ skipped 0
ℹ todo 0
ℹ duration_ms 517.924125
✔ parseShard: i/N, empty means unsharded, anything malformed throws (0.7225ms)
✔ assignShards: deterministic, every key owned once, near-balanced (LPT bound) (0.988708ms)
✔ planClick: for every N the shards partition the whole universe (every registry route x variant, storefront walk, journey) (1.7365ms)
✔ planClick at N=10 keeps every shard within ~1.3x of the mean planned cost (0.133458ms)
✔ aggregate click: honest shards pass for several N (2.452167ms)
✔ aggregate click: a missing shard, a dropped page row, a lost journey, a failing row, a stale known defect and a missing platform marker are each a failure (3.5835ms)
✔ aggregate click: a route added to the registry after the shards ran cannot pass (the registry is re-read) (0.393916ms)
✔ aggregate visual: honest shards pass; a missing shard, a missing shot, a blocking verdict and a registry route outside the universe each fail (4.669291ms)
ℹ tests 8
ℹ suites 0
ℹ pass 8
ℹ fail 0
ℹ cancelled 0
ℹ skipped 0
ℹ todo 0
ℹ duration_ms 98.330542
ci-plan: 10 job(s); click-sweep x10 (aggregate)
  --browser-click-sweep@1/10  -> artifact gate-browser-click-sweep_1_10
  --browser-click-sweep@2/10  -> artifact gate-browser-click-sweep_2_10
  --browser-click-sweep@3/10  -> artifact gate-browser-click-sweep_3_10
  --browser-click-sweep@4/10  -> artifact gate-browser-click-sweep_4_10
  --browser-click-sweep@5/10  -> artifact gate-browser-click-sweep_5_10
  --browser-click-sweep@6/10  -> artifact gate-browser-click-sweep_6_10
  --browser-click-sweep@7/10  -> artifact gate-browser-click-sweep_7_10
  --browser-click-sweep@8/10  -> artifact gate-browser-click-sweep_8_10
  --browser-click-sweep@9/10  -> artifact gate-browser-click-sweep_9_10
  --browser-click-sweep@10/10  -> artifact gate-browser-click-sweep_10_10
✔ the full sweep and the full visual lint fan out into every shard and ask for the aggregate (1.241584ms)
✔ foundation-shards = the unit shard + every plan group; the serial `foundation` mode is untouched (0.645458ms)
✔ an explicit shard re-run (or a partial list) never claims the whole-run aggregate (0.130583ms)
✔ duplicates collapse, artifact names are safe and unique, bad input is refused (0.285417ms)
✔ main writes matrix / sweep_n / visual_n to GITHUB_OUTPUT (1.055333ms)
✔ backend-only paths run foundation-shards only (1.116875ms)
✔ node tests of deploy scripts and of the CI planner are backend-only (they cannot change a browser) (0.31675ms)
✔ a UI path adds the whole browser set, including click-sweep and visual-lint (1.906333ms)
✔ docs-only and output-only diffs keep the single required check (foundation-shards) (0.390834ms)
✔ tests/foundation/browser_* is a browser path, other tests/foundation files are not (0.884375ms)
✔ deploy flag: deploy/ and scripts/deploy* only (0.926042ms)
✔ the browser set is release-gate's browser-mode universe minus the documented exclusions (11.828791ms)
✔ parser: only compiled, correctly-shaped Test functions of untagged _test.go files (1.452ms)
✔ the real plan: every top-level test of tests/foundation runs in exactly one group (593.367166ms)
✔ a new test (in no list) still runs, exactly once, in the catch-all group; the same name with no catch-all is red (881.287625ms)
✔ a test listed in two groups is red; drift beyond the limit is red (846.660667ms)
✔ regexes: anchored explicit lists; the catch-all skips exactly everyone else's tests (0.4115ms)
✔ pack: deterministic, balanced to within the longest test, every name once (4.112667ms)
✔ parseDurations: top-level lines only (0.204ms)
ℹ tests 19
ℹ suites 0
ℹ pass 19
ℹ fail 0
ℹ cancelled 0
ℹ skipped 0
ℹ todo 0
ℹ duration_ms 2388.584125
✔ A8/A9/A13 and published templates: exact reads forward once with no-store (17.840625ms)
✔ real streamed POST bodies: A10-A14 exact keys reach upstream (9.085375ms)
✔ query, read headers, methods and body allowlists refuse before upstream (5.564084ms)
✔ session, CSRF and store authority precede content forwarding (1.385917ms)
✔ A12 fixed codes preserved; arbitrary upstream diagnostics stripped (6.075792ms)
✔ client preserves codes and receipt; changed/aborted session cannot publish private response (5.464208ms)
✔ A9 admits a full page of valid Unicode replies while bounding private response bytes (3.441209ms)
✔ non-JSON upstream 401 still expires both authentication cookies without diagnostic leakage (1.316792ms)
✔ real M7 response keeps no-referrer after matching Next production header rules (6.759708ms)
✔ three unit languages cover identical fixed labels and delivery states (0.66425ms)
✔ hiding aborts requests and rejects late responses, even after reveal (0.381333ms)
✔ switching selection invalidates both reads and write completions (0.065834ms)
✔ owner and explicit inbox permissions only; viewer fails closed (0.052ms)
✔ Messenger counts Unicode codepoints; Instagram counts NFC UTF8 bytes (0.573125ms)
✔ uncertain transport retries retain the exact submission; definitive conflicts retire it (0.382042ms)
✔ privacy calibration cannot activate with production origin or ordinary caller env (0.128792ms)
✔ late focus/pageshow while native document remains hidden cannot reveal requests (0.083917ms)
✔ terminal navigation revocation cannot be undone by focus or refresh until a new page fence (0.0605ms)
✔ a ticket from another store/page fence is never accepted (0.039875ms)
✔ focus while already visible preserves the active epoch and the uncertain reply receipt (0.076917ms)
ℹ tests 20
ℹ suites 0
ℹ pass 20
ℹ fail 0
ℹ cancelled 0
ℹ skipped 0
ℹ todo 0
ℹ duration_ms 154.55475
✔ installed APIRequestContext cookie rules exclude Secure cookie from HTTP127 but retain HTTPS/localhost (2.122541ms)
✔ actual INU02 cross uses browser auth and retains exact 404/DM absence (27.344042ms)
✔ actual INU02 cross still rejects wrong authority 401 (2.530917ms)
✔ actual INU02 cross still rejects wrong authority 200 (1.655584ms)
✔ actual INU02 cross still rejects DM in denied response (1.3435ms)
✔ actual INU02 denied uses browser auth and retains exact 403/DM absence (1.223916ms)
✔ actual INU02 denied still rejects wrong authority 401 (1.099916ms)
✔ actual INU02 denied still rejects wrong authority 200 (0.944291ms)
✔ actual INU02 denied still rejects DM in denied response (1.079625ms)
✔ actual login settles /en and fixture store (real switch, scoped=false) (57.44375ms)
✔ actual login settles /en and fixture store (real switch, scoped=true) (3.041708ms)
✔ actual login settles /en/inventory and fixture store (real switch, scoped=false) (8.328875ms)
✔ actual login settles /en/inventory and fixture store (real switch, scoped=true) (10.898834ms)
✔ actual login settles /en/messages and fixture store (real switch, scoped=false) (14.601667ms)
✔ actual login settles /en/messages and fixture store (real switch, scoped=true) (20.486708ms)
✔ actual login settles /en and fixture store (already selected, scoped=false) (3.75975ms)
✔ actual login settles /en and fixture store (already selected, scoped=true) (4.024916ms)
✔ actual login settles /en/inventory and fixture store (already selected, scoped=false) (33.455583ms)
✔ actual login settles /en/inventory and fixture store (already selected, scoped=true) (5.945333ms)
✔ actual login settles /en/messages and fixture store (already selected, scoped=false) (3.84275ms)
✔ actual login settles /en/messages and fixture store (already selected, scoped=true) (3.218791ms)
✔ bundle fixture uses real claim commands and mounts existing M6/M7 without issuing early (1.980333ms)
✔ sensitive bundle scenario clicks native clipboard with trace/video disabled and no token body reads (0.40875ms)
✔ persisted link and token-free command receipt are compared without disclosing credentials (0.621292ms)
✔ actual clipboard evaluator exports only safe summary and detects malformed or retained synthetic credentials (290.081708ms)
✔ claim-window fixture isolates recovery after the current migration permits multiple OPEN windows (0.494458ms)
✔ ordinary Playwright diagnostics still capture failed-page ARIA when private guard is absent (0.607333ms)
✔ sensitive worker lifecycle prevents actual installed snapshot capture without masking the failure (33.798667ms)
✔ worker restores prior environment even when use rejects (absent) (5.302333ms)
✔ worker restores prior environment even when use rejects (empty) (1.562291ms)
✔ worker restores prior environment even when use rejects (existing-policy) (1.313875ms)
✔ fixture is worker-auto and module collection does not suppress ordinary diagnostics (29.0715ms)
✔ ordinary matcher ARIA context bypasses fallback flag and remains in actual installed diagnostics (0.752166ms)
✔ private test teardown removes only matcher page context while preserving failure (failed status) (2.502833ms)
✔ private test teardown removes only matcher page context while preserving failure (rejected use) (1.257458ms)
✔ matcher guard is test-auto without replacing the installed artifact auto fixture (1.007667ms)
✔ real Playwright --list collects each original INU case and isolated INU09 exactly once (1011.788291ms)
✔ A real Inbox selection admits Go A9 attachments null without losing thread (35.527ms)
✔ A real Inbox selection admits Go A9 attachments empty array without losing thread (6.455875ms)
✔ A malformed non-array A9 attachments is refused without painting DM or crashing selected entry (13.259791ms)
✔ C A8 HTTP200 empty list is ordinary data with no alert, selection or focus request storm (20.247917ms)
✔ C A8 list404 is scoped inbox unavailable in en, never an empty list or conversation denial (1.659583ms)
✔ C A8 list404 is scoped inbox unavailable in zh-TW, never an empty list or conversation denial (1.96575ms)
✔ C A8 list404 is scoped inbox unavailable in zh-CN, never an empty list or conversation denial (1.545125ms)
✔ C click-sweep Go harness mounts existing Inbox/templates services (STRUCTURE_ONLY, Go NOT_RUN) (0.338167ms)
✔ C click-sweep includes actual-router owner200 empty inbox assertion (STRUCTURE_ONLY, Go NOT_RUN) (0.241541ms)
✔ inbox evidence is covered by the CI upload root (0.783375ms)
✔ failed Playwright closes its log and emits sanitized diagnostics before Fatalf (0.111042ms)
✔ failure diagnostics match INU cases/counts without admitting private text (0.621125ms)
✔ INU04 delayed handler 1 signals completion when fulfillment rejects (60.513542ms)
✔ INU04 delayed handler 2 signals completion when fulfillment rejects (2.999084ms)
✔ recoveryDone waits for actual held M7 completion in zh-TW (30.007125ms)
✔ recoveryDone waits for actual held M7 completion in zh-CN (5.519584ms)
✔ recoveryDone waits for actual held M7 completion in en (3.604708ms)
✔ review2 P1 bundle-only row opens real A13 and issues existing M7 claim link to clipboard (48.478541ms)
✔ review2 P1 clipboard denial recopy reuses cached issued URL without another M7 POST (7.087083ms)
✔ review2 P1 lost M7 ACK retries exact receipt and null replay token never mints a fresh key (7.169833ms)
✔ review2 P1 missing CSRF before cached recopy cannot copy or issue again (8.394625ms)
✔ review2 P1 missing CSRF before uncertain retry rejects preserved receipt dispatch (9.02525ms)
✔ review2 P1 late issued-link completion after hide cannot write clipboard (9.647625ms)
✔ review2 P1 late issued-link completion after selection cannot write clipboard (13.450875ms)
✔ review2 P1 late issued-link completion after unmount cannot write clipboard (6.321792ms)
✔ review2 P1 late issued-link completion after logout cannot write clipboard (4.323792ms)
✔ review2 P1 claim-link issuance denied without both live read/manage (inbox:read,live:read) (8.758417ms)
✔ review2 P1 claim-link issuance denied without both live read/manage (inbox:read,live:manage) (1.981166ms)
✔ review2 P1 missing authoritative recovery identity never guesses generation {"missingSession":true} (2.05775ms)
✔ review2 P1 missing authoritative recovery identity never guesses generation {"noBundle":true} (2.742541ms)
✔ review2 P2 exactly one matching binding uses named DM hard gate ok (5.70675ms)
✔ review2 P2 exactly one matching binding uses named DM hard gate review_required (4.418125ms)
✔ review2 P2 exactly one matching binding uses named DM hard gate missing_permission (4.025792ms)
✔ review2 P2 multiple same-provider bindings advisory only (dm_session:ok,dm_session:missing_permission) (1.189708ms)
✔ review2 P2 multiple same-provider bindings advisory only (dm_session:missing_permission,dm_session:reauth_required) (2.712ms)
✔ review2 P2 multiple same-provider bindings advisory only (dm_session:ok,read_comment:missing_permission) (3.282708ms)
✔ review2 P2 multiple same-provider bindings advisory only (dm_session:review_required,dm_session:ok) (1.455916ms)
✔ review2 P2 actual scoped A12 409 capability refusal remains visible after advisory submit (7.944625ms)
✔ review2 P2 missing health and single binding without named DM remain disabled (1.329ms)
✔ review2 P2 expired cached issued link cannot be recopied or silently reissued (3.782333ms)
✔ P1-1 actual visible focus preserves pending ticket, selection, revision and real retry receipt (1.819333ms)
✔ P1-1 actual unchanged-session pageshow checks without clearing; changed-session focus expires (0.299042ms)
✔ P1-1 actual hide/reveal clears and requests fresh revision, never accepts obsolete completion (0.280375ms)
✔ P1-1 changed-session visible focus expires even with a pending request (0.177583ms)
✔ P1-2 actual A9 refresh 404 removes rendered DM and unsent draft (21.86875ms)
✔ P1-2 actual send-finally A9 404 removes DM, draft and uncertain immutable receipt (3.221708ms)
✔ actual uncertain send still retains exact receipt when A9 authority remains (0ms post-send A9) (4.933875ms)
✔ actual uncertain send still retains exact receipt when A9 authority remains (50ms post-send A9) (108.059959ms)
✔ actual A9 stale held completion cannot paint after component cleanup (1.758083ms)
✔ P2 actual A14 404 clears buyer facts and customer draft (explicit future-version MOCK) (3.544292ms)
✔ safe authority errors remain the actual InboxError transport class (0.057333ms)
✔ actual current A13 without version keeps A14 disabled; future MOCK grants no backend claim (0.637458ms)
✔ P1-2 actual A11 takeover write 404 clears private state despite failing follow-up A9 (0.977041ms)
✔ P1-2 actual A12 send write 404 clears private state despite failing follow-up A9 (0.76775ms)
✔ A13 server orders omission remains distinct from authorized omitted data (0.545791ms)
✔ A13 server orders omission remains distinct from authorized empty data (0.324083ms)
✔ A13 server orders omission remains distinct from authorized populated data (0.366916ms)
✔ actual shell-store-selector captures selection before synchronous privacy teardown (allowed=true) (92.472084ms)
✔ actual shell-store-selector captures selection before synchronous privacy teardown (allowed=false) (1.8035ms)
✔ actual locale-switch captures selection before synchronous privacy teardown (allowed=true) (5.24975ms)
✔ actual locale-switch captures selection before synchronous privacy teardown (allowed=false) (3.117708ms)
✔ persisted A9 UNKNOWN after page entry warns and blocks the real composer in en (35.998834ms)
✔ persisted A9 UNKNOWN after page entry warns and blocks the real composer in zh-TW (1.821833ms)
✔ persisted A9 UNKNOWN after page entry warns and blocks the real composer in zh-CN (3.409792ms)
✔ A12 queued ACK followed by final A9 UNKNOWN overrides the local queued notice and blocks another send (4.669417ms)
✔ a captured previously enabled composer cannot bypass final UNKNOWN learned by Refresh (2.038ms)
✔ a later A9 page omitting the known UNKNOWN is not delivery reconciliation (4.521291ms)
✔ persisted queued is not mislabeled UNKNOWN and retains ordinary composer eligibility (0.829333ms)
✔ persisted sent is not mislabeled UNKNOWN and retains ordinary composer eligibility (3.655417ms)
✔ persisted failed is not mislabeled UNKNOWN and retains ordinary composer eligibility (1.846833ms)
✔ persisted blocked is not mislabeled UNKNOWN and retains ordinary composer eligibility (0.748166ms)
✔ fresh mount refuses when an old UNKNOWN is beyond 51 newer messages (fact=true) (1.006334ms)
✔ fresh mount refuses when an old UNKNOWN is beyond 51 newer messages (fact=null) (0.889958ms)
✔ fresh mount refuses when an old UNKNOWN is beyond 51 newer messages (fact=undefined) (2.267625ms)
✔ fresh mount refuses when an old UNKNOWN is beyond 51 newer messages (fact=false) (2.052416ms)
✔ a refreshed unknown authority replaces old clear authority even for a captured composer (1.396458ms)
✔ window strict eligibility with 300001ms before hard 24h deadline (16.527167ms)
✔ window strict eligibility with 300000ms before hard 24h deadline (1.516209ms)
✔ window strict eligibility with 60000ms before hard 24h deadline (1.23575ms)
✔ window strict eligibility with 0ms before hard 24h deadline (1.076292ms)
✔ window invalid server deadline fails closed without preparing a send (0.738875ms)
✔ window captured enabled form callback cannot POST after crossing safe cutoff (0.826958ms)
✔ window deadline timer closes controls at cutoff and hard end without waiting for 15s poll (2.970875ms)
✔ quota recovery gives exact zh-TW comment-quota and DM-window instructions beside copy only (0.370375ms)
✔ quota recovery gives exact zh-CN comment-quota and DM-window instructions beside copy only (0.086209ms)
✔ quota recovery gives exact en comment-quota and DM-window instructions beside copy only (0.090792ms)
ℹ tests 123
ℹ suites 0
ℹ pass 123
ℹ fail 0
ℹ cancelled 0
ℹ skipped 0
ℹ todo 0
ℹ duration_ms 1118.871333
