✔ /products/{uuid} redirects permanently to the zh-TW product page (63.416167ms)
✔ non-uuid ids are 404, never redirected (2.900416ms)
✔ AT1: the locale redirect preserves the ad-click query without allowing a redirect target (2.641ms)
✔ R10: standalone signed signals survive a missing or expired seven-day touch (3.881917ms)
✔ R10: standalone signals reject expiry, bad signature, duplicates and another host (0.446875ms)
✔ AT1 R5: browser identity survives expired touch and rolls for ninety days (0.195083ms)
✔ AT1 R5: missing ad parameters create no cookies; fbclid alone creates no touch (0.207625ms)
✔ AT1 R5: lc_ad alone updates attribution and does not replace fbc (0.137167ms)
✔ AT1: host-only first-party cookies contain no PII and read back exactly (0.233916ms)
✔ AT1: a later valid click replaces the draft but preserves the browser identifier (0.105292ms)
✔ R10: only a different fbclid replaces fbc and its first-seen timestamp (0.182375ms)
✔ AT1: malformed and ambiguous links do not overwrite a valid prior touch (1.58475ms)
✔ AT1: host and key binding reject copied cookies (0.79ms)
✔ AT1: duplicates and tampering invalidate the entire envelope (0.49575ms)
✔ AT1: exactly seven days is valid, the next millisecond and future clicks are not (0.286375ms)
✔ catalog list query limits equal the Go v2 parser (internal/buyerhttp/catalogv2.go) (19.465334ms)
✔ collection list cap equals Go maxCollectionsPerStore (6.587375ms)
✔ design caps equal internal/design/schema.go (nav, sections, pages) (7.886375ms)
✔ CVS buyer-entered store bounds and return path equal Go (internal/checkout/cvs.go, migration 0093) (27.457375ms)
✔ transfer view: closed shape and state rules mirror Go validTransferView (1.676625ms)
✔ proof body and result: five digits, positive minor amount, ISO instant (0.549459ms)
✔ minorFromText: major units with at most two decimals, never a float surprise (0.312458ms)
✔ buyer email mirror: one plain address, 254 characters at most (0.403125ms)
✔ countdown: whole hours and minutes, never negative (0.67925ms)
✔ copy: three locales carry every key and every refusal code (0.287083ms)
✔ options: a home row lists modes only with bank_transfer and then needs its window (0.312083ms)
✔ checkoutInput: a home bank_transfer body, the optional trimmed email, and every refusal before any request (0.4735ms)
✔ order: AWAITING_TRANSFER is a valid commercial state without a hold time (0.7865ms)
✔ BFF: exact transfer routes, keyed proof PUT, strict body, validated answers, no generic proxy (197.709292ms)
✔ BFF: transfer refusal codes pass through as definite 422; checkout accepts bank_transfer and a valid email only (14.5675ms)
✔ D06 order heading follows a settled transfer: never 'waiting for transfer' above a confirmed or expired one (0.092417ms)
✔ uncertain prepare blocks all mutations; changed cookie context resolves journal (106.28175ms)
✔ fully parsed local denial clears only its own pending operation (0.760584ms)
✔ malformed journal, unavailable lock and stale context fail before writes (1.300834ms)
✔ BPT05 exact handoff permits absent body/key, one fetch, no form persistence (20.424042ms)
✔ BPT05 wrong handoff form and ordinary writes fail before any fetch (0.70525ms)
✔ BPT05 unresolved cookie journal blocks handoff; lost response is one fetch without persistence (53.081042ms)
✔ SU02 refresh permits absent body/key, one fetch, no persistence (7.224375ms)
✔ SU02 refresh rejects a body, a key or a malformed path before any fetch (1.116917ms)
✔ SU02 cancel permits absent body/key, one fetch, no persistence (0.54375ms)
✔ SU02 cancel rejects a body, a key or a malformed path before any fetch (0.267917ms)
✔ BPT01 exact private path, headers, body and three-locale one-fetch transport (91.069666ms)
✔ BPT02 payment routes reject untrusted path, context, headers, key and body before fetch (13.64825ms)
✔ BPT03 hostile upstream success is sanitized, never returned as payment data (13.809708ms)
✔ BPT04 every handoff failure is nonretryable, including pre-route and transport loss (1.581791ms)
✔ SU02 five routes: exact upstream path, method, key, body, one fetch each (3.0865ms)
✔ SU02 refresh and cancel are keyless and pass every CSRF/context denial before fetch (3.731542ms)
✔ SU02 every handoff/refresh/cancel failure is nonretryable and sanitized (3.312ms)
✔ SU02 hostile Stripe bodies become the sanitized 503; PAYUNi and Stripe bodies stay byte-identical (2.640375ms)
✔ SU02 prepare accepts only the two known method codes (2.92525ms)
✔ disabled and invalid configuration fail closed before private fetch (93.610542ms)
✔ private authority, cookie lifecycle and strict local denial (58.693417ms)
✔ bad host, cookie, query and method never reach private API (31.5825ms)
✔ stalled inbound POST body is canceled at its deadline without a cookie or private call (0.748209ms)
✔ R10: Begin forwards independently signed signals; browser attribution and forwarded hosts are not authority (37.875084ms)
✔ CVS BFF: exact routes, keyed open/store, keyless verify, validated answers, no generic proxy (33.481416ms)
✔ CVS BFF: contract refusal codes pass through; pay_at_pickup_limit is a definite (non-retryable) 429 (16.563292ms)
✔ fragment grammar accepts only one canonical token (0.501875ms)
✔ claim projections are closed (0.655792ms)
✔ claim token rides only its header on B1/B2 and is never echoed (137.894625ms)
✔ claim-priced cart edits send only SKU and quantity, keeping server price authority (10.907959ms)
✔ direct-checkout sold-out projection is mandatory, boolean and closed (0.132542ms)
✔ claim redeem shares the purchase lock, guards recovery and never persists the token (1.563667ms)
✔ ClaimLink removal projects live-priced survivors on ready and conflict pages (62.252167ms)
✔ ClaimLink revisit checks out applied A while pending B is sold out or unavailable (10.703083ms)
✔ ClaimLink refreshes a nothing result after a second tab applied the claim (26.588458ms)
✔ ClaimLink does not navigate when a buyable claim target is absent or has changed quantity (79.222333ms)
✔ ClaimLink optional prior-order notice tolerates unreadable storage without bypassing recovery (28.044291ms)
✔ CVS01 map form: only the two ECPay e-map actions, exact fields, top-level-safe values (1.809708ms)
✔ CVS02 return path allowlist excludes /claim and anything but the checkout or product page (0.147708ms)
✔ CVS03 selection projection: VERIFIED<=>pickup, REJECTED<=>reject_code, absent keys read as null (0.727708ms)
✔ CVS04 buyer-entered store answer and request body (0.357333ms)
✔ CVS05 store code table (§16.1) keeps leading zeros and per-chain lengths (0.163833ms)
✔ CVS06 recipient mirror: real-name width 4..10 (CJK=2), no digits/symbols/emoji; 09 mobile (1.135042ms)
✔ CVS07 checkout draft: name, phone and mode only; read once; corrupt/foreign shapes are dropped (0.283042ms)
✔ CVS08 return URL: only ?cvs_selection=<uuid> is accepted (0.1115ms)
✔ CVS09 buyer order projection and copy keys: nothing but PICKED_UP says picked up (0.108ms)
✔ CVS10 error codes: field mapping, definite refusals, official links are https constants (0.201042ms)
✔ CVS11 client transport: verify is the one new keyless POST; the server refusal code rides BuyerClientError.detail (82.843375ms)
✔ every locale x page has a title, an updated line and at least one section (0.996625ms)
✔ locales share the section count and per-section body count of every page (2.52175ms)
✔ final text is only the owner-confirmed company facts (CR 81215167 name + registered address); nothing else is final (0.878625ms)
✔ a legal page is published only when every text on it is final; buyers see no link to an unpublished one (0.595166ms)
✔ data-deletion path is named in the privacy page of every locale (0.0895ms)
✔ pendingOwnerText lists exactly the texts that keep a page unpublished and is written for the owner (1.66725ms)
✔ a live (claim-origin) price replaces the catalog price and strikes it through (1.431375ms)
✔ without a live price the catalog price and its compare-at are shown unchanged (0.44425ms)
✔ a live price equal to or above the catalog price is shown as set (strike hidden by the UI guard) (0.109458ms)
✔ a live price strikes the catalog price, never the variant sale price (0.057208ms)
✔ order ref: 12 hex (dashes or spaces, any case) or a full id (8.246959ms)
✔ contact: one email or a phone of 6..20 digits (0.196166ms)
✔ body is exactly {order_ref, contact}; the answer is exactly {order_id} (0.1515ms)
✔ BFF lookup: no cookie needed, fresh token goes upstream, cookie only on 200 and it carries that same token (73.738708ms)
✔ BFF lookup: strict local denial before any private fetch (5.269917ms)
✔ copy: three locales carry every key (3.466458ms)
✔ MS4 srcset descriptors use actual decoded widths and deduplicate small renditions (0.876875ms)
✔ MS1 product rendition allowlist preserves trusted Host and never forwards buyer cookies (32.260625ms)
✔ MS2 invalid, duplicate, extra, encoded widths and non-product variants fail before fetch (2.272625ms)
✔ MS3 old-image fallback is never promoted to immutable; committed variants are cacheable (4.031083ms)
✔ TWD whole amounts show no decimals in every locale and at every magnitude (line, subtotal, total, zero) (23.076375ms)
✔ cents appear only when there are cents, then always as two digits; the minor-unit arithmetic is untouched (0.292209ms)
✔ digits come from the currency: JPY none, USD two when there are cents (1.785042ms)
✔ one formatter: no component, page or lib builds a currency Intl.NumberFormat outside lib/money.ts (30.066709ms)
✔ fragment: exactly #o=<order id>&t=<43-char token>; anything else is null (4.2215ms)
✔ body is exactly {order_id, token, proof}; the answer is exactly the order the link named (0.517042ms)
✔ BFF link: no cookie needed, fresh token upstream, cookie only on a 200 naming the same order, link token never echoed (88.107875ms)
✔ BFF link: strict local denial before any private fetch (5.04425ms)
✔ copy: three locales, one refusal text, a retry and a lookup path (0.181ms)
✔ BPU01 fresh payment writes exact metadata before prepare, one bodyless Take, no persistent form (26.613125ms)
✔ BPU01 lost prepare response replays original key/body only on explicit next click (4.645667ms)
✔ BPU01 lost handoff is permanently GET-only, even after a second click (7.196125ms)
✔ BPU01 storage, amount, scope and child/screen fences reject before irreversible writes (2.605917ms)
✔ BPU01 document/child loss after prepare but before Take leaves exact replay marker (1.825917ms)
✔ BPU01 malformed server handoff never submits and Take remains nonretryable (3.447417ms)
✔ BPU01 marker replacement before Take and after Take blocks release/form reuse (5.789958ms)
✔ BPU01 context replacement after prepare and after Take closes destination without form (1.82ms)
✔ BPU01 synchronous destination refuses invalid locale before opening a window (0.176041ms)
✔ SU03 fresh Stripe pay: marker before prepare, one prepare, one handoff, navigate, URL never stored (1.003458ms)
✔ SU03 marker replay: lost prepare response replays key/body, no uncertain on PENDING view with leftover marker (1.278041ms)
✔ SU03 cross-device Continue needs no marker and never prepares (0.411917ms)
✔ SU03 marker/view matrix: PAYUNi marker on Stripe view and Stripe marker on PAYUNi view send nothing (0.771459ms)
✔ SU03 any other view renders without a POST (0.603125ms)
✔ SU03 CREATING: waits on the schedule without the lock, then hands off once when READY (17.081708ms)
✔ SU03 CREATING budget: 10 reads over 30 s, then the blank child is closed, no POST, no throw (65.890708ms)
✔ SU03 cancel_requested seen on the re-GET aborts before the handoff POST (1.31825ms)
✔ SU03 handoff outcomes: CREATING closes child, CLOSED/UNAVAILABLE/error/malformed reject; one POST each, never retried (15.045292ms)
✔ SU03 Stripe prepare errors, amount/currency mismatch and popup loss stop before any handoff (1.713584ms)
✔ SU03 two clicks make two handoff POSTs only because there were two clicks; sequential, none from reads (0.762375ms)
✔ SU03 navigate: validates again, needs an owned blank child, sets used before replace, no URL in errors (0.357958ms)
✔ SU03 refresh signal: keyless single POST, validated, throttled 1/10 s and 30 per page life, cancel never throttled (1.887209ms)
✔ SU03 signal failures are single-shot and sanitized: HTTP error, malformed body, wrong order (0.266125ms)
✔ private quote/option authority fields are required; only exact MANUAL home can checkout (2.9205ms)
✔ continue shopping advances only ordered version, clears hint, keeps SQL history authoritative (94.987ms)
✔ lost next-cart response retries identical key/body and preserves a newer cart (5.232291ms)
✔ continuation never overwrites an already advanced cart (0.43825ms)
✔ unknown checkout blocks continuation without any business request (0.250792ms)
✔ two queued continuation clicks mutate once; stale order ID cannot clear another order (0.471375ms)
✔ CAS conflict resolves only after a newer cart is read (1.091875ms)
✔ locator removal failure retains next-cart journal and recovery survives missing locator (0.643167ms)
✔ order history summary rejects PII/unknown fields and malformed scope IDs (0.094958ms)
✔ native address validation mirrors printable Unicode, limits and phone; journal forbids PII (1.806708ms)
✔ address lost reply replays exact in-memory intent, then confirms current head (0.876416ms)
✔ address reload requires explicit new intent and exact observed CAS; stale head never auto-bumps (0.582042ms)
✔ old address receipt cannot confirm another tab's newer current head (0.163666ms)
✔ a late address CAS winner requires another explicit confirmation, not an automatic version bump (2.337125ms)
✔ checkout lost reply, queued duplicate and current GET reuse one key and one order (4.148042ms)
✔ uncertain checkout retains original journal across later 401/403/404/5xx and malformed success (3.257208ms)
✔ only a fresh definitive denial clears checkout; no order locator is invented (1.049042ms)
✔ locator storage failure after commit retains same key; reload GET failure keeps locator (3.614ms)
✔ locator persisted but journal removal failed resumes pending receipt, not unrelated pointer (0.595584ms)
✔ unavailable storage, invalid locator and late changed context fail closed (0.275708ms)
✔ order locator readback mismatch and no-op journal removal both retain checkout recovery (0.404083ms)
✔ direct claim continuation refuses a newer ordered cart inside the purchase lock (0.258291ms)
✔ direct claim continuation keeps next-cart recovery after a conflicting clear (0.21325ms)
✔ collector projection: admitted for derived connections, absent/null for primary (1.618959ms)
✔ collector rejects identifiers, extra keys and malformed text (0.19475ms)
✔ disclosure renders the contract §5 line with all three slots substituted (0.116417ms)
✔ the disclosure line exists exactly when the hosted view returns a collector (0.082833ms)
✔ a shop or collector name with a replacement pattern is shown literally (0.052ms)
✔ OrderPayment renders the disclosure with the view, above every pay button, through the helper only (1.117875ms)
✔ BPT03 exact valid projection and Go nanosecond UTC timestamps (2.434208ms)
✔ BPT03 view rejects private fields, inconsistent state and malformed names (0.532375ms)
✔ BPT03 prepared receipt enforces exact original credit-card amount (0.258ms)
✔ BPT03 hosted form and replay are exact, bounded and action-allowlisted (0.584917ms)
✔ SU01 Stripe views: fresh, both methods, attempt states, PAYUNi unchanged (0.206ms)
✔ SU01 Stripe view negatives (0.142ms)
✔ SU01 prepared amounts follow the corrected per-currency table (0.114458ms)
✔ SU01 Stripe handoff union and every redirect_url negative (0.243958ms)
✔ SU01 payment signal is exactly {order_id, scheduled:boolean} (0.098667ms)
✔ RUI01 refund summary: refunded states, pending money, absent ≡ null (0.141583ms)
✔ RUI01 refund summary negatives (0.122333ms)
✔ BPU03 neutral GET and POST return ignore every callback field and cookie (20.528542ms)
✔ primary origin: exact path/query, same host, and no URL-controlled destination (6.461541ms)
✔ GET and HEAD use trusted Host, private bounded uncached resolver and exact 301 (39.285ms)
✔ no writes redirected; resolution failures fail closed; unknown hosts keep native 404 (4.715583ms)
✔ policy version is the frozen constant, in the customers-core D4 shape (0.403334ms)
✔ route table: exactly the four buyer privacy routes, methods and body kinds (0.400417ms)
✔ body shapes are closed and mirror the frozen Go inputs (no source, no policy_version) (0.0895ms)
✔ GET privacy validator: closed shape, erased owner holds no consent (0.114958ms)
✔ consent result and erasure summary validators (0.212833ms)
✔ buyer export envelope never carries customer_id (0.081417ms)
✔ failure classification: 410 and erased are the erased state (1.823041ms)
✔ copy: every locale has the same keys, the ads box discloses that sent events cannot be recalled (0.300042ms)
✔ selected option photo uses a main display slot without adding a fifth main image (7.722042ms)
✔ use-cover selection and a main-thumbnail selection restore the original main gallery (0.335958ms)
✔ cart thumbnail uses variant then catalog image_id, including when main images are absent (0.428625ms)
✔ migrated four-main/five-detail images stay separate when the option photo changes (0.7335ms)
✔ real cart-detail composition uses server SKU image_id (v2 detail available) (45.250708ms)
✔ real cart-detail composition uses server SKU image_id (v2 detail unavailable) (2.86825ms)
✔ parity: frontend caps equal the Go constants (1.983ms)
✔ detail parser: 4 main + 20 detail + option-value images are accepted and mapped (7.734458ms)
✔ detail parser: 5 main, 21 detail, bad ids and over-cap option images are refused (0.449667ms)
✔ detail parser: a backend before product-media-v2 (no new keys) still parses with empty defaults (0.266333ms)
✔ v1 catalog row: images are main-only (<= 4) and image_id is a uuid or null (0.55825ms)
✔ PRO-S1 code mirror: any case and spaces normalise; impossible codes never become a request (3.165291ms)
✔ PRO-S2 promotion object: closed keys, kind/value pairing (0.462167ms)
✔ PRO-S3 quote validator: promotion is optional but never malformed; the discount stays the server's own number (0.709875ms)
✔ PRO-S4 journal grammar: a quote write may carry one canonical promo_code, nothing else (0.977459ms)
✔ PRO-S5 copy: three locales cover every refusal code and the same keys (1.093ms)
✔ PRO-S6 BFF quote route: promo_code relayed untouched when canonical, refused before the private API otherwise (50.570791ms)
✔ PRO-S7 BFF: every promo_* refusal is a definite, non-retryable 422 with its own code (52.257875ms)
✔ demonstration disclosure is explicit and local-only (0.973375ms)
✔ cart selection preserves unrelated SKUs and the observed CAS version (7.286875ms)
✔ minor amounts are bounded before multiplication, including zero (0.080833ms)
✔ delivery identity includes country for one market and method (0.061042ms)
✔ journal is bound to context and rejects PII/unknown fields (0.212417ms)
✔ lost response replays exact key/body, then clears only after parsed receipt (20.101125ms)
✔ RUI02 buyer order admits MERCHANT_SHIPPED only with a SHIPPED head; absent shipment ≡ null (0.505833ms)
✔ RUI02 shipment shape negatives (incl. unsafe links) (0.245ms)
✔ RUI02 history summary admits MERCHANT_SHIPPED (a shipped order must not break the list) (0.081625ms)
✔ CVSP01 options: CVS rows carry pickup_selection/payment_modes; unavailable rows are a separate shape (0.342ms)
✔ CVSP02 CVS destination write: TW only, pickup_id required, empty home address; home unchanged (1.946917ms)
✔ CVSP03 checkoutInput: payment_mode only for CVS rows and only a mode the row offers (0.323083ms)
✔ COD confirmation includes expected fee, enforces collect cap and validates immutable order money (0.243625ms)
✔ CVSP04 buyer order: pay_at_pickup <=> collection_state; cvs_shipment only on a matching CVS destination (0.196458ms)
✔ CVSP05 journal accepts a CVS destination marker and a checkout body with payment_mode, nothing else (0.162ms)
✔ validProduct accepts up to the Go photo cap and rejects one more (0.295791ms)
✔ design: garbage and hostile documents collapse to the safe default shape (1.245583ms)
✔ design: links, preview token propagation, nav resolution (0.130125ms)
✔ design: any merchant accent yields readable button text and link colour (WCAG AA) (0.237542ms)
✔ variants: resolution, disabled out-of-stock combinations, initial choice, price bounds (0.161542ms)
✔ catalog-v2 parsers accept the frozen shapes and refuse drift (0.500583ms)
✔ free-delivery progress words the hint only when a threshold exists (0.06375ms)
✔ list query: only whitelisted, canonical values survive (0.221333ms)
✔ seo: JSON-LD cannot break out of its script tag; offers reflect stock and price range (88.129167ms)
✔ seo: sitemap escapes and carries hreflang; robots refuses everything for a closed host (2.005292ms)
✔ money: whole amounts drop cents, minor digits come from the currency, filters round-trip (8.3245ms)
✔ cart line write: replaces one line, keeps the others, 0 removes, CAS version is the one shown (2.638209ms)
✔ cart problems map to buyer-facing classes without leaking transport detail (6.152666ms)
✔ checkout options accept the optional free-shipping threshold only as a positive integer or null (1.411125ms)
✔ no-image placeholder copy: exactly the locale label a photo-less card or gallery renders (0.076166ms)
✔ storefront image caps equal the Go catalog caps (internal/catalog MaxMainImages, MaxDetailImages) (40.085625ms)
✔ design text limits count code points like Go, never splitting a surrogate pair (0.648417ms)
✔ G3: same-series cards exclude the current product and never invent absent draft/foreign products (1.348625ms)
✔ G5: safety guidance exists in three languages without changing the five merchant policy approval boundaries (1.890458ms)
✔ G4: category chips omit empty collections; hidden collections absent from the public API stay absent (0.495958ms)
✔ OrderHistory renders server order instant in Taipei (10.242333ms)
✔ ClaimLink renders claim expiry in Taipei (2.490958ms)
✔ BankTransfer renders deadline and proof instant in Taipei (4.156625ms)
✔ BankTransfer proof echo labels store time in en (3.2215ms)
✔ BankTransfer proof echo labels store time in zh-TW (4.294625ms)
✔ BankTransfer proof echo labels store time in zh-CN (5.364875ms)
✔ BankTransfer input describes the device zone in en (128.530459ms)
✔ BankTransfer input describes the device zone in zh-TW (8.14725ms)
✔ BankTransfer input describes the device zone in zh-CN (3.736584ms)
✔ ShopFooter uses Taipei year across UTC year boundary (7.100541ms)
✔ BankTransfer deadline labels store time in en (3.585459ms)
✔ BankTransfer deadline labels store time in zh-TW (3.550958ms)
✔ BankTransfer deadline labels store time in zh-CN (6.067125ms)
✔ OrderHistory states the Taipei time zone once in en (6.619459ms)
✔ OrderHistory states the Taipei time zone once in zh-TW (1.503375ms)
✔ OrderHistory states the Taipei time zone once in zh-CN (1.035334ms)
✔ dictionaries have exact parity and non-empty values (0.705625ms)
✔ locale precedence and language quality mapping (1.924333ms)
✔ localized paths preserve deep links and reject dangerous input (1.135625ms)
✔ path locale only matches a canonical first segment (0.205916ms)
✔ the four constructs render (2.573375ms)
✔ XSS payloads stay inert text (0.500916ms)
✔ fuzz: any string over a hostile alphabet renders only whitelisted tags (22.940459ms)
✔ validator mirrors the Go rules (0.296667ms)
✔ SDN1 allowlist: exactly the contract routes, per method (0.607959ms)
✔ SDN1 allowlist: traversal, case, suffix and prefix tricks never match (33.722666ms)
✔ SDN1 request shape: no query string anywhere, reads carry no body, key, length or transfer-encoding (87.873541ms)
✔ SDN1 cap: 260 KiB = Go's 256 KiB document + 4 KiB envelope, and a body of exactly the cap is still below it (0.061709ms)
✔ SDN2 renderer: every XSS payload comes out as whitelisted tags and escaped text only (0.736083ms)
✔ SDN2 renderer: escape-first means the merchant's text never becomes markup (0.103375ms)
✔ SDN2 renderer: fuzz (seeded) never produces a tag outside the whitelist (14.767292ms)
✔ SDN2 client validator rejects what the server rejects (HTML, non-https links, `<` anywhere) (0.215791ms)
✔ cleanForSave turns cleared fields into null but keeps an empty body (6.7705ms)
✔ localIssues names each missing mandatory value by server path (9.314542ms)
✔ moved swaps neighbours and ignores out-of-range moves (0.097208ms)
✔ parsers accept the exact Go shapes and refuse extra or missing keys (0.40675ms)
✔ BFF allowlist covers exactly the design resources (0.238416ms)
✔ validDesignRequest refuses queries and bodies on reads, ignores other paths (99.22625ms)
✔ designDetails forwards only a bounded {path, reason} pair (0.205209ms)
✔ accepts exactly the three locale invite paths with a 20-200 char token (1.2485ms)
✔ rejects anything that is not an exact same-origin relative invite path (0.131625ms)
✔ rejects percent-encoded variants of the exact shape (0.063542ms)
✔ the token is an opaque invite token shape, never a URL (0.047292ms)
✔ fragment carrier: round-trips the exact invite path, is never a query string, and rejects hostile fragments (0.594584ms)
✔ dashboard: accepts the frozen shape, rejects drift (10.511083ms)
✔ import result: strict keys, closed error codes, committed never carries errors (0.460459ms)
✔ csv file guard mirrors the Go bounds (0.101917ms)
✔ manual options: a COD home row parses with its offer (D01: the page used to refuse the whole list) (0.745542ms)
✔ manual options: only bank_transfer / pay_at_pickup / cash_on_delivery, key must equal market|country|code (0.13025ms)
✔ manual result: link is https with the order id and a 43-char capability in the fragment only (0.517417ms)
✔ draft: first problem, and the body has no price-like field at all (68.477625ms)
✔ BFF grammar: exactly the seven tools resources (0.560916ms)
✔ regenerate body/result: exactly {order_id, locale} and a fresh https link naming that order (0.949708ms)
✔ copy parity: every locale has every key, import rules and error codes (22.041958ms)
✔ callback redirect target is always a same-origin /<locale>/settings path whatever the cookies, store, code or error say (2.273167ms)
✔ the binding cookie: exactly one canonical store uuid, path-scoped to the callback, HttpOnly, Lax, 10 minutes, Secure (0.136291ms)
✔ callback query: exactly one code and one state within charset/length bounds; Meta's error=… and repeats are not forwarded (2.441917ms)
✔ the dialog URL the BFF hands the browser is https://www.facebook.com only (0.146333ms)
✔ callback error mapping only ever yields fixed codes, never an upstream message (0.132209ms)
✔ selected Page qualifies only a bare Facebook id, never rewrites another Page or external URL (0.528541ms)
✔ status: not connected, connected with and without Instagram, and every deviation throws (1.416542ms)
✔ pick state: closed shape, optional Instagram keys come as a pair, id must match (0.247584ms)
✔ route grammar: only status/states/pick/disconnect; start and callback are dedicated routes; no query; reads carry no body or key (12.490042ms)
✔ connect cookie, body and callback redirect never carry code/state and only fixed codes (0.296584ms)
✔ copy: three locales have the same keys and every Go error code has a message (0.097625ms)
✔ review-required remains restricted; evidence does not promote state (5.342375ms)
✔ legacy omission remains unidentified, independent of array order (10.44825ms)
✔ closed shapes reject unknown state/provider/evidence, leaked fields and inconsistent severity (1.512833ms)
✔ duplicate capabilities/pages and unbounded arrays cannot become trusted state (0.357167ms)
✔ worst Page determines advice, no raw upstream reason reaches copy (0.414417ms)
✔ recheck receipt means scheduled; timestamps and closed keys are checked (0.938125ms)
✔ exact keyless route grammar rejects query/key/body confusion (24.297958ms)
✔ recheck takes exactly page_id and no caller-provided scope (0.143375ms)
✔ blocking advice comes from the blocking capability, not a secondary public-reply warning (0.24ms)
✔ clean health browser mode prepares admin standalone before starting its fixture (10.900042ms)
✔ en: expired connection retains its full refusal inside a wrapping badge (106.654417ms)
✔ zh-TW: expired connection retains its full refusal inside a wrapping badge (1.965916ms)
✔ zh-CN: expired connection retains its full refusal inside a wrapping badge (1.6515ms)
✔ actual B1 snapshot state remains ok even when a fixture expected review_required (0.228333ms)
✔ D02 TWD input: whole dollars only, x100 on the wire (16.405167ms)
✔ D02 TWD edit text: whole dollars have no decimals; a legacy amount with cents is never shown as another price (0.735209ms)
✔ D02 display: NT$ without decimals in every language, cents only when there are cents (4.695792ms)
✔ D02 live-price input (Studio claims): TWD whole dollars, other currencies their decimals (0.282125ms)
✔ D02 discount code amounts: TWD whole dollars, a decimal is refused before it is sent (1.088625ms)
✔ D02 no admin copy or component says 'minor units' to the merchant (93.308584ms)
✔ M06 time: Asia/Taipei everywhere, labelled, never UTC (15.245375ms)
✔ settings answer: exactly one boolean key (2.238875ms)
✔ PUT body is the frozen single key (0.312ms)
✔ BFF grammar: GET read, PUT keyed command, nothing else (0.719416ms)
✔ copy: three locales, same keys, no empty text (0.415959ms)
✔ PRM01 parse: exact keys, kind/value pairing and ranges; duplicates and unknown keys are refused (3.214ms)
✔ PRM02 Taipei wall time: +08:00 on the wire, instant shown back in Taipei, impossible dates refused (14.213083ms)
✔ PRM03 create body: normalised code, major units to minor units, optional fields null, whole body validated (4.324333ms)
✔ PRM04 update + toggle: version CAS key, form round trip, pause keeps every other field (1.031209ms)
✔ PRM05 BFF grammar: exactly list, create and update; nothing generic (0.515333ms)
✔ PRM06 copy: three locales carry the same keys and every refusal code the Go routes can answer (0.435041ms)
✔ G-UI3/G-UI5 architecture constraints pass with shrinking legacy exceptions (1468.786166ms)
✔ G-UI3/G-UI5 negatives: new formatter, component fetch, >800 lines and wider allowance fail (1.308958ms)
✔ Readiness jump controls expose the actual active section, not a click flag (0.930917ms)
✔ Integrator P2: legal CN comment ordering and a distinct three-image recommendation (0.230084ms)
✔ ADM04 and ADM06 explain unavailable SKUs and keep collection vocabulary consistent (0.253708ms)
✔ ADM06 create/detail titles share the route vocabulary without adding a phantom Next page (0.30725ms)
✔ G-UI1 Next pages and route registry are bidirectional, unique, typed, documented (2.505875ms)
✔ G-UI1 copy key parity: no missing or extra key in any locale (0.119666ms)
✔ G-UI2 staff without catalog:read cannot see products/inventory or open a product URL (0.279667ms)
✔ G-UI2 every route permission is a permission Go knows, and /orders/new needs inventory:reserve (316.921333ms)
✔ G-UI1 dynamic and public routes match, details never appear as navigation (0.330166ms)
✔ W6-U2 ledger is a settings in-page route, preserving existing navigation (0.134916ms)
✔ Every browser spec clicks nav-orders: the orders group stays a singleton, so returns/new/print routes are nav: false (0.241417ms)
✔ shell-registry: every routed path has exactly one nonempty shared h1 in all three locales (426.619709ms)
✔ shell-registry: orders stays one actual group button on live and non-live routes (5.050917ms)
✔ shell-registry: loading/expired/unavailable/forbidden keep one safe heading and never leak private content (2.122333ms)
✔ created address is a strict HTTPS origin matching the assigned handle (2.869709ms)
✔ DNS instructions must name the requested origin and a bare hostname target (1.467666ms)
✔ domain kind is authoritative and closed, not inferred from host or token (0.391333ms)
✔ apex DNS retains every concrete IPv4/IPv6 address and rejects malformed values (1.714958ms)
✔ pending domain journal preserves exact action/key/target; legacy or corrupt markers never replay (1.793333ms)
✔ browser-origin gate: every refusal happens before Go is called, for every action (26.161125ms)
✔ only POST exists on the team routes (3.075416ms)
✔ unknown action is a local 404 and never reaches Go (1.310083ms)
✔ strict request grammar: wrong keys, types, ids, roles, locales and token shapes are 422 locally (17.34075ms)
✔ what reaches Go: BFF key, bearer from the cookie, no Cookie/Origin, body unchanged, exactly one call per request (182.669042ms)
✔ Go failures are rebuilt locally from allow-listed codes, never retried, and never echo the token (172.104125ms)
✔ team answer: accepts the frozen shape, null role and OIDC member without email (1.409ms)
✔ team answer: unknown key, unknown role, bad id, bad mail state are rejected (1.031166ms)
✔ invite and accept answers are strict (1.41325ms)
✔ request grammar: every action has an exact key set and rejects junk values (0.278625ms)
✔ copy: three locales carry the same keys and a label for every role (0.767625ms)
✔ role-aware navigation: hides entries the member's permissions cannot use; unknown shows all; Team is owner-only (0.242291ms)
✔ P02 settlements directory rejects missing/link/owner/group/mode with a valid control (742.579917ms)
✔ preflight health permission grammars and API/worker consistency fail closed (3959.565708ms)
✔ merchant alert flag is explicit 0|1 and independently requires SMTP (3254.942208ms)
✔ shared loader makes API/worker LIVE pair file-only before Compose interpolation (499.031125ms)
✔ export bind accepts omitted JSON false but rejects unsafe source/config mutations (1.634833ms)
✔ sanctioned operator allowlist and fail-closed gates (fake docker, no network) (2480.048667ms)
✔ platform operator custody, export mount and binary are wired (181.660083ms)
✔ actual export bind refuses a missing directory; enabling auto-create is detected (471.013542ms)
✔ R3 preflight rejects cancelled PAYUNi, validates Page app and keeps LIVE pair mandatory (1375.460917ms)
✔ R3 smoke exercises exact denied probes, accepts 404 only for disabled mounts (127.20975ms)
✔ positive control: a complete, valid configuration raises no META_LOGIN finding (1488.306875ms)
✔ feature off (COMMERCE_META_LOGIN_CONFIG_ID empty): no rule applies even with the other keys empty (415.337708ms)
✔ P06: the Page route needs the webhook receiver (394.390083ms)
✔ P06: sessions come from identity (326.121916ms)
✔ P06: without the claims profile nobody sends the private replies (a WARN, not a FAIL) (432.071875ms)
✔ P08: COMMERCE_META_LOGIN_CONFIG_ID must be numeric ("abc") (435.606959ms)
✔ P08: COMMERCE_META_LOGIN_CONFIG_ID must be numeric ("12 34") (386.73125ms)
✔ P08: COMMERCE_META_LOGIN_CONFIG_ID must be numeric ("111111111111") (415.021333ms)
✔ P08: COMMERCE_META_LOGIN_CONFIG_ID must be numeric ("0x10") (387.763167ms)
✔ P08: COMMERCE_META_LOGIN_CONFIG_ID must be numeric ("-1") (347.722459ms)
✔ P08: COMMERCE_META_LOGIN_REDIRECT_URI must be exactly https://<LC_ADMIN_HOST>/api/meta/callback (wrong host) (366.934458ms)
✔ P08: COMMERCE_META_LOGIN_REDIRECT_URI must be exactly https://<LC_ADMIN_HOST>/api/meta/callback (http scheme) (384.1855ms)
✔ P08: COMMERCE_META_LOGIN_REDIRECT_URI must be exactly https://<LC_ADMIN_HOST>/api/meta/callback (the ads callback path) (386.19175ms)
✔ P08: COMMERCE_META_LOGIN_REDIRECT_URI must be exactly https://<LC_ADMIN_HOST>/api/meta/callback (trailing slash) (629.607708ms)
✔ P08: COMMERCE_META_LOGIN_REDIRECT_URI must be exactly https://<LC_ADMIN_HOST>/api/meta/callback (query string) (466.935708ms)
✔ P08: COMMERCE_META_LOGIN_REDIRECT_URI must be exactly https://<LC_ADMIN_HOST>/api/meta/callback (empty) (524.206709ms)
✔ P08: COMMERCE_META_LOGIN_GRAPH_VERSION grammar vNN.N ("26.0") (220.455584ms)
✔ P08: COMMERCE_META_LOGIN_GRAPH_VERSION grammar vNN.N ("v26") (224.384541ms)
✔ P08: COMMERCE_META_LOGIN_GRAPH_VERSION grammar vNN.N ("v26.0.1") (266.284334ms)
✔ P08: COMMERCE_META_LOGIN_GRAPH_VERSION grammar vNN.N ("latest") (367.615125ms)
✔ P08: COMMERCE_META_LOGIN_GRAPH_VERSION grammar vNN.N ("") (442.111042ms)
✔ P08: COMMERCE_META_LOGIN_GRAPH_VERSION grammar vNN.N ("v1000.0") (314.128792ms)
✔ P08: COMMERCE_META_LOGIN_GRAPH_VERSION accepts v26.0 (188.991791ms)
✔ P08: COMMERCE_META_LOGIN_GRAPH_VERSION accepts v22.0 (177.745833ms)
✔ P08: COMMERCE_META_LOGIN_GRAPH_VERSION accepts v99.9 (194.819042ms)
✔ production without any alert channel is a FAIL (nobody would hear the next outage) (1420.067541ms)
✔ outside production the same gap is only a WARN (424.5395ms)
✔ a webhook alone satisfies the rule (411.807042ms)
✔ an e-mail target with a complete relay (host, username, secret) satisfies the rule (334.784917ms)
✔ an e-mail target without the relay secret cannot be sent: FAIL in production, WARN elsewhere (860.706625ms)
✔ the example's CHANGE_ME_SENDER placeholder is not a relay: the e-mail target cannot be sent (432.342375ms)
✔ LC_ALERT_EMAIL must be one plain address ("not-an-address") (498.187917ms)
✔ LC_ALERT_EMAIL must be one plain address ("two@fake.invalid,three@fake.invalid") (340.918666ms)
✔ LC_ALERT_EMAIL must be one plain address ("a b@fake.invalid") (377.221083ms)
✔ LC_ALERT_EMAIL must be one plain address ("<owner@fake.invalid>") (401.275834ms)
✔ LC_ALERT_EMAIL must be one plain address ("owner@fake") (329.016417ms)
✔ storefront cart-line removal is reversible: clicked for real, not guarded (1.419541ms)
✔ destructive / irreversible / sign-out classification (owner list, en + zh) (1.380125ms)
✔ alike controls (rows with ids / numbers) share one class key (0.698125ms)
✔ known defects classify, never silence: stale entries are reported (1.138875ms)
✔ the markdown ledger has one row per interaction and names the verdict (0.658375ms)
✔ protocolHrefOK accepts well-formed tel:/mailto: and rejects malformed ones (0.570791ms)
✔ J1 waits for enabled media and clicks a real chooser; the uploaded cover is bound to the main section (909.788583ms)
✔ J1 cannot credit a detail-image receipt as the main cover (0.652333ms)
✔ J1 refuses a failed cover upload rather than continuing to activate (0.17625ms)
✔ thresholds are the named constants of the brief (3.283708ms)
✔ R1: document wider than the viewport, and the outermost element past the edge (0.880292ms)
✔ R2: label tops, control tops and control heights of one visual row (1.304708ms)
✔ R2: what is one row and what is not (0.787917ms)
✔ R2: a button beside a field has to line up with its control (0.234875ms)
✔ R3: a row made tall by stacked controls, a control wider than its cell (0.868417ms)
✔ R3: a matrix whose EVERY row is doubled by a stacked stock cell (the median cannot see it) (0.716292ms)
✔ R4: small text, helper text apart, icons and duplicates excepted (0.330167ms)
✔ R5: tap targets on the 390 viewport only (2.543583ms)
✔ R6: interactive elements and text boxes that overlap (0.455958ms)
✔ R7: text clipped inside a control or label (either side), and select values that do not fit (0.384583ms)
✔ R8: the same visible label twice in one list (0.127125ms)
✔ evaluate() tags severity, selectRecords() keeps distinct groups first and counts every instance (0.975583ms)
✔ R9: text and controls flush to the screen edge at 390 (1.154917ms)
✔ R6/R9 judge the visible (ancestor-clipped) rectangle, not the raw one (integrator ruling 2026-10-05) (0.609541ms)
✔ R10: a fixed or sticky bar covering main content after scrolling (0.999ms)
✔ R11: controls narrower than a usable width (1.362333ms)
ℹ tests 437
ℹ suites 0
ℹ pass 437
ℹ fail 0
ℹ cancelled 0
ℹ skipped 0
ℹ todo 0
ℹ duration_ms 14544.082916
✔ closed projections reject secret-shaped extras, invalid enums, IDs and contradictory capabilities (1.561333ms)
✔ detail accepts only bounded events and keeps actual server action flags (0.52075ms)
✔ BFF exact routes and request grammar forbid keys/body on reads, filters on detail and arbitrary writes (17.519333ms)
✔ copy parity, safe object navigation and UNKNOWN/protective reasons (0.230959ms)
✔ read-only store capability never exposes a command even if the state allows one (0.069625ms)
✔ duplicate escaped keys cannot bypass the exact command grammar (0.050041ms)
✔ query backoff affects only its operation and expires without another action (0.056417ms)
✔ merchant reason text translates ledger events and conceals unknown or prototype codes (0.106417ms)
✔ ledger read navigation requires effective integration:read permission regardless of role (0.07775ms)
ℹ tests 9
ℹ suites 0
ℹ pass 9
ℹ fail 0
ℹ cancelled 0
ℹ skipped 0
ℹ todo 0
ℹ duration_ms 130.390375
✔ OrderHistory renders server order instant in Taipei (32.189083ms)
✔ ClaimLink renders claim expiry in Taipei (3.314958ms)
✔ BankTransfer renders deadline and proof instant in Taipei (2.350625ms)
✔ BankTransfer proof echo labels store time in en (1.477ms)
✔ BankTransfer proof echo labels store time in zh-TW (1.797667ms)
✔ BankTransfer proof echo labels store time in zh-CN (2.542416ms)
✔ BankTransfer input describes the device zone in en (2.1715ms)
✔ BankTransfer input describes the device zone in zh-TW (1.937042ms)
✔ BankTransfer input describes the device zone in zh-CN (2.42ms)
✔ ShopFooter uses Taipei year across UTC year boundary (2.666583ms)
✔ BankTransfer deadline labels store time in en (1.238167ms)
✔ BankTransfer deadline labels store time in zh-TW (1.132542ms)
✔ BankTransfer deadline labels store time in zh-CN (1.205125ms)
✔ OrderHistory states the Taipei time zone once in en (1.043834ms)
✔ OrderHistory states the Taipei time zone once in zh-TW (1.390791ms)
✔ OrderHistory states the Taipei time zone once in zh-CN (1.226792ms)
✔ Meta rejection wording is preserved as bounded Unicode text, never translated (2.673875ms)
✔ frozen error codes: model list equals the frozen list, each is read from both error shapes (0.64675ms)
✔ copy: every code, status, op state and connect error has text in all three locales (0.7085ms)
✔ copy never calls a budget a hard stop and never offers resume (0.5915ms)
✔ draft: every §5.1 status parses; unknown status/template/op state is an error, never guessed (1.04225ms)
✔ draft: optional fields, remote ids and the Ads Manager link (0.719542ms)
✔ action hints: pause whenever a remote id exists and not ENDED; a paused draft is only ever copied (X7) (0.682375ms)
✔ money: whole units to minor with integer math; TWD must be whole (24.605666ms)
✔ Taipei schedule: wall inputs and draft projections ignore the viewer zone (4.234625ms)
✔ Taipei schedule: invalid calendar days are rejected and all copy names UTC+8 (0.302666ms)
✔ draft input: exact 11-key body and every local rule (3.413458ms)
✔ draft form round trip and X7 copy (blank schedule, no id, no revision) (0.267833ms)
✔ settings parser: environment enum, connections, identities, capi (0.351666ms)
✔ connect state parser: pick list kinds and id match (0.105208ms)
✔ report: three separate blocks, orders may be null, no combined figure (0.242709ms)
✔ default report window is the Asia/Taipei store day whatever the viewer's zone is (Taipei midnight boundary) (3.522083ms)
✔ capi body and validation (0.144334ms)
✔ W6-06B unbind response: exact keys, account, UUIDs and outcome semantics (0.192ms)
✔ W6-06B in-flight details preserve bounded items and total, reject unknown shapes (0.173625ms)
✔ W6-06B catalog feed has exact public URL/domain pairs or published-store empty (0.54375ms)
✔ W6-06B copy preserves unbind boundaries and feed recovery in three locales (0.153792ms)
✔ W6-06B feed selection follows origin order, not full feed URL order (0.145708ms)
✔ customer list accepts the frozen row and rejects unknown keys, dup ids, bad cursor, oversize (2.16775ms)
✔ customer row invariants: nulls for bundle-only/erased, counts, money, consents (0.279ms)
✔ customer detail: bounded lists, order summaries reuse the orders parser, id must match (5.211875ms)
✔ erasure summary is four counts only (0.106125ms)
✔ finance summary: net = captured - refunded (I05), totals carry an empty day, sandbox flag (0.354083ms)
✔ financeDay is the UTC+8 day (0.06075ms)
✔ finance defaults keep Taipei dates across midnight, leap day and year end (0.076ms)
✔ tags and notes are parsed strictly (W6-01B) (0.717709ms)
✔ TSX seam refuses an unlisted import (3.436167ms)
✔ Ads merchant timestamp uses Taipei at the year boundary (12.893542ms)
✔ Design version published_at cell uses Taipei at the year boundary (2.473833ms)
✔ ManualOrder bank-transfer expiry uses Taipei at the year boundary (2.759458ms)
ℹ tests 50
ℹ suites 0
ℹ pass 50
ℹ fail 0
ℹ cancelled 0
ℹ skipped 0
ℹ todo 0
ℹ duration_ms 227.080333
✔ OrderHistory renders server order instant in Taipei (7.502958ms)
✔ ClaimLink renders claim expiry in Taipei (2.309583ms)
✔ BankTransfer renders deadline and proof instant in Taipei (2.211333ms)
✔ BankTransfer proof echo labels store time in en (1.640875ms)
✔ BankTransfer proof echo labels store time in zh-TW (1.598541ms)
✔ BankTransfer proof echo labels store time in zh-CN (1.493708ms)
✔ BankTransfer input describes the device zone in en (1.386791ms)
✔ BankTransfer input describes the device zone in zh-TW (1.845625ms)
✔ BankTransfer input describes the device zone in zh-CN (1.716084ms)
✔ ShopFooter uses Taipei year across UTC year boundary (1.883292ms)
✔ BankTransfer deadline labels store time in en (1.379958ms)
✔ BankTransfer deadline labels store time in zh-TW (1.111625ms)
✔ BankTransfer deadline labels store time in zh-CN (1.033167ms)
✔ OrderHistory states the Taipei time zone once in en (0.8015ms)
✔ OrderHistory states the Taipei time zone once in zh-TW (0.636708ms)
✔ OrderHistory states the Taipei time zone once in zh-CN (0.602458ms)
✔ Meta rejection wording is preserved as bounded Unicode text, never translated (3.548834ms)
✔ frozen error codes: model list equals the frozen list, each is read from both error shapes (0.398667ms)
✔ copy: every code, status, op state and connect error has text in all three locales (0.260292ms)
✔ copy never calls a budget a hard stop and never offers resume (0.248333ms)
✔ draft: every §5.1 status parses; unknown status/template/op state is an error, never guessed (0.438875ms)
✔ draft: optional fields, remote ids and the Ads Manager link (0.18075ms)
✔ action hints: pause whenever a remote id exists and not ENDED; a paused draft is only ever copied (X7) (0.559ms)
✔ money: whole units to minor with integer math; TWD must be whole (10.287334ms)
✔ Taipei schedule: wall inputs and draft projections ignore the viewer zone (3.691875ms)
✔ Taipei schedule: invalid calendar days are rejected and all copy names UTC+8 (0.280125ms)
✔ draft input: exact 11-key body and every local rule (3.737416ms)
✔ draft form round trip and X7 copy (blank schedule, no id, no revision) (0.248041ms)
✔ settings parser: environment enum, connections, identities, capi (0.376917ms)
✔ connect state parser: pick list kinds and id match (0.110916ms)
✔ report: three separate blocks, orders may be null, no combined figure (0.248916ms)
✔ default report window is the Asia/Taipei store day whatever the viewer's zone is (Taipei midnight boundary) (2.057917ms)
✔ capi body and validation (0.141417ms)
✔ W6-06B unbind response: exact keys, account, UUIDs and outcome semantics (0.195375ms)
✔ W6-06B in-flight details preserve bounded items and total, reject unknown shapes (0.22425ms)
✔ W6-06B catalog feed has exact public URL/domain pairs or published-store empty (0.201833ms)
✔ W6-06B copy preserves unbind boundaries and feed recovery in three locales (0.08725ms)
✔ W6-06B feed selection follows origin order, not full feed URL order (0.090042ms)
✔ customer list accepts the frozen row and rejects unknown keys, dup ids, bad cursor, oversize (3.17575ms)
✔ customer row invariants: nulls for bundle-only/erased, counts, money, consents (0.225542ms)
✔ customer detail: bounded lists, order summaries reuse the orders parser, id must match (1.795333ms)
✔ erasure summary is four counts only (0.0875ms)
✔ finance summary: net = captured - refunded (I05), totals carry an empty day, sandbox flag (1.120208ms)
✔ financeDay is the UTC+8 day (1.323125ms)
✔ finance defaults keep Taipei dates across midnight, leap day and year end (0.465458ms)
✔ tags and notes are parsed strictly (W6-01B) (0.893959ms)
✔ TSX seam refuses an unlisted import (8.53625ms)
✔ Ads merchant timestamp uses Taipei at the year boundary (14.636125ms)
✔ Design version published_at cell uses Taipei at the year boundary (2.418875ms)
✔ ManualOrder bank-transfer expiry uses Taipei at the year boundary (4.011583ms)
ℹ tests 50
ℹ suites 0
ℹ pass 50
ℹ fail 0
ℹ cancelled 0
ℹ skipped 0
ℹ todo 0
ℹ duration_ms 149.320375
✔ legacy display sentinels preserve a list row without admitting arbitrary or private data (1.9835ms)
✔ orders-v2 accepts bounded filters and Taipei inclusive dates; rejects ambiguity (0.443083ms)
✔ orders-v2 rejects client count approximations, unbounded or extra response data (0.146583ms)
✔ all three locales label every task queue, payment and delivery mode (0.311416ms)
ℹ tests 4
ℹ suites 0
ℹ pass 4
ℹ fail 0
ℹ cancelled 0
ℹ skipped 0
ℹ todo 0
ℹ duration_ms 78.673958
✔ numeric store IDs have no suggestion BFF or browser client (1.133625ms)
ℹ tests 1
ℹ suites 0
ℹ pass 1
ℹ fail 0
ℹ cancelled 0
ℹ skipped 0
ℹ todo 0
ℹ duration_ms 69.929333
✔ ADM10 operator sentence is localized while product and company facts stay authoritative (0.412834ms)
✔ PS review: actual Host matching normalizes case, port and a terminal DNS dot, never forwarded authority (0.7315ms)
✔ PS review: privacy/terms retain Messenger and Instagram purpose disclosure; deletion uses exact UI labels (0.126333ms)
✔ P2-N1 zh-TW/privacy: current comments and private reply, conditional inbound messages (0.083375ms)
✔ P2-N1 zh-TW/terms: current comments and private reply, conditional inbound messages (0.045959ms)
✔ P2-N1 zh-CN/privacy: current comments and private reply, conditional inbound messages (0.034083ms)
✔ P2-N1 zh-CN/terms: current comments and private reply, conditional inbound messages (0.050458ms)
✔ P2-N1 en/privacy: current comments and private reply, conditional inbound messages (0.039958ms)
✔ P2-N1 en/terms: current comments and private reply, conditional inbound messages (0.04925ms)
✔ PS1 legal identity is one untranslated source (0.085667ms)
✔ PS1 contact and hosts come only from configuration; production fails closed (0.454791ms)
✔ PS2 public routes default to zh-TW, restrict page/locale, and never include admin (0.443ms)
✔ PS4 optional Meta verification value never has a fake default (0.06125ms)
✔ PS1 every locale uses the same product name in auth page titles (0.044666ms)
✔ PS1 public page copy has three complete locales, no invented operator identity or contact (0.208416ms)
✔ PS1 production build validates config; public data is not bundled through NEXT_PUBLIC (0.929708ms)
✔ PS review: admin image installs the manifests for its workspace dependencies before building (0.349041ms)
ℹ tests 17
ℹ suites 0
ℹ pass 17
ℹ fail 0
ℹ cancelled 0
ℹ skipped 0
ℹ todo 0
ℹ duration_ms 91.376417
✔ R11 SQL's exact receipt states are accepted; missing/forged operation/state remains unknown (1.049875ms)
✔ R11 durable receipt journal validates phase against exact operation state (0.407875ms)
✔ R11 actual read control distinguishes replay/inflight/unknown/failure in en (4.205875ms)
✔ R11 actual read control distinguishes replay/inflight/unknown/failure in zh-TW (1.40675ms)
✔ R11 actual read control distinguishes replay/inflight/unknown/failure in zh-CN (0.545667ms)
✔ unknown journal retains exact key/boundary and is scoped to store+session; malformed state fails closed (0.149334ms)
✔ R12 read hook keeps network UNKNOWN on one key and explicitly refreshes acknowledged UNKNOWN (22.241ms)
✔ actual POST transport uses CSRF and session fence; 403 independent of response text (24.822ms)
✔ R10 ROAS has exactly two decimals in en (10.744875ms)
✔ R10 unknown ROAS is never fabricated as zero in en (0.081458ms)
✔ R10 ROAS has exactly two decimals in zh-TW (0.164041ms)
✔ R10 unknown ROAS is never fabricated as zero in zh-TW (0.034875ms)
✔ R10 ROAS has exactly two decimals in zh-CN (0.132542ms)
✔ R10 unknown ROAS is never fabricated as zero in zh-CN (0.031375ms)
✔ shared presentation preserves registry title and one empty buyer message in en (26.350875ms)
✔ R11 large linked-draft list is complete but collapsed in en (3.479458ms)
✔ shared presentation preserves registry title and one empty buyer message in zh-TW (5.671584ms)
✔ R11 large linked-draft list is complete but collapsed in zh-TW (3.291375ms)
✔ shared presentation preserves registry title and one empty buyer message in zh-CN (5.836792ms)
✔ R11 large linked-draft list is complete but collapsed in zh-CN (2.535833ms)
✔ R11 timeline distinguishes local unknown spend from explicit Meta zero in en (3.194584ms)
✔ R11 timeline distinguishes local unknown spend from explicit Meta zero in zh-TW (4.058041ms)
✔ R11 timeline distinguishes local unknown spend from explicit Meta zero in zh-CN (2.445166ms)
✔ R11 I12 nullable Meta evidence survives without becoming zero (0.287834ms)
✔ R11 actual panel rendering preserves unknowns and reconnect route in en (10.762708ms)
✔ R11 actual panel rendering preserves unknowns and reconnect route in zh-TW (11.174625ms)
✔ R11 actual panel rendering preserves unknowns and reconnect route in zh-CN (11.766458ms)
✔ D1, D6, R7: exact amounts and sources remain independent, account days stay labelled (0.204625ms)
✔ R12: null stays unknown and unread / unauthorised / insufficient remain different states (0.219ms)
✔ R12 granted but unread audience offers a read, never reconnect in en (1.726334ms)
✔ R12 granted but unread audience offers a read, never reconnect in zh-TW (1.772083ms)
✔ R12 granted but unread audience offers a read, never reconnect in zh-CN (1.967ms)
✔ I12 forged / missing frozen fields never silently become zeros (1.041583ms)
✔ only whitelisted aggregates survive: extra identifiers and HTML are never interpreted (0.176791ms)
✔ attribution is a read-only BFF resource with exact bounded query grammar (0.448875ms)
✔ audience-read is exactly the new local intention POST and never a data GET or queried write (0.26775ms)
✔ route fails closed without ads:read and is not a duplicate navigation entry; locale keys match (0.119167ms)
ℹ tests 37
ℹ suites 0
ℹ pass 37
ℹ fail 0
ℹ cancelled 0
ℹ skipped 0
ℹ todo 0
ℹ duration_ms 444.997167
✔ card-payments copy: identical key sets in all three locales (7.7325ms)
✔ merchant terms are quoted verbatim (contract §5) in the enable dialog (1.928709ms)
✔ ruling-fixed strings: platform not OPEN and BLOCKED note (0.359709ms)
✔ error map covers every frozen refusal code from migrations/0137 (0.891916ms)
✔ no Stripe account id, key or approval id shape appears in any copy string (1.32975ms)
✔ storefront collector disclosure matches contract §5 templates in three languages (1.189167ms)
✔ the merchant terms in the dialog are the contract §5 sentence, extracted from the contract (1.983583ms)
✔ the storefront templates are the contract §5 lines, extracted from the contract (0.256916ms)
✔ settlement copy: deduction columns are labelled as deductions in every language, with a legend and the net formula (3.720542ms)
✔ there is no separate 'not on the allowlist' message: it reads as not open (review P1-2) (1.032083ms)
✔ card summary accepts the frozen shape incl. all-null platform NONE (4.078208ms)
✔ card summary rejects unknown keys, bad enums, bad money, bad version (1.314042ms)
✔ card result is exactly {state, version, max_minor, currency, descriptor_preview} (0.79625ms)
✔ descriptor suffix rule: charset, 2..10 chars, must contain a letter (0.822708ms)
✔ the suffix length rule is the charset rule's 10; the 22-character descriptor total stays the server's (SANDBOX L=10, LIVE PrefixLength) (0.45525ms)
✔ descriptor preview mirrors the contract projection (base + '* ' + suffix) (0.167125ms)
✔ settlement list accepts statements without payout/lines keys (omitempty) (0.840625ms)
✔ settlement detail carries lines whose count and sums match the totals (0.804ms)
✔ settlement parsers reject malformed reads (1.5665ms)
✔ fees, refunds and disputes are signed exactly as the ledger stores them (0.395083ms)
✔ a returned fee is a positive line fee; the detail's lines must add up to the statement totals (0.879ms)
✔ closed_at/paid_at accept the offsets PostgreSQL emits as well as Z (0.139542ms)
✔ a payout reference shaped like a Stripe key or account id is never displayed (0.128333ms)
✔ platform not OPEN: 'not open yet' and no enable control, for every non-OPEN state; the platform badge still tells why (0.410125ms)
✔ allowlisted + OPEN: enable from NONE/DISABLED, disable from ENABLED (0.062792ms)
✔ not allowlisted on an OPEN platform reads exactly like not open: the same message, no 'platform open' badge, no enable (review P1-2) (0.079333ms)
✔ BLOCKED: the suspended note, disable only, never enable (whatever the platform says) (0.0505ms)
✔ without billing:manage nothing can be changed, but the state is still readable (0.043583ms)
✔ enable carries the platform's current terms, the suffix and the version read; NONE starts at 0 (0.058458ms)
✔ disable never sends a suffix and quotes the terms the store accepted (the platform's may have moved on) (0.048666ms)
✔ a retained suffix is recovered from the final preview so a re-enable can keep it (0.034833ms)
✔ the period label shows the last day inside the (exclusive-end) week (0.718625ms)
✔ payout state: paid, pending only when money is due, none when the week nets to zero or less (0.037ms)
✔ card-payments and settlements are nav:false routes, so no group loses or gains a nav button (0.133417ms)
✔ settlements need billing:manage, the card page integration:read; the owner opens both (0.134167ms)
✔ statement cells: a dispute reversal and a returned fee read as credits (+) and every deduction as -, and the columns add up to the server's net (9.169167ms)
✔ the detail parser requires the lines of a statement that has lines; a quiet week (line_count 0) may omit them (0.119458ms)
✔ route table: exactly the four resources, nothing generic (0.533625ms)
✔ query grammar: card and settlement-detail are exact; settlements takes before/limit only (0.2105ms)
✔ request fence: keyless PUT (CAS), bodyless GETs, no transfer-encoding (23.259125ms)
✔ PUT body is the exact frozen shape {enabled, terms_version, descriptor_suffix, expected_version} (0.750416ms)
✔ the BFF route wires the card grammar: keyless CAS PUT, exact body, no-store, auth required (1.329416ms)
✔ the real card summary parses and drives the display state machine (12.088459ms)
✔ the real statement list parses: newest first, no lines, three payout states (0.983833ms)
✔ every real detail parses with its lines and the lines add up to the statement (1.270583ms)
✔ an empty ledger parses to no statements (0.252542ms)
✔ no account id, key or approval shape is in any real body (0.428958ms)
✔ the real statements display literally as signed contributions that add up to the server's net (25.446417ms)
ℹ tests 48
ℹ suites 0
ℹ pass 48
ℹ fail 0
ℹ cancelled 0
ℹ skipped 0
ℹ todo 0
ℹ duration_ms 148.466917
✔ option/slug/SKU caps equal internal/catalog (options.go, catalog.go) (5.290292ms)
✔ text caps equal the Go validators (name 120, description 8000, SEO 70/160, collection title 80) (4.944458ms)
✔ photo caps equal Go (MaxMainImages, MaxDetailImages, MaxImageBytes) and the SKU code pattern (2.949084ms)
✔ PE13 Cartesian matrix is local, preserves edits and deduplicates values (1.088ms)
✔ PE13 bulk quantity skips negative rows without modifying them (0.105167ms)
✔ PE12 untracked document uses whole currency and per-order cap, never quantity (8.161375ms)
✔ PE14 missing readback is not guessed or silently cleared by full replacement (0.058709ms)
✔ bulk status accepts explicit per-item results, never empty or duplicated confirmations (0.18375ms)
✔ matrix refuses over 100 SKUs before expansion (0.076041ms)
✔ parity: admin caps equal the Go constants (1.485583ms)
✔ image list: 4 main + 20 detail + 2 sku in role order is accepted (0.310666ms)
✔ image list: 5 main, 21 detail, wrong role order, gaps and extra keys are refused (4.435958ms)
✔ single image: role is required and its position is bounded by the role cap (1.846167ms)
✔ option text limits count Go runes rather than UTF-16 units (0.365583ms)
✔ PE14 new edit SKU carries its own shipping and clears no existing fields (10.170375ms)
✔ PE14 patch changes only price and preserves unmentioned fields (0.179ms)
✔ PE14 on_hand is not available, zero target is transmitted, ambiguous warehouse refuses (0.276458ms)
✔ PE14 explicit clears and shipping remain per SKU on an active row (0.124208ms)
✔ PE14 archive supersedes every other edit on that SKU (b77eeb11) (0.132958ms)
✔ PE14 no-op has no command fields and changed axes explicitly archive omitted variants (0.089708ms)
ℹ tests 20
ℹ suites 0
ℹ pass 20
ℹ fail 0
ℹ cancelled 0
ℹ skipped 0
ℹ todo 0
ℹ duration_ms 107.942333
(node:75123) ExperimentalWarning: Transform Types is an experimental feature and might change at any time
(Use `node --trace-warnings ...` to show where the warning was created)
✔ UNKNOWN retry client authorization loss requires reconciliation, not a fresh command (3.626ms)
✔ UNKNOWN retry 401 authorization loss requires reconciliation, not a fresh command (9.188541ms)
✔ UNKNOWN retry 403 authorization loss requires reconciliation, not a fresh command (0.741958ms)
✔ a conclusive command rejection stays distinct from authorization loss (0.714833ms)
ℹ tests 4
ℹ suites 0
ℹ pass 4
ℹ fail 0
ℹ cancelled 0
ℹ skipped 0
ℹ todo 0
ℹ duration_ms 117.083333
(node:75126) ExperimentalWarning: Transform Types is an experimental feature and might change at any time
(Use `node --trace-warnings ...` to show where the warning was created)
✔ offer controls read authoritative limits without parsing unrelated KEYWORD_QTY_CONTAINS window/stats (12.631916ms)
✔ offer controls accept 101 through the backend cap of 200 distinct offers, reject 201 (2.041167ms)
✔ offer toggle preserves exactly the authoritative maximum in the real M4 payload (2.716084ms)
✔ console BFF admits exactly A1/A7/A6 and A5 read/copy methods (0.4015ms)
✔ Next proxy admits the exact console family and results query before the BFF (46.698917ms)
✔ results query is canonical repeated session_id 1..50, everything else queryless (0.114333ms)
✔ real BFF route forwards only exact resources, authenticates scope and returns private scrubbed errors (42.113292ms)
✔ new commands reject unknown keys and preserve frozen copy/lifecycle/recommend body (0.17025ms)
✔ browser commands reuse Studio fences, exact no-comment recommend body and backend refusal codes (1.610542ms)
✔ results client preserves canonical ids/order and rejects invalid list before fetch (0.347292ms)
✔ stock client reuses catalog transport/key/parser and fences a changed login without retries (1.240167ms)
✔ journal replay sends the exact original method/path/body/key for all five commands (2.574083ms)
(node:75127) ExperimentalWarning: Transform Types is an experimental feature and might change at any time
(Use `node --trace-warnings ...` to show where the warning was created)
✔ A1 strict MOCK snapshot preserves unavailable counts, capability unknown and server stock (2.518ms)
✔ A7 returns a separate lifecycle version and closed full KEYWORD_QTY_CONTAINS window (0.124667ms)
✔ A5 results retain separate environments/currencies and bind exact requested ids/order (0.147625ms)
✔ A5 copy parses real Go envelope, copied offer prices and KEYWORD_QTY_CONTAINS window (0.327916ms)
✔ A6 accepts optional operation UUID, never guessed send success (0.086458ms)
(node:75128) ExperimentalWarning: Transform Types is an experimental feature and might change at any time
(Use `node --trace-warnings ...` to show where the warning was created)
✔ Live settings navigation accepts a scene picker entry but never a malformed or unscoped deep link (0.820792ms)
✔ LC-B7 stock permission admits live_adjust without inventory:write, not unrelated grants (0.090375ms)
✔ Instagram comment total stays unavailable; Facebook observed count is not a platform total (0.07475ms)
✔ LC-U1 one primary action follows lifecycle, never planning or transport state (0.049833ms)
✔ LC-U1 stock target uses sellable delta and rejects fractions, negative and over-limit changes (0.0905ms)
✔ LC-U1 links only explicit FB post identities, never arbitrary URLs or guessed videos (0.089166ms)
✔ LC-U1 Facebook preview keeps the original no-frame CSP and uses a safe external link (1.975958ms)
✔ LC-U1 delayed copy completion cannot navigate after store switch or unmount (0.1715ms)
✔ LC-U1 receipt fence survives cookie rotation; pending replay still has a separate session boundary (0.393417ms)
ℹ tests 26
ℹ suites 0
ℹ pass 26
ℹ fail 0
ℹ cancelled 0
ℹ skipped 0
ℹ todo 0
ℹ duration_ms 270.95875
✔ real SQL UNKNOWN mark blocks public-mode switching without a local receipt (17.204917ms)
✔ UNKNOWN and queued public receipt survive selection remount without storing private identifiers (5.155208ms)
✔ actual A2 hook fake clock: 3/6/12/24/30 backoff, success reset, hide clears and stops, 403 locks (8.084041ms)
✔ actual reset clears selected buyer and rereads without the old epoch cursor (1.760667ms)
✔ reply hints, coded error, UNKNOWN and capability state execute the actual composer (1.38475ms)
✔ SQL operation marks map to every merchant-visible delivery state (0.62925ms)
✔ real bridge sealCursor uses payload.signature rather than plain base64url (15.2935ms)
✔ A2 grammar refuses private/duplicate/ambiguous cursors and keys on reads (0.83875ms)
✔ A3-A5 exact comment ref and bodies; explicit preemption private only (0.25275ms)
✔ A4/A5 preserve frozen refusal codes, never provider/debug text (0.069ms)
✔ reset invalidates old buffers and cursor before reread; older page cannot advance live cursor (0.106542ms)
✔ filter resources have only authorised opaque ids; backoff is capped and success resets (0.058125ms)
ℹ tests 12
ℹ suites 0
ℹ pass 12
ℹ fail 0
ℹ cancelled 0
ℹ skipped 0
ℹ todo 0
ℹ duration_ms 327.51175
✔ secondary failures preserve A1; only A1 is periodic; IG notice follows the platform/embeddability observation (222.857917ms)
✔ the existing console refresh also explicitly refreshes its parent list; no automatic list read (8.945416ms)
✔ parent forwards only an explicit refresh callback and retains the scene when list is unavailable (11.447833ms)
✔ every explicit browser response/event/navigation waiter has a finite sub-test budget (8.150125ms)
✔ A1 failures back off 3/6/12/24/30 seconds and success resets to five seconds (78.541792ms)
✔ Retry-After is a minimum; hidden tabs cancel polling; forbidden locks and conceals (36.511667ms)
✔ secondary reads are mount/refresh only, independent from A1 and non-fatal (26.424125ms)
✔ UNKNOWN journal restores the exact key/method/path/body and explicit retry after reload (22.759125ms)
✔ first definite 403 clears journal but locks commands; late success after navigation clears only its own key (26.107541ms)
✔ private reads preserve Retry-After seconds and dates, without changing existing error codes (20.96ms)
✔ a restored in-flight or UNKNOWN request retains its journal after a replay 403 (62.292417ms)
✔ restored copy success dispatches completion only in the still-current scene (35.135ms)
✔ SessionCopy resyncs closed same-ID titles, preserves open edits and cancels to latest draft (21.555667ms)
✔ SessionCopy submit uses latest version; UNKNOWN request survives later draft/input changes (21.255917ms)
ℹ tests 14
ℹ suites 0
ℹ pass 14
ℹ fail 0
ℹ cancelled 0
ℹ skipped 0
ℹ todo 0
ℹ duration_ms 551.01425
✔ claims window modes match Go constants and every SQL match_mode CHECK (7.731333ms)
✔ host prompt stays verbatim at the frozen trunk contract; Japanese is absent (1.189125ms)
✔ bundle parser accepts manual (labelled) and Meta (unlabelled) bundles (0.626875ms)
✔ bundle parser rejects unknown platforms and label/platform mismatches (0.15425ms)
✔ offer parser carries the live price and rejects every out-of-range or missing field (0.232584ms)
✔ library and import parsers are closed; removal receipt is the only version-0 shape (0.1875ms)
✔ price input: exact decimal minor units, never float, bounded to the currency's places (10.09575ms)
✔ live-tools copy exists in all three locales with the same conflict reasons (0.4435ms)
✔ claims BFF allowlist is exactly M1–M7 per method (2.1145ms)
✔ M7 link response shape is closed (0.169125ms)
✔ host prompt copy is the frozen text, verbatim (0.07525ms)
ℹ tests 11
ℹ suites 0
ℹ pass 11
ℹ fail 0
ℹ cancelled 0
ℹ skipped 0
ℹ todo 0
ℹ duration_ms 117.069625
NOT_RUN: tests/media/r04-input-runner.test.mjs (COMMERCE_R04_LIVEKIT_BINARY unset)
✔ main/detail/sku caps use the existing frozen image contract (0.861167ms)
✔ phone and tall dimensions fit2000 without enlarging small assets (0.173166ms)
✔ upload query requires one exact role and sku value; reads/actions carry no query (0.40025ms)
✔ role transport encodes current option values and refuses invalid identities (0.170334ms)
✔ effective image axis follows current options, then falls back to first (0.067916ms)
✔ detail and option photos cannot satisfy the main-photo recommendation (0.061709ms)
✔ PM-U copy has matching keys in ja and all currently routed locales (0.128417ms)
✔ real-upload mode builds both Next applications on a clean CI checkout (40.789167ms)
✔ upload recovery journal survives a new session while remaining product/store scoped (0.1715ms)
✔ an option upload receipt requires its captured axis, value and image id on canonical readback (0.177709ms)
✔ failed durable recovery storage cannot authorize a media write (0.213167ms)
✔ an active product needs a main image after canonical media is known; repair paths stay possible (0.076042ms)
✔ empty media sections render a readable localized placeholder until photos are present (10.294542ms)
✔ real-upload mode never exits through the storefront MOCK shortcut (11.602667ms)
✔ a valid active zero-main product keeps an inline repair hint rather than a page error (4.82475ms)
✔ a new product issues the image-axis stage only for a chosen axis (0.982334ms)
ℹ tests 16
ℹ suites 0
ℹ pass 16
ℹ fail 0
ℹ cancelled 0
ℹ skipped 0
ℹ todo 0
ℹ duration_ms 321.1665
(node:75187) ExperimentalWarning: Transform Types is an experimental feature and might change at any time
(Use `node --trace-warnings ...` to show where the warning was created)
✔ a fitting PNG keeps the exact original File, bytes and alpha-capable format (1.184334ms)
✔ a JPEG exactly at both limits remains original, not a lossy re-encode (0.401833ms)
✔ an oversized phone JPEG is encoded below the cap after oriented scaling (2.9665ms)
✔ a large transparent PNG stays alpha-capable and is never painted with an opaque matte (0.541333ms)
ℹ tests 4
ℹ suites 0
ℹ pass 4
ℹ fail 0
ℹ cancelled 0
ℹ skipped 0
ℹ todo 0
ℹ duration_ms 96.792208
✔ HTTPS picklist fixture carries Secure session cookies automatically while preserving CSRF refusals (119.588666ms)
✔ batch controls stay compact until an order selection or live-session scope exists (0.150375ms)
✔ selection has XOR bodies, canonical unique IDs and separate 500/100 limits (0.351125ms)
✔ cross-page selection retains existing rows, deduplicates and refuses overflow atomically (0.686792ms)
✔ pick projection rejects PII/extra keys, invalid quantities and unmatched order identities (0.520125ms)
✔ batch replies bind one-for-one to confirmed orders and preserve uncertainty code (0.154208ms)
✔ pick/export POSTs reject keys and all query variants except one exact template (1.974625ms)
✔ CSV filename binds to selected template and store; no path/header injection (0.218041ms)
✔ MOCK browser fixture list matches the incumbent closed order parser (14.095708ms)
✔ recovery never clears an unknown or missing current attempt (0.134791ms)
✔ recovery and order-detail MOCK fixtures satisfy real read parsers (10.586541ms)
✔ order selection can read its session fence during SSR without browser globals (1.749ms)
✔ MOU keeps native headed checks runnable on a Linux CI worker without DISPLAY (14.178083ms)
ℹ tests 13
ℹ suites 0
ℹ pass 13
ℹ fail 0
ℹ cancelled 0
ℹ skipped 0
ℹ todo 0
ℹ duration_ms 472.153333
✔ exactly the nine W6-01B resources are admitted, each only under its own method (0.963875ms)
✔ the customer list is claimed only when a tag filter is present (customers-request.ts stays the owner otherwise) (0.0885ms)
✔ near misses are refused (no generic proxying) (0.072208ms)
✔ reads: no body, no key, no transfer-encoding; tag-list takes no query at all (65.257292ms)
✔ customer-list query: closed keys, tag must be a canonical uuid, list bounds identical to customers-request (0.630917ms)
✔ note-list query: only limit and after, with the customers-list bounds (0.131792ms)
✔ writes: exactly one well-formed Idempotency-Key; the two DELETEs carry no body but still need the key (1.235583ms)
✔ validTagName mirrors Go (NFC first, 1..20, trimmed, no control/Cf) (0.397958ms)
✔ validNoteBody mirrors Go (1..1000, not blank, only \n \r \t controls) (0.269333ms)
✔ tag-create body: closed keys, valid name and one of the eight colors (0.222333ms)
✔ tag-patch body: at least one of name/color, nothing else (0.089583ms)
✔ owner-tags body: tag_ids (<=100 canonical uuids) + 64-hex revision, exact keys (0.136417ms)
✔ note bodies: create {body}; patch {body, version>=1}; deletes and reads carry no body at all (0.140708ms)
✔ parseTagCatalog decodes {items: TagRecord[]} with the store-catalogue bounds (1.898208ms)
✔ parseTagSet / parseDeletedTag / parseDeletedNote decode the frozen write receipts (0.528125ms)
✔ parseNoteRecord / parseNotePage decode notes with the Go note rules (1.228458ms)
✔ customer-tags copy: three locales, identical key sets, the integrator's ruled note-privacy text verbatim (0.112667ms)
✔ components wire the ruled copy and the tag/note controls the specs click (0.793333ms)
✔ tag read names must already be trimmed NFC and Unicode code-point bounded (0.098458ms)
✔ session change before network sends nothing (10.185166ms)
✔ session changes after network or during body parse drop the response (24.81075ms)
✔ transient session digest failure is settled only before dispatch (2.966084ms)
✔ lost response followed by a changed session is UNKNOWN after dispatch (1.090125ms)
✔ lost response does not auto-retry; explicit replay keeps method/key/payload/scope (3.642125ms)
✔ 5xx or malformed success is uncertain, coded refusal is settled (3.955709ms)
✔ passive tag/detail refresh preserves an unsaved new-note draft (18.194ms)
✔ passive refresh updates visible notes but preserves edit draft and original CAS version (2.6345ms)
✔ explicit refresh signal clears old edit draft while passive array changes do not (2.003708ms)
✔ an unauthorized note read clears private note bodies and the draft (5.518541ms)
✔ a transient note read failure keeps the notes already shown (2.440125ms)
✔ an unauthorized note read signals the global logout once; a transient failure does not (6.618333ms)
✔ non-privacy writer: own notes keep Edit and Delete on a fresh mount, others' notes do not (1.823208ms)
✔ notes forbidden/not_found signals scope loss exactly once per mount, never on transient failure (15.963083ms)
✔ bad path/store/method/query/header is refused without authority or backend calls (25.426625ms)
✔ the actual proxy admits a tagged customer list with scoped search/cursor and rejects malformed tag authority (3.785417ms)
✔ signed-out/cross-store/Origin-CSRF denials short circuit before body or forwarding (1.155542ms)
✔ closed bodies and DELETE payloads cannot reach Go (1.095834ms)
✔ all write methods preserve exact key/body/store and private success status (2.097875ms)
✔ note pagination preserved and hostile backend errors/bodies sanitized (4.7335ms)
✔ a catalogue forbidden or not_found asks the parent to re-run its guarded reads, with no logout (252.715542ms)
✔ transient catalogue failures stay local; unauthorized logs out but is not a scope loss (107.578792ms)
✔ after a tag write the manager stays mounted: the catalogue refreshes in place, never reloads (24.647875ms)
✔ a manager-reported scope loss reloads the customer list and catalogue guarded reads (12.237458ms)
✔ CustomerDetail forwards a scope-lost signal to the guarded read once per page (12.7695ms)
✔ badges are escaped server tag facts with human-readable names (14.773458ms)
✔ actual customer notes render privacy notice, safe content, author fallback and read-only permissions (37.585958ms)
✔ unknown permissions and erased customer never offer note mutations (4.865875ms)
✔ write-only notes permit add but not edit/delete of notes the server does not mark own; privacy permission permits both (4.185667ms)
✔ manager trigger and all three localized buyer-export notices render through actual components (15.295292ms)
✔ UNKNOWN survives settled unauthorized retry until trusted success; fresh run ignored (7.572209ms)
✔ UNKNOWN survives settled forbidden retry until trusted success; fresh run ignored (0.513833ms)
✔ UNKNOWN survives settled version_changed retry until trusted success; fresh run ignored (0.704917ms)
✔ first-attempt preflight refusal is settled and permits a fresh action (0.959667ms)
✔ UNKNOWN and in-flight retries prevent duplicate dispatch; unmount discards stale outcome (0.427917ms)
✔ an unauthorized write signals the global logout; forbidden does not (0.530042ms)
✔ UNKNOWN command survives unmount/remount: still locked, same-key retry, cleared by trusted success (0.369541ms)
✔ a command unmounted while in flight is treated as UNKNOWN on remount (0.323667ms)
✔ a session boundary change drops the remembered UNKNOWN command (3.555208ms)
✔ a guarded read that ends signed-out signals the global logout once (33.477125ms)
✔ forbidden/unavailable failures and a successful read signal no logout (6.706917ms)
✔ refresh ending signed-out clears the view, blocks and signals the global logout once (2.772833ms)
✔ refresh ending forbidden or not-found clears the data without a logout (9.467833ms)
✔ a transient refresh failure keeps the ready view and signals nothing (14.223667ms)
✔ exactly the eight report GETs are admitted; every other method or path is refused (1.769ms)
✔ report reads: query required, no body, no key, no transfer-encoding (17.17475ms)
✔ from/to: exactly once each, calendar-valid days, 0..91 apart (0.4855ms)
✔ session_id: only on the funnel (json and csv), a canonical uuid, once (0.306541ms)
✔ parseProductReport: echoed range/zone, <=1000 rows sorted by net desc, net = captured - refunded (5.223ms)
✔ parseChannelReport: closed vocabulary order, money per environment strictly ascending, I05 inside every bucket (0.458708ms)
✔ parseFunnelReport: nested counts, session echo, ordered_without_link bound (0.248584ms)
✔ parseManualReport: nullable principal/session ids, bucketed money like channels (0.193792ms)
✔ reports copy: three locales, identical key sets, the integrator's ruled money annotation verbatim (0.182ms)
✔ Reports.tsx: four tabs, CSV per tab, ruled annotation, CSS/SVG charts only (no new dependencies) (2.190792ms)
✔ report CSV closed headers use actual Go slug, echoed dates and private no-store (0.462208ms)
✔ report response projection rejects unknown keys, mismatched range and non-private responses (1.521792ms)
✔ manual buckets follow Go's uncapped row count rather than a made-up 500-row limit (1.02375ms)
✔ display sorts only inside currency/environment groups, never sums money or mutates server rows (12.984333ms)
✔ page report query accepts exactly the four report names and defaults to products (0.077125ms)
✔ actual product table renders offline separately, both modes, no UUID copy and sortable headers (31.965167ms)
✔ actual channel chart exposes exact numbers and both money modes using SVG (2.291292ms)
✔ actual funnel has four stages, nested widths and truthful zero-denominator text (15.508792ms)
✔ manual table resolves authorized labels, has honest fallback, and never presents UUIDs (17.934084ms)
✔ all report views render localized empty states (0.717333ms)
✔ actual BFF refuses malformed query, unknown store/session, disabled auth and missing CSV fences before Go (108.546625ms)
✔ actual BFF closed JSON projection and CSV scope/query preserve trusted token; no forwarded client authority (30.136541ms)
✔ actual BFF permission and malformed CSV response fences do not masquerade as a download (21.269542ms)
✔ audited browser GET accepts same-origin Fetch Metadata plus CSRF, never cross-site or forwarded Host (44.943167ms)
✔ actual CSV client preflight sends nothing after session change, and a lost audit response is uncertain with no retry (21.565167ms)
✔ actual CSV client refuses stale-session bytes and downloads only a closed private response (17.458041ms)
✔ report leaf gives the actual trusted fetch 65 seconds, rejects redirects and forwards only server bearer (10.225209ms)
✔ incoming request cancellation aborts the real report fetch once, returns safe unavailable and never retries (12.871042ms)
✔ CSV final synchronous fence conceals bytes when cancellation, hide or cookie rotation happens inside final await (34.601834ms)
✔ CSV end-to-end deadline covers store lookup and report budget; aborted preflight sends no audited request (16.318375ms)
✔ an uncertain export stays locked for its scope after another scope's export (6.851ms)
✔ an uncertain export scope persists per store in tab storage and re-locks a fresh render (48.688375ms)
✔ unavailable tab storage fails closed to the in-memory lock without throwing (4.158083ms)
✔ export lock is stored before dispatch; refused/delivered outcomes release it, uncertain and cut-short keep it (45.613667ms)
✔ releasing one scope keeps the other uncertain scopes of the store (6.487541ms)
✔ export is refused and nothing is dispatched when the lock cannot be saved (denied, full or no storage) (6.50325ms)
✔ copy for an unsaved export lock exists in every locale (0.221708ms)
✔ product sort query parses strictly and defaults to net_minor descending (0.337125ms)
✔ legacy-store permission probe: forbidden/not-found/signed-out fail the read closed, transient falls back (10.639209ms)
✔ channel and funnel data retain their applied dates while draft dates wait for Show (101.295541ms)
✔ an uncertain export lock is bound to the session boundary, so a different user does not inherit it (29.819125ms)
✔ Finance landing links to reports under the same canSeeReports rule (19.747458ms)
✔ selected tag survives searches and cursor pagination while an empty filter is omitted (89.742833ms)
✔ customer list dispatch preserves legacy requests and sends every tag query to the closed W6 authority (500.2665ms)
✔ customers reports link is hidden only when permissions are present and lack orders:read (0.205583ms)
✔ reports are a finance subpage and preserve the existing single finance navigation entry (0.139209ms)
✔ an authoritative erased customer immediately unmounts the cached private tags/notes subtree (26.341708ms)
✔ the actual customer row shows manual tags and imported status without changing consent (4.532917ms)
✔ P1 actual tag DELETE accepts an empty Next-style stream without JSON MIME (736.215166ms)
✔ P1 actual note DELETE accepts an empty Next-style stream without JSON MIME (1.742084ms)
✔ P1 body-carrying tag writes still require JSON MIME through the real BFF (0.933417ms)
✔ P2 customer bare/encoded tag keys are invalid422 through the actual leaf before any backend (3.61375ms)
✔ P2 report products real session/CSRF response is private and Vary Cookie (1.138791ms)
✔ P2 report products.csv real session/CSRF response is private and Vary Cookie (0.345292ms)
✔ P2 report malformed query and wrong CSRF are rejected by actual helpers before upstream (0.241625ms)
ℹ tests 118
ℹ suites 0
ℹ pass 118
ℹ fail 0
ℹ cancelled 0
ℹ skipped 0
ℹ todo 0
ℹ duration_ms 1703.819333
✔ parseShard: i/N, empty means unsharded, anything malformed throws (1.726625ms)
✔ assignShards: deterministic, every key owned once, near-balanced (LPT bound) (1.099209ms)
✔ planClick: for every N the shards partition the whole universe (every registry route x variant, storefront walk, journey) (1.998334ms)
✔ planClick at N=10 keeps every shard within ~1.3x of the mean planned cost (0.155ms)
✔ aggregate click: honest shards pass for several N (3.7555ms)
✔ aggregate click: a missing shard, a dropped page row, a lost journey, a failing row, a stale known defect and a missing platform marker are each a failure (4.760917ms)
✔ aggregate click: a route added to the registry after the shards ran cannot pass (the registry is re-read) (0.633083ms)
✔ aggregate visual: honest shards pass; a missing shard, a missing shot, a blocking verdict and a registry route outside the universe each fail (6.030583ms)
ℹ tests 8
ℹ suites 0
ℹ pass 8
ℹ fail 0
ℹ cancelled 0
ℹ skipped 0
ℹ todo 0
ℹ duration_ms 112.604667
ci-plan: 10 job(s); click-sweep x10 (aggregate)
  --browser-click-sweep@1/10  -> artifact gate-browser-click-sweep_1_10
  --browser-click-sweep@2/10  -> artifact gate-browser-click-sweep_2_10
  --browser-click-sweep@3/10  -> artifact gate-browser-click-sweep_3_10
  --browser-click-sweep@4/10  -> artifact gate-browser-click-sweep_4_10
  --browser-click-sweep@5/10  -> artifact gate-browser-click-sweep_5_10
  --browser-click-sweep@6/10  -> artifact gate-browser-click-sweep_6_10
  --browser-click-sweep@7/10  -> artifact gate-browser-click-sweep_7_10
  --browser-click-sweep@8/10  -> artifact gate-browser-click-sweep_8_10
  --browser-click-sweep@9/10  -> artifact gate-browser-click-sweep_9_10
  --browser-click-sweep@10/10  -> artifact gate-browser-click-sweep_10_10
✔ the full sweep and the full visual lint fan out into every shard and ask for the aggregate (1.127833ms)
✔ foundation-shards = the unit shard + every plan group; the serial `foundation` mode is untouched (0.996667ms)
✔ an explicit shard re-run (or a partial list) never claims the whole-run aggregate (0.3275ms)
✔ duplicates collapse, artifact names are safe and unique, bad input is refused (0.367083ms)
✔ main writes matrix / sweep_n / visual_n to GITHUB_OUTPUT (3.393959ms)
✔ backend-only paths run foundation-shards only (1.78475ms)
✔ node tests of deploy scripts and of the CI planner are backend-only (they cannot change a browser) (0.470625ms)
✔ a UI path adds the whole browser set, including click-sweep and visual-lint (3.752833ms)
✔ docs-only and output-only diffs keep the single required check (foundation-shards) (2.941042ms)
✔ tests/foundation/browser_* is a browser path, other tests/foundation files are not (0.795958ms)
✔ deploy flag: deploy/ and scripts/deploy* only (2.016708ms)
✔ the browser set is release-gate's browser-mode universe minus the documented exclusions (26.942209ms)
✔ parser: only compiled, correctly-shaped Test functions of untagged _test.go files (1.346167ms)
✔ the real plan: every top-level test of tests/foundation runs in exactly one group (828.434708ms)
✔ a new test (in no list) still runs, exactly once, in the catch-all group; the same name with no catch-all is red (1017.789042ms)
✔ a test listed in two groups is red; drift beyond the limit is red (878.572667ms)
✔ regexes: anchored explicit lists; the catch-all skips exactly everyone else's tests (0.379209ms)
✔ pack: deterministic, balanced to within the longest test, every name once (3.81475ms)
✔ parseDurations: top-level lines only (0.171417ms)
ℹ tests 19
ℹ suites 0
ℹ pass 19
ℹ fail 0
ℹ cancelled 0
ℹ skipped 0
ℹ todo 0
ℹ duration_ms 2931.907291
✔ LC-U2a real BFF seam A2-A5 exact grammar, privacy, denial and no diagnostic reflection (26.828334ms)
✔ A8/A9/A13 and published templates: exact reads forward once with no-store (4.524417ms)
✔ real streamed POST bodies: A10-A14 exact keys reach upstream (4.961916ms)
✔ query, read headers, methods and body allowlists refuse before upstream (6.613208ms)
✔ session, CSRF and store authority precede content forwarding (0.947042ms)
✔ A12 fixed codes preserved; arbitrary upstream diagnostics stripped (5.366541ms)
✔ client preserves codes and receipt; changed/aborted session cannot publish private response (6.24125ms)
✔ A9 admits a full page of valid Unicode replies while bounding private response bytes (3.713917ms)
✔ non-JSON upstream 401 still expires both authentication cookies without diagnostic leakage (1.201875ms)
✔ real M7 response keeps no-referrer after matching Next production header rules (10.989125ms)
✔ three unit languages cover identical fixed labels and delivery states (0.782167ms)
✔ hiding aborts requests and rejects late responses, even after reveal (0.386125ms)
✔ switching selection invalidates both reads and write completions (0.064417ms)
✔ owner and explicit inbox permissions only; viewer fails closed (0.052542ms)
✔ Messenger counts Unicode codepoints; Instagram counts NFC UTF8 bytes (0.512416ms)
✔ uncertain transport retries retain the exact submission; definitive conflicts retire it (0.394625ms)
✔ privacy calibration cannot activate with production origin or ordinary caller env (0.1295ms)
✔ late focus/pageshow while native document remains hidden cannot reveal requests (0.100334ms)
✔ terminal navigation revocation cannot be undone by focus or refresh until a new page fence (0.072ms)
✔ a ticket from another store/page fence is never accepted (0.039833ms)
✔ focus while already visible preserves the active epoch and the uncertain reply receipt (0.083542ms)
ℹ tests 21
ℹ suites 0
ℹ pass 21
ℹ fail 0
ℹ cancelled 0
ℹ skipped 0
ℹ todo 0
ℹ duration_ms 192.45225
✔ installed APIRequestContext cookie rules exclude Secure cookie from HTTP127 but retain HTTPS/localhost (1.303875ms)
✔ actual INU02 cross uses browser auth and retains exact 404/DM absence (33.654791ms)
✔ actual INU02 cross still rejects wrong authority 401 (5.373792ms)
✔ actual INU02 cross still rejects wrong authority 200 (1.710125ms)
✔ actual INU02 cross still rejects DM in denied response (1.656958ms)
✔ actual INU02 denied uses browser auth and retains exact 403/DM absence (2.220583ms)
✔ actual INU02 denied still rejects wrong authority 401 (2.9665ms)
✔ actual INU02 denied still rejects wrong authority 200 (3.011458ms)
✔ actual INU02 denied still rejects DM in denied response (1.30275ms)
✔ actual login settles /en and fixture store (real switch, scoped=false) (76.529583ms)
✔ actual login settles /en and fixture store (real switch, scoped=true) (3.740417ms)
✔ actual login settles /en/inventory and fixture store (real switch, scoped=false) (3.735417ms)
✔ actual login settles /en/inventory and fixture store (real switch, scoped=true) (7.496125ms)
✔ actual login settles /en/messages and fixture store (real switch, scoped=false) (8.452ms)
✔ actual login settles /en/messages and fixture store (real switch, scoped=true) (7.511167ms)
✔ actual login settles /en and fixture store (already selected, scoped=false) (14.977209ms)
✔ actual login settles /en and fixture store (already selected, scoped=true) (2.918667ms)
✔ actual login settles /en/inventory and fixture store (already selected, scoped=false) (17.650625ms)
✔ actual login settles /en/inventory and fixture store (already selected, scoped=true) (1.650709ms)
✔ actual login settles /en/messages and fixture store (already selected, scoped=false) (24.722625ms)
✔ actual login settles /en/messages and fixture store (already selected, scoped=true) (1.350209ms)
✔ bundle fixture uses real claim commands and mounts existing M6/M7 without issuing early (1.096458ms)
✔ sensitive bundle scenario clicks native clipboard with trace/video disabled and no token body reads (0.142084ms)
✔ persisted link and token-free command receipt are compared without disclosing credentials (0.120417ms)
✔ actual clipboard evaluator exports only safe summary and detects malformed or retained synthetic credentials (361.554ms)
✔ claim-window fixture isolates recovery after the current migration permits multiple OPEN windows (4.974959ms)
✔ ordinary Playwright diagnostics still capture failed-page ARIA when private guard is absent (2.908167ms)
✔ sensitive worker lifecycle prevents actual installed snapshot capture without masking the failure (51.350708ms)
✔ worker restores prior environment even when use rejects (absent) (6.117458ms)
✔ worker restores prior environment even when use rejects (empty) (1.732625ms)
✔ worker restores prior environment even when use rejects (existing-policy) (2.939708ms)
✔ fixture is worker-auto and module collection does not suppress ordinary diagnostics (92.699166ms)
✔ ordinary matcher ARIA context bypasses fallback flag and remains in actual installed diagnostics (1.935958ms)
✔ private test teardown removes only matcher page context while preserving failure (failed status) (2.607666ms)
✔ private test teardown removes only matcher page context while preserving failure (rejected use) (11.614542ms)
✔ matcher guard is test-auto without replacing the installed artifact auto fixture (1.293875ms)
✔ real Playwright --list collects each original INU case and isolated INU09 exactly once (1336.66625ms)
✔ A real Inbox selection admits Go A9 attachments null without losing thread (105.07725ms)
✔ A real Inbox selection admits Go A9 attachments empty array without losing thread (6.376625ms)
✔ A malformed non-array A9 attachments is refused without painting DM or crashing selected entry (5.139ms)
✔ C A8 HTTP200 empty list is ordinary data with no alert, selection or focus request storm (3.0685ms)
✔ C A8 list404 is scoped inbox unavailable in en, never an empty list or conversation denial (1.9475ms)
✔ C A8 list404 is scoped inbox unavailable in zh-TW, never an empty list or conversation denial (48.268708ms)
✔ C A8 list404 is scoped inbox unavailable in zh-CN, never an empty list or conversation denial (9.343125ms)
✔ C click-sweep Go harness mounts existing Inbox/templates services (STRUCTURE_ONLY, Go NOT_RUN) (0.417833ms)
✔ C click-sweep includes actual-router owner200 empty inbox assertion (STRUCTURE_ONLY, Go NOT_RUN) (0.240125ms)
✔ inbox evidence is covered by the CI upload root (1.863625ms)
✔ failed Playwright closes its log and emits sanitized diagnostics before Fatalf (0.116583ms)
✔ failure diagnostics match INU cases/counts without admitting private text (0.819625ms)
✔ INU04 delayed handler 1 signals completion when fulfillment rejects (58.255333ms)
✔ INU04 delayed handler 2 signals completion when fulfillment rejects (6.290333ms)
✔ recoveryDone waits for actual held M7 completion in zh-TW (158.778708ms)
✔ recoveryDone waits for actual held M7 completion in zh-CN (2.658417ms)
✔ recoveryDone waits for actual held M7 completion in en (1.167ms)
✔ review2 P1 bundle-only row opens real A13 and issues existing M7 claim link to clipboard (93.132708ms)
✔ review2 P1 clipboard denial recopy reuses cached issued URL without another M7 POST (10.639167ms)
✔ review2 P1 lost M7 ACK retries exact receipt and null replay token never mints a fresh key (8.817875ms)
✔ review2 P1 missing CSRF before cached recopy cannot copy or issue again (5.785834ms)
✔ review2 P1 missing CSRF before uncertain retry rejects preserved receipt dispatch (14.473667ms)
✔ review2 P1 late issued-link completion after hide cannot write clipboard (5.331417ms)
✔ review2 P1 late issued-link completion after selection cannot write clipboard (5.782625ms)
✔ review2 P1 late issued-link completion after unmount cannot write clipboard (12.024875ms)
✔ review2 P1 late issued-link completion after logout cannot write clipboard (8.720209ms)
✔ review2 P1 claim-link issuance denied without both live read/manage (inbox:read,live:read) (1.80325ms)
✔ review2 P1 claim-link issuance denied without both live read/manage (inbox:read,live:manage) (2.837583ms)
✔ review2 P1 missing authoritative recovery identity never guesses generation {"missingSession":true} (4.056542ms)
✔ review2 P1 missing authoritative recovery identity never guesses generation {"noBundle":true} (5.3265ms)
✔ review2 P2 exactly one matching binding uses named DM hard gate ok (6.767167ms)
✔ review2 P2 exactly one matching binding uses named DM hard gate review_required (8.661167ms)
✔ review2 P2 exactly one matching binding uses named DM hard gate missing_permission (4.294792ms)
✔ review2 P2 multiple same-provider bindings advisory only (dm_session:ok,dm_session:missing_permission) (5.688625ms)
✔ review2 P2 multiple same-provider bindings advisory only (dm_session:missing_permission,dm_session:reauth_required) (1.182208ms)
✔ review2 P2 multiple same-provider bindings advisory only (dm_session:ok,read_comment:missing_permission) (3.618792ms)
✔ review2 P2 multiple same-provider bindings advisory only (dm_session:review_required,dm_session:ok) (2.586375ms)
✔ review2 P2 actual scoped A12 409 capability refusal remains visible after advisory submit (5.9595ms)
✔ review2 P2 missing health and single binding without named DM remain disabled (2.111ms)
✔ review2 P2 expired cached issued link cannot be recopied or silently reissued (4.756417ms)
✔ P1-1 actual visible focus preserves pending ticket, selection, revision and real retry receipt (6.171667ms)
✔ P1-1 actual unchanged-session pageshow checks without clearing; changed-session focus expires (1.467625ms)
✔ P1-1 actual hide/reveal clears and requests fresh revision, never accepts obsolete completion (0.619458ms)
✔ P1-1 changed-session visible focus expires even with a pending request (0.234042ms)
✔ P1-2 actual A9 refresh 404 removes rendered DM and unsent draft (61.294333ms)
✔ P1-2 actual send-finally A9 404 removes DM, draft and uncertain immutable receipt (9.662292ms)
✔ actual uncertain send still retains exact receipt when A9 authority remains (0ms post-send A9) (5.817167ms)
✔ actual uncertain send still retains exact receipt when A9 authority remains (50ms post-send A9) (105.351917ms)
✔ actual A9 stale held completion cannot paint after component cleanup (2.896166ms)
✔ P2 actual A14 404 clears buyer facts and customer draft (explicit future-version MOCK) (1.628ms)
✔ safe authority errors remain the actual InboxError transport class (0.046625ms)
✔ actual current A13 without version keeps A14 disabled; future MOCK grants no backend claim (0.55525ms)
✔ P1-2 actual A11 takeover write 404 clears private state despite failing follow-up A9 (0.958375ms)
✔ P1-2 actual A12 send write 404 clears private state despite failing follow-up A9 (0.640625ms)
✔ A13 server orders omission remains distinct from authorized omitted data (0.454042ms)
✔ A13 server orders omission remains distinct from authorized empty data (0.314667ms)
✔ A13 server orders omission remains distinct from authorized populated data (0.534625ms)
✔ actual shell-store-selector captures selection before synchronous privacy teardown (allowed=true) (92.13175ms)
✔ actual shell-store-selector captures selection before synchronous privacy teardown (allowed=false) (1.916917ms)
✔ actual locale-switch captures selection before synchronous privacy teardown (allowed=true) (5.525208ms)
✔ actual locale-switch captures selection before synchronous privacy teardown (allowed=false) (1.397625ms)
✔ persisted A9 UNKNOWN after page entry warns and blocks the real composer in en (31.590583ms)
✔ persisted A9 UNKNOWN after page entry warns and blocks the real composer in zh-TW (2.319333ms)
✔ persisted A9 UNKNOWN after page entry warns and blocks the real composer in zh-CN (2.564125ms)
✔ A12 queued ACK followed by final A9 UNKNOWN overrides the local queued notice and blocks another send (2.476166ms)
✔ a captured previously enabled composer cannot bypass final UNKNOWN learned by Refresh (4.462959ms)
✔ a later A9 page omitting the known UNKNOWN is not delivery reconciliation (3.369542ms)
✔ persisted queued is not mislabeled UNKNOWN and retains ordinary composer eligibility (1.281041ms)
✔ persisted sent is not mislabeled UNKNOWN and retains ordinary composer eligibility (0.596458ms)
✔ persisted failed is not mislabeled UNKNOWN and retains ordinary composer eligibility (0.696417ms)
✔ persisted blocked is not mislabeled UNKNOWN and retains ordinary composer eligibility (0.762958ms)
✔ fresh mount refuses when an old UNKNOWN is beyond 51 newer messages (fact=true) (2.981584ms)
✔ fresh mount refuses when an old UNKNOWN is beyond 51 newer messages (fact=null) (2.25875ms)
✔ fresh mount refuses when an old UNKNOWN is beyond 51 newer messages (fact=undefined) (5.7015ms)
✔ fresh mount refuses when an old UNKNOWN is beyond 51 newer messages (fact=false) (1.858125ms)
✔ a refreshed unknown authority replaces old clear authority even for a captured composer (0.85ms)
✔ window strict eligibility with 300001ms before hard 24h deadline (16.658708ms)
✔ window strict eligibility with 300000ms before hard 24h deadline (1.613458ms)
✔ window strict eligibility with 60000ms before hard 24h deadline (1.107625ms)
✔ window strict eligibility with 0ms before hard 24h deadline (0.971292ms)
✔ window invalid server deadline fails closed without preparing a send (0.845375ms)
✔ window captured enabled form callback cannot POST after crossing safe cutoff (1.151333ms)
✔ window deadline timer closes controls at cutoff and hard end without waiting for 15s poll (0.711417ms)
✔ quota recovery gives exact zh-TW comment-quota and DM-window instructions beside copy only (0.353958ms)
✔ quota recovery gives exact zh-CN comment-quota and DM-window instructions beside copy only (0.089625ms)
✔ quota recovery gives exact en comment-quota and DM-window instructions beside copy only (0.097208ms)
ℹ tests 123
ℹ suites 0
ℹ pass 123
ℹ fail 0
ℹ cancelled 0
ℹ skipped 0
ℹ todo 0
ℹ duration_ms 1488.280541
