✔ /products/{uuid} redirects permanently to the zh-TW product page (20.341042ms)
✔ non-uuid ids are 404, never redirected (36.280166ms)
✔ AT1: the locale redirect preserves the ad-click query without allowing a redirect target (2.73275ms)
✔ R10: standalone signed signals survive a missing or expired seven-day touch (21.701833ms)
✔ R10: standalone signals reject expiry, bad signature, duplicates and another host (0.237458ms)
✔ AT1 R5: browser identity survives expired touch and rolls for ninety days (0.168917ms)
✔ AT1 R5: missing ad parameters create no cookies; fbclid alone creates no touch (0.218583ms)
✔ AT1 R5: lc_ad alone updates attribution and does not replace fbc (0.130417ms)
✔ AT1: host-only first-party cookies contain no PII and read back exactly (1.032916ms)
✔ AT1: a later valid click replaces the draft but preserves the browser identifier (0.473334ms)
✔ R10: only a different fbclid replaces fbc and its first-seen timestamp (0.713584ms)
✔ AT1: malformed and ambiguous links do not overwrite a valid prior touch (0.762584ms)
✔ AT1: host and key binding reject copied cookies (0.18875ms)
✔ AT1: duplicates and tampering invalidate the entire envelope (0.505459ms)
✔ AT1: exactly seven days is valid, the next millisecond and future clicks are not (0.786583ms)
✔ catalog list query limits equal the Go v2 parser (internal/buyerhttp/catalogv2.go) (9.47525ms)
✔ collection list cap equals Go maxCollectionsPerStore (1.692333ms)
✔ design caps equal internal/design/schema.go (nav, sections, pages) (1.575125ms)
✔ CVS buyer-entered store bounds and return path equal Go (internal/checkout/cvs.go, migration 0093) (35.362125ms)
✔ transfer view: closed shape and state rules mirror Go validTransferView (1.83625ms)
✔ proof body and result: five digits, positive minor amount, ISO instant (0.245709ms)
✔ minorFromText: major units with at most two decimals, never a float surprise (0.107708ms)
✔ buyer email mirror: one plain address, 254 characters at most (0.1125ms)
✔ countdown: whole hours and minutes, never negative (0.381833ms)
✔ copy: three locales carry every key and every refusal code (0.225584ms)
✔ options: a home row lists modes only with bank_transfer and then needs its window (0.347625ms)
✔ checkoutInput: a home bank_transfer body, the optional trimmed email, and every refusal before any request (0.514666ms)
✔ order: AWAITING_TRANSFER is a valid commercial state without a hold time (0.240542ms)
✔ BFF: exact transfer routes, keyed proof PUT, strict body, validated answers, no generic proxy (67.979375ms)
✔ BFF: transfer refusal codes pass through as definite 422; checkout accepts bank_transfer and a valid email only (40.007917ms)
✔ D06 order heading follows a settled transfer: never 'waiting for transfer' above a confirmed or expired one (0.110333ms)
✔ uncertain prepare blocks all mutations; changed cookie context resolves journal (41.793667ms)
✔ fully parsed local denial clears only its own pending operation (1.599ms)
✔ malformed journal, unavailable lock and stale context fail before writes (3.511166ms)
✔ BPT05 exact handoff permits absent body/key, one fetch, no form persistence (24.897458ms)
✔ BPT05 wrong handoff form and ordinary writes fail before any fetch (1.617875ms)
✔ BPT05 unresolved cookie journal blocks handoff; lost response is one fetch without persistence (0.329375ms)
✔ SU02 refresh permits absent body/key, one fetch, no persistence (1.036209ms)
✔ SU02 refresh rejects a body, a key or a malformed path before any fetch (0.205167ms)
✔ SU02 cancel permits absent body/key, one fetch, no persistence (0.408166ms)
✔ SU02 cancel rejects a body, a key or a malformed path before any fetch (0.1205ms)
✔ BPT01 exact private path, headers, body and three-locale one-fetch transport (214.410375ms)
✔ BPT02 payment routes reject untrusted path, context, headers, key and body before fetch (37.771042ms)
✔ BPT03 hostile upstream success is sanitized, never returned as payment data (11.806ms)
✔ BPT04 every handoff failure is nonretryable, including pre-route and transport loss (10.008292ms)
✔ SU02 five routes: exact upstream path, method, key, body, one fetch each (5.913958ms)
✔ SU02 refresh and cancel are keyless and pass every CSRF/context denial before fetch (7.641584ms)
✔ SU02 every handoff/refresh/cancel failure is nonretryable and sanitized (77.390833ms)
✔ SU02 hostile Stripe bodies become the sanitized 503; PAYUNi and Stripe bodies stay byte-identical (15.043666ms)
✔ SU02 prepare accepts only the two known method codes (0.812292ms)
✔ disabled and invalid configuration fail closed before private fetch (26.139292ms)
✔ private authority, cookie lifecycle and strict local denial (29.396709ms)
✔ bad host, cookie, query and method never reach private API (1.162875ms)
✔ stalled inbound POST body is canceled at its deadline without a cookie or private call (0.652375ms)
✔ R10: Begin forwards independently signed signals; browser attribution and forwarded hosts are not authority (2.4795ms)
✔ CVS BFF: exact routes, keyed open/store, keyless verify, validated answers, no generic proxy (11.048208ms)
✔ CVS BFF: contract refusal codes pass through; pay_at_pickup_limit is a definite (non-retryable) 429 (9.596417ms)
✔ fragment grammar accepts only one canonical token (0.462334ms)
✔ claim projections are closed (0.249958ms)
✔ claim token rides only its header on B1/B2 and is never echoed (60.627292ms)
✔ claim-priced cart edits send only SKU and quantity, keeping server price authority (77.82325ms)
✔ direct-checkout sold-out projection is mandatory, boolean and closed (0.385459ms)
✔ claim redeem shares the purchase lock, guards recovery and never persists the token (5.9265ms)
✔ ClaimLink removal projects live-priced survivors on ready and conflict pages (53.300833ms)
✔ ClaimLink revisit checks out applied A while pending B is sold out or unavailable (14.569084ms)
✔ ClaimLink refreshes a nothing result after a second tab applied the claim (9.5165ms)
✔ ClaimLink does not navigate when a buyable claim target is absent or has changed quantity (5.873417ms)
✔ ClaimLink optional prior-order notice tolerates unreadable storage without bypassing recovery (15.041167ms)
✔ CVS01 map form: only the two ECPay e-map actions, exact fields, top-level-safe values (1.460583ms)
✔ CVS02 return path allowlist excludes /claim and anything but the checkout or product page (0.193ms)
✔ CVS03 selection projection: VERIFIED<=>pickup, REJECTED<=>reject_code, absent keys read as null (0.8605ms)
✔ CVS04 buyer-entered store answer and request body (4.91325ms)
✔ CVS05 store code table (§16.1) keeps leading zeros and per-chain lengths (4.832416ms)
✔ CVS06 recipient mirror: real-name width 4..10 (CJK=2), no digits/symbols/emoji; 09 mobile (9.254917ms)
✔ CVS07 checkout draft: name, phone and mode only; read once; corrupt/foreign shapes are dropped (0.257667ms)
✔ CVS08 return URL: only ?cvs_selection=<uuid> is accepted (0.139708ms)
✔ CVS09 buyer order projection and copy keys: nothing but PICKED_UP says picked up (0.160375ms)
✔ CVS10 error codes: field mapping, definite refusals, official links are https constants (0.251667ms)
✔ CVS11 client transport: verify is the one new keyless POST; the server refusal code rides BuyerClientError.detail (90.15475ms)
✔ every locale x page has a title, an updated line and at least one section (1.445416ms)
✔ locales share the section count and per-section body count of every page (1.242125ms)
✔ final text is only the owner-confirmed company facts (CR 81215167 name + registered address); nothing else is final (0.258083ms)
✔ a legal page is published only when every text on it is final; buyers see no link to an unpublished one (1.336625ms)
✔ data-deletion path is named in the privacy page of every locale (0.217083ms)
✔ pendingOwnerText lists exactly the texts that keep a page unpublished and is written for the owner (2.105833ms)
✔ a live (claim-origin) price replaces the catalog price and strikes it through (0.574083ms)
✔ without a live price the catalog price and its compare-at are shown unchanged (0.062291ms)
✔ a live price equal to or above the catalog price is shown as set (strike hidden by the UI guard) (0.054ms)
✔ a live price strikes the catalog price, never the variant sale price (0.044792ms)
✔ order ref: 12 hex (dashes or spaces, any case) or a full id (1.405833ms)
✔ contact: one email or a phone of 6..20 digits (0.55ms)
✔ body is exactly {order_ref, contact}; the answer is exactly {order_id} (0.469708ms)
✔ BFF lookup: no cookie needed, fresh token goes upstream, cookie only on 200 and it carries that same token (50.84075ms)
✔ BFF lookup: strict local denial before any private fetch (36.044166ms)
✔ copy: three locales carry every key (1.89525ms)
✔ MS4 srcset descriptors use actual decoded widths and deduplicate small renditions (0.996833ms)
✔ MS1 product rendition allowlist preserves trusted Host and never forwards buyer cookies (22.803375ms)
✔ MS2 invalid, duplicate, extra, encoded widths and non-product variants fail before fetch (1.101125ms)
✔ MS3 old-image fallback is never promoted to immutable; committed variants are cacheable (0.747042ms)
✔ TWD whole amounts show no decimals in every locale and at every magnitude (line, subtotal, total, zero) (35.26975ms)
✔ cents appear only when there are cents, then always as two digits; the minor-unit arithmetic is untouched (0.216375ms)
✔ digits come from the currency: JPY none, USD two when there are cents (1.084ms)
✔ one formatter: no component, page or lib builds a currency Intl.NumberFormat outside lib/money.ts (38.748375ms)
✔ fragment: exactly #o=<order id>&t=<43-char token>; anything else is null (0.753792ms)
✔ body is exactly {order_id, token, proof}; the answer is exactly the order the link named (0.141875ms)
✔ BFF link: no cookie needed, fresh token upstream, cookie only on a 200 naming the same order, link token never echoed (69.626ms)
✔ BFF link: strict local denial before any private fetch (6.941875ms)
✔ copy: three locales, one refusal text, a retry and a lookup path (0.275375ms)
✔ BPU01 fresh payment writes exact metadata before prepare, one bodyless Take, no persistent form (94.69925ms)
✔ BPU01 lost prepare response replays original key/body only on explicit next click (5.465834ms)
✔ BPU01 lost handoff is permanently GET-only, even after a second click (0.879958ms)
✔ BPU01 storage, amount, scope and child/screen fences reject before irreversible writes (0.65975ms)
✔ BPU01 document/child loss after prepare but before Take leaves exact replay marker (0.317041ms)
✔ BPU01 malformed server handoff never submits and Take remains nonretryable (0.721625ms)
✔ BPU01 marker replacement before Take and after Take blocks release/form reuse (6.324417ms)
✔ BPU01 context replacement after prepare and after Take closes destination without form (3.750375ms)
✔ BPU01 synchronous destination refuses invalid locale before opening a window (0.148292ms)
✔ SU03 fresh Stripe pay: marker before prepare, one prepare, one handoff, navigate, URL never stored (0.995291ms)
✔ SU03 marker replay: lost prepare response replays key/body, no uncertain on PENDING view with leftover marker (1.304292ms)
✔ SU03 cross-device Continue needs no marker and never prepares (4.670375ms)
✔ SU03 marker/view matrix: PAYUNi marker on Stripe view and Stripe marker on PAYUNi view send nothing (1.012833ms)
✔ SU03 any other view renders without a POST (0.877708ms)
✔ SU03 CREATING: waits on the schedule without the lock, then hands off once when READY (9.894125ms)
✔ SU03 CREATING budget: 10 reads over 30 s, then the blank child is closed, no POST, no throw (63.264125ms)
✔ SU03 cancel_requested seen on the re-GET aborts before the handoff POST (2.109042ms)
✔ SU03 handoff outcomes: CREATING closes child, CLOSED/UNAVAILABLE/error/malformed reject; one POST each, never retried (15.268333ms)
✔ SU03 Stripe prepare errors, amount/currency mismatch and popup loss stop before any handoff (3.736875ms)
✔ SU03 two clicks make two handoff POSTs only because there were two clicks; sequential, none from reads (1.02175ms)
✔ SU03 navigate: validates again, needs an owned blank child, sets used before replace, no URL in errors (0.406917ms)
✔ SU03 refresh signal: keyless single POST, validated, throttled 1/10 s and 30 per page life, cancel never throttled (1.756458ms)
✔ SU03 signal failures are single-shot and sanitized: HTTP error, malformed body, wrong order (0.268375ms)
✔ private quote/option authority fields are required; only exact MANUAL home can checkout (6.221042ms)
✔ continue shopping advances only ordered version, clears hint, keeps SQL history authoritative (28.483792ms)
✔ lost next-cart response retries identical key/body and preserves a newer cart (5.713833ms)
✔ continuation never overwrites an already advanced cart (1.750041ms)
✔ unknown checkout blocks continuation without any business request (1.268667ms)
✔ two queued continuation clicks mutate once; stale order ID cannot clear another order (0.641583ms)
✔ CAS conflict resolves only after a newer cart is read (0.849166ms)
✔ locator removal failure retains next-cart journal and recovery survives missing locator (0.7015ms)
✔ order history summary rejects PII/unknown fields and malformed scope IDs (0.083708ms)
✔ native address validation mirrors printable Unicode, limits and phone; journal forbids PII (1.820208ms)
✔ address lost reply replays exact in-memory intent, then confirms current head (0.60325ms)
✔ address reload requires explicit new intent and exact observed CAS; stale head never auto-bumps (0.581708ms)
✔ old address receipt cannot confirm another tab's newer current head (0.180542ms)
✔ a late address CAS winner requires another explicit confirmation, not an automatic version bump (1.161125ms)
✔ checkout lost reply, queued duplicate and current GET reuse one key and one order (0.826458ms)
✔ uncertain checkout retains original journal across later 401/403/404/5xx and malformed success (0.532459ms)
✔ only a fresh definitive denial clears checkout; no order locator is invented (0.134709ms)
✔ locator storage failure after commit retains same key; reload GET failure keeps locator (0.33375ms)
✔ locator persisted but journal removal failed resumes pending receipt, not unrelated pointer (0.308333ms)
✔ unavailable storage, invalid locator and late changed context fail closed (0.177625ms)
✔ order locator readback mismatch and no-op journal removal both retain checkout recovery (0.320583ms)
✔ direct claim continuation refuses a newer ordered cart inside the purchase lock (0.262625ms)
✔ direct claim continuation keeps next-cart recovery after a conflicting clear (0.183125ms)
✔ collector projection: admitted for derived connections, absent/null for primary (0.700833ms)
✔ collector rejects identifiers, extra keys and malformed text (0.12275ms)
✔ disclosure renders the contract §5 line with all three slots substituted (0.093875ms)
✔ the disclosure line exists exactly when the hosted view returns a collector (0.07825ms)
✔ a shop or collector name with a replacement pattern is shown literally (0.614583ms)
✔ OrderPayment renders the disclosure with the view, above every pay button, through the helper only (0.341291ms)
✔ BPT03 exact valid projection and Go nanosecond UTC timestamps (2.942ms)
✔ BPT03 view rejects private fields, inconsistent state and malformed names (1.363125ms)
✔ BPT03 prepared receipt enforces exact original credit-card amount (0.354583ms)
✔ BPT03 hosted form and replay are exact, bounded and action-allowlisted (0.511792ms)
✔ SU01 Stripe views: fresh, both methods, attempt states, PAYUNi unchanged (0.625375ms)
✔ SU01 Stripe view negatives (0.406416ms)
✔ SU01 prepared amounts follow the corrected per-currency table (0.337208ms)
✔ SU01 Stripe handoff union and every redirect_url negative (0.881625ms)
✔ SU01 payment signal is exactly {order_id, scheduled:boolean} (0.209292ms)
✔ RUI01 refund summary: refunded states, pending money, absent ≡ null (0.201292ms)
✔ RUI01 refund summary negatives (0.136417ms)
✔ BPU03 neutral GET and POST return ignore every callback field and cookie (13.529583ms)
✔ primary origin: exact path/query, same host, and no URL-controlled destination (4.731042ms)
✔ GET and HEAD use trusted Host, private bounded uncached resolver and exact 301 (30.317709ms)
✔ no writes redirected; resolution failures fail closed; unknown hosts keep native 404 (0.673834ms)
✔ policy version is the frozen constant, in the customers-core D4 shape (0.3695ms)
✔ route table: exactly the four buyer privacy routes, methods and body kinds (0.355958ms)
✔ body shapes are closed and mirror the frozen Go inputs (no source, no policy_version) (0.081667ms)
✔ GET privacy validator: closed shape, erased owner holds no consent (0.112083ms)
✔ consent result and erasure summary validators (0.201083ms)
✔ buyer export envelope never carries customer_id (0.08125ms)
✔ failure classification: 410 and erased are the erased state (0.048542ms)
✔ copy: every locale has the same keys, the ads box discloses that sent events cannot be recalled (4.218792ms)
✔ selected option photo uses a main display slot without adding a fifth main image (1.291167ms)
✔ use-cover selection and a main-thumbnail selection restore the original main gallery (0.112791ms)
✔ cart thumbnail uses variant then catalog image_id, including when main images are absent (0.1025ms)
✔ migrated four-main/five-detail images stay separate when the option photo changes (0.127417ms)
✔ real cart-detail composition uses server SKU image_id (v2 detail available) (19.905667ms)
✔ real cart-detail composition uses server SKU image_id (v2 detail unavailable) (1.676291ms)
✔ parity: frontend caps equal the Go constants (2.372042ms)
✔ detail parser: 4 main + 20 detail + option-value images are accepted and mapped (0.679791ms)
✔ detail parser: 5 main, 21 detail, bad ids and over-cap option images are refused (0.148917ms)
✔ detail parser: a backend before product-media-v2 (no new keys) still parses with empty defaults (0.074916ms)
✔ v1 catalog row: images are main-only (<= 4) and image_id is a uuid or null (0.179917ms)
✔ PRO-S1 code mirror: any case and spaces normalise; impossible codes never become a request (0.50275ms)
✔ PRO-S2 promotion object: closed keys, kind/value pairing (0.193708ms)
✔ PRO-S3 quote validator: promotion is optional but never malformed; the discount stays the server's own number (0.256125ms)
✔ PRO-S4 journal grammar: a quote write may carry one canonical promo_code, nothing else (3.194375ms)
✔ PRO-S5 copy: three locales cover every refusal code and the same keys (1.211792ms)
✔ PRO-S6 BFF quote route: promo_code relayed untouched when canonical, refused before the private API otherwise (63.517375ms)
✔ PRO-S7 BFF: every promo_* refusal is a definite, non-retryable 422 with its own code (28.23575ms)
✔ demonstration disclosure is explicit and local-only (0.524791ms)
✔ cart selection preserves unrelated SKUs and the observed CAS version (7.954708ms)
✔ minor amounts are bounded before multiplication, including zero (0.287416ms)
✔ delivery identity includes country for one market and method (0.290583ms)
✔ journal is bound to context and rejects PII/unknown fields (0.66625ms)
✔ lost response replays exact key/body, then clears only after parsed receipt (23.634541ms)
✔ RUI02 buyer order admits MERCHANT_SHIPPED only with a SHIPPED head; absent shipment ≡ null (0.47075ms)
✔ RUI02 shipment shape negatives (incl. unsafe links) (0.28625ms)
✔ RUI02 history summary admits MERCHANT_SHIPPED (a shipped order must not break the list) (0.086625ms)
✔ CVSP01 options: CVS rows carry pickup_selection/payment_modes; unavailable rows are a separate shape (0.344542ms)
✔ CVSP02 CVS destination write: TW only, pickup_id required, empty home address; home unchanged (2.899542ms)
✔ CVSP03 checkoutInput: payment_mode only for CVS rows and only a mode the row offers (1.165875ms)
✔ COD confirmation includes expected fee, enforces collect cap and validates immutable order money (0.758458ms)
✔ CVSP04 buyer order: pay_at_pickup <=> collection_state; cvs_shipment only on a matching CVS destination (0.944875ms)
✔ CVSP05 journal accepts a CVS destination marker and a checkout body with payment_mode, nothing else (1.045459ms)
✔ validProduct accepts up to the Go photo cap and rejects one more (0.926417ms)
✔ design: garbage and hostile documents collapse to the safe default shape (1.005958ms)
✔ design: links, preview token propagation, nav resolution (0.115417ms)
✔ design: any merchant accent yields readable button text and link colour (WCAG AA) (0.231375ms)
✔ variants: resolution, disabled out-of-stock combinations, initial choice, price bounds (0.14825ms)
✔ catalog-v2 parsers accept the frozen shapes and refuse drift (0.464833ms)
✔ free-delivery progress words the hint only when a threshold exists (0.064959ms)
✔ list query: only whitelisted, canonical values survive (0.204791ms)
✔ seo: JSON-LD cannot break out of its script tag; offers reflect stock and price range (7.87125ms)
✔ seo: sitemap escapes and carries hreflang; robots refuses everything for a closed host (0.178833ms)
✔ money: whole amounts drop cents, minor digits come from the currency, filters round-trip (3.757916ms)
✔ cart line write: replaces one line, keeps the others, 0 removes, CAS version is the one shown (1.891417ms)
✔ cart problems map to buyer-facing classes without leaking transport detail (0.100083ms)
✔ checkout options accept the optional free-shipping threshold only as a positive integer or null (0.184708ms)
✔ no-image placeholder copy: exactly the locale label a photo-less card or gallery renders (0.050958ms)
✔ storefront image caps equal the Go catalog caps (internal/catalog MaxMainImages, MaxDetailImages) (21.524959ms)
✔ design text limits count code points like Go, never splitting a surrogate pair (1.094416ms)
✔ G3: same-series cards exclude the current product and never invent absent draft/foreign products (0.581333ms)
✔ G5: safety guidance exists in three languages without changing the five merchant policy approval boundaries (9.692084ms)
✔ G4: category chips omit empty collections; hidden collections absent from the public API stay absent (0.242333ms)
✔ OrderHistory renders server order instant in Taipei (31.538375ms)
✔ ClaimLink renders claim expiry in Taipei (3.344125ms)
✔ BankTransfer renders deadline and proof instant in Taipei (10.96425ms)
✔ BankTransfer proof echo labels store time in en (2.527458ms)
✔ BankTransfer proof echo labels store time in zh-TW (1.814542ms)
✔ BankTransfer proof echo labels store time in zh-CN (1.643625ms)
✔ BankTransfer input describes the device zone in en (1.238292ms)
✔ BankTransfer input describes the device zone in zh-TW (1.149666ms)
✔ BankTransfer input describes the device zone in zh-CN (3.69525ms)
✔ ShopFooter uses Taipei year across UTC year boundary (4.562542ms)
✔ BankTransfer deadline labels store time in en (1.64525ms)
✔ BankTransfer deadline labels store time in zh-TW (1.342833ms)
✔ BankTransfer deadline labels store time in zh-CN (1.701042ms)
✔ OrderHistory states the Taipei time zone once in en (1.251958ms)
✔ OrderHistory states the Taipei time zone once in zh-TW (0.842667ms)
✔ OrderHistory states the Taipei time zone once in zh-CN (0.707084ms)
✔ dictionaries have exact parity and non-empty values (0.667458ms)
✔ locale precedence and language quality mapping (0.631ms)
✔ localized paths preserve deep links and reject dangerous input (0.339875ms)
✔ path locale only matches a canonical first segment (0.050208ms)
✔ the four constructs render (0.651917ms)
✔ XSS payloads stay inert text (0.48ms)
✔ fuzz: any string over a hostile alphabet renders only whitelisted tags (13.188917ms)
✔ validator mirrors the Go rules (0.2125ms)
✔ SDN1 allowlist: exactly the contract routes, per method (1.239792ms)
✔ SDN1 allowlist: traversal, case, suffix and prefix tricks never match (0.288209ms)
✔ SDN1 request shape: no query string anywhere, reads carry no body, key, length or transfer-encoding (43.452584ms)
✔ SDN1 cap: 260 KiB = Go's 256 KiB document + 4 KiB envelope, and a body of exactly the cap is still below it (0.067416ms)
✔ SDN2 renderer: every XSS payload comes out as whitelisted tags and escaped text only (9.521166ms)
✔ SDN2 renderer: escape-first means the merchant's text never becomes markup (0.126708ms)
✔ SDN2 renderer: fuzz (seeded) never produces a tag outside the whitelist (114.797709ms)
✔ SDN2 client validator rejects what the server rejects (HTML, non-https links, `<` anywhere) (0.471208ms)
✔ cleanForSave turns cleared fields into null but keeps an empty body (0.419833ms)
✔ localIssues names each missing mandatory value by server path (0.522334ms)
✔ moved swaps neighbours and ignores out-of-range moves (0.073125ms)
✔ parsers accept the exact Go shapes and refuse extra or missing keys (0.35975ms)
✔ BFF allowlist covers exactly the design resources (0.217875ms)
✔ validDesignRequest refuses queries and bodies on reads, ignores other paths (68.030334ms)
✔ designDetails forwards only a bounded {path, reason} pair (0.21375ms)
✔ accepts exactly the three locale invite paths with a 20-200 char token (1.7585ms)
✔ rejects anything that is not an exact same-origin relative invite path (0.326583ms)
✔ rejects percent-encoded variants of the exact shape (0.185166ms)
✔ the token is an opaque invite token shape, never a URL (0.301375ms)
✔ fragment carrier: round-trips the exact invite path, is never a query string, and rejects hostile fragments (0.63025ms)
✔ dashboard: accepts the frozen shape, rejects drift (5.191167ms)
✔ import result: strict keys, closed error codes, committed never carries errors (0.360541ms)
✔ csv file guard mirrors the Go bounds (0.335833ms)
✔ manual options: a COD home row parses with its offer (D01: the page used to refuse the whole list) (1.651708ms)
✔ manual options: only bank_transfer / pay_at_pickup / cash_on_delivery, key must equal market|country|code (0.668959ms)
✔ manual result: link is https with the order id and a 43-char capability in the fragment only (0.848125ms)
✔ draft: first problem, and the body has no price-like field at all (0.571083ms)
✔ BFF grammar: exactly the seven tools resources (0.089208ms)
✔ regenerate body/result: exactly {order_id, locale} and a fresh https link naming that order (0.174917ms)
✔ copy parity: every locale has every key, import rules and error codes (0.499375ms)
✔ callback redirect target is always a same-origin /<locale>/settings path whatever the cookies, store, code or error say (4.278416ms)
✔ the binding cookie: exactly one canonical store uuid, path-scoped to the callback, HttpOnly, Lax, 10 minutes, Secure (0.422042ms)
✔ callback query: exactly one code and one state within charset/length bounds; Meta's error=… and repeats are not forwarded (1.812708ms)
✔ the dialog URL the BFF hands the browser is https://www.facebook.com only (0.400042ms)
✔ callback error mapping only ever yields fixed codes, never an upstream message (1.168208ms)
✔ selected Page qualifies only a bare Facebook id, never rewrites another Page or external URL (0.602958ms)
✔ status: not connected, connected with and without Instagram, and every deviation throws (2.619666ms)
✔ pick state: closed shape, optional Instagram keys come as a pair, id must match (0.754042ms)
✔ route grammar: only status/states/pick/disconnect; start and callback are dedicated routes; no query; reads carry no body or key (48.327916ms)
✔ connect cookie, body and callback redirect never carry code/state and only fixed codes (0.485333ms)
✔ copy: three locales have the same keys and every Go error code has a message (0.16175ms)
✔ review-required remains restricted; evidence does not promote state (0.995375ms)
✔ legacy omission remains unidentified, independent of array order (0.41675ms)
✔ closed shapes reject unknown state/provider/evidence, leaked fields and inconsistent severity (0.361709ms)
✔ duplicate capabilities/pages and unbounded arrays cannot become trusted state (0.147875ms)
✔ worst Page determines advice, no raw upstream reason reaches copy (0.225167ms)
✔ recheck receipt means scheduled; timestamps and closed keys are checked (0.287208ms)
✔ exact keyless route grammar rejects query/key/body confusion (113.798667ms)
✔ recheck takes exactly page_id and no caller-provided scope (0.965334ms)
✔ blocking advice comes from the blocking capability, not a secondary public-reply warning (0.188167ms)
✔ clean health browser mode prepares admin standalone before starting its fixture (77.310375ms)
✔ en: expired connection retains its full refusal inside a wrapping badge (9.716584ms)
✔ zh-TW: expired connection retains its full refusal inside a wrapping badge (3.412791ms)
✔ zh-CN: expired connection retains its full refusal inside a wrapping badge (1.811ms)
✔ actual B1 snapshot state remains ok even when a fixture expected review_required (0.166334ms)
✔ D02 TWD input: whole dollars only, x100 on the wire (77.961416ms)
✔ D02 TWD edit text: whole dollars have no decimals; a legacy amount with cents is never shown as another price (0.625917ms)
✔ D02 display: NT$ without decimals in every language, cents only when there are cents (3.928209ms)
✔ D02 live-price input (Studio claims): TWD whole dollars, other currencies their decimals (1.312708ms)
✔ D02 discount code amounts: TWD whole dollars, a decimal is refused before it is sent (2.244458ms)
✔ D02 no admin copy or component says 'minor units' to the merchant (211.539625ms)
✔ M06 time: Asia/Taipei everywhere, labelled, never UTC (11.028208ms)
✔ settings answer: exactly one boolean key (1.0065ms)
✔ PUT body is the frozen single key (0.068375ms)
✔ BFF grammar: GET read, PUT keyed command, nothing else (0.190791ms)
✔ copy: three locales, same keys, no empty text (0.135667ms)
✔ PRM01 parse: exact keys, kind/value pairing and ranges; duplicates and unknown keys are refused (2.38875ms)
✔ PRM02 Taipei wall time: +08:00 on the wire, instant shown back in Taipei, impossible dates refused (12.91925ms)
✔ PRM03 create body: normalised code, major units to minor units, optional fields null, whole body validated (3.116708ms)
✔ PRM04 update + toggle: version CAS key, form round trip, pause keeps every other field (0.451208ms)
✔ PRM05 BFF grammar: exactly list, create and update; nothing generic (0.192875ms)
✔ PRM06 copy: three locales carry the same keys and every refusal code the Go routes can answer (0.167584ms)
✔ G-UI3/G-UI5 architecture constraints pass with shrinking legacy exceptions (1385.49575ms)
✔ G-UI3/G-UI5 negatives: new formatter, component fetch, >800 lines and wider allowance fail (0.657833ms)
✔ Readiness jump controls expose the actual active section, not a click flag (1.239542ms)
✔ Integrator P2: legal CN comment ordering and a distinct three-image recommendation (1.695875ms)
✔ ADM04 and ADM06 explain unavailable SKUs and keep collection vocabulary consistent (0.38475ms)
✔ ADM06 create/detail titles share the route vocabulary without adding a phantom Next page (0.926542ms)
✔ G-UI1 Next pages and route registry are bidirectional, unique, typed, documented (4.493708ms)
✔ G-UI1 copy key parity: no missing or extra key in any locale (0.279458ms)
✔ G-UI2 staff without catalog:read cannot see products/inventory or open a product URL (0.479667ms)
✔ G-UI2 every route permission is a permission Go knows, and /orders/new needs inventory:reserve (397.960459ms)
✔ G-UI1 dynamic and public routes match, details never appear as navigation (8.289208ms)
✔ W6-U2 ledger is a settings in-page route, preserving existing navigation (6.766208ms)
✔ Every browser spec clicks nav-orders: the orders group stays a singleton, so returns/new/print routes are nav: false (47.88825ms)
✔ shell-registry: every routed path has exactly one nonempty shared h1 in all three locales (324.615917ms)
✔ shell-registry: orders stays one actual group button on live and non-live routes (9.686208ms)
✔ shell-registry: loading/expired/unavailable/forbidden keep one safe heading and never leak private content (8.217959ms)
✔ created address is a strict HTTPS origin matching the assigned handle (3.811375ms)
✔ DNS instructions must name the requested origin and a bare hostname target (0.373583ms)
✔ domain kind is authoritative and closed, not inferred from host or token (0.144708ms)
✔ apex DNS retains every concrete IPv4/IPv6 address and rejects malformed values (0.787042ms)
✔ pending domain journal preserves exact action/key/target; legacy or corrupt markers never replay (0.518375ms)
✔ browser-origin gate: every refusal happens before Go is called, for every action (46.162542ms)
✔ only POST exists on the team routes (1.899084ms)
✔ unknown action is a local 404 and never reaches Go (1.115ms)
✔ strict request grammar: wrong keys, types, ids, roles, locales and token shapes are 422 locally (9.644541ms)
✔ what reaches Go: BFF key, bearer from the cookie, no Cookie/Origin, body unchanged, exactly one call per request (48.602834ms)
✔ Go failures are rebuilt locally from allow-listed codes, never retried, and never echo the token (43.051667ms)
✔ team answer: accepts the frozen shape, null role and OIDC member without email (1.727292ms)
✔ team answer: unknown key, unknown role, bad id, bad mail state are rejected (0.625ms)
✔ invite and accept answers are strict (1.405625ms)
✔ request grammar: every action has an exact key set and rejects junk values (0.715084ms)
✔ copy: three locales carry the same keys and a label for every role (0.946834ms)
✔ role-aware navigation: hides entries the member's permissions cannot use; unknown shows all; Team is owner-only (0.578375ms)
✔ P02 settlements directory rejects missing/link/owner/group/mode with a valid control (621.693709ms)
✔ preflight health permission grammars and API/worker consistency fail closed (4647.06775ms)
✔ merchant alert flag is explicit 0|1 and independently requires SMTP (2844.986375ms)
✔ shared loader makes API/worker LIVE pair file-only before Compose interpolation (534.720334ms)
✔ export bind accepts omitted JSON false but rejects unsafe source/config mutations (1.178375ms)
✔ sanctioned operator allowlist and fail-closed gates (fake docker, no network) (2312.278458ms)
✔ platform operator custody, export mount and binary are wired (168.536708ms)
✔ actual export bind refuses a missing directory; enabling auto-create is detected (425.234125ms)
✔ R3 preflight rejects cancelled PAYUNi, validates Page app and keeps LIVE pair mandatory (1055.945208ms)
✔ R3 smoke exercises exact denied probes, accepts 404 only for disabled mounts (100.074125ms)
✔ positive control: a complete, valid configuration raises no META_LOGIN finding (1498.076167ms)
✔ feature off (COMMERCE_META_LOGIN_CONFIG_ID empty): no rule applies even with the other keys empty (457.415542ms)
✔ P06: the Page route needs the webhook receiver (414.164416ms)
✔ P06: sessions come from identity (571.85275ms)
✔ P06: without the claims profile nobody sends the private replies (a WARN, not a FAIL) (492.354958ms)
✔ P08: COMMERCE_META_LOGIN_CONFIG_ID must be numeric ("abc") (483.73925ms)
✔ P08: COMMERCE_META_LOGIN_CONFIG_ID must be numeric ("12 34") (545.606583ms)
✔ P08: COMMERCE_META_LOGIN_CONFIG_ID must be numeric ("111111111111") (387.05525ms)
✔ P08: COMMERCE_META_LOGIN_CONFIG_ID must be numeric ("0x10") (345.516084ms)
✔ P08: COMMERCE_META_LOGIN_CONFIG_ID must be numeric ("-1") (367.615083ms)
✔ P08: COMMERCE_META_LOGIN_REDIRECT_URI must be exactly https://<LC_ADMIN_HOST>/api/meta/callback (wrong host) (322.692167ms)
✔ P08: COMMERCE_META_LOGIN_REDIRECT_URI must be exactly https://<LC_ADMIN_HOST>/api/meta/callback (http scheme) (456.833292ms)
✔ P08: COMMERCE_META_LOGIN_REDIRECT_URI must be exactly https://<LC_ADMIN_HOST>/api/meta/callback (the ads callback path) (434.288083ms)
✔ P08: COMMERCE_META_LOGIN_REDIRECT_URI must be exactly https://<LC_ADMIN_HOST>/api/meta/callback (trailing slash) (385.346708ms)
✔ P08: COMMERCE_META_LOGIN_REDIRECT_URI must be exactly https://<LC_ADMIN_HOST>/api/meta/callback (query string) (326.13175ms)
✔ P08: COMMERCE_META_LOGIN_REDIRECT_URI must be exactly https://<LC_ADMIN_HOST>/api/meta/callback (empty) (290.05975ms)
✔ P08: COMMERCE_META_LOGIN_GRAPH_VERSION grammar vNN.N ("26.0") (297.088916ms)
✔ P08: COMMERCE_META_LOGIN_GRAPH_VERSION grammar vNN.N ("v26") (254.358375ms)
✔ P08: COMMERCE_META_LOGIN_GRAPH_VERSION grammar vNN.N ("v26.0.1") (224.606833ms)
✔ P08: COMMERCE_META_LOGIN_GRAPH_VERSION grammar vNN.N ("latest") (509.417125ms)
✔ P08: COMMERCE_META_LOGIN_GRAPH_VERSION grammar vNN.N ("") (381.33225ms)
✔ P08: COMMERCE_META_LOGIN_GRAPH_VERSION grammar vNN.N ("v1000.0") (310.280584ms)
✔ P08: COMMERCE_META_LOGIN_GRAPH_VERSION accepts v26.0 (223.625166ms)
✔ P08: COMMERCE_META_LOGIN_GRAPH_VERSION accepts v22.0 (207.048ms)
✔ P08: COMMERCE_META_LOGIN_GRAPH_VERSION accepts v99.9 (192.995625ms)
✔ production without any alert channel is a FAIL (nobody would hear the next outage) (1485.290666ms)
✔ outside production the same gap is only a WARN (459.022166ms)
✔ a webhook alone satisfies the rule (419.058458ms)
✔ an e-mail target with a complete relay (host, username, secret) satisfies the rule (591.354542ms)
✔ an e-mail target without the relay secret cannot be sent: FAIL in production, WARN elsewhere (1054.684708ms)
✔ the example's CHANGE_ME_SENDER placeholder is not a relay: the e-mail target cannot be sent (473.469708ms)
✔ LC_ALERT_EMAIL must be one plain address ("not-an-address") (361.566417ms)
✔ LC_ALERT_EMAIL must be one plain address ("two@fake.invalid,three@fake.invalid") (339.566333ms)
✔ LC_ALERT_EMAIL must be one plain address ("a b@fake.invalid") (362.594625ms)
✔ LC_ALERT_EMAIL must be one plain address ("<owner@fake.invalid>") (326.514833ms)
✔ LC_ALERT_EMAIL must be one plain address ("owner@fake") (434.420041ms)
✔ storefront cart-line removal is reversible: clicked for real, not guarded (7.957375ms)
✔ destructive / irreversible / sign-out classification (owner list, en + zh) (1.659959ms)
✔ alike controls (rows with ids / numbers) share one class key (0.149958ms)
✔ known defects classify, never silence: stale entries are reported (2.365833ms)
✔ the markdown ledger has one row per interaction and names the verdict (0.459541ms)
✔ protocolHrefOK accepts well-formed tel:/mailto: and rejects malformed ones (0.234042ms)
✔ J1 waits for enabled media and clicks a real chooser; the uploaded cover is bound to the main section (952.38575ms)
✔ J1 cannot credit a detail-image receipt as the main cover (2.232375ms)
✔ J1 refuses a failed cover upload rather than continuing to activate (0.681291ms)
✔ thresholds are the named constants of the brief (1.175458ms)
✔ R1: document wider than the viewport, and the outermost element past the edge (0.535625ms)
✔ R2: label tops, control tops and control heights of one visual row (0.814833ms)
✔ R2: what is one row and what is not (0.899792ms)
✔ R2: a button beside a field has to line up with its control (0.265084ms)
✔ R3: a row made tall by stacked controls, a control wider than its cell (0.478041ms)
✔ R3: a matrix whose EVERY row is doubled by a stacked stock cell (the median cannot see it) (0.594292ms)
✔ R4: small text, helper text apart, icons and duplicates excepted (2.371459ms)
✔ R5: tap targets on the 390 viewport only (0.557958ms)
✔ R6: interactive elements and text boxes that overlap (0.512584ms)
✔ R7: text clipped inside a control or label (either side), and select values that do not fit (0.36325ms)
✔ R8: the same visible label twice in one list (0.129166ms)
✔ evaluate() tags severity, selectRecords() keeps distinct groups first and counts every instance (0.388ms)
✔ R9: text and controls flush to the screen edge at 390 (0.339791ms)
✔ R6/R9 judge the visible (ancestor-clipped) rectangle, not the raw one (integrator ruling 2026-10-05) (0.175834ms)
✔ R10: a fixed or sticky bar covering main content after scrolling (0.788625ms)
✔ R11: controls narrower than a usable width (0.535792ms)
ℹ tests 437
ℹ suites 0
ℹ pass 437
ℹ fail 0
ℹ cancelled 0
ℹ skipped 0
ℹ todo 0
ℹ duration_ms 14070.788375
✔ closed projections reject secret-shaped extras, invalid enums, IDs and contradictory capabilities (0.891125ms)
✔ detail accepts only bounded events and keeps actual server action flags (0.446917ms)
✔ BFF exact routes and request grammar forbid keys/body on reads, filters on detail and arbitrary writes (10.0525ms)
✔ copy parity, safe object navigation and UNKNOWN/protective reasons (0.158583ms)
✔ read-only store capability never exposes a command even if the state allows one (0.055292ms)
✔ duplicate escaped keys cannot bypass the exact command grammar (0.044959ms)
✔ query backoff affects only its operation and expires without another action (0.046042ms)
✔ merchant reason text translates ledger events and conceals unknown or prototype codes (0.094584ms)
✔ ledger read navigation requires effective integration:read permission regardless of role (0.068417ms)
ℹ tests 9
ℹ suites 0
ℹ pass 9
ℹ fail 0
ℹ cancelled 0
ℹ skipped 0
ℹ todo 0
ℹ duration_ms 84.271583
✔ OrderHistory renders server order instant in Taipei (9.907792ms)
✔ ClaimLink renders claim expiry in Taipei (2.366958ms)
✔ BankTransfer renders deadline and proof instant in Taipei (2.113042ms)
✔ BankTransfer proof echo labels store time in en (1.712959ms)
✔ BankTransfer proof echo labels store time in zh-TW (2.006416ms)
✔ BankTransfer proof echo labels store time in zh-CN (1.960625ms)
✔ BankTransfer input describes the device zone in en (1.977166ms)
✔ BankTransfer input describes the device zone in zh-TW (1.780458ms)
✔ BankTransfer input describes the device zone in zh-CN (1.593083ms)
✔ ShopFooter uses Taipei year across UTC year boundary (1.787625ms)
✔ BankTransfer deadline labels store time in en (1.274167ms)
✔ BankTransfer deadline labels store time in zh-TW (1.079167ms)
✔ BankTransfer deadline labels store time in zh-CN (0.986875ms)
✔ OrderHistory states the Taipei time zone once in en (0.690042ms)
✔ OrderHistory states the Taipei time zone once in zh-TW (0.775375ms)
✔ OrderHistory states the Taipei time zone once in zh-CN (0.647792ms)
✔ Meta rejection wording is preserved as bounded Unicode text, never translated (2.352208ms)
✔ frozen error codes: model list equals the frozen list, each is read from both error shapes (0.763875ms)
✔ copy: every code, status, op state and connect error has text in all three locales (0.725791ms)
✔ copy never calls a budget a hard stop and never offers resume (0.31725ms)
✔ draft: every §5.1 status parses; unknown status/template/op state is an error, never guessed (0.921291ms)
✔ draft: optional fields, remote ids and the Ads Manager link (0.368416ms)
✔ action hints: pause whenever a remote id exists and not ENDED; a paused draft is only ever copied (X7) (0.2565ms)
✔ money: whole units to minor with integer math; TWD must be whole (20.969375ms)
✔ Taipei schedule: wall inputs and draft projections ignore the viewer zone (3.811458ms)
✔ Taipei schedule: invalid calendar days are rejected and all copy names UTC+8 (0.457666ms)
✔ draft input: exact 11-key body and every local rule (3.845458ms)
✔ draft form round trip and X7 copy (blank schedule, no id, no revision) (0.274541ms)
✔ settings parser: environment enum, connections, identities, capi (0.382958ms)
✔ connect state parser: pick list kinds and id match (0.217375ms)
✔ report: three separate blocks, orders may be null, no combined figure (0.887ms)
✔ default report window is the Asia/Taipei store day whatever the viewer's zone is (Taipei midnight boundary) (3.432875ms)
✔ capi body and validation (0.127792ms)
✔ W6-06B unbind response: exact keys, account, UUIDs and outcome semantics (0.192584ms)
✔ W6-06B in-flight details preserve bounded items and total, reject unknown shapes (0.237583ms)
✔ W6-06B catalog feed has exact public URL/domain pairs or published-store empty (0.205167ms)
✔ W6-06B copy preserves unbind boundaries and feed recovery in three locales (0.429ms)
✔ W6-06B feed selection follows origin order, not full feed URL order (0.167333ms)
✔ customer list accepts the frozen row and rejects unknown keys, dup ids, bad cursor, oversize (2.627584ms)
✔ customer row invariants: nulls for bundle-only/erased, counts, money, consents (0.365208ms)
✔ customer detail: bounded lists, order summaries reuse the orders parser, id must match (4.04675ms)
✔ erasure summary is four counts only (0.087083ms)
✔ finance summary: net = captured - refunded (I05), totals carry an empty day, sandbox flag (0.322917ms)
✔ financeDay is the UTC+8 day (0.087708ms)
✔ finance defaults keep Taipei dates across midnight, leap day and year end (0.1045ms)
✔ tags and notes are parsed strictly (W6-01B) (0.685042ms)
✔ TSX seam refuses an unlisted import (4.238208ms)
✔ Ads merchant timestamp uses Taipei at the year boundary (16.384334ms)
✔ Design version published_at cell uses Taipei at the year boundary (2.689083ms)
✔ ManualOrder bank-transfer expiry uses Taipei at the year boundary (4.407541ms)
ℹ tests 50
ℹ suites 0
ℹ pass 50
ℹ fail 0
ℹ cancelled 0
ℹ skipped 0
ℹ todo 0
ℹ duration_ms 166.90325
✔ OrderHistory renders server order instant in Taipei (7.009541ms)
✔ ClaimLink renders claim expiry in Taipei (2.288083ms)
✔ BankTransfer renders deadline and proof instant in Taipei (2.191167ms)
✔ BankTransfer proof echo labels store time in en (1.561166ms)
✔ BankTransfer proof echo labels store time in zh-TW (1.480958ms)
✔ BankTransfer proof echo labels store time in zh-CN (1.276541ms)
✔ BankTransfer input describes the device zone in en (1.167792ms)
✔ BankTransfer input describes the device zone in zh-TW (1.092583ms)
✔ BankTransfer input describes the device zone in zh-CN (1.564917ms)
✔ ShopFooter uses Taipei year across UTC year boundary (1.6255ms)
✔ BankTransfer deadline labels store time in en (1.377833ms)
✔ BankTransfer deadline labels store time in zh-TW (1.296625ms)
✔ BankTransfer deadline labels store time in zh-CN (1.262833ms)
✔ OrderHistory states the Taipei time zone once in en (1.040542ms)
✔ OrderHistory states the Taipei time zone once in zh-TW (1.311292ms)
✔ OrderHistory states the Taipei time zone once in zh-CN (1.075209ms)
✔ Meta rejection wording is preserved as bounded Unicode text, never translated (1.075334ms)
✔ frozen error codes: model list equals the frozen list, each is read from both error shapes (0.362375ms)
✔ copy: every code, status, op state and connect error has text in all three locales (0.251334ms)
✔ copy never calls a budget a hard stop and never offers resume (0.232917ms)
✔ draft: every §5.1 status parses; unknown status/template/op state is an error, never guessed (0.397ms)
✔ draft: optional fields, remote ids and the Ads Manager link (0.159917ms)
✔ action hints: pause whenever a remote id exists and not ENDED; a paused draft is only ever copied (X7) (0.191333ms)
✔ money: whole units to minor with integer math; TWD must be whole (8.347125ms)
✔ Taipei schedule: wall inputs and draft projections ignore the viewer zone (4.366541ms)
✔ Taipei schedule: invalid calendar days are rejected and all copy names UTC+8 (0.274542ms)
✔ draft input: exact 11-key body and every local rule (3.152459ms)
✔ draft form round trip and X7 copy (blank schedule, no id, no revision) (0.207709ms)
✔ settings parser: environment enum, connections, identities, capi (0.346708ms)
✔ connect state parser: pick list kinds and id match (0.103541ms)
✔ report: three separate blocks, orders may be null, no combined figure (0.249083ms)
✔ default report window is the Asia/Taipei store day whatever the viewer's zone is (Taipei midnight boundary) (2.112166ms)
✔ capi body and validation (0.109125ms)
✔ W6-06B unbind response: exact keys, account, UUIDs and outcome semantics (0.176667ms)
✔ W6-06B in-flight details preserve bounded items and total, reject unknown shapes (0.164458ms)
✔ W6-06B catalog feed has exact public URL/domain pairs or published-store empty (0.193667ms)
✔ W6-06B copy preserves unbind boundaries and feed recovery in three locales (0.063417ms)
✔ W6-06B feed selection follows origin order, not full feed URL order (0.063042ms)
✔ customer list accepts the frozen row and rejects unknown keys, dup ids, bad cursor, oversize (4.41975ms)
✔ customer row invariants: nulls for bundle-only/erased, counts, money, consents (0.537875ms)
✔ customer detail: bounded lists, order summaries reuse the orders parser, id must match (1.464667ms)
✔ erasure summary is four counts only (0.093375ms)
✔ finance summary: net = captured - refunded (I05), totals carry an empty day, sandbox flag (0.307ms)
✔ financeDay is the UTC+8 day (0.05975ms)
✔ finance defaults keep Taipei dates across midnight, leap day and year end (0.078792ms)
✔ tags and notes are parsed strictly (W6-01B) (0.5345ms)
✔ TSX seam refuses an unlisted import (4.862208ms)
✔ Ads merchant timestamp uses Taipei at the year boundary (19.666959ms)
✔ Design version published_at cell uses Taipei at the year boundary (2.514583ms)
✔ ManualOrder bank-transfer expiry uses Taipei at the year boundary (6.542667ms)
ℹ tests 50
ℹ suites 0
ℹ pass 50
ℹ fail 0
ℹ cancelled 0
ℹ skipped 0
ℹ todo 0
ℹ duration_ms 134.044708
✔ legacy display sentinels preserve a list row without admitting arbitrary or private data (2.053375ms)
✔ orders-v2 accepts bounded filters and Taipei inclusive dates; rejects ambiguity (0.893ms)
✔ orders-v2 rejects client count approximations, unbounded or extra response data (0.178625ms)
✔ all three locales label every task queue, payment and delivery mode (0.34175ms)
ℹ tests 4
ℹ suites 0
ℹ pass 4
ℹ fail 0
ℹ cancelled 0
ℹ skipped 0
ℹ todo 0
ℹ duration_ms 75.116583
✔ numeric store IDs have no suggestion BFF or browser client (1.010166ms)
ℹ tests 1
ℹ suites 0
ℹ pass 1
ℹ fail 0
ℹ cancelled 0
ℹ skipped 0
ℹ todo 0
ℹ duration_ms 63.93675
✔ ADM10 operator sentence is localized while product and company facts stay authoritative (0.455208ms)
✔ PS review: actual Host matching normalizes case, port and a terminal DNS dot, never forwarded authority (0.246ms)
✔ PS review: privacy/terms retain Messenger and Instagram purpose disclosure; deletion uses exact UI labels (0.109625ms)
✔ P2-N1 zh-TW/privacy: current comments and private reply, conditional inbound messages (0.0835ms)
✔ P2-N1 zh-TW/terms: current comments and private reply, conditional inbound messages (0.043833ms)
✔ P2-N1 zh-CN/privacy: current comments and private reply, conditional inbound messages (0.032583ms)
✔ P2-N1 zh-CN/terms: current comments and private reply, conditional inbound messages (0.051292ms)
✔ P2-N1 en/privacy: current comments and private reply, conditional inbound messages (0.042833ms)
✔ P2-N1 en/terms: current comments and private reply, conditional inbound messages (0.044625ms)
✔ PS1 legal identity is one untranslated source (0.080459ms)
✔ PS1 contact and hosts come only from configuration; production fails closed (0.334375ms)
✔ PS2 public routes default to zh-TW, restrict page/locale, and never include admin (0.427916ms)
✔ PS4 optional Meta verification value never has a fake default (0.052083ms)
✔ PS1 every locale uses the same product name in auth page titles (0.039416ms)
✔ PS1 public page copy has three complete locales, no invented operator identity or contact (0.200833ms)
✔ PS1 production build validates config; public data is not bundled through NEXT_PUBLIC (0.766458ms)
✔ PS review: admin image installs the manifests for its workspace dependencies before building (0.34675ms)
ℹ tests 17
ℹ suites 0
ℹ pass 17
ℹ fail 0
ℹ cancelled 0
ℹ skipped 0
ℹ todo 0
ℹ duration_ms 80.759292
✔ R11 SQL's exact receipt states are accepted; missing/forged operation/state remains unknown (0.771542ms)
✔ R11 durable receipt journal validates phase against exact operation state (0.486917ms)
✔ R11 actual read control distinguishes replay/inflight/unknown/failure in en (4.223541ms)
✔ R11 actual read control distinguishes replay/inflight/unknown/failure in zh-TW (0.639042ms)
✔ R11 actual read control distinguishes replay/inflight/unknown/failure in zh-CN (0.521125ms)
✔ unknown journal retains exact key/boundary and is scoped to store+session; malformed state fails closed (0.13425ms)
✔ R12 read hook keeps network UNKNOWN on one key and explicitly refreshes acknowledged UNKNOWN (10.475917ms)
✔ actual POST transport uses CSRF and session fence; 403 independent of response text (13.806667ms)
✔ R10 ROAS has exactly two decimals in en (9.802125ms)
✔ R10 unknown ROAS is never fabricated as zero in en (0.13075ms)
✔ R10 ROAS has exactly two decimals in zh-TW (0.178125ms)
✔ R10 unknown ROAS is never fabricated as zero in zh-TW (0.042417ms)
✔ R10 ROAS has exactly two decimals in zh-CN (0.124541ms)
✔ R10 unknown ROAS is never fabricated as zero in zh-CN (0.033542ms)
✔ shared presentation preserves registry title and one empty buyer message in en (25.102167ms)
✔ R11 large linked-draft list is complete but collapsed in en (8.8065ms)
✔ shared presentation preserves registry title and one empty buyer message in zh-TW (9.283875ms)
✔ R11 large linked-draft list is complete but collapsed in zh-TW (2.556667ms)
✔ shared presentation preserves registry title and one empty buyer message in zh-CN (5.604416ms)
✔ R11 large linked-draft list is complete but collapsed in zh-CN (2.604333ms)
✔ R11 timeline distinguishes local unknown spend from explicit Meta zero in en (2.855417ms)
✔ R11 timeline distinguishes local unknown spend from explicit Meta zero in zh-TW (3.097542ms)
✔ R11 timeline distinguishes local unknown spend from explicit Meta zero in zh-CN (1.953333ms)
✔ R11 I12 nullable Meta evidence survives without becoming zero (0.213792ms)
✔ R11 actual panel rendering preserves unknowns and reconnect route in en (10.486041ms)
✔ R11 actual panel rendering preserves unknowns and reconnect route in zh-TW (10.647791ms)
✔ R11 actual panel rendering preserves unknowns and reconnect route in zh-CN (11.384208ms)
✔ D1, D6, R7: exact amounts and sources remain independent, account days stay labelled (0.183083ms)
✔ R12: null stays unknown and unread / unauthorised / insufficient remain different states (0.223166ms)
✔ R12 granted but unread audience offers a read, never reconnect in en (1.583791ms)
✔ R12 granted but unread audience offers a read, never reconnect in zh-TW (1.600458ms)
✔ R12 granted but unread audience offers a read, never reconnect in zh-CN (1.516792ms)
✔ I12 forged / missing frozen fields never silently become zeros (0.80775ms)
✔ only whitelisted aggregates survive: extra identifiers and HTML are never interpreted (0.0555ms)
✔ attribution is a read-only BFF resource with exact bounded query grammar (0.284125ms)
✔ audience-read is exactly the new local intention POST and never a data GET or queried write (0.289667ms)
✔ route fails closed without ads:read and is not a duplicate navigation entry; locale keys match (0.121959ms)
ℹ tests 37
ℹ suites 0
ℹ pass 37
ℹ fail 0
ℹ cancelled 0
ℹ skipped 0
ℹ todo 0
ℹ duration_ms 409.89225
✔ card-payments copy: identical key sets in all three locales (2.285417ms)
✔ merchant terms are quoted verbatim (contract §5) in the enable dialog (0.421583ms)
✔ ruling-fixed strings: platform not OPEN and BLOCKED note (0.163708ms)
✔ error map covers every frozen refusal code from migrations/0137 (0.56ms)
✔ no Stripe account id, key or approval id shape appears in any copy string (0.696167ms)
✔ storefront collector disclosure matches contract §5 templates in three languages (0.091917ms)
✔ the merchant terms in the dialog are the contract §5 sentence, extracted from the contract (0.119583ms)
✔ the storefront templates are the contract §5 lines, extracted from the contract (0.123875ms)
✔ settlement copy: deduction columns are labelled as deductions in every language, with a legend and the net formula (1.549708ms)
✔ there is no separate 'not on the allowlist' message: it reads as not open (review P1-2) (0.434375ms)
✔ card summary accepts the frozen shape incl. all-null platform NONE (1.281167ms)
✔ card summary rejects unknown keys, bad enums, bad money, bad version (0.360875ms)
✔ card result is exactly {state, version, max_minor, currency, descriptor_preview} (0.098417ms)
✔ descriptor suffix rule: charset, 2..10 chars, must contain a letter (0.136208ms)
✔ the suffix length rule is the charset rule's 10; the 22-character descriptor total stays the server's (SANDBOX L=10, LIVE PrefixLength) (0.059333ms)
✔ descriptor preview mirrors the contract projection (base + '* ' + suffix) (0.051791ms)
✔ settlement list accepts statements without payout/lines keys (omitempty) (0.401416ms)
✔ settlement detail carries lines whose count and sums match the totals (0.336084ms)
✔ settlement parsers reject malformed reads (0.57275ms)
✔ fees, refunds and disputes are signed exactly as the ledger stores them (0.129958ms)
✔ a returned fee is a positive line fee; the detail's lines must add up to the statement totals (0.142458ms)
✔ closed_at/paid_at accept the offsets PostgreSQL emits as well as Z (0.113625ms)
✔ a payout reference shaped like a Stripe key or account id is never displayed (0.108334ms)
✔ platform not OPEN: 'not open yet' and no enable control, for every non-OPEN state; the platform badge still tells why (0.38525ms)
✔ allowlisted + OPEN: enable from NONE/DISABLED, disable from ENABLED (0.066333ms)
✔ not allowlisted on an OPEN platform reads exactly like not open: the same message, no 'platform open' badge, no enable (review P1-2) (0.083167ms)
✔ BLOCKED: the suspended note, disable only, never enable (whatever the platform says) (0.055084ms)
✔ without billing:manage nothing can be changed, but the state is still readable (0.051916ms)
✔ enable carries the platform's current terms, the suffix and the version read; NONE starts at 0 (0.056125ms)
✔ disable never sends a suffix and quotes the terms the store accepted (the platform's may have moved on) (0.038417ms)
✔ a retained suffix is recovered from the final preview so a re-enable can keep it (0.037208ms)
✔ the period label shows the last day inside the (exclusive-end) week (4.672042ms)
✔ payout state: paid, pending only when money is due, none when the week nets to zero or less (0.065625ms)
✔ card-payments and settlements are nav:false routes, so no group loses or gains a nav button (0.170041ms)
✔ settlements need billing:manage, the card page integration:read; the owner opens both (0.136375ms)
✔ statement cells: a dispute reversal and a returned fee read as credits (+) and every deduction as -, and the columns add up to the server's net (9.513833ms)
✔ the detail parser requires the lines of a statement that has lines; a quiet week (line_count 0) may omit them (0.187542ms)
✔ route table: exactly the four resources, nothing generic (0.503042ms)
✔ query grammar: card and settlement-detail are exact; settlements takes before/limit only (0.287542ms)
✔ request fence: keyless PUT (CAS), bodyless GETs, no transfer-encoding (26.302ms)
✔ PUT body is the exact frozen shape {enabled, terms_version, descriptor_suffix, expected_version} (1.60725ms)
✔ the BFF route wires the card grammar: keyless CAS PUT, exact body, no-store, auth required (1.06375ms)
✔ the real card summary parses and drives the display state machine (1.396959ms)
✔ the real statement list parses: newest first, no lines, three payout states (0.812834ms)
✔ every real detail parses with its lines and the lines add up to the statement (1.089666ms)
✔ an empty ledger parses to no statements (0.482ms)
✔ no account id, key or approval shape is in any real body (0.471833ms)
✔ the real statements display literally as signed contributions that add up to the server's net (10.830625ms)
ℹ tests 48
ℹ suites 0
ℹ pass 48
ℹ fail 0
ℹ cancelled 0
ℹ skipped 0
ℹ todo 0
ℹ duration_ms 129.125209
✔ option/slug/SKU caps equal internal/catalog (options.go, catalog.go) (9.71725ms)
✔ text caps equal the Go validators (name 120, description 8000, SEO 70/160, collection title 80) (1.767667ms)
✔ photo caps equal Go (MaxMainImages, MaxDetailImages, MaxImageBytes) and the SKU code pattern (1.243875ms)
✔ PE13 Cartesian matrix is local, preserves edits and deduplicates values (0.558666ms)
✔ PE13 bulk quantity skips negative rows without modifying them (0.119417ms)
✔ PE12 untracked document uses whole currency and per-order cap, never quantity (12.329792ms)
✔ PE14 missing readback is not guessed or silently cleared by full replacement (0.061125ms)
✔ bulk status accepts explicit per-item results, never empty or duplicated confirmations (0.194792ms)
✔ matrix refuses over 100 SKUs before expansion (0.077958ms)
✔ parity: admin caps equal the Go constants (2.233667ms)
✔ image list: 4 main + 20 detail + 2 sku in role order is accepted (0.337417ms)
✔ image list: 5 main, 21 detail, wrong role order, gaps and extra keys are refused (0.132791ms)
✔ single image: role is required and its position is bounded by the role cap (0.096833ms)
✔ option text limits count Go runes rather than UTF-16 units (0.269334ms)
✔ PE14 new edit SKU carries its own shipping and clears no existing fields (10.230542ms)
✔ PE14 patch changes only price and preserves unmentioned fields (0.180541ms)
✔ PE14 on_hand is not available, zero target is transmitted, ambiguous warehouse refuses (0.277542ms)
✔ PE14 explicit clears and shipping remain per SKU on an active row (0.120709ms)
✔ PE14 archive supersedes every other edit on that SKU (b77eeb11) (0.130583ms)
✔ PE14 no-op has no command fields and changed axes explicitly archive omitted variants (0.092167ms)
ℹ tests 20
ℹ suites 0
ℹ pass 20
ℹ fail 0
ℹ cancelled 0
ℹ skipped 0
ℹ todo 0
ℹ duration_ms 100.077625
(node:70578) ExperimentalWarning: Transform Types is an experimental feature and might change at any time
(Use `node --trace-warnings ...` to show where the warning was created)
✔ UNKNOWN retry client authorization loss requires reconciliation, not a fresh command (7.989417ms)
✔ UNKNOWN retry 401 authorization loss requires reconciliation, not a fresh command (9.769417ms)
✔ UNKNOWN retry 403 authorization loss requires reconciliation, not a fresh command (0.689792ms)
✔ a conclusive command rejection stays distinct from authorization loss (0.936792ms)
ℹ tests 4
ℹ suites 0
ℹ pass 4
ℹ fail 0
ℹ cancelled 0
ℹ skipped 0
ℹ todo 0
ℹ duration_ms 121.015292
(node:70581) ExperimentalWarning: Transform Types is an experimental feature and might change at any time
(Use `node --trace-warnings ...` to show where the warning was created)
✔ offer controls read authoritative limits without parsing unrelated KEYWORD_QTY_CONTAINS window/stats (12.26625ms)
✔ offer controls accept 101 through the backend cap of 200 distinct offers, reject 201 (2.142667ms)
✔ offer toggle preserves exactly the authoritative maximum in the real M4 payload (2.667667ms)
✔ console BFF admits exactly A1/A7/A6 and A5 read/copy methods (0.385084ms)
✔ Next proxy admits the exact console family and results query before the BFF (41.42475ms)
✔ results query is canonical repeated session_id 1..50, everything else queryless (0.123875ms)
✔ real BFF route forwards only exact resources, authenticates scope and returns private scrubbed errors (47.93875ms)
✔ new commands reject unknown keys and preserve frozen copy/lifecycle/recommend body (0.154458ms)
✔ browser commands reuse Studio fences, exact no-comment recommend body and backend refusal codes (1.546042ms)
✔ results client preserves canonical ids/order and rejects invalid list before fetch (0.345458ms)
✔ stock client reuses catalog transport/key/parser and fences a changed login without retries (1.139459ms)
✔ journal replay sends the exact original method/path/body/key for all five commands (2.220167ms)
(node:70582) ExperimentalWarning: Transform Types is an experimental feature and might change at any time
(Use `node --trace-warnings ...` to show where the warning was created)
✔ A1 strict MOCK snapshot preserves unavailable counts, capability unknown and server stock (2.239334ms)
✔ A7 returns a separate lifecycle version and closed full KEYWORD_QTY_CONTAINS window (0.127083ms)
✔ A5 results retain separate environments/currencies and bind exact requested ids/order (0.152959ms)
✔ A5 copy parses real Go envelope, copied offer prices and KEYWORD_QTY_CONTAINS window (0.348041ms)
✔ A6 accepts optional operation UUID, never guessed send success (0.083791ms)
(node:70583) ExperimentalWarning: Transform Types is an experimental feature and might change at any time
(Use `node --trace-warnings ...` to show where the warning was created)
✔ Live settings navigation accepts a scene picker entry but never a malformed or unscoped deep link (0.747292ms)
✔ LC-B7 stock permission admits live_adjust without inventory:write, not unrelated grants (0.081541ms)
✔ Instagram comment total stays unavailable; Facebook observed count is not a platform total (0.070084ms)
✔ LC-U1 one primary action follows lifecycle, never planning or transport state (0.054875ms)
✔ LC-U1 stock target uses sellable delta and rejects fractions, negative and over-limit changes (0.085875ms)
✔ LC-U1 links only explicit FB post identities, never arbitrary URLs or guessed videos (0.069625ms)
✔ LC-U1 Facebook preview keeps the original no-frame CSP and uses a safe external link (0.254125ms)
✔ LC-U1 delayed copy completion cannot navigate after store switch or unmount (0.098375ms)
✔ LC-U1 receipt fence survives cookie rotation; pending replay still has a separate session boundary (0.453708ms)
ℹ tests 26
ℹ suites 0
ℹ pass 26
ℹ fail 0
ℹ cancelled 0
ℹ skipped 0
ℹ todo 0
ℹ duration_ms 260.39875
✔ UNKNOWN and queued public receipt survive selection remount without storing private identifiers (14.692458ms)
✔ actual A2 hook fake clock: 3/6/12/24/30 backoff, success reset, hide clears and stops, 403 locks (6.359833ms)
✔ actual reset clears selected buyer and rereads without the old epoch cursor (3.152167ms)
✔ reply hints, coded error, UNKNOWN and capability state execute the actual composer (1.61275ms)
✔ real bridge sealCursor uses payload.signature rather than plain base64url (11.940292ms)
✔ A2 grammar refuses private/duplicate/ambiguous cursors and keys on reads (0.849208ms)
✔ A3-A5 exact comment ref and bodies; explicit preemption private only (0.260625ms)
✔ A4/A5 preserve frozen refusal codes, never provider/debug text (0.066959ms)
✔ reset invalidates old buffers and cursor before reread; older page cannot advance live cursor (0.356417ms)
✔ filter resources have only authorised opaque ids; backoff is capped and success resets (0.061625ms)
ℹ tests 10
ℹ suites 0
ℹ pass 10
ℹ fail 0
ℹ cancelled 0
ℹ skipped 0
ℹ todo 0
ℹ duration_ms 287.951375
✔ secondary failures preserve A1; only A1 is periodic; IG notice follows the platform/embeddability observation (219.031416ms)
✔ the existing console refresh also explicitly refreshes its parent list; no automatic list read (14.862334ms)
✔ parent forwards only an explicit refresh callback and retains the scene when list is unavailable (9.713916ms)
✔ every explicit browser response/event/navigation waiter has a finite sub-test budget (6.440875ms)
✔ A1 failures back off 3/6/12/24/30 seconds and success resets to five seconds (80.8185ms)
✔ Retry-After is a minimum; hidden tabs cancel polling; forbidden locks and conceals (37.557375ms)
✔ secondary reads are mount/refresh only, independent from A1 and non-fatal (21.518083ms)
✔ UNKNOWN journal restores the exact key/method/path/body and explicit retry after reload (23.356542ms)
✔ first definite 403 clears journal but locks commands; late success after navigation clears only its own key (28.652959ms)
✔ private reads preserve Retry-After seconds and dates, without changing existing error codes (20.674333ms)
✔ a restored in-flight or UNKNOWN request retains its journal after a replay 403 (66.747625ms)
✔ restored copy success dispatches completion only in the still-current scene (34.515292ms)
✔ SessionCopy resyncs closed same-ID titles, preserves open edits and cancels to latest draft (22.794875ms)
✔ SessionCopy submit uses latest version; UNKNOWN request survives later draft/input changes (20.572416ms)
ℹ tests 14
ℹ suites 0
ℹ pass 14
ℹ fail 0
ℹ cancelled 0
ℹ skipped 0
ℹ todo 0
ℹ duration_ms 553.591958
✔ claims window modes match Go constants and every SQL match_mode CHECK (4.058042ms)
✔ host prompt stays verbatim at the frozen trunk contract; Japanese is absent (2.286334ms)
✔ bundle parser accepts manual (labelled) and Meta (unlabelled) bundles (0.636042ms)
✔ bundle parser rejects unknown platforms and label/platform mismatches (0.149917ms)
✔ offer parser carries the live price and rejects every out-of-range or missing field (0.246708ms)
✔ library and import parsers are closed; removal receipt is the only version-0 shape (0.197791ms)
✔ price input: exact decimal minor units, never float, bounded to the currency's places (9.321417ms)
✔ live-tools copy exists in all three locales with the same conflict reasons (0.5615ms)
✔ claims BFF allowlist is exactly M1–M7 per method (2.103875ms)
✔ M7 link response shape is closed (0.205792ms)
✔ host prompt copy is the frozen text, verbatim (0.080583ms)
ℹ tests 11
ℹ suites 0
ℹ pass 11
ℹ fail 0
ℹ cancelled 0
ℹ skipped 0
ℹ todo 0
ℹ duration_ms 113.266167
NOT_RUN: tests/media/r04-input-runner.test.mjs (COMMERCE_R04_LIVEKIT_BINARY unset)
✔ main/detail/sku caps use the existing frozen image contract (0.588708ms)
✔ phone and tall dimensions fit2000 without enlarging small assets (0.137916ms)
✔ upload query requires one exact role and sku value; reads/actions carry no query (0.4115ms)
✔ role transport encodes current option values and refuses invalid identities (0.184584ms)
✔ effective image axis follows current options, then falls back to first (0.075583ms)
✔ detail and option photos cannot satisfy the main-photo recommendation (0.071125ms)
✔ PM-U copy has matching keys in ja and all currently routed locales (0.130875ms)
✔ real-upload mode builds both Next applications on a clean CI checkout (7.191834ms)
✔ upload recovery journal survives a new session while remaining product/store scoped (0.113833ms)
✔ an option upload receipt requires its captured axis, value and image id on canonical readback (0.105542ms)
✔ failed durable recovery storage cannot authorize a media write (0.076417ms)
✔ an active product needs a main image after canonical media is known; repair paths stay possible (0.056167ms)
✔ empty media sections render a readable localized placeholder until photos are present (4.847166ms)
✔ real-upload mode never exits through the storefront MOCK shortcut (9.106583ms)
✔ a valid active zero-main product keeps an inline repair hint rather than a page error (4.402958ms)
✔ a new product issues the image-axis stage only for a chosen axis (0.665833ms)
ℹ tests 16
ℹ suites 0
ℹ pass 16
ℹ fail 0
ℹ cancelled 0
ℹ skipped 0
ℹ todo 0
ℹ duration_ms 245.292917
(node:70643) ExperimentalWarning: Transform Types is an experimental feature and might change at any time
(Use `node --trace-warnings ...` to show where the warning was created)
✔ a fitting PNG keeps the exact original File, bytes and alpha-capable format (1.377125ms)
✔ a JPEG exactly at both limits remains original, not a lossy re-encode (1.0115ms)
✔ an oversized phone JPEG is encoded below the cap after oriented scaling (1.429417ms)
✔ a large transparent PNG stays alpha-capable and is never painted with an opaque matte (0.924083ms)
ℹ tests 4
ℹ suites 0
ℹ pass 4
ℹ fail 0
ℹ cancelled 0
ℹ skipped 0
ℹ todo 0
ℹ duration_ms 103.491375
✔ HTTPS picklist fixture carries Secure session cookies automatically while preserving CSRF refusals (90.9945ms)
✔ batch controls stay compact until an order selection or live-session scope exists (0.177375ms)
✔ selection has XOR bodies, canonical unique IDs and separate 500/100 limits (0.500291ms)
✔ cross-page selection retains existing rows, deduplicates and refuses overflow atomically (0.830541ms)
✔ pick projection rejects PII/extra keys, invalid quantities and unmatched order identities (0.60425ms)
✔ batch replies bind one-for-one to confirmed orders and preserve uncertainty code (0.127458ms)
✔ pick/export POSTs reject keys and all query variants except one exact template (2.155125ms)
✔ CSV filename binds to selected template and store; no path/header injection (0.267125ms)
✔ MOCK browser fixture list matches the incumbent closed order parser (17.181625ms)
✔ recovery never clears an unknown or missing current attempt (0.144209ms)
✔ recovery and order-detail MOCK fixtures satisfy real read parsers (9.761917ms)
✔ order selection can read its session fence during SSR without browser globals (1.041125ms)
✔ MOU keeps native headed checks runnable on a Linux CI worker without DISPLAY (14.128291ms)
ℹ tests 13
ℹ suites 0
ℹ pass 13
ℹ fail 0
ℹ cancelled 0
ℹ skipped 0
ℹ todo 0
ℹ duration_ms 399.757125
✔ exactly the nine W6-01B resources are admitted, each only under its own method (1.962667ms)
✔ the customer list is claimed only when a tag filter is present (customers-request.ts stays the owner otherwise) (0.146459ms)
✔ near misses are refused (no generic proxying) (0.090167ms)
✔ reads: no body, no key, no transfer-encoding; tag-list takes no query at all (84.375166ms)
✔ customer-list query: closed keys, tag must be a canonical uuid, list bounds identical to customers-request (1.11375ms)
✔ note-list query: only limit and after, with the customers-list bounds (0.565459ms)
✔ writes: exactly one well-formed Idempotency-Key; the two DELETEs carry no body but still need the key (3.584959ms)
✔ validTagName mirrors Go (NFC first, 1..20, trimmed, no control/Cf) (1.068291ms)
✔ validNoteBody mirrors Go (1..1000, not blank, only \n \r \t controls) (0.253917ms)
✔ tag-create body: closed keys, valid name and one of the eight colors (0.218334ms)
✔ tag-patch body: at least one of name/color, nothing else (0.083125ms)
✔ owner-tags body: tag_ids (<=100 canonical uuids) + 64-hex revision, exact keys (0.479041ms)
✔ note bodies: create {body}; patch {body, version>=1}; deletes and reads carry no body at all (0.873125ms)
✔ parseTagCatalog decodes {items: TagRecord[]} with the store-catalogue bounds (1.562792ms)
✔ parseTagSet / parseDeletedTag / parseDeletedNote decode the frozen write receipts (0.235875ms)
✔ parseNoteRecord / parseNotePage decode notes with the Go note rules (1.071792ms)
✔ customer-tags copy: three locales, identical key sets, the integrator's ruled note-privacy text verbatim (0.245ms)
✔ components wire the ruled copy and the tag/note controls the specs click (1.0495ms)
✔ tag read names must already be trimmed NFC and Unicode code-point bounded (0.115375ms)
✔ session change before network sends nothing (30.325083ms)
✔ session changes after network or during body parse drop the response (29.006375ms)
✔ transient session digest failure is settled only before dispatch (3.248792ms)
✔ lost response followed by a changed session is UNKNOWN after dispatch (4.928417ms)
✔ lost response does not auto-retry; explicit replay keeps method/key/payload/scope (13.027792ms)
✔ 5xx or malformed success is uncertain, coded refusal is settled (22.117334ms)
✔ passive tag/detail refresh preserves an unsaved new-note draft (15.438959ms)
✔ passive refresh updates visible notes but preserves edit draft and original CAS version (0.694875ms)
✔ explicit refresh signal clears old edit draft while passive array changes do not (0.544459ms)
✔ an unauthorized note read clears private note bodies and the draft (1.835083ms)
✔ a transient note read failure keeps the notes already shown (13.826958ms)
✔ an unauthorized note read signals the global logout once; a transient failure does not (3.52125ms)
✔ non-privacy writer: own notes keep Edit and Delete on a fresh mount, others' notes do not (0.658584ms)
✔ notes forbidden/not_found signals scope loss exactly once per mount, never on transient failure (39.925875ms)
✔ bad path/store/method/query/header is refused without authority or backend calls (65.958333ms)
✔ the actual proxy admits a tagged customer list with scoped search/cursor and rejects malformed tag authority (4.358875ms)
✔ signed-out/cross-store/Origin-CSRF denials short circuit before body or forwarding (4.912834ms)
✔ closed bodies and DELETE payloads cannot reach Go (2.514667ms)
✔ all write methods preserve exact key/body/store and private success status (1.244875ms)
✔ note pagination preserved and hostile backend errors/bodies sanitized (9.098417ms)
✔ a catalogue forbidden or not_found asks the parent to re-run its guarded reads, with no logout (183.158666ms)
✔ transient catalogue failures stay local; unauthorized logs out but is not a scope loss (66.066792ms)
✔ after a tag write the manager stays mounted: the catalogue refreshes in place, never reloads (35.001375ms)
✔ a manager-reported scope loss reloads the customer list and catalogue guarded reads (19.491875ms)
✔ CustomerDetail forwards a scope-lost signal to the guarded read once per page (15.760375ms)
✔ badges are escaped server tag facts with human-readable names (3.193542ms)
✔ actual customer notes render privacy notice, safe content, author fallback and read-only permissions (29.55175ms)
✔ unknown permissions and erased customer never offer note mutations (4.478583ms)
✔ write-only notes permit add but not edit/delete of notes the server does not mark own; privacy permission permits both (5.794541ms)
✔ manager trigger and all three localized buyer-export notices render through actual components (8.281167ms)
✔ UNKNOWN survives settled unauthorized retry until trusted success; fresh run ignored (1.703417ms)
✔ UNKNOWN survives settled forbidden retry until trusted success; fresh run ignored (0.432917ms)
✔ UNKNOWN survives settled version_changed retry until trusted success; fresh run ignored (0.417375ms)
✔ first-attempt preflight refusal is settled and permits a fresh action (0.383542ms)
✔ UNKNOWN and in-flight retries prevent duplicate dispatch; unmount discards stale outcome (0.35525ms)
✔ an unauthorized write signals the global logout; forbidden does not (0.5765ms)
✔ UNKNOWN command survives unmount/remount: still locked, same-key retry, cleared by trusted success (0.398ms)
✔ a command unmounted while in flight is treated as UNKNOWN on remount (0.400167ms)
✔ a session boundary change drops the remembered UNKNOWN command (71.964833ms)
✔ a guarded read that ends signed-out signals the global logout once (4.535458ms)
✔ forbidden/unavailable failures and a successful read signal no logout (5.281625ms)
✔ refresh ending signed-out clears the view, blocks and signals the global logout once (3.549167ms)
✔ refresh ending forbidden or not-found clears the data without a logout (7.860458ms)
✔ a transient refresh failure keeps the ready view and signals nothing (8.059959ms)
✔ exactly the eight report GETs are admitted; every other method or path is refused (0.849458ms)
✔ report reads: query required, no body, no key, no transfer-encoding (34.987084ms)
✔ from/to: exactly once each, calendar-valid days, 0..91 apart (0.430584ms)
✔ session_id: only on the funnel (json and csv), a canonical uuid, once (0.283ms)
✔ parseProductReport: echoed range/zone, <=1000 rows sorted by net desc, net = captured - refunded (2.608875ms)
✔ parseChannelReport: closed vocabulary order, money per environment strictly ascending, I05 inside every bucket (0.645542ms)
✔ parseFunnelReport: nested counts, session echo, ordered_without_link bound (1.029667ms)
✔ parseManualReport: nullable principal/session ids, bucketed money like channels (24.040542ms)
✔ reports copy: three locales, identical key sets, the integrator's ruled money annotation verbatim (4.125375ms)
✔ Reports.tsx: four tabs, CSV per tab, ruled annotation, CSS/SVG charts only (no new dependencies) (1.573875ms)
✔ report CSV closed headers use actual Go slug, echoed dates and private no-store (0.863375ms)
✔ report response projection rejects unknown keys, mismatched range and non-private responses (3.302709ms)
✔ manual buckets follow Go's uncapped row count rather than a made-up 500-row limit (0.791542ms)
✔ display sorts only inside currency/environment groups, never sums money or mutates server rows (43.81275ms)
✔ page report query accepts exactly the four report names and defaults to products (0.115917ms)
✔ actual product table renders offline separately, both modes, no UUID copy and sortable headers (20.20825ms)
✔ actual channel chart exposes exact numbers and both money modes using SVG (0.872166ms)
✔ actual funnel has four stages, nested widths and truthful zero-denominator text (1.140125ms)
✔ manual table resolves authorized labels, has honest fallback, and never presents UUIDs (1.548209ms)
✔ all report views render localized empty states (0.496542ms)
✔ actual BFF refuses malformed query, unknown store/session, disabled auth and missing CSV fences before Go (89.853584ms)
✔ actual BFF closed JSON projection and CSV scope/query preserve trusted token; no forwarded client authority (29.445166ms)
✔ actual BFF permission and malformed CSV response fences do not masquerade as a download (17.025125ms)
✔ audited browser GET accepts same-origin Fetch Metadata plus CSRF, never cross-site or forwarded Host (21.235917ms)
✔ actual CSV client preflight sends nothing after session change, and a lost audit response is uncertain with no retry (10.938209ms)
✔ actual CSV client refuses stale-session bytes and downloads only a closed private response (9.589083ms)
✔ report leaf gives the actual trusted fetch 65 seconds, rejects redirects and forwards only server bearer (5.772791ms)
✔ incoming request cancellation aborts the real report fetch once, returns safe unavailable and never retries (4.765875ms)
✔ CSV final synchronous fence conceals bytes when cancellation, hide or cookie rotation happens inside final await (24.729375ms)
✔ CSV end-to-end deadline covers store lookup and report budget; aborted preflight sends no audited request (10.517459ms)
✔ an uncertain export stays locked for its scope after another scope's export (6.08125ms)
✔ an uncertain export scope persists per store in tab storage and re-locks a fresh render (27.892958ms)
✔ unavailable tab storage fails closed to the in-memory lock without throwing (9.293875ms)
✔ export lock is stored before dispatch; refused/delivered outcomes release it, uncertain and cut-short keep it (59.689458ms)
✔ releasing one scope keeps the other uncertain scopes of the store (8.90825ms)
✔ export is refused and nothing is dispatched when the lock cannot be saved (denied, full or no storage) (12.563125ms)
✔ copy for an unsaved export lock exists in every locale (0.486292ms)
✔ product sort query parses strictly and defaults to net_minor descending (0.524792ms)
✔ legacy-store permission probe: forbidden/not-found/signed-out fail the read closed, transient falls back (16.2725ms)
✔ channel and funnel data retain their applied dates while draft dates wait for Show (84.726125ms)
✔ an uncertain export lock is bound to the session boundary, so a different user does not inherit it (21.239708ms)
✔ Finance landing links to reports under the same canSeeReports rule (9.68825ms)
✔ selected tag survives searches and cursor pagination while an empty filter is omitted (58.514708ms)
✔ customer list dispatch preserves legacy requests and sends every tag query to the closed W6 authority (383.172166ms)
✔ customers reports link is hidden only when permissions are present and lack orders:read (0.41775ms)
✔ reports are a finance subpage and preserve the existing single finance navigation entry (0.160625ms)
✔ an authoritative erased customer immediately unmounts the cached private tags/notes subtree (24.091917ms)
✔ the actual customer row shows manual tags and imported status without changing consent (5.636875ms)
✔ P1 actual tag DELETE accepts an empty Next-style stream without JSON MIME (477.607417ms)
✔ P1 actual note DELETE accepts an empty Next-style stream without JSON MIME (2.99775ms)
✔ P1 body-carrying tag writes still require JSON MIME through the real BFF (1.873042ms)
✔ P2 customer bare/encoded tag keys are invalid422 through the actual leaf before any backend (3.419625ms)
✔ P2 report products real session/CSRF response is private and Vary Cookie (1.238ms)
✔ P2 report products.csv real session/CSRF response is private and Vary Cookie (1.793ms)
✔ P2 report malformed query and wrong CSRF are rejected by actual helpers before upstream (0.356709ms)
ℹ tests 118
ℹ suites 0
ℹ pass 118
ℹ fail 0
ℹ cancelled 0
ℹ skipped 0
ℹ todo 0
ℹ duration_ms 1316.403375
✔ parseShard: i/N, empty means unsharded, anything malformed throws (0.713459ms)
✔ assignShards: deterministic, every key owned once, near-balanced (LPT bound) (0.926167ms)
✔ planClick: for every N the shards partition the whole universe (every registry route x variant, storefront walk, journey) (1.223458ms)
✔ planClick at N=10 keeps every shard within ~1.3x of the mean planned cost (0.116291ms)
✔ aggregate click: honest shards pass for several N (2.377041ms)
✔ aggregate click: a missing shard, a dropped page row, a lost journey, a failing row, a stale known defect and a missing platform marker are each a failure (3.864875ms)
✔ aggregate click: a route added to the registry after the shards ran cannot pass (the registry is re-read) (0.38125ms)
✔ aggregate visual: honest shards pass; a missing shard, a missing shot, a blocking verdict and a registry route outside the universe each fail (4.483209ms)
ℹ tests 8
ℹ suites 0
ℹ pass 8
ℹ fail 0
ℹ cancelled 0
ℹ skipped 0
ℹ todo 0
ℹ duration_ms 87.297667
ci-plan: 10 job(s); click-sweep x10 (aggregate)
  --browser-click-sweep@1/10  -> artifact gate-browser-click-sweep_1_10
  --browser-click-sweep@2/10  -> artifact gate-browser-click-sweep_2_10
  --browser-click-sweep@3/10  -> artifact gate-browser-click-sweep_3_10
  --browser-click-sweep@4/10  -> artifact gate-browser-click-sweep_4_10
  --browser-click-sweep@5/10  -> artifact gate-browser-click-sweep_5_10
  --browser-click-sweep@6/10  -> artifact gate-browser-click-sweep_6_10
  --browser-click-sweep@7/10  -> artifact gate-browser-click-sweep_7_10
  --browser-click-sweep@8/10  -> artifact gate-browser-click-sweep_8_10
  --browser-click-sweep@9/10  -> artifact gate-browser-click-sweep_9_10
  --browser-click-sweep@10/10  -> artifact gate-browser-click-sweep_10_10
✔ the full sweep and the full visual lint fan out into every shard and ask for the aggregate (1.051416ms)
✔ foundation-shards = the unit shard + every plan group; the serial `foundation` mode is untouched (0.640708ms)
✔ an explicit shard re-run (or a partial list) never claims the whole-run aggregate (0.436542ms)
✔ duplicates collapse, artifact names are safe and unique, bad input is refused (0.370833ms)
✔ main writes matrix / sweep_n / visual_n to GITHUB_OUTPUT (1.795041ms)
✔ backend-only paths run foundation-shards only (1.35625ms)
✔ node tests of deploy scripts and of the CI planner are backend-only (they cannot change a browser) (0.537ms)
✔ a UI path adds the whole browser set, including click-sweep and visual-lint (3.578334ms)
✔ docs-only and output-only diffs keep the single required check (foundation-shards) (0.643917ms)
✔ tests/foundation/browser_* is a browser path, other tests/foundation files are not (0.584292ms)
✔ deploy flag: deploy/ and scripts/deploy* only (1.083334ms)
✔ the browser set is release-gate's browser-mode universe minus the documented exclusions (13.227083ms)
✔ parser: only compiled, correctly-shaped Test functions of untagged _test.go files (1.445708ms)
✔ the real plan: every top-level test of tests/foundation runs in exactly one group (652.592917ms)
✔ a new test (in no list) still runs, exactly once, in the catch-all group; the same name with no catch-all is red (864.638125ms)
✔ a test listed in two groups is red; drift beyond the limit is red (807.224625ms)
✔ regexes: anchored explicit lists; the catch-all skips exactly everyone else's tests (0.403334ms)
✔ pack: deterministic, balanced to within the longest test, every name once (3.786208ms)
✔ parseDurations: top-level lines only (0.183584ms)
ℹ tests 19
ℹ suites 0
ℹ pass 19
ℹ fail 0
ℹ cancelled 0
ℹ skipped 0
ℹ todo 0
ℹ duration_ms 2408.072042
✔ LC-U2a real BFF seam A2-A5 exact grammar, privacy, denial and no diagnostic reflection (24.6665ms)
✔ A8/A9/A13 and published templates: exact reads forward once with no-store (4.431625ms)
✔ real streamed POST bodies: A10-A14 exact keys reach upstream (4.394333ms)
✔ query, read headers, methods and body allowlists refuse before upstream (7.4335ms)
✔ session, CSRF and store authority precede content forwarding (0.98275ms)
✔ A12 fixed codes preserved; arbitrary upstream diagnostics stripped (5.57375ms)
✔ client preserves codes and receipt; changed/aborted session cannot publish private response (3.02275ms)
✔ A9 admits a full page of valid Unicode replies while bounding private response bytes (3.472708ms)
✔ non-JSON upstream 401 still expires both authentication cookies without diagnostic leakage (1.1425ms)
✔ real M7 response keeps no-referrer after matching Next production header rules (9.960917ms)
✔ three unit languages cover identical fixed labels and delivery states (0.706292ms)
✔ hiding aborts requests and rejects late responses, even after reveal (0.413125ms)
✔ switching selection invalidates both reads and write completions (0.062625ms)
✔ owner and explicit inbox permissions only; viewer fails closed (0.056709ms)
✔ Messenger counts Unicode codepoints; Instagram counts NFC UTF8 bytes (0.5255ms)
✔ uncertain transport retries retain the exact submission; definitive conflicts retire it (0.40475ms)
✔ privacy calibration cannot activate with production origin or ordinary caller env (0.132ms)
✔ late focus/pageshow while native document remains hidden cannot reveal requests (0.088042ms)
✔ terminal navigation revocation cannot be undone by focus or refresh until a new page fence (0.060667ms)
✔ a ticket from another store/page fence is never accepted (0.039667ms)
✔ focus while already visible preserves the active epoch and the uncertain reply receipt (0.079666ms)
ℹ tests 21
ℹ suites 0
ℹ pass 21
ℹ fail 0
ℹ cancelled 0
ℹ skipped 0
ℹ todo 0
ℹ duration_ms 171.842417
✔ installed APIRequestContext cookie rules exclude Secure cookie from HTTP127 but retain HTTPS/localhost (0.491917ms)
✔ actual INU02 cross uses browser auth and retains exact 404/DM absence (35.642ms)
✔ actual INU02 cross still rejects wrong authority 401 (3.480875ms)
✔ actual INU02 cross still rejects wrong authority 200 (1.523208ms)
✔ actual INU02 cross still rejects DM in denied response (4.200834ms)
✔ actual INU02 denied uses browser auth and retains exact 403/DM absence (5.06875ms)
✔ actual INU02 denied still rejects wrong authority 401 (2.064875ms)
✔ actual INU02 denied still rejects wrong authority 200 (1.864334ms)
✔ actual INU02 denied still rejects DM in denied response (1.679959ms)
✔ actual login settles /en and fixture store (real switch, scoped=false) (44.55275ms)
✔ actual login settles /en and fixture store (real switch, scoped=true) (25.881541ms)
✔ actual login settles /en/inventory and fixture store (real switch, scoped=false) (10.640542ms)
✔ actual login settles /en/inventory and fixture store (real switch, scoped=true) (10.732958ms)
✔ actual login settles /en/messages and fixture store (real switch, scoped=false) (2.91975ms)
✔ actual login settles /en/messages and fixture store (real switch, scoped=true) (4.275541ms)
✔ actual login settles /en and fixture store (already selected, scoped=false) (12.593458ms)
✔ actual login settles /en and fixture store (already selected, scoped=true) (2.570458ms)
✔ actual login settles /en/inventory and fixture store (already selected, scoped=false) (1.5195ms)
✔ actual login settles /en/inventory and fixture store (already selected, scoped=true) (1.465583ms)
✔ actual login settles /en/messages and fixture store (already selected, scoped=false) (1.2475ms)
✔ actual login settles /en/messages and fixture store (already selected, scoped=true) (1.299833ms)
✔ bundle fixture uses real claim commands and mounts existing M6/M7 without issuing early (2.404917ms)
✔ sensitive bundle scenario clicks native clipboard with trace/video disabled and no token body reads (0.177625ms)
✔ persisted link and token-free command receipt are compared without disclosing credentials (0.127708ms)
✔ actual clipboard evaluator exports only safe summary and detects malformed or retained synthetic credentials (300.840333ms)
✔ claim-window fixture isolates recovery after the current migration permits multiple OPEN windows (10.078375ms)
✔ ordinary Playwright diagnostics still capture failed-page ARIA when private guard is absent (1.052666ms)
✔ sensitive worker lifecycle prevents actual installed snapshot capture without masking the failure (59.628167ms)
✔ worker restores prior environment even when use rejects (absent) (8.272792ms)
✔ worker restores prior environment even when use rejects (empty) (4.842667ms)
✔ worker restores prior environment even when use rejects (existing-policy) (3.80425ms)
✔ fixture is worker-auto and module collection does not suppress ordinary diagnostics (40.497959ms)
✔ ordinary matcher ARIA context bypasses fallback flag and remains in actual installed diagnostics (0.820916ms)
✔ private test teardown removes only matcher page context while preserving failure (failed status) (2.483542ms)
✔ private test teardown removes only matcher page context while preserving failure (rejected use) (5.93175ms)
✔ matcher guard is test-auto without replacing the installed artifact auto fixture (4.439625ms)
✔ real Playwright --list collects each original INU case and isolated INU09 exactly once (1205.585416ms)
✔ A real Inbox selection admits Go A9 attachments null without losing thread (96.068041ms)
✔ A real Inbox selection admits Go A9 attachments empty array without losing thread (12.683375ms)
✔ A malformed non-array A9 attachments is refused without painting DM or crashing selected entry (2.760917ms)
✔ C A8 HTTP200 empty list is ordinary data with no alert, selection or focus request storm (13.006292ms)
✔ C A8 list404 is scoped inbox unavailable in en, never an empty list or conversation denial (4.373459ms)
✔ C A8 list404 is scoped inbox unavailable in zh-TW, never an empty list or conversation denial (6.415833ms)
✔ C A8 list404 is scoped inbox unavailable in zh-CN, never an empty list or conversation denial (1.736209ms)
✔ C click-sweep Go harness mounts existing Inbox/templates services (STRUCTURE_ONLY, Go NOT_RUN) (0.477541ms)
✔ C click-sweep includes actual-router owner200 empty inbox assertion (STRUCTURE_ONLY, Go NOT_RUN) (0.242459ms)
✔ inbox evidence is covered by the CI upload root (0.947ms)
✔ failed Playwright closes its log and emits sanitized diagnostics before Fatalf (0.134417ms)
✔ failure diagnostics match INU cases/counts without admitting private text (0.639208ms)
✔ INU04 delayed handler 1 signals completion when fulfillment rejects (18.495542ms)
✔ INU04 delayed handler 2 signals completion when fulfillment rejects (5.856958ms)
✔ recoveryDone waits for actual held M7 completion in zh-TW (62.917375ms)
✔ recoveryDone waits for actual held M7 completion in zh-CN (11.316541ms)
✔ recoveryDone waits for actual held M7 completion in en (10.597042ms)
✔ review2 P1 bundle-only row opens real A13 and issues existing M7 claim link to clipboard (62.7ms)
✔ review2 P1 clipboard denial recopy reuses cached issued URL without another M7 POST (15.781458ms)
✔ review2 P1 lost M7 ACK retries exact receipt and null replay token never mints a fresh key (22.239917ms)
✔ review2 P1 missing CSRF before cached recopy cannot copy or issue again (10.266541ms)
✔ review2 P1 missing CSRF before uncertain retry rejects preserved receipt dispatch (8.552041ms)
✔ review2 P1 late issued-link completion after hide cannot write clipboard (6.227041ms)
✔ review2 P1 late issued-link completion after selection cannot write clipboard (5.375167ms)
✔ review2 P1 late issued-link completion after unmount cannot write clipboard (5.59025ms)
✔ review2 P1 late issued-link completion after logout cannot write clipboard (3.345291ms)
✔ review2 P1 claim-link issuance denied without both live read/manage (inbox:read,live:read) (2.307667ms)
✔ review2 P1 claim-link issuance denied without both live read/manage (inbox:read,live:manage) (1.866625ms)
✔ review2 P1 missing authoritative recovery identity never guesses generation {"missingSession":true} (2.958042ms)
✔ review2 P1 missing authoritative recovery identity never guesses generation {"noBundle":true} (3.708958ms)
✔ review2 P2 exactly one matching binding uses named DM hard gate ok (3.5015ms)
✔ review2 P2 exactly one matching binding uses named DM hard gate review_required (1.382959ms)
✔ review2 P2 exactly one matching binding uses named DM hard gate missing_permission (1.981958ms)
✔ review2 P2 multiple same-provider bindings advisory only (dm_session:ok,dm_session:missing_permission) (3.586083ms)
✔ review2 P2 multiple same-provider bindings advisory only (dm_session:missing_permission,dm_session:reauth_required) (3.35075ms)
✔ review2 P2 multiple same-provider bindings advisory only (dm_session:ok,read_comment:missing_permission) (2.078ms)
✔ review2 P2 multiple same-provider bindings advisory only (dm_session:review_required,dm_session:ok) (1.528959ms)
✔ review2 P2 actual scoped A12 409 capability refusal remains visible after advisory submit (6.716625ms)
✔ review2 P2 missing health and single binding without named DM remain disabled (1.286708ms)
✔ review2 P2 expired cached issued link cannot be recopied or silently reissued (4.028292ms)
✔ P1-1 actual visible focus preserves pending ticket, selection, revision and real retry receipt (4.278542ms)
✔ P1-1 actual unchanged-session pageshow checks without clearing; changed-session focus expires (0.38825ms)
✔ P1-1 actual hide/reveal clears and requests fresh revision, never accepts obsolete completion (1.25675ms)
✔ P1-1 changed-session visible focus expires even with a pending request (0.655708ms)
✔ P1-2 actual A9 refresh 404 removes rendered DM and unsent draft (72.239334ms)
✔ P1-2 actual send-finally A9 404 removes DM, draft and uncertain immutable receipt (16.036875ms)
✔ actual uncertain send still retains exact receipt when A9 authority remains (0ms post-send A9) (7.784041ms)
✔ actual uncertain send still retains exact receipt when A9 authority remains (50ms post-send A9) (112.08575ms)
✔ actual A9 stale held completion cannot paint after component cleanup (1.45375ms)
✔ P2 actual A14 404 clears buyer facts and customer draft (explicit future-version MOCK) (1.329791ms)
✔ safe authority errors remain the actual InboxError transport class (0.048041ms)
✔ actual current A13 without version keeps A14 disabled; future MOCK grants no backend claim (0.541167ms)
✔ P1-2 actual A11 takeover write 404 clears private state despite failing follow-up A9 (0.9515ms)
✔ P1-2 actual A12 send write 404 clears private state despite failing follow-up A9 (2.705542ms)
✔ A13 server orders omission remains distinct from authorized omitted data (1.908917ms)
✔ A13 server orders omission remains distinct from authorized empty data (0.589084ms)
✔ A13 server orders omission remains distinct from authorized populated data (0.554583ms)
✔ actual shell-store-selector captures selection before synchronous privacy teardown (allowed=true) (40.28ms)
✔ actual shell-store-selector captures selection before synchronous privacy teardown (allowed=false) (3.486791ms)
✔ actual locale-switch captures selection before synchronous privacy teardown (allowed=true) (28.129125ms)
✔ actual locale-switch captures selection before synchronous privacy teardown (allowed=false) (6.410125ms)
✔ persisted A9 UNKNOWN after page entry warns and blocks the real composer in en (28.694541ms)
✔ persisted A9 UNKNOWN after page entry warns and blocks the real composer in zh-TW (1.872ms)
✔ persisted A9 UNKNOWN after page entry warns and blocks the real composer in zh-CN (1.905208ms)
✔ A12 queued ACK followed by final A9 UNKNOWN overrides the local queued notice and blocks another send (4.355625ms)
✔ a captured previously enabled composer cannot bypass final UNKNOWN learned by Refresh (6.329791ms)
✔ a later A9 page omitting the known UNKNOWN is not delivery reconciliation (2.445167ms)
✔ persisted queued is not mislabeled UNKNOWN and retains ordinary composer eligibility (0.884666ms)
✔ persisted sent is not mislabeled UNKNOWN and retains ordinary composer eligibility (0.735ms)
✔ persisted failed is not mislabeled UNKNOWN and retains ordinary composer eligibility (0.6665ms)
✔ persisted blocked is not mislabeled UNKNOWN and retains ordinary composer eligibility (1.166375ms)
✔ fresh mount refuses when an old UNKNOWN is beyond 51 newer messages (fact=true) (4.291792ms)
✔ fresh mount refuses when an old UNKNOWN is beyond 51 newer messages (fact=null) (3.336375ms)
✔ fresh mount refuses when an old UNKNOWN is beyond 51 newer messages (fact=undefined) (7.601083ms)
✔ fresh mount refuses when an old UNKNOWN is beyond 51 newer messages (fact=false) (1.657208ms)
✔ a refreshed unknown authority replaces old clear authority even for a captured composer (1.7055ms)
✔ window strict eligibility with 300001ms before hard 24h deadline (14.84425ms)
✔ window strict eligibility with 300000ms before hard 24h deadline (1.73375ms)
✔ window strict eligibility with 60000ms before hard 24h deadline (2.721625ms)
✔ window strict eligibility with 0ms before hard 24h deadline (0.871666ms)
✔ window invalid server deadline fails closed without preparing a send (0.617084ms)
✔ window captured enabled form callback cannot POST after crossing safe cutoff (0.659792ms)
✔ window deadline timer closes controls at cutoff and hard end without waiting for 15s poll (0.587333ms)
✔ quota recovery gives exact zh-TW comment-quota and DM-window instructions beside copy only (0.319375ms)
✔ quota recovery gives exact zh-CN comment-quota and DM-window instructions beside copy only (0.079208ms)
✔ quota recovery gives exact en comment-quota and DM-window instructions beside copy only (0.084209ms)
ℹ tests 123
ℹ suites 0
ℹ pass 123
ℹ fail 0
ℹ cancelled 0
ℹ skipped 0
ℹ todo 0
ℹ duration_ms 1312.248333
