✔ /products/{uuid} redirects permanently to the zh-TW product page (56.343458ms)
✔ non-uuid ids are 404, never redirected (2.553958ms)
✔ AT1: the locale redirect preserves the ad-click query without allowing a redirect target (0.155292ms)
✔ R10: standalone signed signals survive a missing or expired seven-day touch (58.252083ms)
✔ R10: standalone signals reject expiry, bad signature, duplicates and another host (0.751334ms)
✔ AT1 R5: browser identity survives expired touch and rolls for ninety days (1.151042ms)
✔ AT1 R5: missing ad parameters create no cookies; fbclid alone creates no touch (0.813958ms)
✔ AT1 R5: lc_ad alone updates attribution and does not replace fbc (0.205541ms)
✔ AT1: host-only first-party cookies contain no PII and read back exactly (0.299375ms)
✔ AT1: a later valid click replaces the draft but preserves the browser identifier (0.11225ms)
✔ R10: only a different fbclid replaces fbc and its first-seen timestamp (0.248584ms)
✔ AT1: malformed and ambiguous links do not overwrite a valid prior touch (1.484ms)
✔ AT1: host and key binding reject copied cookies (0.759583ms)
✔ AT1: duplicates and tampering invalidate the entire envelope (0.946959ms)
✔ AT1: exactly seven days is valid, the next millisecond and future clicks are not (0.544875ms)
✔ catalog list query limits equal the Go v2 parser (internal/buyerhttp/catalogv2.go) (32.659209ms)
✔ collection list cap equals Go maxCollectionsPerStore (2.825166ms)
✔ design caps equal internal/design/schema.go (nav, sections, pages) (8.246292ms)
✔ CVS buyer-entered store bounds and return path equal Go (internal/checkout/cvs.go, migration 0093) (4.616291ms)
✔ transfer view: closed shape and state rules mirror Go validTransferView (1.933375ms)
✔ proof body and result: five digits, positive minor amount, ISO instant (0.575291ms)
✔ minorFromText: major units with at most two decimals, never a float surprise (0.304625ms)
✔ buyer email mirror: one plain address, 254 characters at most (0.569791ms)
✔ countdown: whole hours and minutes, never negative (0.9245ms)
✔ copy: three locales carry every key and every refusal code (0.555583ms)
✔ options: a home row lists modes only with bank_transfer and then needs its window (0.711416ms)
✔ checkoutInput: a home bank_transfer body, the optional trimmed email, and every refusal before any request (48.026583ms)
✔ order: AWAITING_TRANSFER is a valid commercial state without a hold time (3.648667ms)
✔ BFF: exact transfer routes, keyed proof PUT, strict body, validated answers, no generic proxy (85.745167ms)
✔ BFF: transfer refusal codes pass through as definite 422; checkout accepts bank_transfer and a valid email only (74.194625ms)
✔ D06 order heading follows a settled transfer: never 'waiting for transfer' above a confirmed or expired one (0.244708ms)
✔ uncertain prepare blocks all mutations; changed cookie context resolves journal (36.408042ms)
✔ fully parsed local denial clears only its own pending operation (0.698458ms)
✔ malformed journal, unavailable lock and stale context fail before writes (3.384208ms)
✔ BPT05 exact handoff permits absent body/key, one fetch, no form persistence (54.522ms)
✔ BPT05 wrong handoff form and ordinary writes fail before any fetch (1.74ms)
✔ BPT05 unresolved cookie journal blocks handoff; lost response is one fetch without persistence (0.504334ms)
✔ SU02 refresh permits absent body/key, one fetch, no persistence (2.069ms)
✔ SU02 refresh rejects a body, a key or a malformed path before any fetch (1.117959ms)
✔ SU02 cancel permits absent body/key, one fetch, no persistence (0.17775ms)
✔ SU02 cancel rejects a body, a key or a malformed path before any fetch (0.367334ms)
✔ BPT01 exact private path, headers, body and three-locale one-fetch transport (156.666166ms)
✔ BPT02 payment routes reject untrusted path, context, headers, key and body before fetch (76.301958ms)
✔ BPT03 hostile upstream success is sanitized, never returned as payment data (5.392042ms)
✔ BPT04 every handoff failure is nonretryable, including pre-route and transport loss (1.181209ms)
✔ SU02 five routes: exact upstream path, method, key, body, one fetch each (0.84725ms)
✔ SU02 refresh and cancel are keyless and pass every CSRF/context denial before fetch (12.823417ms)
✔ SU02 every handoff/refresh/cancel failure is nonretryable and sanitized (29.948ms)
✔ SU02 hostile Stripe bodies become the sanitized 503; PAYUNi and Stripe bodies stay byte-identical (50.143875ms)
✔ SU02 prepare accepts only the two known method codes (7.947334ms)
✔ disabled and invalid configuration fail closed before private fetch (53.585458ms)
✔ private authority, cookie lifecycle and strict local denial (110.801125ms)
✔ bad host, cookie, query and method never reach private API (4.019208ms)
✔ stalled inbound POST body is canceled at its deadline without a cookie or private call (1.705041ms)
✔ R10: Begin forwards independently signed signals; browser attribution and forwarded hosts are not authority (9.510916ms)
✔ CVS BFF: exact routes, keyed open/store, keyless verify, validated answers, no generic proxy (90.028583ms)
✔ CVS BFF: contract refusal codes pass through; pay_at_pickup_limit is a definite (non-retryable) 429 (11.04425ms)
✔ fragment grammar accepts only one canonical token (1.529791ms)
✔ claim projections are closed (3.292084ms)
✔ claim token rides only its header on B1/B2 and is never echoed (62.350083ms)
✔ claim-priced cart edits send only SKU and quantity, keeping server price authority (7.557667ms)
✔ direct-checkout sold-out projection is mandatory, boolean and closed (0.366292ms)
✔ claim redeem shares the purchase lock, guards recovery and never persists the token (5.264458ms)
✔ ClaimLink removal projects live-priced survivors on ready and conflict pages (161.013833ms)
✔ ClaimLink revisit checks out applied A while pending B is sold out or unavailable (7.520792ms)
✔ ClaimLink refreshes a nothing result after a second tab applied the claim (3.567792ms)
✔ ClaimLink does not navigate when a buyable claim target is absent or has changed quantity (4.654167ms)
✔ ClaimLink optional prior-order notice tolerates unreadable storage without bypassing recovery (108.653958ms)
✔ CVS01 map form: only the two ECPay e-map actions, exact fields, top-level-safe values (3.224167ms)
✔ CVS02 return path allowlist excludes /claim and anything but the checkout or product page (0.189542ms)
✔ CVS03 selection projection: VERIFIED<=>pickup, REJECTED<=>reject_code, absent keys read as null (0.516541ms)
✔ CVS04 buyer-entered store answer and request body (0.360708ms)
✔ CVS05 store code table (§16.1) keeps leading zeros and per-chain lengths (0.192041ms)
✔ CVS06 recipient mirror: real-name width 4..10 (CJK=2), no digits/symbols/emoji; 09 mobile (1.346292ms)
✔ CVS07 checkout draft: name, phone and mode only; read once; corrupt/foreign shapes are dropped (0.321417ms)
✔ CVS08 return URL: only ?cvs_selection=<uuid> is accepted (0.091459ms)
✔ CVS09 buyer order projection and copy keys: nothing but PICKED_UP says picked up (0.108083ms)
✔ CVS10 error codes: field mapping, definite refusals, official links are https constants (0.205292ms)
✔ CVS11 client transport: verify is the one new keyless POST; the server refusal code rides BuyerClientError.detail (130.956375ms)
✔ every locale x page has a title, an updated line and at least one section (0.92475ms)
✔ locales share the section count and per-section body count of every page (7.471625ms)
✔ final text is only the owner-confirmed company facts (CR 81215167 name + registered address); nothing else is final (0.558959ms)
✔ a legal page is published only when every text on it is final; buyers see no link to an unpublished one (1.284958ms)
✔ data-deletion path is named in the privacy page of every locale (0.153083ms)
✔ pendingOwnerText lists exactly the texts that keep a page unpublished and is written for the owner (3.676875ms)
✔ a live (claim-origin) price replaces the catalog price and strikes it through (1.136ms)
✔ without a live price the catalog price and its compare-at are shown unchanged (0.07575ms)
✔ a live price equal to or above the catalog price is shown as set (strike hidden by the UI guard) (0.254209ms)
✔ a live price strikes the catalog price, never the variant sale price (0.219375ms)
✔ order ref: 12 hex (dashes or spaces, any case) or a full id (1.175125ms)
✔ contact: one email or a phone of 6..20 digits (0.386042ms)
✔ body is exactly {order_ref, contact}; the answer is exactly {order_id} (0.205083ms)
✔ BFF lookup: no cookie needed, fresh token goes upstream, cookie only on 200 and it carries that same token (156.477208ms)
✔ BFF lookup: strict local denial before any private fetch (15.671459ms)
✔ copy: three locales carry every key (7.242417ms)
✔ MS4 srcset descriptors use actual decoded widths and deduplicate small renditions (0.953583ms)
✔ MS1 product rendition allowlist preserves trusted Host and never forwards buyer cookies (89.700625ms)
✔ MS2 invalid, duplicate, extra, encoded widths and non-product variants fail before fetch (2.880292ms)
✔ MS3 old-image fallback is never promoted to immutable; committed variants are cacheable (2.87075ms)
✔ TWD whole amounts show no decimals in every locale and at every magnitude (line, subtotal, total, zero) (36.725416ms)
✔ cents appear only when there are cents, then always as two digits; the minor-unit arithmetic is untouched (0.787625ms)
✔ digits come from the currency: JPY none, USD two when there are cents (2.133667ms)
✔ one formatter: no component, page or lib builds a currency Intl.NumberFormat outside lib/money.ts (5.679333ms)
✔ locale probe bounds a missing destination head with a route/device diagnostic (5.357791ms)
✔ locale probe clears its deadline when the real head promise completes (1.133042ms)
✔ fragment: exactly #o=<order id>&t=<43-char token>; anything else is null (2.694583ms)
✔ body is exactly {order_id, token, proof}; the answer is exactly the order the link named (0.457708ms)
✔ BFF link: no cookie needed, fresh token upstream, cookie only on a 200 naming the same order, link token never echoed (179.931625ms)
✔ BFF link: strict local denial before any private fetch (3.252709ms)
✔ copy: three locales, one refusal text, a retry and a lookup path (0.10825ms)
✔ BPU01 fresh payment writes exact metadata before prepare, one bodyless Take, no persistent form (67.9525ms)
✔ BPU01 lost prepare response replays original key/body only on explicit next click (4.503208ms)
✔ BPU01 lost handoff is permanently GET-only, even after a second click (0.993542ms)
✔ BPU01 storage, amount, scope and child/screen fences reject before irreversible writes (1.274375ms)
✔ BPU01 document/child loss after prepare but before Take leaves exact replay marker (0.450209ms)
✔ BPU01 malformed server handoff never submits and Take remains nonretryable (0.954583ms)
✔ BPU01 marker replacement before Take and after Take blocks release/form reuse (1.566792ms)
✔ BPU01 context replacement after prepare and after Take closes destination without form (4.66175ms)
✔ BPU01 synchronous destination refuses invalid locale before opening a window (0.602417ms)
✔ SU03 fresh Stripe pay: marker before prepare, one prepare, one handoff, navigate, URL never stored (4.604875ms)
✔ SU03 marker replay: lost prepare response replays key/body, no uncertain on PENDING view with leftover marker (164.955959ms)
✔ SU03 cross-device Continue needs no marker and never prepares (10.425458ms)
✔ SU03 marker/view matrix: PAYUNi marker on Stripe view and Stripe marker on PAYUNi view send nothing (1.197417ms)
✔ SU03 any other view renders without a POST (0.69525ms)
✔ SU03 CREATING: waits on the schedule without the lock, then hands off once when READY (10.734042ms)
✔ SU03 CREATING budget: 10 reads over 30 s, then the blank child is closed, no POST, no throw (51.910541ms)
✔ SU03 cancel_requested seen on the re-GET aborts before the handoff POST (1.315708ms)
✔ SU03 handoff outcomes: CREATING closes child, CLOSED/UNAVAILABLE/error/malformed reject; one POST each, never retried (14.296166ms)
✔ SU03 Stripe prepare errors, amount/currency mismatch and popup loss stop before any handoff (7.593917ms)
✔ SU03 two clicks make two handoff POSTs only because there were two clicks; sequential, none from reads (4.686875ms)
✔ SU03 navigate: validates again, needs an owned blank child, sets used before replace, no URL in errors (0.915875ms)
✔ SU03 refresh signal: keyless single POST, validated, throttled 1/10 s and 30 per page life, cancel never throttled (4.987708ms)
✔ SU03 signal failures are single-shot and sanitized: HTTP error, malformed body, wrong order (0.384333ms)
✔ private quote/option authority fields are required; only exact MANUAL home can checkout (1.923375ms)
✔ continue shopping advances only ordered version, clears hint, keeps SQL history authoritative (169.812834ms)
✔ lost next-cart response retries identical key/body and preserves a newer cart (3.962791ms)
✔ continuation never overwrites an already advanced cart (4.277791ms)
✔ unknown checkout blocks continuation without any business request (17.950625ms)
✔ two queued continuation clicks mutate once; stale order ID cannot clear another order (7.035667ms)
✔ CAS conflict resolves only after a newer cart is read (90.697375ms)
✔ locator removal failure retains next-cart journal and recovery survives missing locator (12.301708ms)
✔ order history summary rejects PII/unknown fields and malformed scope IDs (0.166917ms)
✔ native address validation mirrors printable Unicode, limits and phone; journal forbids PII (5.480917ms)
✔ address lost reply replays exact in-memory intent, then confirms current head (0.937583ms)
✔ address reload requires explicit new intent and exact observed CAS; stale head never auto-bumps (0.641084ms)
✔ old address receipt cannot confirm another tab's newer current head (2.236042ms)
✔ a late address CAS winner requires another explicit confirmation, not an automatic version bump (2.045ms)
✔ checkout lost reply, queued duplicate and current GET reuse one key and one order (3.975959ms)
✔ uncertain checkout retains original journal across later 401/403/404/5xx and malformed success (8.87925ms)
✔ only a fresh definitive denial clears checkout; no order locator is invented (0.277833ms)
✔ locator storage failure after commit retains same key; reload GET failure keeps locator (0.444292ms)
✔ locator persisted but journal removal failed resumes pending receipt, not unrelated pointer (0.381959ms)
✔ unavailable storage, invalid locator and late changed context fail closed (0.211625ms)
✔ order locator readback mismatch and no-op journal removal both retain checkout recovery (0.37125ms)
✔ direct claim continuation refuses a newer ordered cart inside the purchase lock (0.261875ms)
✔ direct claim continuation keeps next-cart recovery after a conflicting clear (0.99675ms)
✔ collector projection: admitted for derived connections, absent/null for primary (2.102583ms)
✔ collector rejects identifiers, extra keys and malformed text (0.515584ms)
✔ disclosure renders the contract §5 line with all three slots substituted (0.899458ms)
✔ the disclosure line exists exactly when the hosted view returns a collector (0.267416ms)
✔ a shop or collector name with a replacement pattern is shown literally (0.165166ms)
✔ OrderPayment renders the disclosure with the view, above every pay button, through the helper only (2.252958ms)
✔ BPT03 exact valid projection and Go nanosecond UTC timestamps (8.514792ms)
✔ BPT03 view rejects private fields, inconsistent state and malformed names (0.251208ms)
✔ BPT03 prepared receipt enforces exact original credit-card amount (0.088959ms)
✔ BPT03 hosted form and replay are exact, bounded and action-allowlisted (0.572542ms)
✔ SU01 Stripe views: fresh, both methods, attempt states, PAYUNi unchanged (0.417ms)
✔ SU01 Stripe view negatives (0.36975ms)
✔ SU01 prepared amounts follow the corrected per-currency table (0.361417ms)
✔ SU01 Stripe handoff union and every redirect_url negative (1.708959ms)
✔ SU01 payment signal is exactly {order_id, scheduled:boolean} (0.334125ms)
✔ RUI01 refund summary: refunded states, pending money, absent ≡ null (0.246ms)
✔ RUI01 refund summary negatives (0.180334ms)
✔ BPU03 neutral GET and POST return ignore every callback field and cookie (28.894459ms)
✔ primary origin: exact path/query, same host, and no URL-controlled destination (17.40975ms)
✔ GET and HEAD use trusted Host, private bounded uncached resolver and exact 301 (83.815167ms)
✔ no writes redirected; resolution failures fail closed; unknown hosts keep native 404 (48.4365ms)
✔ policy version is the frozen constant, in the customers-core D4 shape (0.997959ms)
✔ route table: exactly the four buyer privacy routes, methods and body kinds (1.0085ms)
✔ body shapes are closed and mirror the frozen Go inputs (no source, no policy_version) (0.120375ms)
✔ GET privacy validator: closed shape, erased owner holds no consent (0.141417ms)
✔ consent result and erasure summary validators (0.248292ms)
✔ buyer export envelope never carries customer_id (0.655917ms)
✔ failure classification: 410 and erased are the erased state (0.0785ms)
✔ copy: every locale has the same keys, the ads box discloses that sent events cannot be recalled (0.127417ms)
✔ selected option photo uses a main display slot without adding a fifth main image (1.18825ms)
✔ use-cover selection and a main-thumbnail selection restore the original main gallery (1.040041ms)
✔ cart thumbnail uses variant then catalog image_id, including when main images are absent (0.530083ms)
✔ migrated four-main/five-detail images stay separate when the option photo changes (0.292208ms)
✔ real cart-detail composition uses server SKU image_id (v2 detail available) (22.444958ms)
✔ real cart-detail composition uses server SKU image_id (v2 detail unavailable) (1.522042ms)
✔ parity: frontend caps equal the Go constants (2.538084ms)
✔ detail parser: 4 main + 20 detail + option-value images are accepted and mapped (0.652584ms)
✔ detail parser: 5 main, 21 detail, bad ids and over-cap option images are refused (0.185375ms)
✔ detail parser: a backend before product-media-v2 (no new keys) still parses with empty defaults (0.084417ms)
✔ v1 catalog row: images are main-only (<= 4) and image_id is a uuid or null (0.195625ms)
✔ PRO-S1 code mirror: any case and spaces normalise; impossible codes never become a request (0.454417ms)
✔ PRO-S2 promotion object: closed keys, kind/value pairing (0.173167ms)
✔ PRO-S3 quote validator: promotion is optional but never malformed; the discount stays the server's own number (0.268542ms)
✔ PRO-S4 journal grammar: a quote write may carry one canonical promo_code, nothing else (0.407792ms)
✔ PRO-S5 copy: three locales cover every refusal code and the same keys (0.443875ms)
✔ PRO-S6 BFF quote route: promo_code relayed untouched when canonical, refused before the private API otherwise (132.024083ms)
✔ PRO-S7 BFF: every promo_* refusal is a definite, non-retryable 422 with its own code (82.629958ms)
✔ demonstration disclosure is explicit and local-only (0.582167ms)
✔ cart selection preserves unrelated SKUs and the observed CAS version (6.542709ms)
✔ minor amounts are bounded before multiplication, including zero (0.094875ms)
✔ delivery identity includes country for one market and method (0.098667ms)
✔ journal is bound to context and rejects PII/unknown fields (0.345167ms)
✔ lost response replays exact key/body, then clears only after parsed receipt (136.425333ms)
✔ RUI02 buyer order admits MERCHANT_SHIPPED only with a SHIPPED head; absent shipment ≡ null (1.212458ms)
✔ RUI02 shipment shape negatives (incl. unsafe links) (0.873167ms)
✔ RUI02 history summary admits MERCHANT_SHIPPED (a shipped order must not break the list) (0.38775ms)
✔ CVSP01 options: CVS rows carry pickup_selection/payment_modes; unavailable rows are a separate shape (0.999292ms)
✔ CVSP02 CVS destination write: TW only, pickup_id required, empty home address; home unchanged (5.654084ms)
✔ CVSP03 checkoutInput: payment_mode only for CVS rows and only a mode the row offers (1.30725ms)
✔ COD confirmation includes expected fee, enforces collect cap and validates immutable order money (1.106333ms)
✔ CVSP04 buyer order: pay_at_pickup <=> collection_state; cvs_shipment only on a matching CVS destination (1.844833ms)
✔ CVSP05 journal accepts a CVS destination marker and a checkout body with payment_mode, nothing else (0.411333ms)
✔ validProduct accepts up to the Go photo cap and rejects one more (0.372709ms)
✔ design: garbage and hostile documents collapse to the safe default shape (1.060625ms)
✔ design: links, preview token propagation, nav resolution (0.119833ms)
✔ design: any merchant accent yields readable button text and link colour (WCAG AA) (0.236209ms)
✔ variants: resolution, disabled out-of-stock combinations, initial choice, price bounds (0.151375ms)
✔ catalog-v2 parsers accept the frozen shapes and refuse drift (0.478083ms)
✔ free-delivery progress words the hint only when a threshold exists (0.061333ms)
✔ list query: only whitelisted, canonical values survive (0.21775ms)
✔ seo: JSON-LD cannot break out of its script tag; offers reflect stock and price range (12.39125ms)
✔ seo: sitemap escapes and carries hreflang; robots refuses everything for a closed host (0.666875ms)
✔ money: whole amounts drop cents, minor digits come from the currency, filters round-trip (0.726625ms)
✔ cart line write: replaces one line, keeps the others, 0 removes, CAS version is the one shown (0.986792ms)
✔ cart problems map to buyer-facing classes without leaking transport detail (0.089792ms)
✔ checkout options accept the optional free-shipping threshold only as a positive integer or null (0.180583ms)
✔ no-image placeholder copy: exactly the locale label a photo-less card or gallery renders (0.052583ms)
✔ storefront image caps equal the Go catalog caps (internal/catalog MaxMainImages, MaxDetailImages) (8.076ms)
✔ design text limits count code points like Go, never splitting a surrogate pair (0.552584ms)
✔ G3: same-series cards exclude the current product and never invent absent draft/foreign products (0.607584ms)
✔ G5: safety guidance exists in three languages without changing the five merchant policy approval boundaries (1.524125ms)
✔ G4: category chips omit empty collections; hidden collections absent from the public API stay absent (0.481875ms)
✔ OrderHistory renders server order instant in Taipei (34.633667ms)
✔ ClaimLink renders claim expiry in Taipei (2.189ms)
✔ BankTransfer renders deadline and proof instant in Taipei (3.311667ms)
✔ BankTransfer proof echo labels store time in en (2.680334ms)
✔ BankTransfer proof echo labels store time in zh-TW (1.731292ms)
✔ BankTransfer proof echo labels store time in zh-CN (1.661416ms)
✔ BankTransfer input describes the device zone in en (4.117625ms)
✔ BankTransfer input describes the device zone in zh-TW (4.13525ms)
✔ BankTransfer input describes the device zone in zh-CN (3.005916ms)
✔ BankTransfer input has a generic label when Intl has no zone in en (2.02525ms)
✔ BankTransfer input has a generic label when Intl has no zone in zh-TW (1.375708ms)
✔ BankTransfer input has a generic label when Intl has no zone in zh-CN (2.439708ms)
✔ ShopFooter uses Taipei year across UTC year boundary (3.164666ms)
✔ BankTransfer deadline labels store time in en (1.773375ms)
✔ BankTransfer deadline labels store time in zh-TW (3.599042ms)
✔ BankTransfer deadline labels store time in zh-CN (4.436709ms)
✔ OrderHistory states the Taipei time zone once in en (2.712ms)
✔ OrderHistory states the Taipei time zone once in zh-TW (2.202167ms)
✔ OrderHistory states the Taipei time zone once in zh-CN (1.301ms)
✔ dictionaries have exact parity and non-empty values (1.463208ms)
✔ locale precedence and language quality mapping (0.68ms)
✔ localized paths preserve deep links and reject dangerous input (0.361167ms)
✔ path locale only matches a canonical first segment (0.051959ms)
✔ the four constructs render (0.731083ms)
✔ XSS payloads stay inert text (0.526917ms)
✔ fuzz: any string over a hostile alphabet renders only whitelisted tags (15.19325ms)
✔ validator mirrors the Go rules (0.204834ms)
✔ SDN1 allowlist: exactly the contract routes, per method (1.26325ms)
✔ SDN1 allowlist: traversal, case, suffix and prefix tricks never match (0.329333ms)
✔ SDN1 request shape: no query string anywhere, reads carry no body, key, length or transfer-encoding (20.584584ms)
✔ SDN1 cap: 260 KiB = Go's 256 KiB document + 4 KiB envelope, and a body of exactly the cap is still below it (0.055875ms)
✔ SDN2 renderer: every XSS payload comes out as whitelisted tags and escaped text only (0.710292ms)
✔ SDN2 renderer: escape-first means the merchant's text never becomes markup (0.105833ms)
✔ SDN2 renderer: fuzz (seeded) never produces a tag outside the whitelist (16.365ms)
✔ SDN2 client validator rejects what the server rejects (HTML, non-https links, `<` anywhere) (0.393875ms)
✔ cleanForSave turns cleared fields into null but keeps an empty body (1.163667ms)
✔ localIssues names each missing mandatory value by server path (2.10375ms)
✔ moved swaps neighbours and ignores out-of-range moves (11.367042ms)
✔ parsers accept the exact Go shapes and refuse extra or missing keys (14.46875ms)
✔ BFF allowlist covers exactly the design resources (2.678083ms)
✔ validDesignRequest refuses queries and bodies on reads, ignores other paths (39.971584ms)
✔ designDetails forwards only a bounded {path, reason} pair (0.159417ms)
✔ accepts exactly the three locale invite paths with a 20-200 char token (1.04225ms)
✔ rejects anything that is not an exact same-origin relative invite path (0.471542ms)
✔ rejects percent-encoded variants of the exact shape (0.187583ms)
✔ the token is an opaque invite token shape, never a URL (0.148667ms)
✔ fragment carrier: round-trips the exact invite path, is never a query string, and rejects hostile fragments (0.424875ms)
✔ dashboard: accepts the frozen shape, rejects drift (4.057667ms)
✔ import result: strict keys, closed error codes, committed never carries errors (0.815375ms)
✔ csv file guard mirrors the Go bounds (0.271959ms)
✔ manual options: a COD home row parses with its offer (D01: the page used to refuse the whole list) (2.232458ms)
✔ manual options: only bank_transfer / pay_at_pickup / cash_on_delivery, key must equal market|country|code (0.458ms)
✔ manual result: link is https with the order id and a 43-char capability in the fragment only (0.810417ms)
✔ draft: first problem, and the body has no price-like field at all (1.342208ms)
✔ BFF grammar: exactly the seven tools resources (0.262584ms)
✔ regenerate body/result: exactly {order_id, locale} and a fresh https link naming that order (0.489667ms)
✔ copy parity: every locale has every key, import rules and error codes (0.567125ms)
✔ callback redirect target is always a same-origin /<locale>/settings path whatever the cookies, store, code or error say (4.137041ms)
✔ the binding cookie: exactly one canonical store uuid, path-scoped to the callback, HttpOnly, Lax, 10 minutes, Secure (0.664208ms)
✔ callback query: exactly one code and one state within charset/length bounds; Meta's error=… and repeats are not forwarded (19.325875ms)
✔ the dialog URL the BFF hands the browser is https://www.facebook.com only (10.475542ms)
✔ callback error mapping only ever yields fixed codes, never an upstream message (0.185041ms)
✔ selected Page qualifies only a bare Facebook id, never rewrites another Page or external URL (0.620792ms)
✔ status: not connected, connected with and without Instagram, and every deviation throws (1.401209ms)
✔ pick state: closed shape, optional Instagram keys come as a pair, id must match (0.234625ms)
✔ route grammar: only status/states/pick/disconnect; start and callback are dedicated routes; no query; reads carry no body or key (13.265542ms)
✔ connect cookie, body and callback redirect never carry code/state and only fixed codes (0.333583ms)
✔ copy: three locales have the same keys and every Go error code has a message (0.095834ms)
✔ review-required remains restricted; evidence does not promote state (1.147ms)
✔ legacy omission remains unidentified, independent of array order (0.646875ms)
✔ closed shapes reject unknown state/provider/evidence, leaked fields and inconsistent severity (0.363792ms)
✔ duplicate capabilities/pages and unbounded arrays cannot become trusted state (0.327125ms)
✔ worst Page determines advice, no raw upstream reason reaches copy (0.242084ms)
✔ recheck receipt means scheduled; timestamps and closed keys are checked (0.219167ms)
✔ exact keyless route grammar rejects query/key/body confusion (68.166291ms)
✔ recheck takes exactly page_id and no caller-provided scope (0.493416ms)
✔ blocking advice comes from the blocking capability, not a secondary public-reply warning (0.263833ms)
✔ clean health browser mode prepares admin standalone before starting its fixture (13.102125ms)
✔ en: expired connection retains its full refusal inside a wrapping badge (7.732042ms)
✔ zh-TW: expired connection retains its full refusal inside a wrapping badge (0.612875ms)
✔ zh-CN: expired connection retains its full refusal inside a wrapping badge (0.494167ms)
✔ actual B1 snapshot state remains ok even when a fixture expected review_required (0.071208ms)
✔ D02 TWD input: whole dollars only, x100 on the wire (21.935541ms)
✔ D02 TWD edit text: whole dollars have no decimals; a legacy amount with cents is never shown as another price (0.233125ms)
✔ D02 display: NT$ without decimals in every language, cents only when there are cents (1.081167ms)
✔ D02 live-price input (Studio claims): TWD whole dollars, other currencies their decimals (0.141666ms)
✔ D02 discount code amounts: TWD whole dollars, a decimal is refused before it is sent (0.253125ms)
✔ D02 no admin copy or component says 'minor units' to the merchant (74.947125ms)
✔ M06 time: Asia/Taipei everywhere, labelled, never UTC (11.815209ms)
✔ settings answer: exactly one boolean key (0.695958ms)
✔ PUT body is the frozen single key (0.253667ms)
✔ BFF grammar: GET read, PUT keyed command, nothing else (0.201875ms)
✔ copy: three locales, same keys, no empty text (0.1225ms)
✔ PRM01 parse: exact keys, kind/value pairing and ranges; duplicates and unknown keys are refused (6.051541ms)
✔ PRM02 Taipei wall time: +08:00 on the wire, instant shown back in Taipei, impossible dates refused (31.61025ms)
✔ PRM03 create body: normalised code, major units to minor units, optional fields null, whole body validated (10.768625ms)
✔ PRM04 update + toggle: version CAS key, form round trip, pause keeps every other field (0.39725ms)
✔ PRM05 BFF grammar: exactly list, create and update; nothing generic (0.155917ms)
✔ PRM06 copy: three locales carry the same keys and every refusal code the Go routes can answer (0.114667ms)
✔ G-UI3/G-UI5 architecture constraints pass with shrinking legacy exceptions (1632.795625ms)
✔ G-UI3/G-UI5 negatives: new formatter, component fetch, >800 lines and wider allowance fail (0.386375ms)
✔ Readiness jump controls expose the actual active section, not a click flag (1.773959ms)
✔ Integrator P2: legal CN comment ordering and a distinct three-image recommendation (1.05325ms)
✔ ADM04 and ADM06 explain unavailable SKUs and keep collection vocabulary consistent (1.226125ms)
✔ ADM06 create/detail titles share the route vocabulary without adding a phantom Next page (0.577541ms)
✔ G-UI1 Next pages and route registry are bidirectional, unique, typed, documented (2.535292ms)
✔ G-UI1 copy key parity: no missing or extra key in any locale (0.257791ms)
✔ G-UI2 staff without catalog:read cannot see products/inventory or open a product URL (0.337917ms)
✔ G-UI2 every route permission is a permission Go knows, and /orders/new needs inventory:reserve (122.018458ms)
✔ G-UI1 dynamic and public routes match, details never appear as navigation (0.58575ms)
✔ W6-U2 ledger is a settings in-page route, preserving existing navigation (30.077792ms)
✔ Every browser spec clicks nav-orders: the orders group stays a singleton, so returns/new/print routes are nav: false (3.400583ms)
✔ shell-registry: every routed path has exactly one nonempty shared h1 in all three locales (206.461959ms)
✔ shell-registry: orders stays one actual group button on live and non-live routes (1.354541ms)
✔ shell-registry: loading/expired/unavailable/forbidden keep one safe heading and never leak private content (1.454208ms)
✔ created address is a strict HTTPS origin matching the assigned handle (1.290791ms)
✔ DNS instructions must name the requested origin and a bare hostname target (0.701125ms)
✔ domain kind is authoritative and closed, not inferred from host or token (0.359333ms)
✔ apex DNS retains every concrete IPv4/IPv6 address and rejects malformed values (2.517375ms)
✔ pending domain journal preserves exact action/key/target; legacy or corrupt markers never replay (0.468959ms)
✔ browser-origin gate: every refusal happens before Go is called, for every action (199.4005ms)
✔ only POST exists on the team routes (0.802125ms)
✔ unknown action is a local 404 and never reaches Go (0.42575ms)
✔ strict request grammar: wrong keys, types, ids, roles, locales and token shapes are 422 locally (14.934625ms)
✔ what reaches Go: BFF key, bearer from the cookie, no Cookie/Origin, body unchanged, exactly one call per request (572.841709ms)
✔ Go failures are rebuilt locally from allow-listed codes, never retried, and never echo the token (183.700875ms)
✔ team answer: accepts the frozen shape, null role and OIDC member without email (0.555583ms)
✔ team answer: unknown key, unknown role, bad id, bad mail state are rejected (0.262209ms)
✔ invite and accept answers are strict (0.695125ms)
✔ request grammar: every action has an exact key set and rejects junk values (0.271959ms)
✔ copy: three locales carry the same keys and a label for every role (0.932167ms)
✔ role-aware navigation: hides entries the member's permissions cannot use; unknown shows all; Team is owner-only (1.160667ms)
✔ P02 settlements directory rejects missing/link/owner/group/mode with a valid control (1031.882084ms)
✔ preflight health permission grammars and API/worker consistency fail closed (4568.547667ms)
✔ merchant alert flag is explicit 0|1 and independently requires SMTP (3518.163916ms)
✔ shared loader makes API/worker LIVE pair file-only before Compose interpolation (699.594584ms)
✔ export bind accepts omitted JSON false but rejects unsafe source/config mutations (1.164375ms)
✔ sanctioned operator allowlist and fail-closed gates (fake docker, no network) (3701.02425ms)
✔ platform operator custody, export mount and binary are wired (228.228625ms)
✔ actual export bind refuses a missing directory; enabling auto-create is detected (776.589541ms)
✔ R3 preflight rejects cancelled PAYUNi, validates Page app and keeps LIVE pair mandatory (1363.064917ms)
✔ R3 smoke exercises exact denied probes, accepts 404 only for disabled mounts (167.952083ms)
✔ positive control: a complete, valid configuration raises no META_LOGIN finding (2340.249958ms)
✔ feature off (COMMERCE_META_LOGIN_CONFIG_ID empty): no rule applies even with the other keys empty (391.203917ms)
✔ P06: the Page route needs the webhook receiver (358.570542ms)
✔ P06: sessions come from identity (304.178834ms)
✔ P06: without the claims profile nobody sends the private replies (a WARN, not a FAIL) (463.17775ms)
✔ P08: COMMERCE_META_LOGIN_CONFIG_ID must be numeric ("abc") (360.646875ms)
✔ P08: COMMERCE_META_LOGIN_CONFIG_ID must be numeric ("12 34") (399.678875ms)
✔ P08: COMMERCE_META_LOGIN_CONFIG_ID must be numeric ("111111111111") (503.418375ms)
✔ P08: COMMERCE_META_LOGIN_CONFIG_ID must be numeric ("0x10") (456.830458ms)
✔ P08: COMMERCE_META_LOGIN_CONFIG_ID must be numeric ("-1") (384.2335ms)
✔ P08: COMMERCE_META_LOGIN_REDIRECT_URI must be exactly https://<LC_ADMIN_HOST>/api/meta/callback (wrong host) (427.954459ms)
✔ P08: COMMERCE_META_LOGIN_REDIRECT_URI must be exactly https://<LC_ADMIN_HOST>/api/meta/callback (http scheme) (359.638875ms)
✔ P08: COMMERCE_META_LOGIN_REDIRECT_URI must be exactly https://<LC_ADMIN_HOST>/api/meta/callback (the ads callback path) (411.391833ms)
✔ P08: COMMERCE_META_LOGIN_REDIRECT_URI must be exactly https://<LC_ADMIN_HOST>/api/meta/callback (trailing slash) (519.023375ms)
✔ P08: COMMERCE_META_LOGIN_REDIRECT_URI must be exactly https://<LC_ADMIN_HOST>/api/meta/callback (query string) (349.580208ms)
✔ P08: COMMERCE_META_LOGIN_REDIRECT_URI must be exactly https://<LC_ADMIN_HOST>/api/meta/callback (empty) (679.985416ms)
✔ P08: COMMERCE_META_LOGIN_GRAPH_VERSION grammar vNN.N ("26.0") (349.599625ms)
✔ P08: COMMERCE_META_LOGIN_GRAPH_VERSION grammar vNN.N ("v26") (335.16175ms)
✔ P08: COMMERCE_META_LOGIN_GRAPH_VERSION grammar vNN.N ("v26.0.1") (433.196834ms)
✔ P08: COMMERCE_META_LOGIN_GRAPH_VERSION grammar vNN.N ("latest") (465.600958ms)
✔ P08: COMMERCE_META_LOGIN_GRAPH_VERSION grammar vNN.N ("") (442.132292ms)
✔ P08: COMMERCE_META_LOGIN_GRAPH_VERSION grammar vNN.N ("v1000.0") (480.554625ms)
✔ P08: COMMERCE_META_LOGIN_GRAPH_VERSION accepts v26.0 (448.911ms)
✔ P08: COMMERCE_META_LOGIN_GRAPH_VERSION accepts v22.0 (395.280666ms)
✔ P08: COMMERCE_META_LOGIN_GRAPH_VERSION accepts v99.9 (414.906209ms)
✔ production without any alert channel is a FAIL (nobody would hear the next outage) (2363.953167ms)
✔ outside production the same gap is only a WARN (395.763875ms)
✔ a webhook alone satisfies the rule (353.976125ms)
✔ an e-mail target with a complete relay (host, username, secret) satisfies the rule (305.107083ms)
✔ an e-mail target without the relay secret cannot be sent: FAIL in production, WARN elsewhere (810.597042ms)
✔ the example's CHANGE_ME_SENDER placeholder is not a relay: the e-mail target cannot be sent (466.476375ms)
✔ LC_ALERT_EMAIL must be one plain address ("not-an-address") (480.506291ms)
✔ LC_ALERT_EMAIL must be one plain address ("two@fake.invalid,three@fake.invalid") (435.581542ms)
✔ LC_ALERT_EMAIL must be one plain address ("a b@fake.invalid") (378.272209ms)
✔ LC_ALERT_EMAIL must be one plain address ("<owner@fake.invalid>") (445.921166ms)
✔ LC_ALERT_EMAIL must be one plain address ("owner@fake") (383.2695ms)
✔ storefront cart-line removal is reversible: clicked for real, not guarded (2.855ms)
✔ destructive / irreversible / sign-out classification (owner list, en + zh) (0.932583ms)
✔ alike controls (rows with ids / numbers) share one class key (0.214708ms)
✔ known defects classify, never silence: stale entries are reported (0.845625ms)
✔ the markdown ledger has one row per interaction and names the verdict (0.308041ms)
✔ protocolHrefOK accepts well-formed tel:/mailto: and rejects malformed ones (0.176583ms)
✔ J1 waits for enabled media and clicks a real chooser; the uploaded cover is bound to the main section (1419.063292ms)
✔ J1 cannot credit a detail-image receipt as the main cover (0.650375ms)
✔ J1 refuses a failed cover upload rather than continuing to activate (0.190709ms)
✔ thresholds are the named constants of the brief (2.402ms)
✔ R1: document wider than the viewport, and the outermost element past the edge (0.635042ms)
✔ R2: label tops, control tops and control heights of one visual row (0.927125ms)
✔ R2: what is one row and what is not (0.471875ms)
✔ R2: a button beside a field has to line up with its control (0.461833ms)
✔ R3: a row made tall by stacked controls, a control wider than its cell (0.502708ms)
✔ R3: a matrix whose EVERY row is doubled by a stacked stock cell (the median cannot see it) (0.67775ms)
✔ R4: small text, helper text apart, icons and duplicates excepted (0.376875ms)
✔ R5: tap targets on the 390 viewport only (1.826709ms)
✔ R6: interactive elements and text boxes that overlap (54.032875ms)
✔ R7: text clipped inside a control or label (either side), and select values that do not fit (0.414875ms)
✔ R8: the same visible label twice in one list (0.409334ms)
✔ evaluate() tags severity, selectRecords() keeps distinct groups first and counts every instance (1.929458ms)
✔ R9: text and controls flush to the screen edge at 390 (0.7045ms)
✔ R6/R9 judge the visible (ancestor-clipped) rectangle, not the raw one (integrator ruling 2026-10-05) (0.887125ms)
✔ R10: a fixed or sticky bar covering main content after scrolling (0.45375ms)
✔ R11: controls narrower than a usable width (0.939583ms)
ℹ tests 442
ℹ suites 0
ℹ pass 442
ℹ fail 0
ℹ cancelled 0
ℹ skipped 0
ℹ todo 0
ℹ duration_ms 17647.979083
✔ closed projections reject secret-shaped extras, invalid enums, IDs and contradictory capabilities (0.778542ms)
✔ detail accepts only bounded events and keeps actual server action flags (0.402875ms)
✔ BFF exact routes and request grammar forbid keys/body on reads, filters on detail and arbitrary writes (11.676083ms)
✔ copy parity, safe object navigation and UNKNOWN/protective reasons (0.171542ms)
✔ read-only store capability never exposes a command even if the state allows one (0.056792ms)
✔ duplicate escaped keys cannot bypass the exact command grammar (0.045833ms)
✔ query backoff affects only its operation and expires without another action (0.052333ms)
✔ merchant reason text translates ledger events and conceals unknown or prototype codes (0.100209ms)
✔ ledger read navigation requires effective integration:read permission regardless of role (0.075167ms)
ℹ tests 9
ℹ suites 0
ℹ pass 9
ℹ fail 0
ℹ cancelled 0
ℹ skipped 0
ℹ todo 0
ℹ duration_ms 108.259208
✔ OrderHistory renders server order instant in Taipei (10.509875ms)
✔ ClaimLink renders claim expiry in Taipei (2.865333ms)
✔ BankTransfer renders deadline and proof instant in Taipei (2.505333ms)
✔ BankTransfer proof echo labels store time in en (1.637459ms)
✔ BankTransfer proof echo labels store time in zh-TW (1.80025ms)
✔ BankTransfer proof echo labels store time in zh-CN (1.896916ms)
✔ BankTransfer input describes the device zone in en (2.611625ms)
✔ BankTransfer input describes the device zone in zh-TW (2.308541ms)
✔ BankTransfer input describes the device zone in zh-CN (1.516875ms)
✔ BankTransfer input has a generic label when Intl has no zone in en (1.298042ms)
✔ BankTransfer input has a generic label when Intl has no zone in zh-TW (1.034208ms)
✔ BankTransfer input has a generic label when Intl has no zone in zh-CN (0.982416ms)
✔ ShopFooter uses Taipei year across UTC year boundary (1.81025ms)
✔ BankTransfer deadline labels store time in en (1.146208ms)
✔ BankTransfer deadline labels store time in zh-TW (1.018166ms)
✔ BankTransfer deadline labels store time in zh-CN (0.967417ms)
✔ OrderHistory states the Taipei time zone once in en (0.818917ms)
✔ OrderHistory states the Taipei time zone once in zh-TW (0.6725ms)
✔ OrderHistory states the Taipei time zone once in zh-CN (0.597459ms)
✔ Meta rejection wording is preserved as bounded Unicode text, never translated (1.182666ms)
✔ frozen error codes: model list equals the frozen list, each is read from both error shapes (0.432375ms)
✔ copy: every code, status, op state and connect error has text in all three locales (0.736333ms)
✔ copy never calls a budget a hard stop and never offers resume (0.311583ms)
✔ draft: every §5.1 status parses; unknown status/template/op state is an error, never guessed (1.007584ms)
✔ draft: optional fields, remote ids and the Ads Manager link (0.549333ms)
✔ action hints: pause whenever a remote id exists and not ENDED; a paused draft is only ever copied (X7) (0.640166ms)
✔ money: whole units to minor with integer math; TWD must be whole (15.381375ms)
✔ Taipei schedule: wall inputs and draft projections ignore the viewer zone (5.725958ms)
✔ Taipei schedule: invalid calendar days are rejected and all copy names UTC+8 (0.311625ms)
✔ draft input: exact 11-key body and every local rule (4.190042ms)
✔ draft form round trip and X7 copy (blank schedule, no id, no revision) (0.240875ms)
✔ settings parser: environment enum, connections, identities, capi (0.431083ms)
✔ connect state parser: pick list kinds and id match (0.135791ms)
✔ report: three separate blocks, orders may be null, no combined figure (0.306416ms)
✔ default report window is the Asia/Taipei store day whatever the viewer's zone is (Taipei midnight boundary) (7.019083ms)
✔ capi body and validation (0.129125ms)
✔ W6-06B unbind response: exact keys, account, UUIDs and outcome semantics (0.194208ms)
✔ W6-06B in-flight details preserve bounded items and total, reject unknown shapes (0.17475ms)
✔ W6-06B catalog feed has exact public URL/domain pairs or published-store empty (0.168709ms)
✔ W6-06B copy preserves unbind boundaries and feed recovery in three locales (0.060959ms)
✔ W6-06B feed selection follows origin order, not full feed URL order (0.068417ms)
✔ customer list accepts the frozen row and rejects unknown keys, dup ids, bad cursor, oversize (3.287458ms)
✔ customer row invariants: nulls for bundle-only/erased, counts, money, consents (0.348167ms)
✔ customer detail: bounded lists, order summaries reuse the orders parser, id must match (5.12875ms)
✔ erasure summary is four counts only (0.103166ms)
✔ finance summary: net = captured - refunded (I05), totals carry an empty day, sandbox flag (1.203917ms)
✔ financeDay is the UTC+8 day (0.124667ms)
✔ finance defaults keep Taipei dates across midnight, leap day and year end (0.187458ms)
✔ tags and notes are parsed strictly (W6-01B) (0.8645ms)
✔ TSX seam refuses an unlisted import (14.721417ms)
✔ Ads merchant timestamp uses Taipei at the year boundary (51.399916ms)
✔ Design version published_at cell uses Taipei at the year boundary (3.190375ms)
✔ ManualOrder bank-transfer expiry uses Taipei at the year boundary (3.935416ms)
ℹ tests 53
ℹ suites 0
ℹ pass 53
ℹ fail 0
ℹ cancelled 0
ℹ skipped 0
ℹ todo 0
ℹ duration_ms 191.675083
✔ OrderHistory renders server order instant in Taipei (12.48625ms)
✔ ClaimLink renders claim expiry in Taipei (10.5955ms)
✔ BankTransfer renders deadline and proof instant in Taipei (6.694209ms)
✔ BankTransfer proof echo labels store time in en (3.843209ms)
✔ BankTransfer proof echo labels store time in zh-TW (2.080084ms)
✔ BankTransfer proof echo labels store time in zh-CN (1.877583ms)
✔ BankTransfer input describes the device zone in en (1.798125ms)
✔ BankTransfer input describes the device zone in zh-TW (2.623542ms)
✔ BankTransfer input describes the device zone in zh-CN (1.842625ms)
✔ BankTransfer input has a generic label when Intl has no zone in en (1.466ms)
✔ BankTransfer input has a generic label when Intl has no zone in zh-TW (1.27575ms)
✔ BankTransfer input has a generic label when Intl has no zone in zh-CN (1.263916ms)
✔ ShopFooter uses Taipei year across UTC year boundary (1.714084ms)
✔ BankTransfer deadline labels store time in en (1.29675ms)
✔ BankTransfer deadline labels store time in zh-TW (1.278833ms)
✔ BankTransfer deadline labels store time in zh-CN (1.11425ms)
✔ OrderHistory states the Taipei time zone once in en (0.79925ms)
✔ OrderHistory states the Taipei time zone once in zh-TW (0.715458ms)
✔ OrderHistory states the Taipei time zone once in zh-CN (0.615792ms)
✔ Meta rejection wording is preserved as bounded Unicode text, never translated (1.961083ms)
✔ frozen error codes: model list equals the frozen list, each is read from both error shapes (1.58525ms)
✔ copy: every code, status, op state and connect error has text in all three locales (1.387084ms)
✔ copy never calls a budget a hard stop and never offers resume (0.349292ms)
✔ draft: every §5.1 status parses; unknown status/template/op state is an error, never guessed (0.408041ms)
✔ draft: optional fields, remote ids and the Ads Manager link (0.18825ms)
✔ action hints: pause whenever a remote id exists and not ENDED; a paused draft is only ever copied (X7) (0.20025ms)
✔ money: whole units to minor with integer math; TWD must be whole (11.0265ms)
✔ Taipei schedule: wall inputs and draft projections ignore the viewer zone (34.606541ms)
✔ Taipei schedule: invalid calendar days are rejected and all copy names UTC+8 (0.3535ms)
✔ draft input: exact 11-key body and every local rule (3.440667ms)
✔ draft form round trip and X7 copy (blank schedule, no id, no revision) (0.241375ms)
✔ settings parser: environment enum, connections, identities, capi (0.419625ms)
✔ connect state parser: pick list kinds and id match (0.115042ms)
✔ report: three separate blocks, orders may be null, no combined figure (0.258375ms)
✔ default report window is the Asia/Taipei store day whatever the viewer's zone is (Taipei midnight boundary) (2.828834ms)
✔ capi body and validation (0.320666ms)
✔ W6-06B unbind response: exact keys, account, UUIDs and outcome semantics (0.266208ms)
✔ W6-06B in-flight details preserve bounded items and total, reject unknown shapes (0.201333ms)
✔ W6-06B catalog feed has exact public URL/domain pairs or published-store empty (0.187958ms)
✔ W6-06B copy preserves unbind boundaries and feed recovery in three locales (0.076333ms)
✔ W6-06B feed selection follows origin order, not full feed URL order (0.07025ms)
✔ customer list accepts the frozen row and rejects unknown keys, dup ids, bad cursor, oversize (2.081ms)
✔ customer row invariants: nulls for bundle-only/erased, counts, money, consents (0.240917ms)
✔ customer detail: bounded lists, order summaries reuse the orders parser, id must match (9.548125ms)
✔ erasure summary is four counts only (0.104583ms)
✔ finance summary: net = captured - refunded (I05), totals carry an empty day, sandbox flag (0.327958ms)
✔ financeDay is the UTC+8 day (0.058125ms)
✔ finance defaults keep Taipei dates across midnight, leap day and year end (0.081917ms)
✔ tags and notes are parsed strictly (W6-01B) (0.549958ms)
✔ TSX seam refuses an unlisted import (8.023792ms)
✔ Ads merchant timestamp uses Taipei at the year boundary (19.096333ms)
✔ Design version published_at cell uses Taipei at the year boundary (2.632334ms)
✔ ManualOrder bank-transfer expiry uses Taipei at the year boundary (5.518791ms)
ℹ tests 53
ℹ suites 0
ℹ pass 53
ℹ fail 0
ℹ cancelled 0
ℹ skipped 0
ℹ todo 0
ℹ duration_ms 173.010417
✔ legacy display sentinels preserve a list row without admitting arbitrary or private data (2.228458ms)
✔ orders-v2 accepts bounded filters and Taipei inclusive dates; rejects ambiguity (0.460083ms)
✔ orders-v2 rejects client count approximations, unbounded or extra response data (0.14975ms)
✔ all three locales label every task queue, payment and delivery mode (0.324583ms)
ℹ tests 4
ℹ suites 0
ℹ pass 4
ℹ fail 0
ℹ cancelled 0
ℹ skipped 0
ℹ todo 0
ℹ duration_ms 81.577167
✔ numeric store IDs have no suggestion BFF or browser client (1.202417ms)
ℹ tests 1
ℹ suites 0
ℹ pass 1
ℹ fail 0
ℹ cancelled 0
ℹ skipped 0
ℹ todo 0
ℹ duration_ms 70.143167
✔ ADM10 operator sentence is localized while product and company facts stay authoritative (0.406708ms)
✔ PS review: actual Host matching normalizes case, port and a terminal DNS dot, never forwarded authority (0.244917ms)
✔ PS review: privacy/terms retain Messenger and Instagram purpose disclosure; deletion uses exact UI labels (0.114459ms)
✔ P2-N1 zh-TW/privacy: current comments and private reply, conditional inbound messages (0.079875ms)
✔ P2-N1 zh-TW/terms: current comments and private reply, conditional inbound messages (0.044917ms)
✔ P2-N1 zh-CN/privacy: current comments and private reply, conditional inbound messages (0.03575ms)
✔ P2-N1 zh-CN/terms: current comments and private reply, conditional inbound messages (0.061291ms)
✔ P2-N1 en/privacy: current comments and private reply, conditional inbound messages (0.044667ms)
✔ P2-N1 en/terms: current comments and private reply, conditional inbound messages (0.044291ms)
✔ PS1 legal identity is one untranslated source (0.088084ms)
✔ PS1 contact and hosts come only from configuration; production fails closed (0.357042ms)
✔ PS2 public routes default to zh-TW, restrict page/locale, and never include admin (0.438958ms)
✔ PS4 optional Meta verification value never has a fake default (0.062ms)
✔ PS1 every locale uses the same product name in auth page titles (0.047166ms)
✔ PS1 public page copy has three complete locales, no invented operator identity or contact (0.228333ms)
✔ PS1 production build validates config; public data is not bundled through NEXT_PUBLIC (1.121333ms)
✔ PS review: admin image installs the manifests for its workspace dependencies before building (0.438834ms)
ℹ tests 17
ℹ suites 0
ℹ pass 17
ℹ fail 0
ℹ cancelled 0
ℹ skipped 0
ℹ todo 0
ℹ duration_ms 119.006541
✔ R11 SQL's exact receipt states are accepted; missing/forged operation/state remains unknown (0.843959ms)
✔ R11 durable receipt journal validates phase against exact operation state (0.366542ms)
✔ R11 actual read control distinguishes replay/inflight/unknown/failure in en (6.123834ms)
✔ R11 actual read control distinguishes replay/inflight/unknown/failure in zh-TW (1.590125ms)
✔ R11 actual read control distinguishes replay/inflight/unknown/failure in zh-CN (0.59475ms)
✔ unknown journal retains exact key/boundary and is scoped to store+session; malformed state fails closed (0.1495ms)
✔ R12 read hook keeps network UNKNOWN on one key and explicitly refreshes acknowledged UNKNOWN (14.341834ms)
✔ actual POST transport uses CSRF and session fence; 403 independent of response text (16.564459ms)
✔ R10 ROAS has exactly two decimals in en (12.759042ms)
✔ R10 unknown ROAS is never fabricated as zero in en (0.140125ms)
✔ R10 ROAS has exactly two decimals in zh-TW (0.163792ms)
✔ R10 unknown ROAS is never fabricated as zero in zh-TW (0.040917ms)
✔ R10 ROAS has exactly two decimals in zh-CN (0.132375ms)
✔ R10 unknown ROAS is never fabricated as zero in zh-CN (0.032791ms)
✔ shared presentation preserves registry title and one empty buyer message in en (25.953125ms)
✔ R11 large linked-draft list is complete but collapsed in en (3.328583ms)
✔ shared presentation preserves registry title and one empty buyer message in zh-TW (5.515708ms)
✔ R11 large linked-draft list is complete but collapsed in zh-TW (3.578375ms)
✔ shared presentation preserves registry title and one empty buyer message in zh-CN (5.923375ms)
✔ R11 large linked-draft list is complete but collapsed in zh-CN (2.588375ms)
✔ R11 timeline distinguishes local unknown spend from explicit Meta zero in en (3.008042ms)
✔ R11 timeline distinguishes local unknown spend from explicit Meta zero in zh-TW (2.035834ms)
✔ R11 timeline distinguishes local unknown spend from explicit Meta zero in zh-CN (3.584542ms)
✔ R11 I12 nullable Meta evidence survives without becoming zero (0.376459ms)
✔ R11 actual panel rendering preserves unknowns and reconnect route in en (11.0625ms)
✔ R11 actual panel rendering preserves unknowns and reconnect route in zh-TW (11.633542ms)
✔ R11 actual panel rendering preserves unknowns and reconnect route in zh-CN (12.126292ms)
✔ D1, D6, R7: exact amounts and sources remain independent, account days stay labelled (0.223333ms)
✔ R12: null stays unknown and unread / unauthorised / insufficient remain different states (0.264667ms)
✔ R12 granted but unread audience offers a read, never reconnect in en (1.719875ms)
✔ R12 granted but unread audience offers a read, never reconnect in zh-TW (1.630625ms)
✔ R12 granted but unread audience offers a read, never reconnect in zh-CN (1.586583ms)
✔ I12 forged / missing frozen fields never silently become zeros (0.940917ms)
✔ only whitelisted aggregates survive: extra identifiers and HTML are never interpreted (0.064958ms)
✔ attribution is a read-only BFF resource with exact bounded query grammar (0.317667ms)
✔ audience-read is exactly the new local intention POST and never a data GET or queried write (0.238084ms)
✔ route fails closed without ads:read and is not a duplicate navigation entry; locale keys match (0.103167ms)
ℹ tests 37
ℹ suites 0
ℹ pass 37
ℹ fail 0
ℹ cancelled 0
ℹ skipped 0
ℹ todo 0
ℹ duration_ms 437.581542
✔ card-payments copy: identical key sets in all three locales (4.290958ms)
✔ merchant terms are quoted verbatim (contract §5) in the enable dialog (0.449709ms)
✔ ruling-fixed strings: platform not OPEN and BLOCKED note (0.076875ms)
✔ error map covers every frozen refusal code from migrations/0137 (0.07925ms)
✔ no Stripe account id, key or approval id shape appears in any copy string (0.270166ms)
✔ storefront collector disclosure matches contract §5 templates in three languages (0.059416ms)
✔ the merchant terms in the dialog are the contract §5 sentence, extracted from the contract (0.104833ms)
✔ the storefront templates are the contract §5 lines, extracted from the contract (0.110875ms)
✔ settlement copy: deduction columns are labelled as deductions in every language, with a legend and the net formula (0.2435ms)
✔ there is no separate 'not on the allowlist' message: it reads as not open (review P1-2) (0.081542ms)
✔ card summary accepts the frozen shape incl. all-null platform NONE (1.366291ms)
✔ card summary rejects unknown keys, bad enums, bad money, bad version (0.43175ms)
✔ card result is exactly {state, version, max_minor, currency, descriptor_preview} (0.106959ms)
✔ descriptor suffix rule: charset, 2..10 chars, must contain a letter (0.134083ms)
✔ the suffix length rule is the charset rule's 10; the 22-character descriptor total stays the server's (SANDBOX L=10, LIVE PrefixLength) (0.050334ms)
✔ descriptor preview mirrors the contract projection (base + '* ' + suffix) (0.053792ms)
✔ settlement list accepts statements without payout/lines keys (omitempty) (0.717ms)
✔ settlement detail carries lines whose count and sums match the totals (0.364334ms)
✔ settlement parsers reject malformed reads (2.45275ms)
✔ fees, refunds and disputes are signed exactly as the ledger stores them (1.241792ms)
✔ a returned fee is a positive line fee; the detail's lines must add up to the statement totals (0.228041ms)
✔ closed_at/paid_at accept the offsets PostgreSQL emits as well as Z (0.139416ms)
✔ a payout reference shaped like a Stripe key or account id is never displayed (0.124791ms)
✔ platform not OPEN: 'not open yet' and no enable control, for every non-OPEN state; the platform badge still tells why (0.868708ms)
✔ allowlisted + OPEN: enable from NONE/DISABLED, disable from ENABLED (0.321916ms)
✔ not allowlisted on an OPEN platform reads exactly like not open: the same message, no 'platform open' badge, no enable (review P1-2) (0.138458ms)
✔ BLOCKED: the suspended note, disable only, never enable (whatever the platform says) (0.078459ms)
✔ without billing:manage nothing can be changed, but the state is still readable (0.049625ms)
✔ enable carries the platform's current terms, the suffix and the version read; NONE starts at 0 (0.063ms)
✔ disable never sends a suffix and quotes the terms the store accepted (the platform's may have moved on) (0.039292ms)
✔ a retained suffix is recovered from the final preview so a re-enable can keep it (0.041041ms)
✔ the period label shows the last day inside the (exclusive-end) week (0.691375ms)
✔ payout state: paid, pending only when money is due, none when the week nets to zero or less (0.051708ms)
✔ card-payments and settlements are nav:false routes, so no group loses or gains a nav button (0.149583ms)
✔ settlements need billing:manage, the card page integration:read; the owner opens both (0.110083ms)
✔ statement cells: a dispute reversal and a returned fee read as credits (+) and every deduction as -, and the columns add up to the server's net (10.211917ms)
✔ the detail parser requires the lines of a statement that has lines; a quiet week (line_count 0) may omit them (0.120916ms)
✔ route table: exactly the four resources, nothing generic (0.522792ms)
✔ query grammar: card and settlement-detail are exact; settlements takes before/limit only (0.223167ms)
✔ request fence: keyless PUT (CAS), bodyless GETs, no transfer-encoding (15.655458ms)
✔ PUT body is the exact frozen shape {enabled, terms_version, descriptor_suffix, expected_version} (0.467959ms)
✔ the BFF route wires the card grammar: keyless CAS PUT, exact body, no-store, auth required (9.821209ms)
✔ the real card summary parses and drives the display state machine (1.40475ms)
✔ the real statement list parses: newest first, no lines, three payout states (0.792292ms)
✔ every real detail parses with its lines and the lines add up to the statement (1.121791ms)
✔ an empty ledger parses to no statements (0.273042ms)
✔ no account id, key or approval shape is in any real body (0.52825ms)
✔ the real statements display literally as signed contributions that add up to the server's net (10.990625ms)
ℹ tests 48
ℹ suites 0
ℹ pass 48
ℹ fail 0
ℹ cancelled 0
ℹ skipped 0
ℹ todo 0
ℹ duration_ms 128.001292
✔ option/slug/SKU caps equal internal/catalog (options.go, catalog.go) (10.767875ms)
✔ text caps equal the Go validators (name 120, description 8000, SEO 70/160, collection title 80) (2.153208ms)
✔ photo caps equal Go (MaxMainImages, MaxDetailImages, MaxImageBytes) and the SKU code pattern (1.956791ms)
✔ PE13 Cartesian matrix is local, preserves edits and deduplicates values (0.768416ms)
✔ PE13 bulk quantity skips negative rows without modifying them (0.334334ms)
✔ PE12 untracked document uses whole currency and per-order cap, never quantity (8.748208ms)
✔ PE14 missing readback is not guessed or silently cleared by full replacement (0.061709ms)
✔ bulk status accepts explicit per-item results, never empty or duplicated confirmations (0.382708ms)
✔ matrix refuses over 100 SKUs before expansion (0.340375ms)
✔ parity: admin caps equal the Go constants (0.672709ms)
✔ image list: 4 main + 20 detail + 2 sku in role order is accepted (0.3185ms)
✔ image list: 5 main, 21 detail, wrong role order, gaps and extra keys are refused (0.133375ms)
✔ single image: role is required and its position is bounded by the role cap (0.063ms)
✔ option text limits count Go runes rather than UTF-16 units (0.883333ms)
✔ PE14 new edit SKU carries its own shipping and clears no existing fields (12.889083ms)
✔ PE14 patch changes only price and preserves unmentioned fields (0.200917ms)
✔ PE14 on_hand is not available, zero target is transmitted, ambiguous warehouse refuses (0.301083ms)
✔ PE14 explicit clears and shipping remain per SKU on an active row (0.12725ms)
✔ PE14 archive supersedes every other edit on that SKU (b77eeb11) (0.144417ms)
✔ PE14 no-op has no command fields and changed axes explicitly archive omitted variants (0.11275ms)
ℹ tests 20
ℹ suites 0
ℹ pass 20
ℹ fail 0
ℹ cancelled 0
ℹ skipped 0
ℹ todo 0
ℹ duration_ms 137.160583
(node:13032) ExperimentalWarning: Transform Types is an experimental feature and might change at any time
(Use `node --trace-warnings ...` to show where the warning was created)
✔ UNKNOWN retry client authorization loss requires reconciliation, not a fresh command (3.586166ms)
✔ UNKNOWN retry 401 authorization loss requires reconciliation, not a fresh command (8.7935ms)
✔ UNKNOWN retry 403 authorization loss requires reconciliation, not a fresh command (1.136125ms)
✔ a conclusive command rejection stays distinct from authorization loss (0.930792ms)
ℹ tests 4
ℹ suites 0
ℹ pass 4
ℹ fail 0
ℹ cancelled 0
ℹ skipped 0
ℹ todo 0
ℹ duration_ms 126.375666
(node:13035) ExperimentalWarning: Transform Types is an experimental feature and might change at any time
(Use `node --trace-warnings ...` to show where the warning was created)
✔ offer controls read authoritative limits without parsing unrelated KEYWORD_QTY_CONTAINS window/stats (16.579334ms)
✔ offer controls accept 101 through the backend cap of 200 distinct offers, reject 201 (2.211333ms)
✔ offer toggle preserves exactly the authoritative maximum in the real M4 payload (4.392625ms)
✔ console BFF admits exactly A1/A7/A6 and A5 read/copy methods (0.446375ms)
✔ Next proxy admits the exact console family and results query before the BFF (48.573125ms)
✔ PR18 proxy preserves malformed A2 cursor as 400 invalid_cursor (0.527833ms)
✔ results query is canonical repeated session_id 1..50, everything else queryless (0.086459ms)
✔ real BFF route forwards only exact resources, authenticates scope and returns private scrubbed errors (43.439125ms)
✔ new commands reject unknown keys and preserve frozen copy/lifecycle/recommend body (0.169ms)
✔ browser commands reuse Studio fences, exact no-comment recommend body and backend refusal codes (1.369125ms)
✔ results client preserves canonical ids/order and rejects invalid list before fetch (0.23925ms)
✔ stock client reuses catalog transport/key/parser and fences a changed login without retries (0.999334ms)
✔ journal replay sends the exact original method/path/body/key for all five commands (2.686916ms)
(node:13036) ExperimentalWarning: Transform Types is an experimental feature and might change at any time
(Use `node --trace-warnings ...` to show where the warning was created)
✔ A1 strict MOCK snapshot preserves unavailable counts, capability unknown and server stock (3.116041ms)
✔ A7 returns a separate lifecycle version and closed full KEYWORD_QTY_CONTAINS window (0.13925ms)
✔ A5 results retain separate environments/currencies and bind exact requested ids/order (0.159417ms)
✔ A5 copy parses real Go envelope, copied offer prices and KEYWORD_QTY_CONTAINS window (0.357958ms)
✔ A6 accepts optional operation UUID, never guessed send success (0.09125ms)
(node:13037) ExperimentalWarning: Transform Types is an experimental feature and might change at any time
(Use `node --trace-warnings ...` to show where the warning was created)
✔ Live settings navigation accepts a scene picker entry but never a malformed or unscoped deep link (0.880584ms)
✔ LC-B7 stock permission admits live_adjust without inventory:write, not unrelated grants (0.087875ms)
✔ Instagram comment total stays unavailable; Facebook observed count is not a platform total (0.066792ms)
✔ LC-U1 one primary action follows lifecycle, never planning or transport state (0.046958ms)
✔ LC-U1 stock target uses sellable delta and rejects fractions, negative and over-limit changes (0.083833ms)
✔ LC-U1 links only explicit FB post identities, never arbitrary URLs or guessed videos (0.0715ms)
✔ LC-U1 Facebook preview keeps the original no-frame CSP and uses a safe external link (0.579792ms)
✔ LC-U1 delayed copy completion cannot navigate after store switch or unmount (0.111625ms)
✔ LC-U1 receipt fence survives cookie rotation; pending replay still has a separate session boundary (0.338125ms)
ℹ tests 27
ℹ suites 0
ℹ pass 27
ℹ fail 0
ℹ cancelled 0
ℹ skipped 0
ℹ todo 0
ℹ duration_ms 283.734583
✔ Host subset: nested Provider and React19 context shadow defaults without sibling leakage (20.2485ms)
✔ Host subset: provider updates reach stable children and separate roots keep their own values (0.378417ms)
✔ Host subset: render errors restore context and hook ownership (18.643792ms)
✔ Host subset: portal children inherit logical context and retain handlers/state (0.638ms)
✔ Host subset: portal target/key changes remount children and removal runs cleanup (0.217375ms)
✔ Host subset: createPortal rejects invalid DOM targets rather than swallowing children (0.133125ms)
✔ PR18 R2 scoped404 a2 clears both private views and stops recovery reads (127.916167ms)
✔ PR18 R2 scoped404 a8 clears both private views and stops recovery reads (4.092708ms)
✔ PR18 R2 scoped404 older clears both private views and stops recovery reads (3.014917ms)
✔ PR18 A8 clears names synchronously and keeps loaded older pages through a head poll (2.753958ms)
✔ PR18 A8 hides clear before effects even without pagination (1.346333ms)
✔ PR18 quiet A2 stream refreshes delayed claim marks without a new sequence or user refresh (3.491875ms)
✔ PR18 late claim automatically exposes keyword view and the reused BuyerPanel (7.951958ms)
✔ K3 A8 private polls every 10s, backs off, resets, pauses hidden and stops off-filter (11.68675ms)
✔ K3 A8 unreplied polls every 10s, backs off, resets, pauses hidden and stops off-filter (9.196334ms)
✔ K3 pasted tab is refused with invalid_text copy before any reply POST (1.262208ms)
✔ PR18 facts_unavailable mark uses actionable copy zh-TW (2.388791ms)
✔ PR18 facts_unavailable mark uses actionable copy zh-CN (0.884375ms)
✔ PR18 facts_unavailable mark uses actionable copy en (0.5915ms)
✔ real SQL UNKNOWN mark blocks public-mode switching without a local receipt (0.615292ms)
✔ PR18 unknown public receipt has the correct cross-comment fence (3.049917ms)
✔ PR18 queued public receipt has the correct cross-comment fence (2.428ms)
✔ PR18 public guard releases only definite sent (0.928291ms)
✔ PR18 public guard releases only definite failed (0.766708ms)
✔ PR18 public guard releases only definite blocked (0.706291ms)
✔ PR18 public guard releases only definite refused (0.890625ms)
✔ actual A2 hook fake clock: 3/6/12/24/30 backoff, success reset, hide clears and stops, 403 locks (4.05475ms)
✔ actual reset clears selected buyer and rereads without the old epoch cursor (1.66725ms)
✔ reply hints, coded error, UNKNOWN and capability state execute the actual composer (1.336ms)
✔ PR18 R2 templates read 404 denies the composer (0.776959ms)
✔ PR18 buyer-panel read 404: stays local (retention-purged or gone selection), console keeps access (0.693ms)
✔ PR18 buyer-panel read 403: revokes the console scope (0.493209ms)
✔ PR18 mixed FB and IG page orders normalize chronologically after dedupe (0.767583ms)
✔ PR18 cap keeps newest1000 with mixed page order older=false (5.310291ms)
✔ PR18 cap keeps newest1000 with mixed page order older=true (3.94025ms)
✔ PR18 A3 invalid_ref remains a definite 422 refusal (0.106417ms)
✔ PR18 a full history buffer stops paging without discarding rows or advancing its cursor (0.157667ms)
✔ K3 reply text rejects every C0/C1 control except newline (0.377083ms)
✔ SQL operation marks map to every merchant-visible delivery state (0.059708ms)
✔ real bridge sealCursor uses payload.signature rather than plain base64url (12.977541ms)
✔ A2 grammar refuses private/duplicate/ambiguous cursors and keys on reads (0.86875ms)
✔ A3-A5 exact comment ref and bodies; explicit preemption private only (0.175ms)
✔ A4/A5 preserve frozen refusal codes, never provider/debug text (0.25875ms)
✔ reset invalidates old buffers and cursor before reread; older page cannot advance live cursor (0.131167ms)
✔ filter resources have only authorised opaque ids; backoff is capped and success resets (0.072333ms)
ℹ tests 45
ℹ suites 0
ℹ pass 45
ℹ fail 0
ℹ cancelled 0
ℹ skipped 0
ℹ todo 0
ℹ duration_ms 561.528375
✔ secondary failures preserve A1; only A1 is periodic; IG notice follows the platform/embeddability observation (262.387167ms)
✔ the existing console refresh also explicitly refreshes its parent list; no automatic list read (18.26675ms)
✔ parent forwards only an explicit refresh callback and retains the scene when list is unavailable (9.10925ms)
✔ every explicit browser response/event/navigation waiter has a finite sub-test budget (9.4265ms)
✔ A1 failures back off 3/6/12/24/30 seconds and success resets to five seconds (92.016041ms)
✔ Retry-After is a minimum; hidden tabs cancel polling; forbidden locks and conceals (40.697375ms)
✔ secondary reads are mount/refresh only, independent from A1 and non-fatal (32.419916ms)
✔ UNKNOWN journal restores the exact key/method/path/body and explicit retry after reload (32.147375ms)
✔ first definite 403 clears journal but locks commands; late success after navigation clears only its own key (36.820041ms)
✔ private reads preserve Retry-After seconds and dates, without changing existing error codes (30.409083ms)
✔ a restored in-flight or UNKNOWN request retains its journal after a replay 403 (78.335ms)
✔ restored copy success dispatches completion only in the still-current scene (38.451167ms)
✔ SessionCopy resyncs closed same-ID titles, preserves open edits and cancels to latest draft (25.93675ms)
✔ SessionCopy submit uses latest version; UNKNOWN request survives later draft/input changes (23.508042ms)
ℹ tests 14
ℹ suites 0
ℹ pass 14
ℹ fail 0
ℹ cancelled 0
ℹ skipped 0
ℹ todo 0
ℹ duration_ms 672.265667
✔ claims window modes match Go constants and every SQL match_mode CHECK (4.673209ms)
✔ host prompt stays verbatim at the frozen trunk contract; Japanese is absent (1.927625ms)
✔ bundle parser accepts manual (labelled) and Meta (unlabelled) bundles (0.559083ms)
✔ bundle parser rejects unknown platforms and label/platform mismatches (0.147ms)
✔ offer parser carries the live price and rejects every out-of-range or missing field (0.225166ms)
✔ library and import parsers are closed; removal receipt is the only version-0 shape (0.178791ms)
✔ price input: exact decimal minor units, never float, bounded to the currency's places (9.113125ms)
✔ live-tools copy exists in all three locales with the same conflict reasons (1.047666ms)
✔ claims BFF allowlist is exactly M1–M7 per method (0.952917ms)
✔ M7 link response shape is closed (0.154708ms)
✔ host prompt copy is the frozen text, verbatim (0.075666ms)
ℹ tests 11
ℹ suites 0
ℹ pass 11
ℹ fail 0
ℹ cancelled 0
ℹ skipped 0
ℹ todo 0
ℹ duration_ms 118.7625
NOT_RUN: tests/media/r04-input-runner.test.mjs (COMMERCE_R04_LIVEKIT_BINARY unset)
✔ main/detail/sku caps use the existing frozen image contract (0.681667ms)
✔ phone and tall dimensions fit2000 without enlarging small assets (0.158541ms)
✔ upload query requires one exact role and sku value; reads/actions carry no query (0.406666ms)
✔ role transport encodes current option values and refuses invalid identities (0.177416ms)
✔ effective image axis follows current options, then falls back to first (0.071209ms)
✔ detail and option photos cannot satisfy the main-photo recommendation (0.062625ms)
✔ PM-U copy has matching keys in ja and all currently routed locales (0.130916ms)
✔ real-upload mode builds both Next applications on a clean CI checkout (6.171209ms)
✔ upload recovery journal survives a new session while remaining product/store scoped (0.148125ms)
✔ an option upload receipt requires its captured axis, value and image id on canonical readback (0.120583ms)
✔ failed durable recovery storage cannot authorize a media write (0.081916ms)
✔ an active product needs a main image after canonical media is known; repair paths stay possible (0.059333ms)
✔ empty media sections render a readable localized placeholder until photos are present (5.684083ms)
✔ real-upload mode never exits through the storefront MOCK shortcut (10.619917ms)
✔ a valid active zero-main product keeps an inline repair hint rather than a page error (7.299167ms)
✔ a new product issues the image-axis stage only for a chosen axis (1.206042ms)
ℹ tests 16
ℹ suites 0
ℹ pass 16
ℹ fail 0
ℹ cancelled 0
ℹ skipped 0
ℹ todo 0
ℹ duration_ms 281.897084
(node:13093) ExperimentalWarning: Transform Types is an experimental feature and might change at any time
(Use `node --trace-warnings ...` to show where the warning was created)
✔ a fitting PNG keeps the exact original File, bytes and alpha-capable format (1.943416ms)
✔ a JPEG exactly at both limits remains original, not a lossy re-encode (0.8275ms)
✔ an oversized phone JPEG is encoded below the cap after oriented scaling (0.865625ms)
✔ a large transparent PNG stays alpha-capable and is never painted with an opaque matte (0.505958ms)
ℹ tests 4
ℹ suites 0
ℹ pass 4
ℹ fail 0
ℹ cancelled 0
ℹ skipped 0
ℹ todo 0
ℹ duration_ms 99.766042
✔ HTTPS picklist fixture carries Secure session cookies automatically while preserving CSRF refusals (188.980291ms)
✔ batch controls stay compact until an order selection or live-session scope exists (0.6515ms)
✔ selection has XOR bodies, canonical unique IDs and separate 500/100 limits (2.06725ms)
✔ cross-page selection retains existing rows, deduplicates and refuses overflow atomically (2.750458ms)
✔ pick projection rejects PII/extra keys, invalid quantities and unmatched order identities (2.05675ms)
✔ batch replies bind one-for-one to confirmed orders and preserve uncertainty code (0.928875ms)
✔ pick/export POSTs reject keys and all query variants except one exact template (8.766084ms)
✔ CSV filename binds to selected template and store; no path/header injection (0.917959ms)
✔ MOCK browser fixture list matches the incumbent closed order parser (22.792708ms)
✔ recovery never clears an unknown or missing current attempt (0.272375ms)
✔ recovery and order-detail MOCK fixtures satisfy real read parsers (11.857916ms)
✔ order selection can read its session fence during SSR without browser globals (0.955041ms)
✔ MOU keeps native headed checks runnable on a Linux CI worker without DISPLAY (24.434084ms)
✔ pick fixture serves the scoped parcel reads required by the orders page (6.897291ms)
ℹ tests 14
ℹ suites 0
ℹ pass 14
ℹ fail 0
ℹ cancelled 0
ℹ skipped 0
ℹ todo 0
ℹ duration_ms 529.233375
✔ bodyless dissolve DELETE (empty body stream, no content-length) reaches Go with the CAS query, no body, no key (17.147333ms)
✔ every parcel DELETE must carry exactly one expected_version >= 1 (never forwarded without it) (3.382417ms)
✔ a DELETE that declares a body or chunked framing is refused (0.349583ms)
✔ DELETE needs the session, origin and CSRF like every command; other DELETEs stay unsupported (1.472583ms)
✔ GET parcel-groups (open groups read) and merge-suggestions pass with no query; a query or key is refused (15.88775ms)
✔ actual MOU parcel runner selects and collects the real parcel browser case (409.313916ms)
✔ merge suggestions accept the frozen shape (server-masked recipient) and reject drift (1.103333ms)
✔ created group requires the OPEN state and its members (0.113166ms)
✔ dissolved group is exactly id/state/version (0.072958ms)
✔ group shipment carries one SHIPPED version per member (3.927875ms)
✔ open groups (GET parcel-groups) accept the frozen shape and fail closed on drift (5.323583ms)
✔ reconcile: a reload rebuilds OPEN panels, a vanished OPEN group is dropped, history and live versions are kept (0.414083ms)
✔ three locales cover the same keys and every refusal code (0.259917ms)
✔ the owner-ruling sentence is exact in all three locales (0.053875ms)
✔ the in_parcel_group copy is the same sentence in parcels-copy (blocked + errors) and orders-copy, in every locale (0.065792ms)
✔ groupOfOrder prefers the OPEN group over retained SHIPPED/DISSOLVED history (0.130667ms)
✔ parcelOrderNumber is the canonical LC-<32 uppercase hex> order number and matches the open-group parser (0.231042ms)
✔ parcel refresh generation: bumped by every successful poll, whatever the cursor (0.214166ms)
✔ parcel refresh generation: an in_parcel_group refusal bumps it, other refusals do not (0.204292ms)
✔ exactly the five W3-07B resources route (1.826708ms)
✔ dissolve carries exactly ?expected_version=N (N >= 1) (0.218375ms)
✔ readMergeSuggestions 401 immediately purges parent scope and refuses late sibling 200 (27.575375ms)
✔ readMergeSuggestions 403 immediately purges parent scope and refuses late sibling 200 (5.262625ms)
✔ readMergeSuggestions 404 immediately purges parent scope and refuses late sibling 200 (4.138084ms)
✔ readOpenParcelGroups 401 immediately purges parent scope and refuses late sibling 200 (7.206916ms)
✔ readOpenParcelGroups 403 immediately purges parent scope and refuses late sibling 200 (5.001125ms)
✔ readOpenParcelGroups 404 immediately purges parent scope and refuses late sibling 200 (13.529375ms)
✔ readMergeSuggestions 503 preserves parent and local retry recovers actual DTOs (5.967917ms)
✔ readOpenParcelGroups 503 preserves parent and local retry recovers actual DTOs (8.646292ms)
✔ captured parent groups callback refuses hidden scope (9.4135ms)
ℹ tests 30
ℹ suites 0
ℹ pass 30
ℹ fail 0
ℹ cancelled 0
ℹ skipped 0
ℹ todo 0
ℹ duration_ms 519.754417
✔ exactly the nine W6-01B resources are admitted, each only under its own method (0.840334ms)
✔ the customer list is claimed only when a tag filter is present (customers-request.ts stays the owner otherwise) (0.089125ms)
✔ near misses are refused (no generic proxying) (0.069167ms)
✔ reads: no body, no key, no transfer-encoding; tag-list takes no query at all (18.079833ms)
✔ customer-list query: closed keys, tag must be a canonical uuid, list bounds identical to customers-request (1.603458ms)
✔ note-list query: only limit and after, with the customers-list bounds (0.541042ms)
✔ writes: exactly one well-formed Idempotency-Key; the two DELETEs carry no body but still need the key (4.352958ms)
✔ validTagName mirrors Go (NFC first, 1..20, trimmed, no control/Cf) (0.715667ms)
✔ validNoteBody mirrors Go (1..1000, not blank, only \n \r \t controls) (0.264417ms)
✔ tag-create body: closed keys, valid name and one of the eight colors (0.885875ms)
✔ tag-patch body: at least one of name/color, nothing else (0.522292ms)
✔ owner-tags body: tag_ids (<=100 canonical uuids) + 64-hex revision, exact keys (0.567333ms)
✔ note bodies: create {body}; patch {body, version>=1}; deletes and reads carry no body at all (0.519166ms)
✔ parseTagCatalog decodes {items: TagRecord[]} with the store-catalogue bounds (1.424667ms)
✔ parseTagSet / parseDeletedTag / parseDeletedNote decode the frozen write receipts (0.284667ms)
✔ parseNoteRecord / parseNotePage decode notes with the Go note rules (1.614166ms)
✔ customer-tags copy: three locales, identical key sets, the integrator's ruled note-privacy text verbatim (0.569709ms)
✔ components wire the ruled copy and the tag/note controls the specs click (1.038875ms)
✔ tag read names must already be trimmed NFC and Unicode code-point bounded (0.099666ms)
✔ session change before network sends nothing (12.118416ms)
✔ session changes after network or during body parse drop the response (44.085291ms)
✔ transient session digest failure is settled only before dispatch (14.239833ms)
✔ lost response followed by a changed session is UNKNOWN after dispatch (7.255792ms)
✔ lost response does not auto-retry; explicit replay keeps method/key/payload/scope (8.278042ms)
✔ 5xx or malformed success is uncertain, coded refusal is settled (20.0655ms)
✔ passive tag/detail refresh preserves an unsaved new-note draft (73.915542ms)
✔ passive refresh updates visible notes but preserves edit draft and original CAS version (0.711542ms)
✔ explicit refresh signal clears old edit draft while passive array changes do not (0.539917ms)
✔ an unauthorized note read clears private note bodies and the draft (17.505875ms)
✔ a transient note read failure keeps the notes already shown (7.333125ms)
✔ an unauthorized note read signals the global logout once; a transient failure does not (6.57125ms)
✔ non-privacy writer: own notes keep Edit and Delete on a fresh mount, others' notes do not (1.859375ms)
✔ notes forbidden/not_found signals scope loss exactly once per mount, never on transient failure (15.427333ms)
✔ bad path/store/method/query/header is refused without authority or backend calls (26.39725ms)
✔ the actual proxy admits a tagged customer list with scoped search/cursor and rejects malformed tag authority (18.304083ms)
✔ signed-out/cross-store/Origin-CSRF denials short circuit before body or forwarding (0.373625ms)
✔ closed bodies and DELETE payloads cannot reach Go (0.995834ms)
✔ all write methods preserve exact key/body/store and private success status (1.192125ms)
✔ note pagination preserved and hostile backend errors/bodies sanitized (4.271125ms)
✔ a catalogue forbidden or not_found asks the parent to re-run its guarded reads, with no logout (163.540417ms)
✔ transient catalogue failures stay local; unauthorized logs out but is not a scope loss (81.796959ms)
✔ after a tag write the manager stays mounted: the catalogue refreshes in place, never reloads (26.97825ms)
✔ a manager-reported scope loss reloads the customer list and catalogue guarded reads (11.857125ms)
✔ CustomerDetail forwards a scope-lost signal to the guarded read once per page (19.168791ms)
✔ badges are escaped server tag facts with human-readable names (3.117083ms)
✔ actual customer notes render privacy notice, safe content, author fallback and read-only permissions (23.904083ms)
✔ unknown permissions and erased customer never offer note mutations (2.173958ms)
✔ write-only notes permit add but not edit/delete of notes the server does not mark own; privacy permission permits both (2.37525ms)
✔ manager trigger and all three localized buyer-export notices render through actual components (1.954959ms)
✔ UNKNOWN survives settled unauthorized retry until trusted success; fresh run ignored (2.325917ms)
✔ UNKNOWN survives settled forbidden retry until trusted success; fresh run ignored (0.449209ms)
✔ UNKNOWN survives settled version_changed retry until trusted success; fresh run ignored (0.386416ms)
✔ first-attempt preflight refusal is settled and permits a fresh action (0.352958ms)
✔ UNKNOWN and in-flight retries prevent duplicate dispatch; unmount discards stale outcome (0.3585ms)
✔ an unauthorized write signals the global logout; forbidden does not (0.488708ms)
✔ UNKNOWN command survives unmount/remount: still locked, same-key retry, cleared by trusted success (1.743417ms)
✔ a command unmounted while in flight is treated as UNKNOWN on remount (0.58525ms)
✔ a session boundary change drops the remembered UNKNOWN command (0.432125ms)
✔ a guarded read that ends signed-out signals the global logout once (3.9345ms)
✔ forbidden/unavailable failures and a successful read signal no logout (6.348917ms)
✔ refresh ending signed-out clears the view, blocks and signals the global logout once (4.032166ms)
✔ refresh ending forbidden or not-found clears the data without a logout (7.010959ms)
✔ a transient refresh failure keeps the ready view and signals nothing (9.431917ms)
✔ exactly the eight report GETs are admitted; every other method or path is refused (2.059583ms)
✔ report reads: query required, no body, no key, no transfer-encoding (46.55675ms)
✔ from/to: exactly once each, calendar-valid days, 0..91 apart (1.159333ms)
✔ session_id: only on the funnel (json and csv), a canonical uuid, once (0.731ms)
✔ parseProductReport: echoed range/zone, <=1000 rows sorted by net desc, net = captured - refunded (11.884625ms)
✔ parseChannelReport: closed vocabulary order, money per environment strictly ascending, I05 inside every bucket (2.783834ms)
✔ parseFunnelReport: nested counts, session echo, ordered_without_link bound (1.050833ms)
✔ parseManualReport: nullable principal/session ids, bucketed money like channels (0.246917ms)
✔ reports copy: three locales, identical key sets, the integrator's ruled money annotation verbatim (0.207ms)
✔ Reports.tsx: four tabs, CSV per tab, ruled annotation, CSS/SVG charts only (no new dependencies) (0.9205ms)
✔ report CSV closed headers use actual Go slug, echoed dates and private no-store (0.294916ms)
✔ report response projection rejects unknown keys, mismatched range and non-private responses (1.346625ms)
✔ manual buckets follow Go's uncapped row count rather than a made-up 500-row limit (0.888334ms)
✔ display sorts only inside currency/environment groups, never sums money or mutates server rows (9.077833ms)
✔ page report query accepts exactly the four report names and defaults to products (0.101541ms)
✔ actual product table renders offline separately, both modes, no UUID copy and sortable headers (25.800791ms)
✔ actual channel chart exposes exact numbers and both money modes using SVG (0.866ms)
✔ actual funnel has four stages, nested widths and truthful zero-denominator text (1.084125ms)
✔ manual table resolves authorized labels, has honest fallback, and never presents UUIDs (3.662875ms)
✔ all report views render localized empty states (1.55475ms)
✔ actual BFF refuses malformed query, unknown store/session, disabled auth and missing CSV fences before Go (94.990166ms)
✔ actual BFF closed JSON projection and CSV scope/query preserve trusted token; no forwarded client authority (48.332875ms)
✔ actual BFF permission and malformed CSV response fences do not masquerade as a download (14.394791ms)
✔ audited browser GET accepts same-origin Fetch Metadata plus CSRF, never cross-site or forwarded Host (25.688416ms)
✔ actual CSV client preflight sends nothing after session change, and a lost audit response is uncertain with no retry (16.380584ms)
✔ actual CSV client refuses stale-session bytes and downloads only a closed private response (6.689917ms)
✔ report leaf gives the actual trusted fetch 65 seconds, rejects redirects and forwards only server bearer (7.295542ms)
✔ incoming request cancellation aborts the real report fetch once, returns safe unavailable and never retries (3.561166ms)
✔ CSV final synchronous fence conceals bytes when cancellation, hide or cookie rotation happens inside final await (27.5955ms)
✔ CSV end-to-end deadline covers store lookup and report budget; aborted preflight sends no audited request (10.485083ms)
✔ an uncertain export stays locked for its scope after another scope's export (15.314542ms)
✔ an uncertain export scope persists per store in tab storage and re-locks a fresh render (24.091458ms)
✔ unavailable tab storage fails closed to the in-memory lock without throwing (8.600958ms)
✔ export lock is stored before dispatch; refused/delivered outcomes release it, uncertain and cut-short keep it (48.765417ms)
✔ releasing one scope keeps the other uncertain scopes of the store (9.76175ms)
✔ export is refused and nothing is dispatched when the lock cannot be saved (denied, full or no storage) (8.230041ms)
✔ copy for an unsaved export lock exists in every locale (0.110083ms)
✔ product sort query parses strictly and defaults to net_minor descending (0.203333ms)
✔ legacy-store permission probe: forbidden/not-found/signed-out fail the read closed, transient falls back (13.860167ms)
✔ channel and funnel data retain their applied dates while draft dates wait for Show (103.19675ms)
✔ an uncertain export lock is bound to the session boundary, so a different user does not inherit it (24.08875ms)
✔ Finance landing links to reports under the same canSeeReports rule (10.177959ms)
✔ selected tag survives searches and cursor pagination while an empty filter is omitted (59.2625ms)
✔ customer list dispatch preserves legacy requests and sends every tag query to the closed W6 authority (405.536541ms)
✔ customers reports link is hidden only when permissions are present and lack orders:read (0.163292ms)
✔ reports are a finance subpage and preserve the existing single finance navigation entry (0.141625ms)
✔ an authoritative erased customer immediately unmounts the cached private tags/notes subtree (23.811667ms)
✔ the actual customer row shows manual tags and imported status without changing consent (10.292958ms)
✔ P1 actual tag DELETE accepts an empty Next-style stream without JSON MIME (527.955459ms)
✔ P1 actual note DELETE accepts an empty Next-style stream without JSON MIME (1.260875ms)
✔ P1 body-carrying tag writes still require JSON MIME through the real BFF (0.331375ms)
✔ P2 customer bare/encoded tag keys are invalid422 through the actual leaf before any backend (2.987417ms)
✔ P2 report products real session/CSRF response is private and Vary Cookie (1.727792ms)
✔ P2 report products.csv real session/CSRF response is private and Vary Cookie (0.394083ms)
✔ P2 report malformed query and wrong CSRF are rejected by actual helpers before upstream (0.278375ms)
ℹ tests 118
ℹ suites 0
ℹ pass 118
ℹ fail 0
ℹ cancelled 0
ℹ skipped 0
ℹ todo 0
ℹ duration_ms 1462.015375
✔ real coded errors retain baseline classification and normalize import leaf cache to private,no-store (40.395666ms)
✔ preflight missing CSRF is definite and sends nothing; actual route CSRF and session refusals stay definite (5.49925ms)
✔ actual route uses real cookies/store membership and method/error envelopes, no helper substitutions (2.842417ms)
✔ actual client/route preserves original Blob bytes, trusted transport and privacy projection on200/409 (1.508416ms)
✔ success or stale preview must remain private; malformed/unknown/mismatched coded errors are uncertain after commit (4.828791ms)
✔ lost/unreadable/session-changed dispatched commit remains UNKNOWN; no automatic retry (1.172583ms)
✔ actual failed-only result route strips IDs and real final session/cancel fence exposes no download (1.395833ms)
✔ actual route refuses unknown resource/query and duplicate session cookies before any upstream call (0.307125ms)
✔ actual route incoming cancellation aborts one dispatched transport and preserves client UNKNOWN (0.67725ms)
✔ real coded error cache may not be public, and closed payload may not acquire data-bearing fields (1.187584ms)
✔ copy still exposes specific merchant field reasons across three locales (3.531917ms)
✔ all real local and upstream import refusals including HEAD/unsupported are exact private,no-store (0.615583ms)
✔ fresh mismatched receipt stays UNKNOWN, exact manual replay mismatch becomes terminal without a third send (1.483417ms)
✔ terminal is impossible for malformed replay receipts or matching replayed counts (0.9815ms)
✔ Big5 bytes pass unchanged to upstream and real422 import envelope surfaces encoding_not_utf8 (0.641791ms)
✔ oversize file uses the actual header guard and specific size guidance in all locales without dispatch (27.247833ms)
✔ commit uses the original requested mapping, including an empty optional field, not resolved preview metadata (2.921291ms)
✔ an UNKNOWN commit remains locked through a later forbidden retry and only explicit same-file success unlocks (3.805291ms)
✔ leaving during a dispatched commit drops its payload and keeps an unconfirmed boolean without replay (3.553709ms)
✔ a definite first preflight refusal clears pending before sign-out and does not invent an unconfirmed import (3.42725ms)
✔ a replayed mismatched receipt ends UNKNOWN without offering another retry or unlocking historical orders (3.620792ms)
✔ real cookie and CSRF helpers generate and validate the actual host-cookie pair (4.370416ms)
✔ exact route rejects methods/keys/body/query/scope before any upstream request using real localError (3.498125ms)
✔ missing/duplicate session cookies reject and real clearAuthCookies expires session and CSRF (0.509458ms)
✔ actual authenticatedStores denies a store absent from the server projection (0.600458ms)
✔ private success routes server cookie token and exact canonical after, never caller bearer/cookie to Go (1.95125ms)
✔ actual safeError/localError preserve coded status with no-store and redact upstream diagnostics (7.899917ms)
✔ actual readBody and strict projection refuse MIME/oversize/extra private fields/city; network loss stays private (6.89375ms)
✔ actual client issues GET50/after through real route/private successful projection (8.891875ms)
✔ actual helper-issued browser fence rejects changed parent before dispatch (0.609833ms)
✔ private success from real route is discarded when the browser session changes during upstream read (1.376292ms)
✔ real localError no-store 401/403/404/503 preserves correct read category with no retry (3.159584ms)
✔ malformed sensitive backend projection becomes real unavailable, never a fake BFF success (0.687167ms)
✔ strict archive rows decode external order text, safe minor units and public keys (67.960833ms)
✔ PII-shaped city and extra sensitive fields never pass the safe projection (1.211541ms)
✔ all canonical Go cities pass; malformed types/bounds/order/time/money/cursor fail (2.5825ms)
✔ read grammar is exact limit/after, not the stale brief's cursor name (30.547625ms)
✔ three locales retain truthful history-not-revenue basis and copy parity (0.196291ms)
✔ SSR renders actual safe rows, shared money/time, total count and read-only three-locale basis (48.525084ms)
✔ SSR distinguishes empty archive, 403, session loss and unavailable without stale rows/count (3.305166ms)
✔ actual pagination callbacks use opaque trail; double click cannot skip; refresh/scope reset page1 (1.262666ms)
✔ the static import subpage wins over customer detail and leaves the single customers nav intact (0.48075ms)
✔ the actual list offers import only to privacy holders and carries the current authorized store (200.467833ms)
✔ the actual detail mounts archive only for an active imported customer and passes its fenced identity (25.352541ms)
✔ MIUI-READY-VISIBLE-STORE actual signed helper waits on the visible selector and retains cookie/wizard assertions (384.9465ms)
✔ MIUI-READY-DENIED read-only staff reaches the real shell refusal instead of waiting for a private wizard (49.807541ms)
✔ failure verdicts precede successful rows, by source row number, without mutating the input (24.530708ms)
✔ the failure download contains only failed row metadata, with no source cell or success identifier (0.548125ms)
✔ reads quoted/BOM header only, without decoding malformed bytes from data rows (116.3095ms)
✔ guess only unique metadata aliases with explicit unmapped values (0.77125ms)
✔ shared dynamic leaf admits only exact import methods/actions and bounded mapping/count (25.113875ms)
✔ failed CSV emits only row/outcome/code, refusing any unexpected identifier or raw cell (0.877375ms)
✔ raw-byte cap does not decode/rebuild uploads and cancels oversized chunks (5.138458ms)
✔ backend privacy projection strips all source IDs on successful and failed rows (11.530167ms)
✔ closed preview parser refuses data-bearing rows, unknown keys and inconsistent counts (0.332375ms)
✔ order preview counts units while first CSV record numbers can exceed rows_total (0.229334ms)
✔ commit receipt has exactly five keys and no extra customer cells (0.500709ms)
ℹ tests 57
ℹ suites 0
ℹ pass 57
ℹ fail 0
ℹ cancelled 0
ℹ skipped 0
ℹ todo 0
ℹ duration_ms 972.884083
✔ parseShard: i/N, empty means unsharded, anything malformed throws (0.767375ms)
✔ assignShards: deterministic, every key owned once, near-balanced (LPT bound) (0.952958ms)
✔ planClick: for every N the shards partition the whole universe (every registry route x variant, storefront walk, journey) (1.515042ms)
✔ planClick at N=10 keeps every shard within ~1.3x of the mean planned cost (0.125667ms)
✔ aggregate click: honest shards pass for several N (2.453042ms)
✔ aggregate click: a missing shard, a dropped page row, a lost journey, a failing row, a stale known defect and a missing platform marker are each a failure (3.572834ms)
✔ aggregate click: a route added to the registry after the shards ran cannot pass (the registry is re-read) (0.369375ms)
✔ aggregate visual: honest shards pass; a missing shard, a missing shot, a blocking verdict and a registry route outside the universe each fail (5.701417ms)
ℹ tests 8
ℹ suites 0
ℹ pass 8
ℹ fail 0
ℹ cancelled 0
ℹ skipped 0
ℹ todo 0
ℹ duration_ms 93.291958
ci-plan: 10 job(s); click-sweep x10 (aggregate)
  --browser-click-sweep@1/10  -> artifact gate-browser-click-sweep_1_10
  --browser-click-sweep@2/10  -> artifact gate-browser-click-sweep_2_10
  --browser-click-sweep@3/10  -> artifact gate-browser-click-sweep_3_10
  --browser-click-sweep@4/10  -> artifact gate-browser-click-sweep_4_10
  --browser-click-sweep@5/10  -> artifact gate-browser-click-sweep_5_10
  --browser-click-sweep@6/10  -> artifact gate-browser-click-sweep_6_10
  --browser-click-sweep@7/10  -> artifact gate-browser-click-sweep_7_10
  --browser-click-sweep@8/10  -> artifact gate-browser-click-sweep_8_10
  --browser-click-sweep@9/10  -> artifact gate-browser-click-sweep_9_10
  --browser-click-sweep@10/10  -> artifact gate-browser-click-sweep_10_10
✔ the full sweep and the full visual lint fan out into every shard and ask for the aggregate (0.977ms)
✔ foundation-shards = the unit shard + every plan group; the serial `foundation` mode is untouched (1.169583ms)
✔ an explicit shard re-run (or a partial list) never claims the whole-run aggregate (0.091625ms)
✔ duplicates collapse, artifact names are safe and unique, bad input is refused (0.293625ms)
✔ main writes matrix / sweep_n / visual_n to GITHUB_OUTPUT (4.221ms)
✔ backend-only paths run foundation-shards only (1.321083ms)
✔ node tests of deploy scripts and of the CI planner are backend-only (they cannot change a browser) (0.372416ms)
✔ a UI path adds the whole browser set, including click-sweep and visual-lint (3.097333ms)
✔ docs-only and output-only diffs keep the single required check (foundation-shards) (0.522833ms)
✔ tests/foundation/browser_* is a browser path, other tests/foundation files are not (0.345541ms)
✔ deploy flag: deploy/ and scripts/deploy* only (0.859166ms)
✔ the browser set is release-gate's browser-mode universe minus the documented exclusions (15.033542ms)
✔ parser: only compiled, correctly-shaped Test functions of untagged _test.go files (1.266ms)
✔ the real plan: every top-level test of tests/foundation runs in exactly one group (634.84475ms)
✔ a new test (in no list) still runs, exactly once, in the catch-all group; the same name with no catch-all is red (1103.75375ms)
✔ a test listed in two groups is red; drift beyond the limit is red (958.303667ms)
✔ regexes: anchored explicit lists; the catch-all skips exactly everyone else's tests (0.530917ms)
✔ pack: deterministic, balanced to within the longest test, every name once (4.214583ms)
✔ parseDurations: top-level lines only (0.21825ms)
ℹ tests 19
ℹ suites 0
ℹ pass 19
ℹ fail 0
ℹ cancelled 0
ℹ skipped 0
ℹ todo 0
ℹ duration_ms 2874.934042
✔ PR18 real BFF preserves invalid_ref and cursor errors without upstream retry (17.411792ms)
✔ PR18 valid A2 Unicode/escaped pages exceed 1 MiB but A8 cap stays unchanged (139.221375ms)
✔ K3 comment-only no_source cannot widen the existing inbox error seam (3.222875ms)
✔ LC-U2a real BFF seam A2-A5 exact grammar, privacy, denial and no diagnostic reflection (6.930292ms)
✔ A8/A9/A13 and published templates: exact reads forward once with no-store (2.504875ms)
✔ real streamed POST bodies: A10-A14 exact keys reach upstream (4.679625ms)
✔ query, read headers, methods and body allowlists refuse before upstream (4.482667ms)
✔ session, CSRF and store authority precede content forwarding (1.766584ms)
✔ A12 fixed codes preserved; arbitrary upstream diagnostics stripped (7.267708ms)
✔ client preserves codes and receipt; changed/aborted session cannot publish private response (3.652083ms)
✔ A9 admits a full page of valid Unicode replies while bounding private response bytes (4.42725ms)
✔ non-JSON upstream 401 still expires both authentication cookies without diagnostic leakage (1.645292ms)
✔ real M7 response keeps no-referrer after matching Next production header rules (11.846667ms)
✔ three unit languages cover identical fixed labels and delivery states (0.736792ms)
✔ hiding aborts requests and rejects late responses, even after reveal (0.403375ms)
✔ switching selection invalidates both reads and write completions (0.066292ms)
✔ owner and explicit inbox permissions only; viewer fails closed (0.057042ms)
✔ Messenger counts Unicode codepoints; Instagram counts NFC UTF8 bytes (0.598375ms)
✔ uncertain transport retries retain the exact submission; definitive conflicts retire it (0.399792ms)
✔ privacy calibration cannot activate with production origin or ordinary caller env (0.131125ms)
✔ late focus/pageshow while native document remains hidden cannot reveal requests (0.0865ms)
✔ terminal navigation revocation cannot be undone by focus or refresh until a new page fence (0.056541ms)
✔ a ticket from another store/page fence is never accepted (0.061083ms)
✔ focus while already visible preserves the active epoch and the uncertain reply receipt (0.083833ms)
ℹ tests 24
ℹ suites 0
ℹ pass 24
ℹ fail 0
ℹ cancelled 0
ℹ skipped 0
ℹ todo 0
ℹ duration_ms 332.121542
✔ installed APIRequestContext cookie rules exclude Secure cookie from HTTP127 but retain HTTPS/localhost (0.431167ms)
✔ actual INU02 cross uses browser auth and retains exact 404/DM absence (45.907875ms)
✔ actual INU02 cross still rejects wrong authority 401 (5.094791ms)
✔ actual INU02 cross still rejects wrong authority 200 (2.290125ms)
✔ actual INU02 cross still rejects DM in denied response (5.020292ms)
✔ actual INU02 denied uses browser auth and retains exact 403/DM absence (4.279083ms)
✔ actual INU02 denied still rejects wrong authority 401 (3.792917ms)
✔ actual INU02 denied still rejects wrong authority 200 (2.052084ms)
✔ actual INU02 denied still rejects DM in denied response (1.804083ms)
✔ actual login settles /en and fixture store (real switch, scoped=false) (49.245458ms)
✔ actual login settles /en and fixture store (real switch, scoped=true) (10.834041ms)
✔ actual login settles /en/inventory and fixture store (real switch, scoped=false) (6.390125ms)
✔ actual login settles /en/inventory and fixture store (real switch, scoped=true) (3.691791ms)
✔ actual login settles /en/messages and fixture store (real switch, scoped=false) (5.606125ms)
✔ actual login settles /en/messages and fixture store (real switch, scoped=true) (5.672458ms)
✔ actual login settles /en and fixture store (already selected, scoped=false) (3.599291ms)
✔ actual login settles /en and fixture store (already selected, scoped=true) (9.204083ms)
✔ actual login settles /en/inventory and fixture store (already selected, scoped=false) (38.243541ms)
✔ actual login settles /en/inventory and fixture store (already selected, scoped=true) (44.234667ms)
✔ actual login settles /en/messages and fixture store (already selected, scoped=false) (4.464458ms)
✔ actual login settles /en/messages and fixture store (already selected, scoped=true) (1.524875ms)
✔ bundle fixture uses real claim commands and mounts existing M6/M7 without issuing early (8.395083ms)
✔ sensitive bundle scenario clicks native clipboard with trace/video disabled and no token body reads (1.22225ms)
✔ persisted link and token-free command receipt are compared without disclosing credentials (0.412542ms)
✔ actual clipboard evaluator exports only safe summary and detects malformed or retained synthetic credentials (612.371333ms)
✔ claim-window fixture isolates recovery after the current migration permits multiple OPEN windows (4.463584ms)
✔ ordinary Playwright diagnostics still capture failed-page ARIA when private guard is absent (0.661292ms)
✔ sensitive worker lifecycle prevents actual installed snapshot capture without masking the failure (66.166166ms)
✔ worker restores prior environment even when use rejects (absent) (2.462708ms)
✔ worker restores prior environment even when use rejects (empty) (14.922ms)
✔ worker restores prior environment even when use rejects (existing-policy) (2.116ms)
✔ fixture is worker-auto and module collection does not suppress ordinary diagnostics (43.958084ms)
✔ ordinary matcher ARIA context bypasses fallback flag and remains in actual installed diagnostics (0.969292ms)
✔ private test teardown removes only matcher page context while preserving failure (failed status) (2.851125ms)
✔ private test teardown removes only matcher page context while preserving failure (rejected use) (3.19675ms)
✔ matcher guard is test-auto without replacing the installed artifact auto fixture (1.520042ms)
✔ real Playwright --list collects each original INU case and isolated INU09 exactly once (1791.074875ms)
✔ Host subset: nested Provider and React19 context shadow defaults without sibling leakage (2.155875ms)
✔ Host subset: provider updates reach stable children and separate roots keep their own values (0.33525ms)
✔ Host subset: render errors restore context and hook ownership (0.441042ms)
✔ Host subset: portal children inherit logical context and retain handlers/state (0.203084ms)
✔ Host subset: portal target/key changes remount children and removal runs cleanup (0.151625ms)
✔ Host subset: createPortal rejects invalid DOM targets rather than swallowing children (0.102ms)
✔ A real Inbox selection admits Go A9 attachments null without losing thread (44.142417ms)
✔ A real Inbox selection admits Go A9 attachments empty array without losing thread (18.308625ms)
✔ A malformed non-array A9 attachments is refused without painting DM or crashing selected entry (4.340916ms)
✔ C A8 HTTP200 empty list is ordinary data with no alert, selection or focus request storm (1.992208ms)
✔ C A8 list404 is scoped inbox unavailable in en, never an empty list or conversation denial (4.439875ms)
✔ C A8 list404 is scoped inbox unavailable in zh-TW, never an empty list or conversation denial (4.033ms)
✔ C A8 list404 is scoped inbox unavailable in zh-CN, never an empty list or conversation denial (4.717583ms)
✔ C click-sweep Go harness mounts existing Inbox/templates services (STRUCTURE_ONLY, Go NOT_RUN) (0.465ms)
✔ C click-sweep includes actual-router owner200 empty inbox assertion (STRUCTURE_ONLY, Go NOT_RUN) (0.264875ms)
✔ inbox evidence is covered by the CI upload root (2.706292ms)
✔ failed Playwright closes its log and emits sanitized diagnostics before Fatalf (0.302ms)
✔ failure diagnostics match INU cases/counts without admitting private text (1.182291ms)
✔ INU04 delayed handler 1 signals completion when fulfillment rejects (50.685458ms)
✔ INU04 delayed handler 2 signals completion when fulfillment rejects (2.72275ms)
✔ Host subset: nested Provider and React19 context shadow defaults without sibling leakage (6.301083ms)
✔ Host subset: provider updates reach stable children and separate roots keep their own values (0.297708ms)
✔ Host subset: render errors restore context and hook ownership (0.342333ms)
✔ Host subset: portal children inherit logical context and retain handlers/state (1.5835ms)
✔ Host subset: portal target/key changes remount children and removal runs cleanup (0.202084ms)
✔ Host subset: createPortal rejects invalid DOM targets rather than swallowing children (0.546667ms)
✔ recoveryDone waits for actual held M7 completion in zh-TW (104.008875ms)
✔ recoveryDone waits for actual held M7 completion in zh-CN (2.565834ms)
✔ recoveryDone waits for actual held M7 completion in en (2.938417ms)
✔ Host subset: nested Provider and React19 context shadow defaults without sibling leakage (1.030958ms)
✔ Host subset: provider updates reach stable children and separate roots keep their own values (0.347042ms)
✔ Host subset: render errors restore context and hook ownership (16.413959ms)
✔ Host subset: portal children inherit logical context and retain handlers/state (5.14275ms)
✔ Host subset: portal target/key changes remount children and removal runs cleanup (1.195ms)
✔ Host subset: createPortal rejects invalid DOM targets rather than swallowing children (0.512042ms)
✔ review2 P1 bundle-only row opens real A13 and issues existing M7 claim link to clipboard (47.561333ms)
✔ review2 P1 clipboard denial recopy reuses cached issued URL without another M7 POST (7.078875ms)
✔ review2 P1 lost M7 ACK retries exact receipt and null replay token never mints a fresh key (8.305166ms)
✔ review2 P1 missing CSRF before cached recopy cannot copy or issue again (8.167833ms)
✔ review2 P1 missing CSRF before uncertain retry rejects preserved receipt dispatch (8.623583ms)
✔ review2 P1 late issued-link completion after hide cannot write clipboard (7.195083ms)
✔ review2 P1 late issued-link completion after selection cannot write clipboard (52.758333ms)
✔ review2 P1 late issued-link completion after unmount cannot write clipboard (55.672084ms)
✔ review2 P1 late issued-link completion after logout cannot write clipboard (7.650125ms)
✔ review2 P1 claim-link issuance denied without both live read/manage (inbox:read,live:read) (1.774458ms)
✔ review2 P1 claim-link issuance denied without both live read/manage (inbox:read,live:manage) (6.325834ms)
✔ review2 P1 missing authoritative recovery identity never guesses generation {"missingSession":true} (10.680625ms)
✔ review2 P1 missing authoritative recovery identity never guesses generation {"noBundle":true} (2.53525ms)
✔ review2 P2 exactly one matching binding uses named DM hard gate ok (4.051209ms)
✔ review2 P2 exactly one matching binding uses named DM hard gate review_required (3.229291ms)
✔ review2 P2 exactly one matching binding uses named DM hard gate missing_permission (4.569333ms)
✔ review2 P2 multiple same-provider bindings advisory only (dm_session:ok,dm_session:missing_permission) (2.913ms)
✔ review2 P2 multiple same-provider bindings advisory only (dm_session:missing_permission,dm_session:reauth_required) (4.585625ms)
✔ review2 P2 multiple same-provider bindings advisory only (dm_session:ok,read_comment:missing_permission) (1.203333ms)
✔ review2 P2 multiple same-provider bindings advisory only (dm_session:review_required,dm_session:ok) (4.741125ms)
✔ review2 P2 actual scoped A12 409 capability refusal remains visible after advisory submit (8.503416ms)
✔ review2 P2 missing health and single binding without named DM remain disabled (4.870292ms)
✔ review2 P2 expired cached issued link cannot be recopied or silently reissued (14.400959ms)
✔ Host subset: nested Provider and React19 context shadow defaults without sibling leakage (1.970209ms)
✔ Host subset: provider updates reach stable children and separate roots keep their own values (0.204209ms)
✔ Host subset: render errors restore context and hook ownership (0.205709ms)
✔ Host subset: portal children inherit logical context and retain handlers/state (0.186458ms)
✔ Host subset: portal target/key changes remount children and removal runs cleanup (0.1475ms)
✔ Host subset: createPortal rejects invalid DOM targets rather than swallowing children (0.088708ms)
✔ P1-1 actual visible focus preserves pending ticket, selection, revision and real retry receipt (15.087709ms)
✔ P1-1 actual unchanged-session pageshow checks without clearing; changed-session focus expires (0.396291ms)
✔ P1-1 actual hide/reveal clears and requests fresh revision, never accepts obsolete completion (0.909959ms)
✔ P1-1 changed-session visible focus expires even with a pending request (0.223125ms)
✔ P1-2 actual A9 refresh 404 removes rendered DM and unsent draft (45.093541ms)
✔ P1-2 actual send-finally A9 404 removes DM, draft and uncertain immutable receipt (9.353667ms)
✔ actual uncertain send still retains exact receipt when A9 authority remains (0ms post-send A9) (8.941166ms)
✔ actual uncertain send still retains exact receipt when A9 authority remains (50ms post-send A9) (121.134625ms)
✔ actual A9 stale held completion cannot paint after component cleanup (5.888792ms)
✔ P2 actual A14 404 clears buyer facts and customer draft (explicit future-version MOCK) (3.669084ms)
✔ safe authority errors remain the actual InboxError transport class (0.072375ms)
✔ actual current A13 without version keeps A14 disabled; future MOCK grants no backend claim (1.419625ms)
✔ P1-2 actual A11 takeover write 404 clears private state despite failing follow-up A9 (4.618708ms)
✔ P1-2 actual A12 send write 404 clears private state despite failing follow-up A9 (2.376125ms)
✔ A13 server orders omission remains distinct from authorized omitted data (0.867833ms)
✔ A13 server orders omission remains distinct from authorized empty data (0.417833ms)
✔ A13 server orders omission remains distinct from authorized populated data (1.34975ms)
✔ actual shell-store-selector captures selection before synchronous privacy teardown (allowed=true) (70.608792ms)
✔ actual shell-store-selector captures selection before synchronous privacy teardown (allowed=false) (4.537333ms)
✔ actual locale-switch captures selection before synchronous privacy teardown (allowed=true) (7.110958ms)
✔ actual locale-switch captures selection before synchronous privacy teardown (allowed=false) (4.388375ms)
✔ Host subset: nested Provider and React19 context shadow defaults without sibling leakage (3.202291ms)
✔ Host subset: provider updates reach stable children and separate roots keep their own values (0.247208ms)
✔ Host subset: render errors restore context and hook ownership (0.226167ms)
✔ Host subset: portal children inherit logical context and retain handlers/state (0.188792ms)
✔ Host subset: portal target/key changes remount children and removal runs cleanup (0.156833ms)
✔ Host subset: createPortal rejects invalid DOM targets rather than swallowing children (0.094417ms)
✔ persisted A9 UNKNOWN after page entry warns and blocks the real composer in en (39.031167ms)
✔ persisted A9 UNKNOWN after page entry warns and blocks the real composer in zh-TW (4.752125ms)
✔ persisted A9 UNKNOWN after page entry warns and blocks the real composer in zh-CN (6.733917ms)
✔ A12 queued ACK followed by final A9 UNKNOWN overrides the local queued notice and blocks another send (11.298333ms)
✔ a captured previously enabled composer cannot bypass final UNKNOWN learned by Refresh (12.202958ms)
✔ a later A9 page omitting the known UNKNOWN is not delivery reconciliation (9.355ms)
✔ persisted queued is not mislabeled UNKNOWN and retains ordinary composer eligibility (0.893333ms)
✔ persisted sent is not mislabeled UNKNOWN and retains ordinary composer eligibility (1.952583ms)
✔ persisted failed is not mislabeled UNKNOWN and retains ordinary composer eligibility (3.917666ms)
✔ persisted blocked is not mislabeled UNKNOWN and retains ordinary composer eligibility (2.647292ms)
✔ fresh mount refuses when an old UNKNOWN is beyond 51 newer messages (fact=true) (5.41675ms)
✔ fresh mount refuses when an old UNKNOWN is beyond 51 newer messages (fact=null) (3.142416ms)
✔ fresh mount refuses when an old UNKNOWN is beyond 51 newer messages (fact=undefined) (2.73775ms)
✔ fresh mount refuses when an old UNKNOWN is beyond 51 newer messages (fact=false) (4.739ms)
✔ a refreshed unknown authority replaces old clear authority even for a captured composer (4.524917ms)
✔ Host subset: nested Provider and React19 context shadow defaults without sibling leakage (66.76425ms)
✔ Host subset: provider updates reach stable children and separate roots keep their own values (0.228667ms)
✔ Host subset: render errors restore context and hook ownership (0.319958ms)
✔ Host subset: portal children inherit logical context and retain handlers/state (0.537625ms)
✔ Host subset: portal target/key changes remount children and removal runs cleanup (0.375708ms)
✔ Host subset: createPortal rejects invalid DOM targets rather than swallowing children (0.137541ms)
✔ window strict eligibility with 300001ms before hard 24h deadline (18.974ms)
✔ window strict eligibility with 300000ms before hard 24h deadline (2.219583ms)
✔ window strict eligibility with 60000ms before hard 24h deadline (1.7765ms)
✔ window strict eligibility with 0ms before hard 24h deadline (1.021875ms)
✔ window invalid server deadline fails closed without preparing a send (1.320125ms)
✔ window captured enabled form callback cannot POST after crossing safe cutoff (2.33575ms)
✔ window deadline timer closes controls at cutoff and hard end without waiting for 15s poll (0.963542ms)
✔ quota recovery gives exact zh-TW comment-quota and DM-window instructions beside copy only (0.382166ms)
✔ quota recovery gives exact zh-CN comment-quota and DM-window instructions beside copy only (0.101833ms)
✔ quota recovery gives exact en comment-quota and DM-window instructions beside copy only (0.09225ms)
ℹ tests 159
ℹ suites 0
ℹ pass 159
ℹ fail 0
ℹ cancelled 0
ℹ skipped 0
ℹ todo 0
ℹ duration_ms 2096.319917
