✔ /products/{uuid} redirects permanently to the zh-TW product page (116.207083ms)
✔ non-uuid ids are 404, never redirected (3.02525ms)
✔ AT1: the locale redirect preserves the ad-click query without allowing a redirect target (0.482125ms)
✔ R10: standalone signed signals survive a missing or expired seven-day touch (40.228833ms)
✔ R10: standalone signals reject expiry, bad signature, duplicates and another host (0.684958ms)
✔ AT1 R5: browser identity survives expired touch and rolls for ninety days (0.696417ms)
✔ AT1 R5: missing ad parameters create no cookies; fbclid alone creates no touch (0.973208ms)
✔ AT1 R5: lc_ad alone updates attribution and does not replace fbc (0.7725ms)
✔ AT1: host-only first-party cookies contain no PII and read back exactly (1.124708ms)
✔ AT1: a later valid click replaces the draft but preserves the browser identifier (1.716791ms)
✔ R10: only a different fbclid replaces fbc and its first-seen timestamp (1.344917ms)
✔ AT1: malformed and ambiguous links do not overwrite a valid prior touch (1.207791ms)
✔ AT1: host and key binding reject copied cookies (0.853875ms)
✔ AT1: duplicates and tampering invalidate the entire envelope (0.541ms)
✔ AT1: exactly seven days is valid, the next millisecond and future clicks are not (0.756041ms)
✔ catalog list query limits equal the Go v2 parser (internal/buyerhttp/catalogv2.go) (46.618792ms)
✔ collection list cap equals Go maxCollectionsPerStore (7.0825ms)
✔ design caps equal internal/design/schema.go (nav, sections, pages) (5.618833ms)
✔ CVS buyer-entered store bounds and return path equal Go (internal/checkout/cvs.go, migration 0093) (7.566167ms)
✔ transfer view: closed shape and state rules mirror Go validTransferView (2.757209ms)
✔ proof body and result: five digits, positive minor amount, ISO instant (0.562292ms)
✔ minorFromText: major units with at most two decimals, never a float surprise (0.445542ms)
✔ buyer email mirror: one plain address, 254 characters at most (0.227167ms)
✔ countdown: whole hours and minutes, never negative (0.42875ms)
✔ copy: three locales carry every key and every refusal code (0.2275ms)
✔ options: a home row lists modes only with bank_transfer and then needs its window (0.79325ms)
✔ checkoutInput: a home bank_transfer body, the optional trimmed email, and every refusal before any request (1.275042ms)
✔ order: AWAITING_TRANSFER is a valid commercial state without a hold time (0.519125ms)
✔ BFF: exact transfer routes, keyed proof PUT, strict body, validated answers, no generic proxy (51.674875ms)
✔ BFF: transfer refusal codes pass through as definite 422; checkout accepts bank_transfer and a valid email only (10.640084ms)
✔ D06 order heading follows a settled transfer: never 'waiting for transfer' above a confirmed or expired one (0.192709ms)
✔ uncertain prepare blocks all mutations; changed cookie context resolves journal (51.004084ms)
✔ fully parsed local denial clears only its own pending operation (1.115167ms)
✔ malformed journal, unavailable lock and stale context fail before writes (2.07275ms)
✔ BPT05 exact handoff permits absent body/key, one fetch, no form persistence (73.061959ms)
✔ BPT05 wrong handoff form and ordinary writes fail before any fetch (1.184125ms)
✔ BPT05 unresolved cookie journal blocks handoff; lost response is one fetch without persistence (0.376125ms)
✔ SU02 refresh permits absent body/key, one fetch, no persistence (0.712417ms)
✔ SU02 refresh rejects a body, a key or a malformed path before any fetch (0.476125ms)
✔ SU02 cancel permits absent body/key, one fetch, no persistence (0.381625ms)
✔ SU02 cancel rejects a body, a key or a malformed path before any fetch (0.438417ms)
✔ BPT01 exact private path, headers, body and three-locale one-fetch transport (142.644917ms)
✔ BPT02 payment routes reject untrusted path, context, headers, key and body before fetch (70.981708ms)
✔ BPT03 hostile upstream success is sanitized, never returned as payment data (16.208792ms)
✔ BPT04 every handoff failure is nonretryable, including pre-route and transport loss (51.592959ms)
✔ SU02 five routes: exact upstream path, method, key, body, one fetch each (5.167ms)
✔ SU02 refresh and cancel are keyless and pass every CSRF/context denial before fetch (10.032709ms)
✔ SU02 every handoff/refresh/cancel failure is nonretryable and sanitized (36.962667ms)
✔ SU02 hostile Stripe bodies become the sanitized 503; PAYUNi and Stripe bodies stay byte-identical (14.58975ms)
✔ SU02 prepare accepts only the two known method codes (1.108416ms)
✔ disabled and invalid configuration fail closed before private fetch (25.923458ms)
✔ private authority, cookie lifecycle and strict local denial (82.374333ms)
✔ bad host, cookie, query and method never reach private API (35.41225ms)
✔ stalled inbound POST body is canceled at its deadline without a cookie or private call (5.589458ms)
✔ R10: Begin forwards independently signed signals; browser attribution and forwarded hosts are not authority (39.652917ms)
✔ CVS BFF: exact routes, keyed open/store, keyless verify, validated answers, no generic proxy (31.263833ms)
✔ CVS BFF: contract refusal codes pass through; pay_at_pickup_limit is a definite (non-retryable) 429 (8.134ms)
✔ failed later transport session refresh keeps an earlier observed cart eligible (504.040083ms)
✔ failed later 503 session refresh keeps an earlier observed cart eligible (37.994959ms)
✔ newer successful session supersedes a delayed valid A cart on cart (23.155ms)
✔ newer successful session supersedes a delayed valid A cart on cart-fails (44.102208ms)
✔ newer successful session supersedes a delayed valid A cart on absent (49.912834ms)
✔ a completed same-context command fences an earlier valid cart read (128.597708ms)
✔ unmount still fences a delayed session refresh after separating issued and observed generations (131.067ms)
✔ unmount still fences a delayed cart refresh after separating issued and observed generations (36.128959ms)
✔ round2 stale A session response cannot supersede newer refresh B or its lost-write Retry (208.402667ms)
✔ round2 stale A session response cannot supersede newer mutation B or its lost-write Retry (40.41775ms)
✔ rotated buyer context clears the prior cart on read and preserves the B receipt (47.447417ms)
✔ rotated buyer context clears the prior cart on lost-write and preserves the B receipt (48.807208ms)
✔ rotated buyer context clears the prior cart on refresh-read and preserves the B receipt (14.237ms)
✔ lost first write keeps Retry alive: same context, same idempotency key, no second purchase (51.208875ms)
✔ fragment grammar accepts only one canonical token (1.226875ms)
✔ claim projections are closed (0.949709ms)
✔ claim token rides only its header on B1/B2 and is never echoed (176.525458ms)
✔ claim-priced cart edits send only SKU and quantity, keeping server price authority (32.368833ms)
✔ direct-checkout sold-out projection is mandatory, boolean and closed (0.352584ms)
✔ claim redeem shares the purchase lock, guards recovery and never persists the token (9.107333ms)
✔ ClaimLink removal projects live-priced survivors on ready and conflict pages (254.910958ms)
✔ ClaimLink revisit checks out applied A while pending B is sold out or unavailable (8.104042ms)
✔ ClaimLink refreshes a nothing result after a second tab applied the claim (6.395417ms)
✔ ClaimLink does not navigate when a buyable claim target is absent or has changed quantity (38.910458ms)
✔ ClaimLink optional prior-order notice tolerates unreadable storage without bypassing recovery (99.595875ms)
✔ CVS01 map form: only the two ECPay e-map actions, exact fields, top-level-safe values (10.739625ms)
✔ CVS02 return path allowlist excludes /claim and anything but the checkout or product page (0.210792ms)
✔ CVS03 selection projection: VERIFIED<=>pickup, REJECTED<=>reject_code, absent keys read as null (0.60075ms)
✔ CVS04 buyer-entered store answer and request body (0.325459ms)
✔ CVS05 store code table (§16.1) keeps leading zeros and per-chain lengths (0.150875ms)
✔ CVS06 recipient mirror: real-name width 4..10 (CJK=2), no digits/symbols/emoji; 09 mobile (3.066791ms)
✔ CVS07 checkout draft: name, phone and mode only; read once; corrupt/foreign shapes are dropped (0.845958ms)
✔ CVS08 return URL: only ?cvs_selection=<uuid> is accepted (0.375833ms)
✔ CVS09 buyer order projection and copy keys: nothing but PICKED_UP says picked up (0.410541ms)
✔ CVS10 error codes: field mapping, definite refusals, official links are https constants (0.308ms)
✔ CVS11 client transport: verify is the one new keyless POST; the server refusal code rides BuyerClientError.detail (38.830584ms)
✔ every locale x page has a title, an updated line and at least one section (1.049083ms)
✔ locales share the section count and per-section body count of every page (0.740834ms)
✔ final text is only the owner-confirmed company facts (CR 81215167 name + registered address); nothing else is final (0.239291ms)
✔ a legal page is published only when every text on it is final; buyers see no link to an unpublished one (0.553833ms)
✔ data-deletion path is named in the privacy page of every locale (0.083375ms)
✔ pendingOwnerText lists exactly the texts that keep a page unpublished and is written for the owner (2.935458ms)
✔ a live (claim-origin) price replaces the catalog price and strikes it through (9.879875ms)
✔ without a live price the catalog price and its compare-at are shown unchanged (0.289917ms)
✔ a live price equal to or above the catalog price is shown as set (strike hidden by the UI guard) (0.087417ms)
✔ a live price strikes the catalog price, never the variant sale price (0.06075ms)
✔ order ref: 12 hex (dashes or spaces, any case) or a full id (1.245458ms)
✔ contact: one email or a phone of 6..20 digits (0.248458ms)
✔ body is exactly {order_ref, contact}; the answer is exactly {order_id} (0.185583ms)
✔ BFF lookup: no cookie needed, fresh token goes upstream, cookie only on 200 and it carries that same token (112.10875ms)
✔ BFF lookup: strict local denial before any private fetch (1.200625ms)
✔ copy: three locales carry every key (0.279ms)
✔ MS4 srcset descriptors use actual decoded widths and deduplicate small renditions (0.404541ms)
✔ MS1 product rendition allowlist preserves trusted Host and never forwards buyer cookies (23.580709ms)
✔ MS2 invalid, duplicate, extra, encoded widths and non-product variants fail before fetch (1.361708ms)
✔ MS3 old-image fallback is never promoted to immutable; committed variants are cacheable (3.351834ms)
✔ TWD whole amounts show no decimals in every locale and at every magnitude (line, subtotal, total, zero) (96.800041ms)
✔ cents appear only when there are cents, then always as two digits; the minor-unit arithmetic is untouched (0.208583ms)
✔ digits come from the currency: JPY none, USD two when there are cents (2.106791ms)
✔ one formatter: no component, page or lib builds a currency Intl.NumberFormat outside lib/money.ts (51.043625ms)
✔ locale probe bounds a missing destination head with a route/device diagnostic (11.798625ms)
✔ locale probe clears its deadline when the real head promise completes (9.105166ms)
✔ warmup request interception has a precise local deadline and clears its timer (10.634416ms)
✔ warmup upstream completion has a precise local deadline and clears its timer (2.773083ms)
✔ warmup timer is cleared on upstream success and upstream rejection (2.138458ms)
✔ EARLY_HEAD route continues a missing-Referer request without resolving the English barrier (3.749084ms)
✔ fragment: exactly #o=<order id>&t=<43-char token>; anything else is null (1.168459ms)
✔ body is exactly {order_id, token, proof}; the answer is exactly the order the link named (0.41975ms)
✔ BFF link: no cookie needed, fresh token upstream, cookie only on a 200 naming the same order, link token never echoed (57.29225ms)
✔ BFF link: strict local denial before any private fetch (4.565625ms)
✔ copy: three locales, one refusal text, a retry and a lookup path (0.144333ms)
✔ BPU01 fresh payment writes exact metadata before prepare, one bodyless Take, no persistent form (112.772417ms)
✔ BPU01 lost prepare response replays original key/body only on explicit next click (5.919417ms)
✔ BPU01 lost handoff is permanently GET-only, even after a second click (1.072459ms)
✔ BPU01 storage, amount, scope and child/screen fences reject before irreversible writes (1.603375ms)
✔ BPU01 document/child loss after prepare but before Take leaves exact replay marker (20.006875ms)
✔ BPU01 malformed server handoff never submits and Take remains nonretryable (6.8405ms)
✔ BPU01 marker replacement before Take and after Take blocks release/form reuse (7.42275ms)
✔ BPU01 context replacement after prepare and after Take closes destination without form (36.661ms)
✔ BPU01 synchronous destination refuses invalid locale before opening a window (0.570916ms)
✔ SU03 fresh Stripe pay: marker before prepare, one prepare, one handoff, navigate, URL never stored (3.72675ms)
✔ SU03 marker replay: lost prepare response replays key/body, no uncertain on PENDING view with leftover marker (121.610625ms)
✔ SU03 cross-device Continue needs no marker and never prepares (2.723041ms)
✔ SU03 marker/view matrix: PAYUNi marker on Stripe view and Stripe marker on PAYUNi view send nothing (3.667833ms)
✔ SU03 any other view renders without a POST (59.143625ms)
✔ SU03 CREATING: waits on the schedule without the lock, then hands off once when READY (54.10625ms)
✔ SU03 CREATING budget: 10 reads over 30 s, then the blank child is closed, no POST, no throw (88.422125ms)
✔ SU03 cancel_requested seen on the re-GET aborts before the handoff POST (9.775541ms)
✔ SU03 handoff outcomes: CREATING closes child, CLOSED/UNAVAILABLE/error/malformed reject; one POST each, never retried (19.673959ms)
✔ SU03 Stripe prepare errors, amount/currency mismatch and popup loss stop before any handoff (13.019834ms)
✔ SU03 two clicks make two handoff POSTs only because there were two clicks; sequential, none from reads (23.07925ms)
✔ SU03 navigate: validates again, needs an owned blank child, sets used before replace, no URL in errors (2.892166ms)
✔ SU03 refresh signal: keyless single POST, validated, throttled 1/10 s and 30 per page life, cancel never throttled (29.119584ms)
✔ SU03 signal failures are single-shot and sanitized: HTTP error, malformed body, wrong order (1.972708ms)
✔ private quote/option authority fields are required; only exact MANUAL home can checkout (3.923ms)
✔ continue shopping advances only ordered version, clears hint, keeps SQL history authoritative (73.84175ms)
✔ lost next-cart response retries identical key/body and preserves a newer cart (5.325625ms)
✔ continuation never overwrites an already advanced cart (2.127084ms)
✔ unknown checkout blocks continuation without any business request (2.349625ms)
✔ two queued continuation clicks mutate once; stale order ID cannot clear another order (4.34825ms)
✔ CAS conflict resolves only after a newer cart is read (14.291084ms)
✔ locator removal failure retains next-cart journal and recovery survives missing locator (3.577791ms)
✔ order history summary rejects PII/unknown fields and malformed scope IDs (0.451208ms)
✔ native address validation mirrors printable Unicode, limits and phone; journal forbids PII (5.702167ms)
✔ address lost reply replays exact in-memory intent, then confirms current head (1.501625ms)
✔ address reload requires explicit new intent and exact observed CAS; stale head never auto-bumps (2.135833ms)
✔ old address receipt cannot confirm another tab's newer current head (3.293125ms)
✔ a late address CAS winner requires another explicit confirmation, not an automatic version bump (1.74075ms)
✔ checkout lost reply, queued duplicate and current GET reuse one key and one order (10.560625ms)
✔ uncertain checkout retains original journal across later 401/403/404/5xx and malformed success (6.5575ms)
✔ only a fresh definitive denial clears checkout; no order locator is invented (1.751875ms)
✔ locator storage failure after commit retains same key; reload GET failure keeps locator (7.081458ms)
✔ locator persisted but journal removal failed resumes pending receipt, not unrelated pointer (6.870792ms)
✔ unavailable storage, invalid locator and late changed context fail closed (6.503125ms)
✔ order locator readback mismatch and no-op journal removal both retain checkout recovery (3.055ms)
✔ direct claim continuation refuses a newer ordered cart inside the purchase lock (20.903791ms)
✔ direct claim continuation keeps next-cart recovery after a conflicting clear (32.624167ms)
✔ collector projection: admitted for derived connections, absent/null for primary (2.013917ms)
✔ collector rejects identifiers, extra keys and malformed text (0.5315ms)
✔ disclosure renders the contract §5 line with all three slots substituted (0.171458ms)
✔ the disclosure line exists exactly when the hosted view returns a collector (2.067041ms)
✔ a shop or collector name with a replacement pattern is shown literally (0.104042ms)
✔ OrderPayment renders the disclosure with the view, above every pay button, through the helper only (1.55525ms)
✔ BPT03 exact valid projection and Go nanosecond UTC timestamps (2.738ms)
✔ BPT03 view rejects private fields, inconsistent state and malformed names (0.191458ms)
✔ BPT03 prepared receipt enforces exact original credit-card amount (0.075875ms)
✔ BPT03 hosted form and replay are exact, bounded and action-allowlisted (0.793541ms)
✔ SU01 Stripe views: fresh, both methods, attempt states, PAYUNi unchanged (0.524541ms)
✔ SU01 Stripe view negatives (0.367125ms)
✔ SU01 prepared amounts follow the corrected per-currency table (0.339708ms)
✔ SU01 Stripe handoff union and every redirect_url negative (0.799459ms)
✔ SU01 payment signal is exactly {order_id, scheduled:boolean} (0.327959ms)
✔ RUI01 refund summary: refunded states, pending money, absent ≡ null (0.506916ms)
✔ RUI01 refund summary negatives (0.451792ms)
✔ BPU03 neutral GET and POST return ignore every callback field and cookie (57.678708ms)
✔ primary origin: exact path/query, same host, and no URL-controlled destination (46.306708ms)
✔ GET and HEAD use trusted Host, private bounded uncached resolver and exact 301 (84.529583ms)
✔ no writes redirected; resolution failures fail closed; unknown hosts keep native 404 (0.803708ms)
✔ policy version is the frozen constant, in the customers-core D4 shape (1.235208ms)
✔ route table: exactly the four buyer privacy routes, methods and body kinds (0.961584ms)
✔ body shapes are closed and mirror the frozen Go inputs (no source, no policy_version) (0.254417ms)
✔ GET privacy validator: closed shape, erased owner holds no consent (0.332667ms)
✔ consent result and erasure summary validators (0.653958ms)
✔ buyer export envelope never carries customer_id (0.134167ms)
✔ failure classification: 410 and erased are the erased state (1.29375ms)
✔ copy: every locale has the same keys, the ads box discloses that sent events cannot be recalled (0.163542ms)
✔ selected option photo uses a main display slot without adding a fifth main image (13.744792ms)
✔ use-cover selection and a main-thumbnail selection restore the original main gallery (0.172833ms)
✔ cart thumbnail uses variant then catalog image_id, including when main images are absent (0.360542ms)
✔ migrated four-main/five-detail images stay separate when the option photo changes (0.160958ms)
✔ real cart-detail composition uses server SKU image_id (v2 detail available) (35.327208ms)
✔ real cart-detail composition uses server SKU image_id (v2 detail unavailable) (2.419083ms)
✔ parity: frontend caps equal the Go constants (1.545417ms)
✔ detail parser: 4 main + 20 detail + option-value images are accepted and mapped (0.662708ms)
✔ detail parser: 5 main, 21 detail, bad ids and over-cap option images are refused (0.137666ms)
✔ detail parser: a backend before product-media-v2 (no new keys) still parses with empty defaults (0.086083ms)
✔ v1 catalog row: images are main-only (<= 4) and image_id is a uuid or null (0.177125ms)
✔ PRO-S1 code mirror: any case and spaces normalise; impossible codes never become a request (0.631083ms)
✔ PRO-S2 promotion object: closed keys, kind/value pairing (0.629458ms)
✔ PRO-S3 quote validator: promotion is optional but never malformed; the discount stays the server's own number (2.393709ms)
✔ PRO-S4 journal grammar: a quote write may carry one canonical promo_code, nothing else (2.23775ms)
✔ PRO-S5 copy: three locales cover every refusal code and the same keys (1.006292ms)
✔ PRO-S6 BFF quote route: promo_code relayed untouched when canonical, refused before the private API otherwise (68.332459ms)
✔ PRO-S7 BFF: every promo_* refusal is a definite, non-retryable 422 with its own code (7.639084ms)
✔ demonstration disclosure is explicit and local-only (0.643208ms)
✔ cart selection preserves unrelated SKUs and the observed CAS version (9.469417ms)
✔ minor amounts are bounded before multiplication, including zero (0.115209ms)
✔ delivery identity includes country for one market and method (0.07625ms)
✔ journal is bound to context and rejects PII/unknown fields (0.278417ms)
✔ lost response replays exact key/body, then clears only after parsed receipt (58.950625ms)
✔ RUI02 buyer order admits MERCHANT_SHIPPED only with a SHIPPED head; absent shipment ≡ null (1.560792ms)
✔ RUI02 shipment shape negatives (incl. unsafe links) (0.349333ms)
✔ RUI02 history summary admits MERCHANT_SHIPPED (a shipped order must not break the list) (0.377209ms)
✔ CVSP01 options: CVS rows carry pickup_selection/payment_modes; unavailable rows are a separate shape (0.8625ms)
✔ CVSP02 CVS destination write: TW only, pickup_id required, empty home address; home unchanged (7.56125ms)
✔ CVSP03 checkoutInput: payment_mode only for CVS rows and only a mode the row offers (0.85325ms)
✔ COD confirmation includes expected fee, enforces collect cap and validates immutable order money (0.890334ms)
✔ CVSP04 buyer order: pay_at_pickup <=> collection_state; cvs_shipment only on a matching CVS destination (0.75ms)
✔ CVSP05 journal accepts a CVS destination marker and a checkout body with payment_mode, nothing else (0.499958ms)
✔ validProduct accepts up to the Go photo cap and rejects one more (7.986ms)
✔ design: garbage and hostile documents collapse to the safe default shape (1.127667ms)
✔ design: links, preview token propagation, nav resolution (0.125042ms)
✔ design: any merchant accent yields readable button text and link colour (WCAG AA) (1.124375ms)
✔ variants: resolution, disabled out-of-stock combinations, initial choice, price bounds (0.678208ms)
✔ catalog-v2 parsers accept the frozen shapes and refuse drift (3.596292ms)
✔ free-delivery progress words the hint only when a threshold exists (0.277917ms)
✔ list query: only whitelisted, canonical values survive (0.960834ms)
✔ seo: JSON-LD cannot break out of its script tag; offers reflect stock and price range (25.430167ms)
✔ seo: sitemap escapes and carries hreflang; robots refuses everything for a closed host (1.01625ms)
✔ money: whole amounts drop cents, minor digits come from the currency, filters round-trip (1.485333ms)
✔ cart line write: replaces one line, keeps the others, 0 removes, CAS version is the one shown (3.485292ms)
✔ cart problems map to buyer-facing classes without leaking transport detail (0.32375ms)
✔ checkout options accept the optional free-shipping threshold only as a positive integer or null (0.744083ms)
✔ no-image placeholder copy: exactly the locale label a photo-less card or gallery renders (0.379167ms)
✔ storefront image caps equal the Go catalog caps (internal/catalog MaxMainImages, MaxDetailImages) (29.688458ms)
✔ design text limits count code points like Go, never splitting a surrogate pair (0.638709ms)
✔ G3: same-series cards exclude the current product and never invent absent draft/foreign products (1.622417ms)
✔ G5: safety guidance exists in three languages without changing the five merchant policy approval boundaries (1.886375ms)
✔ G4: category chips omit empty collections; hidden collections absent from the public API stay absent (0.128208ms)
✔ OrderHistory renders server order instant in Taipei (15.152625ms)
✔ ClaimLink renders claim expiry in Taipei (3.893167ms)
✔ BankTransfer renders deadline and proof instant in Taipei (49.588584ms)
✔ BankTransfer proof echo labels store time in en (30.264542ms)
✔ BankTransfer proof echo labels store time in zh-TW (9.119417ms)
✔ BankTransfer proof echo labels store time in zh-CN (7.580583ms)
✔ BankTransfer input describes the device zone in en (22.221083ms)
✔ BankTransfer input describes the device zone in zh-TW (3.886875ms)
✔ BankTransfer input describes the device zone in zh-CN (2.933625ms)
✔ BankTransfer input has a generic label when Intl has no zone in en (2.722208ms)
✔ BankTransfer input has a generic label when Intl has no zone in zh-TW (4.380917ms)
✔ BankTransfer input has a generic label when Intl has no zone in zh-CN (3.69225ms)
✔ ShopFooter uses Taipei year across UTC year boundary (5.646292ms)
✔ BankTransfer deadline labels store time in en (2.48525ms)
✔ BankTransfer deadline labels store time in zh-TW (3.257708ms)
✔ BankTransfer deadline labels store time in zh-CN (5.452333ms)
✔ OrderHistory states the Taipei time zone once in en (1.715333ms)
✔ OrderHistory states the Taipei time zone once in zh-TW (2.241084ms)
✔ OrderHistory states the Taipei time zone once in zh-CN (1.87225ms)
✔ dictionaries have exact parity and non-empty values (1.923417ms)
✔ locale precedence and language quality mapping (2.013458ms)
✔ localized paths preserve deep links and reject dangerous input (1.014375ms)
✔ path locale only matches a canonical first segment (0.192292ms)
✔ the four constructs render (3.764ms)
✔ XSS payloads stay inert text (5.293917ms)
✔ fuzz: any string over a hostile alphabet renders only whitelisted tags (68.543ms)
✔ validator mirrors the Go rules (0.56525ms)
✔ SDN1 allowlist: exactly the contract routes, per method (0.643292ms)
✔ SDN1 allowlist: traversal, case, suffix and prefix tricks never match (0.289084ms)
✔ SDN1 request shape: no query string anywhere, reads carry no body, key, length or transfer-encoding (20.346125ms)
✔ SDN1 cap: 260 KiB = Go's 256 KiB document + 4 KiB envelope, and a body of exactly the cap is still below it (0.069667ms)
✔ SDN2 renderer: every XSS payload comes out as whitelisted tags and escaped text only (0.789709ms)
✔ SDN2 renderer: escape-first means the merchant's text never becomes markup (3.698292ms)
✔ SDN2 renderer: fuzz (seeded) never produces a tag outside the whitelist (23.036625ms)
✔ SDN2 client validator rejects what the server rejects (HTML, non-https links, `<` anywhere) (1.738042ms)
✔ cleanForSave turns cleared fields into null but keeps an empty body (0.570666ms)
✔ localIssues names each missing mandatory value by server path (1.88425ms)
✔ moved swaps neighbours and ignores out-of-range moves (11.195458ms)
✔ parsers accept the exact Go shapes and refuse extra or missing keys (2.810833ms)
✔ BFF allowlist covers exactly the design resources (0.60275ms)
✔ validDesignRequest refuses queries and bodies on reads, ignores other paths (40.463042ms)
✔ designDetails forwards only a bounded {path, reason} pair (0.325333ms)
✔ accepts exactly the three locale invite paths with a 20-200 char token (1.132541ms)
✔ rejects anything that is not an exact same-origin relative invite path (0.38ms)
✔ rejects percent-encoded variants of the exact shape (0.391458ms)
✔ the token is an opaque invite token shape, never a URL (0.226334ms)
✔ fragment carrier: round-trips the exact invite path, is never a query string, and rejects hostile fragments (0.611125ms)
✔ dashboard: accepts the frozen shape, rejects drift (2.507875ms)
✔ import result: strict keys, closed error codes, committed never carries errors (0.356334ms)
✔ csv file guard mirrors the Go bounds (0.08775ms)
✔ manual options: a COD home row parses with its offer (D01: the page used to refuse the whole list) (0.740708ms)
✔ manual options: only bank_transfer / pay_at_pickup / cash_on_delivery, key must equal market|country|code (0.129542ms)
✔ manual result: link is https with the order id and a 43-char capability in the fragment only (0.662917ms)
✔ draft: first problem, and the body has no price-like field at all (2.312083ms)
✔ BFF grammar: exactly the seven tools resources (0.295375ms)
✔ regenerate body/result: exactly {order_id, locale} and a fresh https link naming that order (0.546291ms)
✔ copy parity: every locale has every key, import rules and error codes (0.955584ms)
✔ callback redirect target is always a same-origin /<locale>/settings path whatever the cookies, store, code or error say (2.077625ms)
✔ the binding cookie: exactly one canonical store uuid, path-scoped to the callback, HttpOnly, Lax, 10 minutes, Secure (0.116208ms)
✔ callback query: exactly one code and one state within charset/length bounds; Meta's error=… and repeats are not forwarded (1.414416ms)
✔ the dialog URL the BFF hands the browser is https://www.facebook.com only (0.980791ms)
✔ callback error mapping only ever yields fixed codes, never an upstream message (0.471709ms)
✔ selected Page qualifies only a bare Facebook id, never rewrites another Page or external URL (0.59875ms)
✔ status: not connected, connected with and without Instagram, and every deviation throws (3.079ms)
✔ pick state: closed shape, optional Instagram keys come as a pair, id must match (1.300375ms)
✔ route grammar: only status/states/pick/disconnect; start and callback are dedicated routes; no query; reads carry no body or key (127.001666ms)
✔ connect cookie, body and callback redirect never carry code/state and only fixed codes (1.022458ms)
✔ copy: three locales have the same keys and every Go error code has a message (0.311875ms)
✔ review-required remains restricted; evidence does not promote state (2.730583ms)
✔ legacy omission remains unidentified, independent of array order (5.759167ms)
✔ closed shapes reject unknown state/provider/evidence, leaked fields and inconsistent severity (1.343166ms)
✔ duplicate capabilities/pages and unbounded arrays cannot become trusted state (0.68675ms)
✔ worst Page determines advice, no raw upstream reason reaches copy (4.522584ms)
✔ recheck receipt means scheduled; timestamps and closed keys are checked (0.542667ms)
✔ exact keyless route grammar rejects query/key/body confusion (37.431584ms)
✔ recheck takes exactly page_id and no caller-provided scope (0.434958ms)
✔ blocking advice comes from the blocking capability, not a secondary public-reply warning (0.71975ms)
✔ clean health browser mode prepares admin standalone before starting its fixture (176.343667ms)
✔ en: expired connection retains its full refusal inside a wrapping badge (31.670834ms)
✔ zh-TW: expired connection retains its full refusal inside a wrapping badge (1.073292ms)
✔ zh-CN: expired connection retains its full refusal inside a wrapping badge (1.9155ms)
✔ actual B1 snapshot state remains ok even when a fixture expected review_required (0.244917ms)
✔ D02 TWD input: whole dollars only, x100 on the wire (18.395875ms)
✔ D02 TWD edit text: whole dollars have no decimals; a legacy amount with cents is never shown as another price (0.782041ms)
✔ D02 display: NT$ without decimals in every language, cents only when there are cents (2.803083ms)
✔ D02 live-price input (Studio claims): TWD whole dollars, other currencies their decimals (0.921042ms)
✔ D02 discount code amounts: TWD whole dollars, a decimal is refused before it is sent (1.07ms)
✔ D02 no admin copy or component says 'minor units' to the merchant (95.984625ms)
✔ M06 time: Asia/Taipei everywhere, labelled, never UTC (11.56375ms)
✔ settings answer: exactly one boolean key (102.521ms)
✔ PUT body is the frozen single key (0.537333ms)
✔ BFF grammar: GET read, PUT keyed command, nothing else (0.768375ms)
✔ copy: three locales, same keys, no empty text (0.595167ms)
✔ PRM01 parse: exact keys, kind/value pairing and ranges; duplicates and unknown keys are refused (5.421459ms)
✔ PRM02 Taipei wall time: +08:00 on the wire, instant shown back in Taipei, impossible dates refused (14.801917ms)
✔ PRM03 create body: normalised code, major units to minor units, optional fields null, whole body validated (4.948417ms)
✔ PRM04 update + toggle: version CAS key, form round trip, pause keeps every other field (1.554ms)
✔ PRM05 BFF grammar: exactly list, create and update; nothing generic (0.778791ms)
✔ PRM06 copy: three locales carry the same keys and every refusal code the Go routes can answer (0.304083ms)
✔ G-UI3/G-UI5 architecture constraints pass with shrinking legacy exceptions (2569.21075ms)
✔ G-UI3/G-UI5 negatives: new formatter, component fetch, >800 lines and wider allowance fail (0.650042ms)
✔ Readiness jump controls expose the actual active section, not a click flag (1.991917ms)
✔ Integrator P2: legal CN comment ordering and a distinct three-image recommendation (1.006208ms)
✔ ADM04 and ADM06 explain unavailable SKUs and keep collection vocabulary consistent (5.305542ms)
✔ ADM06 create/detail titles share the route vocabulary without adding a phantom Next page (22.159417ms)
✔ G-UI1 Next pages and route registry are bidirectional, unique, typed, documented (22.743875ms)
✔ G-UI1 copy key parity: no missing or extra key in any locale (0.942042ms)
✔ G-UI2 staff without catalog:read cannot see products/inventory or open a product URL (1.775084ms)
✔ G-UI2 every route permission is a permission Go knows, and /orders/new needs inventory:reserve (456.160291ms)
✔ G-UI1 dynamic and public routes match, details never appear as navigation (0.526791ms)
✔ W6-U2 ledger is a settings in-page route, preserving existing navigation (0.576291ms)
✔ Every browser spec clicks nav-orders: the orders group stays a singleton, so returns/new/print routes are nav: false (0.820583ms)
✔ shell-registry: every routed path has exactly one nonempty shared h1 in all three locales (435.250875ms)
✔ shell-registry: orders stays one actual group button on live and non-live routes (8.150791ms)
✔ shell-registry: loading/expired/unavailable/forbidden keep one safe heading and never leak private content (3.122875ms)
✔ created address is a strict HTTPS origin matching the assigned handle (1.433417ms)
✔ DNS instructions must name the requested origin and a bare hostname target (1.699833ms)
✔ domain kind is authoritative and closed, not inferred from host or token (0.289041ms)
✔ apex DNS retains every concrete IPv4/IPv6 address and rejects malformed values (1.666292ms)
✔ pending domain journal preserves exact action/key/target; legacy or corrupt markers never replay (1.31775ms)
✔ browser-origin gate: every refusal happens before Go is called, for every action (94.418375ms)
✔ only POST exists on the team routes (2.861541ms)
✔ unknown action is a local 404 and never reaches Go (5.340042ms)
✔ strict request grammar: wrong keys, types, ids, roles, locales and token shapes are 422 locally (18.535958ms)
✔ what reaches Go: BFF key, bearer from the cookie, no Cookie/Origin, body unchanged, exactly one call per request (191.728958ms)
✔ Go failures are rebuilt locally from allow-listed codes, never retried, and never echo the token (324.977917ms)
✔ team answer: accepts the frozen shape, null role and OIDC member without email (1.726958ms)
✔ team answer: unknown key, unknown role, bad id, bad mail state are rejected (0.378083ms)
✔ invite and accept answers are strict (1.491917ms)
✔ request grammar: every action has an exact key set and rejects junk values (1.248292ms)
✔ copy: three locales carry the same keys and a label for every role (6.509625ms)
✔ role-aware navigation: hides entries the member's permissions cannot use; unknown shows all; Team is owner-only (0.641375ms)
✔ P02 settlements directory rejects missing/link/owner/group/mode with a valid control (1704.771333ms)
✔ preflight health permission grammars and API/worker consistency fail closed (5986.514542ms)
✔ merchant alert flag is explicit 0|1 and independently requires SMTP (2330.049917ms)
✔ shared loader makes API/worker LIVE pair file-only before Compose interpolation (505.447208ms)
✔ export bind accepts omitted JSON false but rejects unsafe source/config mutations (1.843ms)
✔ sanctioned operator allowlist and fail-closed gates (fake docker, no network) (3422.407417ms)
✔ platform operator custody, export mount and binary are wired (223.814917ms)
✔ actual export bind refuses a missing directory; enabling auto-create is detected (622.204875ms)
✔ R3 preflight rejects cancelled PAYUNi, validates Page app and keeps LIVE pair mandatory (1151.500709ms)
✔ R3 smoke exercises exact denied probes, accepts 404 only for disabled mounts (118.801417ms)
✔ positive control: a complete, valid configuration raises no META_LOGIN finding (2943.763542ms)
✔ feature off (COMMERCE_META_LOGIN_CONFIG_ID empty): no rule applies even with the other keys empty (855.218541ms)
✔ P06: the Page route needs the webhook receiver (642.994542ms)
✔ P06: sessions come from identity (592.70075ms)
✔ P06: without the claims profile nobody sends the private replies (a WARN, not a FAIL) (538.948709ms)
✔ P08: COMMERCE_META_LOGIN_CONFIG_ID must be numeric ("abc") (530.447667ms)
✔ P08: COMMERCE_META_LOGIN_CONFIG_ID must be numeric ("12 34") (696.898708ms)
✔ P08: COMMERCE_META_LOGIN_CONFIG_ID must be numeric ("111111111111") (443.993625ms)
✔ P08: COMMERCE_META_LOGIN_CONFIG_ID must be numeric ("0x10") (437.40875ms)
✔ P08: COMMERCE_META_LOGIN_CONFIG_ID must be numeric ("-1") (393.072167ms)
✔ P08: COMMERCE_META_LOGIN_REDIRECT_URI must be exactly https://<LC_ADMIN_HOST>/api/meta/callback (wrong host) (322.218ms)
✔ P08: COMMERCE_META_LOGIN_REDIRECT_URI must be exactly https://<LC_ADMIN_HOST>/api/meta/callback (http scheme) (343.563292ms)
✔ P08: COMMERCE_META_LOGIN_REDIRECT_URI must be exactly https://<LC_ADMIN_HOST>/api/meta/callback (the ads callback path) (265.323833ms)
✔ P08: COMMERCE_META_LOGIN_REDIRECT_URI must be exactly https://<LC_ADMIN_HOST>/api/meta/callback (trailing slash) (246.454542ms)
✔ P08: COMMERCE_META_LOGIN_REDIRECT_URI must be exactly https://<LC_ADMIN_HOST>/api/meta/callback (query string) (258.737625ms)
✔ P08: COMMERCE_META_LOGIN_REDIRECT_URI must be exactly https://<LC_ADMIN_HOST>/api/meta/callback (empty) (255.654125ms)
✔ P08: COMMERCE_META_LOGIN_GRAPH_VERSION grammar vNN.N ("26.0") (243.543917ms)
✔ P08: COMMERCE_META_LOGIN_GRAPH_VERSION grammar vNN.N ("v26") (214.553875ms)
✔ P08: COMMERCE_META_LOGIN_GRAPH_VERSION grammar vNN.N ("v26.0.1") (283.836083ms)
✔ P08: COMMERCE_META_LOGIN_GRAPH_VERSION grammar vNN.N ("latest") (267.10725ms)
✔ P08: COMMERCE_META_LOGIN_GRAPH_VERSION grammar vNN.N ("") (212.883541ms)
✔ P08: COMMERCE_META_LOGIN_GRAPH_VERSION grammar vNN.N ("v1000.0") (380.135625ms)
✔ P08: COMMERCE_META_LOGIN_GRAPH_VERSION accepts v26.0 (336.161459ms)
✔ P08: COMMERCE_META_LOGIN_GRAPH_VERSION accepts v22.0 (215.794042ms)
✔ P08: COMMERCE_META_LOGIN_GRAPH_VERSION accepts v99.9 (272.064875ms)
✔ production without any alert channel is a FAIL (nobody would hear the next outage) (2869.337583ms)
✔ outside production the same gap is only a WARN (853.876166ms)
✔ a webhook alone satisfies the rule (646.34ms)
✔ an e-mail target with a complete relay (host, username, secret) satisfies the rule (591.836917ms)
✔ an e-mail target without the relay secret cannot be sent: FAIL in production, WARN elsewhere (1065.477625ms)
✔ the example's CHANGE_ME_SENDER placeholder is not a relay: the e-mail target cannot be sent (783.993292ms)
✔ LC_ALERT_EMAIL must be one plain address ("not-an-address") (377.128459ms)
✔ LC_ALERT_EMAIL must be one plain address ("two@fake.invalid,three@fake.invalid") (413.92525ms)
✔ LC_ALERT_EMAIL must be one plain address ("a b@fake.invalid") (395.386291ms)
✔ LC_ALERT_EMAIL must be one plain address ("<owner@fake.invalid>") (324.354083ms)
✔ LC_ALERT_EMAIL must be one plain address ("owner@fake") (389.5545ms)
✔ storefront cart-line removal is reversible: clicked for real, not guarded (10.852833ms)
✔ destructive / irreversible / sign-out classification (owner list, en + zh) (1.132208ms)
✔ alike controls (rows with ids / numbers) share one class key (0.511209ms)
✔ known defects classify, never silence: stale entries are reported (1.244833ms)
✔ the markdown ledger has one row per interaction and names the verdict (0.889583ms)
✔ protocolHrefOK accepts well-formed tel:/mailto: and rejects malformed ones (0.757416ms)
✔ J1 waits for enabled media and clicks a real chooser; the uploaded cover is bound to the main section (2087.148834ms)
✔ J1 cannot credit a detail-image receipt as the main cover (1.874417ms)
✔ J1 refuses a failed cover upload rather than continuing to activate (0.781417ms)
✔ thresholds are the named constants of the brief (2.9455ms)
✔ R1: document wider than the viewport, and the outermost element past the edge (0.763875ms)
✔ R2: label tops, control tops and control heights of one visual row (1.299917ms)
✔ R2: what is one row and what is not (0.698625ms)
✔ R2: a button beside a field has to line up with its control (2.119167ms)
✔ R3: a row made tall by stacked controls, a control wider than its cell (2.160166ms)
✔ R3: a matrix whose EVERY row is doubled by a stacked stock cell (the median cannot see it) (1.881375ms)
✔ R4: small text, helper text apart, icons and duplicates excepted (2.208875ms)
✔ R5: tap targets on the 390 viewport only (1.33425ms)
✔ R6: interactive elements and text boxes that overlap (0.63275ms)
✔ R7: text clipped inside a control or label (either side), and select values that do not fit (0.841208ms)
✔ R8: the same visible label twice in one list (0.314875ms)
✔ evaluate() tags severity, selectRecords() keeps distinct groups first and counts every instance (0.925542ms)
✔ R9: text and controls flush to the screen edge at 390 (1.090917ms)
✔ R6/R9 judge the visible (ancestor-clipped) rectangle, not the raw one (integrator ruling 2026-10-05) (0.308666ms)
✔ R10: a fixed or sticky bar covering main content after scrolling (1.021416ms)
✔ R11: controls narrower than a usable width (1.040167ms)
ℹ tests 460
ℹ suites 0
ℹ pass 460
ℹ fail 0
ℹ cancelled 0
ℹ skipped 0
ℹ todo 0
ℹ duration_ms 18235.611875
✔ closed projections reject secret-shaped extras, invalid enums, IDs and contradictory capabilities (0.877833ms)
✔ detail accepts only bounded events and keeps actual server action flags (0.569792ms)
✔ BFF exact routes and request grammar forbid keys/body on reads, filters on detail and arbitrary writes (11.93125ms)
✔ copy parity, safe object navigation and UNKNOWN/protective reasons (0.181917ms)
✔ read-only store capability never exposes a command even if the state allows one (0.059875ms)
✔ duplicate escaped keys cannot bypass the exact command grammar (0.045708ms)
✔ query backoff affects only its operation and expires without another action (0.051ms)
✔ merchant reason text translates ledger events and conceals unknown or prototype codes (0.100834ms)
✔ ledger read navigation requires effective integration:read permission regardless of role (0.073667ms)
ℹ tests 9
ℹ suites 0
ℹ pass 9
ℹ fail 0
ℹ cancelled 0
ℹ skipped 0
ℹ todo 0
ℹ duration_ms 94.203583
✔ OrderHistory renders server order instant in Taipei (81.205333ms)
✔ ClaimLink renders claim expiry in Taipei (4.2025ms)
✔ BankTransfer renders deadline and proof instant in Taipei (9.684709ms)
✔ BankTransfer proof echo labels store time in en (2.962833ms)
✔ BankTransfer proof echo labels store time in zh-TW (3.799084ms)
✔ BankTransfer proof echo labels store time in zh-CN (3.601042ms)
✔ BankTransfer input describes the device zone in en (2.356042ms)
✔ BankTransfer input describes the device zone in zh-TW (2.161292ms)
✔ BankTransfer input describes the device zone in zh-CN (3.181958ms)
✔ BankTransfer input has a generic label when Intl has no zone in en (4.573125ms)
✔ BankTransfer input has a generic label when Intl has no zone in zh-TW (1.770875ms)
✔ BankTransfer input has a generic label when Intl has no zone in zh-CN (1.55325ms)
✔ ShopFooter uses Taipei year across UTC year boundary (2.614125ms)
✔ BankTransfer deadline labels store time in en (1.60525ms)
✔ BankTransfer deadline labels store time in zh-TW (1.322041ms)
✔ BankTransfer deadline labels store time in zh-CN (1.131708ms)
✔ OrderHistory states the Taipei time zone once in en (0.826ms)
✔ OrderHistory states the Taipei time zone once in zh-TW (0.835666ms)
✔ OrderHistory states the Taipei time zone once in zh-CN (0.712875ms)
✔ Meta rejection wording is preserved as bounded Unicode text, never translated (1.824417ms)
✔ frozen error codes: model list equals the frozen list, each is read from both error shapes (0.369708ms)
✔ copy: every code, status, op state and connect error has text in all three locales (0.32425ms)
✔ copy never calls a budget a hard stop and never offers resume (0.274292ms)
✔ draft: every §5.1 status parses; unknown status/template/op state is an error, never guessed (0.371792ms)
✔ draft: optional fields, remote ids and the Ads Manager link (0.214291ms)
✔ action hints: pause whenever a remote id exists and not ENDED; a paused draft is only ever copied (X7) (0.3315ms)
✔ money: whole units to minor with integer math; TWD must be whole (9.384125ms)
✔ Taipei schedule: wall inputs and draft projections ignore the viewer zone (4.110875ms)
✔ Taipei schedule: invalid calendar days are rejected and all copy names UTC+8 (0.472833ms)
✔ draft input: exact 11-key body and every local rule (3.45975ms)
✔ draft form round trip and X7 copy (blank schedule, no id, no revision) (0.225334ms)
✔ settings parser: environment enum, connections, identities, capi (0.365958ms)
✔ connect state parser: pick list kinds and id match (0.104667ms)
✔ report: three separate blocks, orders may be null, no combined figure (0.247209ms)
✔ default report window is the Asia/Taipei store day whatever the viewer's zone is (Taipei midnight boundary) (3.8715ms)
✔ capi body and validation (0.087209ms)
✔ W6-06B unbind response: exact keys, account, UUIDs and outcome semantics (0.163292ms)
✔ W6-06B in-flight details preserve bounded items and total, reject unknown shapes (0.158834ms)
✔ W6-06B catalog feed has exact public URL/domain pairs or published-store empty (0.166208ms)
✔ W6-06B copy preserves unbind boundaries and feed recovery in three locales (0.062125ms)
✔ W6-06B feed selection follows origin order, not full feed URL order (0.068291ms)
✔ customer list accepts the frozen row and rejects unknown keys, dup ids, bad cursor, oversize (4.847666ms)
✔ customer row invariants: nulls for bundle-only/erased, counts, money, consents (0.313625ms)
✔ customer detail: bounded lists, order summaries reuse the orders parser, id must match (2.63425ms)
✔ erasure summary is four counts only (0.093166ms)
✔ finance summary: net = captured - refunded (I05), totals carry an empty day, sandbox flag (0.51275ms)
✔ financeDay is the UTC+8 day (0.071292ms)
✔ finance defaults keep Taipei dates across midnight, leap day and year end (0.079166ms)
✔ tags and notes are parsed strictly (W6-01B) (0.638333ms)
✔ TSX seam refuses an unlisted import (11.802292ms)
✔ Ads merchant timestamp uses Taipei at the year boundary (15.376584ms)
✔ Design version published_at cell uses Taipei at the year boundary (7.155875ms)
✔ ManualOrder bank-transfer expiry uses Taipei at the year boundary (3.984959ms)
ℹ tests 53
ℹ suites 0
ℹ pass 53
ℹ fail 0
ℹ cancelled 0
ℹ skipped 0
ℹ todo 0
ℹ duration_ms 244.034375
✔ OrderHistory renders server order instant in Taipei (7.197125ms)
✔ ClaimLink renders claim expiry in Taipei (3.304583ms)
✔ BankTransfer renders deadline and proof instant in Taipei (2.69725ms)
✔ BankTransfer proof echo labels store time in en (1.609083ms)
✔ BankTransfer proof echo labels store time in zh-TW (1.584625ms)
✔ BankTransfer proof echo labels store time in zh-CN (1.729542ms)
✔ BankTransfer input describes the device zone in en (1.652791ms)
✔ BankTransfer input describes the device zone in zh-TW (1.616792ms)
✔ BankTransfer input describes the device zone in zh-CN (1.356041ms)
✔ BankTransfer input has a generic label when Intl has no zone in en (1.638792ms)
✔ BankTransfer input has a generic label when Intl has no zone in zh-TW (1.277209ms)
✔ BankTransfer input has a generic label when Intl has no zone in zh-CN (1.63475ms)
✔ ShopFooter uses Taipei year across UTC year boundary (2.193208ms)
✔ BankTransfer deadline labels store time in en (1.398959ms)
✔ BankTransfer deadline labels store time in zh-TW (1.123958ms)
✔ BankTransfer deadline labels store time in zh-CN (1.042875ms)
✔ OrderHistory states the Taipei time zone once in en (0.792583ms)
✔ OrderHistory states the Taipei time zone once in zh-TW (0.638042ms)
✔ OrderHistory states the Taipei time zone once in zh-CN (0.597875ms)
✔ Meta rejection wording is preserved as bounded Unicode text, never translated (1.074ms)
✔ frozen error codes: model list equals the frozen list, each is read from both error shapes (1.007709ms)
✔ copy: every code, status, op state and connect error has text in all three locales (0.563334ms)
✔ copy never calls a budget a hard stop and never offers resume (0.283417ms)
✔ draft: every §5.1 status parses; unknown status/template/op state is an error, never guessed (0.546875ms)
✔ draft: optional fields, remote ids and the Ads Manager link (0.174042ms)
✔ action hints: pause whenever a remote id exists and not ENDED; a paused draft is only ever copied (X7) (0.208792ms)
✔ money: whole units to minor with integer math; TWD must be whole (10.037458ms)
✔ Taipei schedule: wall inputs and draft projections ignore the viewer zone (3.282375ms)
✔ Taipei schedule: invalid calendar days are rejected and all copy names UTC+8 (0.292583ms)
✔ draft input: exact 11-key body and every local rule (3.117916ms)
✔ draft form round trip and X7 copy (blank schedule, no id, no revision) (0.317709ms)
✔ settings parser: environment enum, connections, identities, capi (0.4335ms)
✔ connect state parser: pick list kinds and id match (0.128708ms)
✔ report: three separate blocks, orders may be null, no combined figure (0.265708ms)
✔ default report window is the Asia/Taipei store day whatever the viewer's zone is (Taipei midnight boundary) (2.033792ms)
✔ capi body and validation (0.098917ms)
✔ W6-06B unbind response: exact keys, account, UUIDs and outcome semantics (0.200708ms)
✔ W6-06B in-flight details preserve bounded items and total, reject unknown shapes (0.176166ms)
✔ W6-06B catalog feed has exact public URL/domain pairs or published-store empty (0.56925ms)
✔ W6-06B copy preserves unbind boundaries and feed recovery in three locales (0.06375ms)
✔ W6-06B feed selection follows origin order, not full feed URL order (0.0655ms)
✔ customer list accepts the frozen row and rejects unknown keys, dup ids, bad cursor, oversize (8.227917ms)
✔ customer row invariants: nulls for bundle-only/erased, counts, money, consents (0.531833ms)
✔ customer detail: bounded lists, order summaries reuse the orders parser, id must match (2.834417ms)
✔ erasure summary is four counts only (0.244042ms)
✔ finance summary: net = captured - refunded (I05), totals carry an empty day, sandbox flag (0.826334ms)
✔ financeDay is the UTC+8 day (0.164625ms)
✔ finance defaults keep Taipei dates across midnight, leap day and year end (0.243ms)
✔ tags and notes are parsed strictly (W6-01B) (0.762125ms)
✔ TSX seam refuses an unlisted import (5.926542ms)
✔ Ads merchant timestamp uses Taipei at the year boundary (13.926417ms)
✔ Design version published_at cell uses Taipei at the year boundary (9.389584ms)
✔ ManualOrder bank-transfer expiry uses Taipei at the year boundary (3.977792ms)
ℹ tests 53
ℹ suites 0
ℹ pass 53
ℹ fail 0
ℹ cancelled 0
ℹ skipped 0
ℹ todo 0
ℹ duration_ms 159.953291
✔ legacy display sentinels preserve a list row without admitting arbitrary or private data (1.716666ms)
✔ orders-v2 accepts bounded filters and Taipei inclusive dates; rejects ambiguity (0.930333ms)
✔ orders-v2 rejects client count approximations, unbounded or extra response data (0.157167ms)
✔ all three locales label every task queue, payment and delivery mode (0.310791ms)
ℹ tests 4
ℹ suites 0
ℹ pass 4
ℹ fail 0
ℹ cancelled 0
ℹ skipped 0
ℹ todo 0
ℹ duration_ms 84.876833
✔ numeric store IDs have no suggestion BFF or browser client (1.432709ms)
ℹ tests 1
ℹ suites 0
ℹ pass 1
ℹ fail 0
ℹ cancelled 0
ℹ skipped 0
ℹ todo 0
ℹ duration_ms 68.716625
✔ ADM10 operator sentence is localized while product and company facts stay authoritative (0.378333ms)
✔ PS review: actual Host matching normalizes case, port and a terminal DNS dot, never forwarded authority (0.219542ms)
✔ PS review: privacy/terms retain Messenger and Instagram purpose disclosure; deletion uses exact UI labels (0.0995ms)
✔ P2-N1 zh-TW/privacy: current comments and private reply, conditional inbound messages (0.073334ms)
✔ P2-N1 zh-TW/terms: current comments and private reply, conditional inbound messages (0.04325ms)
✔ P2-N1 zh-CN/privacy: current comments and private reply, conditional inbound messages (0.030875ms)
✔ P2-N1 zh-CN/terms: current comments and private reply, conditional inbound messages (0.049584ms)
✔ P2-N1 en/privacy: current comments and private reply, conditional inbound messages (0.038458ms)
✔ P2-N1 en/terms: current comments and private reply, conditional inbound messages (0.043333ms)
✔ PS1 legal identity is one untranslated source (0.0765ms)
✔ PS1 contact and hosts come only from configuration; production fails closed (0.312667ms)
✔ PS2 public routes default to zh-TW, restrict page/locale, and never include admin (0.363666ms)
✔ PS4 optional Meta verification value never has a fake default (0.049458ms)
✔ PS1 every locale uses the same product name in auth page titles (0.037917ms)
✔ PS1 public page copy has three complete locales, no invented operator identity or contact (0.178125ms)
✔ PS1 production build validates config; public data is not bundled through NEXT_PUBLIC (0.672291ms)
✔ PS review: admin image installs the manifests for its workspace dependencies before building (0.331875ms)
ℹ tests 17
ℹ suites 0
ℹ pass 17
ℹ fail 0
ℹ cancelled 0
ℹ skipped 0
ℹ todo 0
ℹ duration_ms 77.822667
✔ R11 SQL's exact receipt states are accepted; missing/forged operation/state remains unknown (0.964875ms)
✔ R11 durable receipt journal validates phase against exact operation state (0.338875ms)
✔ R11 actual read control distinguishes replay/inflight/unknown/failure in en (4.10275ms)
✔ R11 actual read control distinguishes replay/inflight/unknown/failure in zh-TW (0.643666ms)
✔ R11 actual read control distinguishes replay/inflight/unknown/failure in zh-CN (0.430584ms)
✔ unknown journal retains exact key/boundary and is scoped to store+session; malformed state fails closed (0.131334ms)
✔ R12 read hook keeps network UNKNOWN on one key and explicitly refreshes acknowledged UNKNOWN (15.605625ms)
✔ actual POST transport uses CSRF and session fence; 403 independent of response text (18.306417ms)
✔ R10 ROAS has exactly two decimals in en (11.665083ms)
✔ R10 unknown ROAS is never fabricated as zero in en (0.173875ms)
✔ R10 ROAS has exactly two decimals in zh-TW (0.193875ms)
✔ R10 unknown ROAS is never fabricated as zero in zh-TW (0.04ms)
✔ R10 ROAS has exactly two decimals in zh-CN (0.121167ms)
✔ R10 unknown ROAS is never fabricated as zero in zh-CN (0.02975ms)
✔ shared presentation preserves registry title and one empty buyer message in en (25.506167ms)
✔ R11 large linked-draft list is complete but collapsed in en (3.45725ms)
✔ shared presentation preserves registry title and one empty buyer message in zh-TW (5.343625ms)
✔ R11 large linked-draft list is complete but collapsed in zh-TW (2.396333ms)
✔ shared presentation preserves registry title and one empty buyer message in zh-CN (5.179ms)
✔ R11 large linked-draft list is complete but collapsed in zh-CN (2.802958ms)
✔ R11 timeline distinguishes local unknown spend from explicit Meta zero in en (3.164667ms)
✔ R11 timeline distinguishes local unknown spend from explicit Meta zero in zh-TW (3.130209ms)
✔ R11 timeline distinguishes local unknown spend from explicit Meta zero in zh-CN (1.977916ms)
✔ R11 I12 nullable Meta evidence survives without becoming zero (0.230625ms)
✔ R11 actual panel rendering preserves unknowns and reconnect route in en (10.222166ms)
✔ R11 actual panel rendering preserves unknowns and reconnect route in zh-TW (10.353667ms)
✔ R11 actual panel rendering preserves unknowns and reconnect route in zh-CN (11.625083ms)
✔ D1, D6, R7: exact amounts and sources remain independent, account days stay labelled (0.187125ms)
✔ R12: null stays unknown and unread / unauthorised / insufficient remain different states (0.216292ms)
✔ R12 granted but unread audience offers a read, never reconnect in en (1.591542ms)
✔ R12 granted but unread audience offers a read, never reconnect in zh-TW (1.624833ms)
✔ R12 granted but unread audience offers a read, never reconnect in zh-CN (1.602875ms)
✔ I12 forged / missing frozen fields never silently become zeros (0.905458ms)
✔ only whitelisted aggregates survive: extra identifiers and HTML are never interpreted (0.087ms)
✔ attribution is a read-only BFF resource with exact bounded query grammar (0.3015ms)
✔ audience-read is exactly the new local intention POST and never a data GET or queried write (0.298958ms)
✔ route fails closed without ads:read and is not a duplicate navigation entry; locale keys match (0.13575ms)
ℹ tests 37
ℹ suites 0
ℹ pass 37
ℹ fail 0
ℹ cancelled 0
ℹ skipped 0
ℹ todo 0
ℹ duration_ms 437.678416
✔ card-payments copy: identical key sets in all three locales (0.830125ms)
✔ merchant terms are quoted verbatim (contract §5) in the enable dialog (0.086084ms)
✔ ruling-fixed strings: platform not OPEN and BLOCKED note (0.03975ms)
✔ error map covers every frozen refusal code from migrations/0137 (0.058333ms)
✔ no Stripe account id, key or approval id shape appears in any copy string (0.230833ms)
✔ storefront collector disclosure matches contract §5 templates in three languages (0.065542ms)
✔ the merchant terms in the dialog are the contract §5 sentence, extracted from the contract (1.071041ms)
✔ the storefront templates are the contract §5 lines, extracted from the contract (0.15075ms)
✔ settlement copy: deduction columns are labelled as deductions in every language, with a legend and the net formula (0.255459ms)
✔ there is no separate 'not on the allowlist' message: it reads as not open (review P1-2) (0.087792ms)
✔ card summary accepts the frozen shape incl. all-null platform NONE (0.821916ms)
✔ card summary rejects unknown keys, bad enums, bad money, bad version (0.378792ms)
✔ card result is exactly {state, version, max_minor, currency, descriptor_preview} (0.123916ms)
✔ descriptor suffix rule: charset, 2..10 chars, must contain a letter (1.492083ms)
✔ the suffix length rule is the charset rule's 10; the 22-character descriptor total stays the server's (SANDBOX L=10, LIVE PrefixLength) (0.7015ms)
✔ descriptor preview mirrors the contract projection (base + '* ' + suffix) (0.300417ms)
✔ settlement list accepts statements without payout/lines keys (omitempty) (1.201583ms)
✔ settlement detail carries lines whose count and sums match the totals (0.750958ms)
✔ settlement parsers reject malformed reads (0.681708ms)
✔ fees, refunds and disputes are signed exactly as the ledger stores them (0.146959ms)
✔ a returned fee is a positive line fee; the detail's lines must add up to the statement totals (1.568583ms)
✔ closed_at/paid_at accept the offsets PostgreSQL emits as well as Z (0.714042ms)
✔ a payout reference shaped like a Stripe key or account id is never displayed (0.532ms)
✔ platform not OPEN: 'not open yet' and no enable control, for every non-OPEN state; the platform badge still tells why (1.095334ms)
✔ allowlisted + OPEN: enable from NONE/DISABLED, disable from ENABLED (0.320083ms)
✔ not allowlisted on an OPEN platform reads exactly like not open: the same message, no 'platform open' badge, no enable (review P1-2) (0.370417ms)
✔ BLOCKED: the suspended note, disable only, never enable (whatever the platform says) (0.299542ms)
✔ without billing:manage nothing can be changed, but the state is still readable (0.282958ms)
✔ enable carries the platform's current terms, the suffix and the version read; NONE starts at 0 (0.448792ms)
✔ disable never sends a suffix and quotes the terms the store accepted (the platform's may have moved on) (0.431125ms)
✔ a retained suffix is recovered from the final preview so a re-enable can keep it (0.128666ms)
✔ the period label shows the last day inside the (exclusive-end) week (0.880958ms)
✔ payout state: paid, pending only when money is due, none when the week nets to zero or less (0.04875ms)
✔ card-payments and settlements are nav:false routes, so no group loses or gains a nav button (0.164625ms)
✔ settlements need billing:manage, the card page integration:read; the owner opens both (0.122458ms)
✔ statement cells: a dispute reversal and a returned fee read as credits (+) and every deduction as -, and the columns add up to the server's net (9.372625ms)
✔ the detail parser requires the lines of a statement that has lines; a quiet week (line_count 0) may omit them (0.130375ms)
✔ route table: exactly the four resources, nothing generic (0.46325ms)
✔ query grammar: card and settlement-detail are exact; settlements takes before/limit only (0.209625ms)
✔ request fence: keyless PUT (CAS), bodyless GETs, no transfer-encoding (13.65525ms)
✔ PUT body is the exact frozen shape {enabled, terms_version, descriptor_suffix, expected_version} (0.583208ms)
✔ the BFF route wires the card grammar: keyless CAS PUT, exact body, no-store, auth required (0.45125ms)
✔ the real card summary parses and drives the display state machine (1.555625ms)
✔ the real statement list parses: newest first, no lines, three payout states (0.749583ms)
✔ every real detail parses with its lines and the lines add up to the statement (0.961792ms)
✔ an empty ledger parses to no statements (0.23825ms)
✔ no account id, key or approval shape is in any real body (0.402125ms)
✔ the real statements display literally as signed contributions that add up to the server's net (19.262084ms)
ℹ tests 48
ℹ suites 0
ℹ pass 48
ℹ fail 0
ℹ cancelled 0
ℹ skipped 0
ℹ todo 0
ℹ duration_ms 121.011833
✔ option/slug/SKU caps equal internal/catalog (options.go, catalog.go) (8.698958ms)
✔ text caps equal the Go validators (name 120, description 8000, SEO 70/160, collection title 80) (1.777208ms)
✔ photo caps equal Go (MaxMainImages, MaxDetailImages, MaxImageBytes) and the SKU code pattern (1.597458ms)
✔ PE13 Cartesian matrix is local, preserves edits and deduplicates values (0.70925ms)
✔ PE13 bulk quantity skips negative rows without modifying them (0.13325ms)
✔ PE12 untracked document uses whole currency and per-order cap, never quantity (18.11575ms)
✔ PE14 missing readback is not guessed or silently cleared by full replacement (0.064708ms)
✔ bulk status accepts explicit per-item results, never empty or duplicated confirmations (0.216166ms)
✔ matrix refuses over 100 SKUs before expansion (0.094833ms)
✔ PR #1 4212540344: per-row matrix labels reappear where the matrix header is not visible (≤900px), desktop untouched (4.099375ms)
✔ PR #1 4212540352: pre-publish missing-items list collapses behind a real toggle at ≤900px instead of being removed (1.406ms)
✔ parity: admin caps equal the Go constants (1.545667ms)
✔ image list: 4 main + 20 detail + 2 sku in role order is accepted (0.995208ms)
✔ image list: 5 main, 21 detail, wrong role order, gaps and extra keys are refused (0.534208ms)
✔ single image: role is required and its position is bounded by the role cap (0.52225ms)
✔ option text limits count Go runes rather than UTF-16 units (7.672667ms)
✔ PE14 new edit SKU carries its own shipping and clears no existing fields (21.228958ms)
✔ PE14 patch changes only price and preserves unmentioned fields (0.377542ms)
✔ PE14 on_hand is not available, zero target is transmitted, ambiguous warehouse refuses (3.156208ms)
✔ PE14 explicit clears and shipping remain per SKU on an active row (0.249625ms)
✔ PE14 archive supersedes every other edit on that SKU (b77eeb11) (0.152291ms)
✔ PE14 no-op has no command fields and changed axes explicitly archive omitted variants (0.100708ms)
✔ PE14 replacement SKU edit excludes create-only code from the strict patch grammar (0.24375ms)
ℹ tests 23
ℹ suites 0
ℹ pass 23
ℹ fail 0
ℹ cancelled 0
ℹ skipped 0
ℹ todo 0
ℹ duration_ms 122.182
(node:75169) ExperimentalWarning: Transform Types is an experimental feature and might change at any time
(Use `node --trace-warnings ...` to show where the warning was created)
✔ UNKNOWN retry client authorization loss requires reconciliation, not a fresh command (2.922791ms)
✔ UNKNOWN retry 401 authorization loss requires reconciliation, not a fresh command (9.627833ms)
✔ UNKNOWN retry 403 authorization loss requires reconciliation, not a fresh command (0.772ms)
✔ a conclusive command rejection stays distinct from authorization loss (0.849416ms)
ℹ tests 4
ℹ suites 0
ℹ pass 4
ℹ fail 0
ℹ cancelled 0
ℹ skipped 0
ℹ todo 0
ℹ duration_ms 119.42925
(node:75179) ExperimentalWarning: Transform Types is an experimental feature and might change at any time
(Use `node --trace-warnings ...` to show where the warning was created)
✔ offer controls read authoritative limits without parsing unrelated KEYWORD_QTY_CONTAINS window/stats (20.126791ms)
✔ offer controls accept 101 through the backend cap of 200 distinct offers, reject 201 (2.143375ms)
✔ offer toggle preserves exactly the authoritative maximum in the real M4 payload (2.686917ms)
✔ console BFF admits exactly A1/A7/A6 and A5 read/copy methods (0.365792ms)
✔ Next proxy admits the exact console family and results query before the BFF (110.879209ms)
✔ PR18 proxy preserves malformed A2 cursor as 400 invalid_cursor (0.6115ms)
✔ results query is canonical repeated session_id 1..50, everything else queryless (0.097125ms)
✔ real BFF route forwards only exact resources, authenticates scope and returns private scrubbed errors (50.021375ms)
✔ new commands reject unknown keys and preserve frozen copy/lifecycle/recommend body (0.170959ms)
✔ browser commands reuse Studio fences, exact no-comment recommend body and backend refusal codes (1.5ms)
✔ results client preserves canonical ids/order and rejects invalid list before fetch (0.255ms)
✔ stock client reuses catalog transport/key/parser and fences a changed login without retries (1.025708ms)
✔ journal replay sends the exact original method/path/body/key for all five commands (2.261875ms)
(node:75180) ExperimentalWarning: Transform Types is an experimental feature and might change at any time
(Use `node --trace-warnings ...` to show where the warning was created)
✔ A1 strict MOCK snapshot preserves unavailable counts, capability unknown and server stock (2.553334ms)
✔ A7 returns a separate lifecycle version and closed full KEYWORD_QTY_CONTAINS window (0.137542ms)
✔ A5 results retain separate environments/currencies and bind exact requested ids/order (0.149208ms)
✔ A5 copy parses real Go envelope, copied offer prices and KEYWORD_QTY_CONTAINS window (0.33125ms)
✔ A6 accepts optional operation UUID, never guessed send success (0.083291ms)
(node:75181) ExperimentalWarning: Transform Types is an experimental feature and might change at any time
(Use `node --trace-warnings ...` to show where the warning was created)
✔ Live settings navigation accepts a scene picker entry but never a malformed or unscoped deep link (0.759583ms)
✔ LC-B7 stock permission admits live_adjust without inventory:write, not unrelated grants (0.084375ms)
✔ Instagram comment total stays unavailable; Facebook observed count is not a platform total (0.069833ms)
✔ LC-U1 one primary action follows lifecycle, never planning or transport state (0.047667ms)
✔ LC-U1 stock target uses sellable delta and rejects fractions, negative and over-limit changes (0.08525ms)
✔ LC-U1 links only explicit FB post identities, never arbitrary URLs or guessed videos (0.0795ms)
✔ LC-U1 Facebook preview keeps the original no-frame CSP and uses a safe external link (0.51775ms)
✔ LC-U1 delayed copy completion cannot navigate after store switch or unmount (0.108125ms)
✔ LC-U1 receipt fence survives cookie rotation; pending replay still has a separate session boundary (0.112292ms)
ℹ tests 27
ℹ suites 0
ℹ pass 27
ℹ fail 0
ℹ cancelled 0
ℹ skipped 0
ℹ todo 0
ℹ duration_ms 368.727292
✔ PR18 final public unresolved receipt survives relogin but coarse fence stays session-bound (0.698333ms)
✔ PR18 enabled downgrade gates hook output before passive cleanup (15.419292ms)
✔ PR18 enabled downgrade first all render hides rows buyer and composer (4.774459ms)
✔ PR18 enabled downgrade first private render hides rows buyer and composer (2.280542ms)
✔ PR18 R2 scoped404 a2 clears both private views and stops recovery reads (2.706709ms)
✔ PR18 R2 scoped404 a8 clears both private views and stops recovery reads (2.305333ms)
✔ PR18 R2 scoped404 older clears both private views and stops recovery reads (2.06575ms)
✔ PR18 A8 clears names synchronously and keeps loaded older pages through a head poll (1.989583ms)
✔ PR18 A8 paged list stays bounded across fresh heads and stops older at cap (88.563584ms)
✔ PR18 A8 hides clear before effects even without pagination (1.325916ms)
✔ PR18 deletion HEAD clears selected comment composer but keeps history and public guard (4.263125ms)
✔ PR18 short complete HEAD clears a covered selected comment and composer (2.601459ms)
✔ PR18 quiet A2 stream refreshes delayed claim marks without a new sequence or user refresh (2.257667ms)
✔ PR18 late claim automatically exposes keyword view and the reused BuyerPanel (3.325542ms)
✔ K3 A8 private polls every 10s, backs off, resets, pauses hidden and stops off-filter (6.953166ms)
✔ K3 A8 unreplied polls every 10s, backs off, resets, pauses hidden and stops off-filter (5.881333ms)
✔ K3 pasted tab is refused with invalid_text copy before any reply POST (0.757417ms)
✔ PR18 facts_unavailable mark uses actionable copy zh-TW (0.533625ms)
✔ PR18 facts_unavailable mark uses actionable copy zh-CN (0.509834ms)
✔ PR18 facts_unavailable mark uses actionable copy en (0.579417ms)
✔ real SQL UNKNOWN mark blocks public-mode switching without a local receipt (0.655791ms)
✔ PR18 unknown public receipt has the correct cross-comment fence (2.771958ms)
✔ PR18 queued public receipt has the correct cross-comment fence (2.493875ms)
✔ PR18 public guard releases only definite sent (0.881959ms)
✔ PR18 public guard releases only definite failed (0.713875ms)
✔ PR18 public guard releases only definite blocked (0.823208ms)
✔ PR18 public guard releases only definite refused (0.814584ms)
✔ PR18 P1 IG earliest50 refresh preserves100 rows selection and private draft (33.18925ms)
✔ PR18 final expired older cursor keeps live buffer selection and polling (1.696709ms)
✔ PR18 command refresh keeps epoch evidence while cursorless initial=0 (0.746208ms)
✔ PR18 command refresh keeps epoch evidence while cursorless initial=1 (0.772834ms)
✔ PR18 bounded window refresh removes FB deletion behind60 arrivals history=false (2.975958ms)
✔ PR18 bounded window refresh removes FB deletion behind60 arrivals history=true (3.359709ms)
✔ PR18 bounded window refresh preserves explicit history until manual refresh (1.807209ms)
✔ PR18 bounded window refresh atomically rebuilds IG100 deleted75=false (8.092791ms)
✔ PR18 bounded window refresh atomically rebuilds IG100 deleted75=true (6.482833ms)
✔ PR18 bounded window refresh stalled never publishes an incomplete IG window (6.758208ms)
✔ PR18 bounded window refresh budget never publishes an incomplete IG window (9.242333ms)
✔ PR18 bounded window refresh removes deleted IG final sequence (2.339209ms)
✔ actual A2 hook fake clock: 3/6/12/24/30 backoff, success reset, hide clears and stops, 403 locks (3.421875ms)
✔ actual reset clears selected buyer and rereads without the old epoch cursor (0.846417ms)
✔ reply hints, coded error, UNKNOWN and capability state execute the actual composer (1.088334ms)
✔ PR18 R2 templates read 404 denies the composer (0.430584ms)
✔ PR18 buyer-panel read 404: stays local (retention-purged or gone selection), console keeps access (0.486875ms)
✔ PR18 buyer-panel read 403: revokes the console scope (0.486ms)
✔ PR18 seq coverage keeps older arrival with newer time and out-of-range rows (2.700833ms)
✔ PR18 seq coverage removes a missing numeric row despite its older created_at (0.182791ms)
✔ PR18 seq coverage never absence-deletes null history (0.183583ms)
✔ PR18 seq coverage treats epoch0 as an initialized cursor (0.064ms)
✔ PR18 protected null history reserves capacity and never becomes numeric on overlap (7.048917ms)
✔ PR18 P1 IG earliest page and unknown authority never delete by absence (2.014667ms)
✔ PR18 short complete HEAD never expands numeric coverage to an absent oldest row (0.297375ms)
✔ PR18 full or cursor-bearing HEAD uses the same numeric coverage (0.110209ms)
✔ PR18 loaded history stays protected from short complete HEAD (0.390292ms)
✔ PR18 deletion HEAD removes absent refs inside its window (0.121875ms)
✔ PR18 deletion HEAD keeps paged history below its oldest tuple (0.075583ms)
✔ PR18 deletion is never inferred from incremental or older pages (0.092ms)
✔ PR18 empty deletion HEAD is not evidence that any ref was deleted (0.089292ms)
✔ PR18 deletion coverage ignores equal timestamps and timezone spellings (0.057542ms)
✔ PR18 mixed FB and IG page orders normalize chronologically after dedupe (0.442875ms)
✔ PR18 cap keeps newest1000 with mixed page order older=false (6.872834ms)
✔ PR18 cap keeps newest1000 with mixed page order older=true (7.449917ms)
✔ PR18 A3 invalid_ref remains a definite 422 refusal (0.127375ms)
✔ PR18 a full history buffer stops paging without discarding rows or advancing its cursor (0.255042ms)
✔ K3 reply text rejects every C0/C1 control except newline (0.508125ms)
✔ PR18 scan exhaustion parser requires a trusted explicit boolean (0.389875ms)
✔ PR18 approved seq DTO parser accepts safe numbers and explicit history null (0.300667ms)
✔ SQL operation marks map to every merchant-visible delivery state (0.056958ms)
✔ real bridge sealCursor uses payload.signature rather than plain base64url (11.800417ms)
✔ A2 grammar refuses private/duplicate/ambiguous cursors and keys on reads (3.702417ms)
✔ A3-A5 exact comment ref and bodies; explicit preemption private only (0.177375ms)
✔ A4/A5 preserve frozen refusal codes, never provider/debug text (0.077875ms)
✔ reset invalidates old buffers and cursor before reread; older page cannot advance live cursor (0.135458ms)
✔ filter resources have only authorised opaque ids; backoff is capped and success resets (0.061833ms)
ℹ tests 74
ℹ suites 0
ℹ pass 74
ℹ fail 0
ℹ cancelled 0
ℹ skipped 0
ℹ todo 0
ℹ duration_ms 613.915292
✔ secondary failures preserve A1; only A1 is periodic; IG notice follows the platform/embeddability observation (246.244792ms)
✔ the existing console refresh also explicitly refreshes its parent list; no automatic list read (16.360583ms)
✔ parent forwards only an explicit refresh callback and retains the scene when list is unavailable (12.662666ms)
✔ every explicit browser response/event/navigation waiter has a finite sub-test budget (10.505375ms)
✔ A1 failures back off 3/6/12/24/30 seconds and success resets to five seconds (84.1945ms)
✔ Retry-After is a minimum; hidden tabs cancel polling; forbidden locks and conceals (43.765ms)
✔ secondary reads are mount/refresh only, independent from A1 and non-fatal (29.28425ms)
✔ UNKNOWN journal restores the exact key/method/path/body and explicit retry after reload (26.22375ms)
✔ first definite 403 clears journal but locks commands; late success after navigation clears only its own key (40.840917ms)
✔ private reads preserve Retry-After seconds and dates, without changing existing error codes (22.712375ms)
✔ a restored in-flight or UNKNOWN request retains its journal after a replay 403 (63.035125ms)
✔ restored copy success dispatches completion only in the still-current scene (36.88ms)
✔ SessionCopy resyncs closed same-ID titles, preserves open edits and cancels to latest draft (25.671375ms)
✔ SessionCopy submit uses latest version; UNKNOWN request survives later draft/input changes (21.932167ms)
ℹ tests 14
ℹ suites 0
ℹ pass 14
ℹ fail 0
ℹ cancelled 0
ℹ skipped 0
ℹ todo 0
ℹ duration_ms 588.775083
✔ claims window modes match Go constants and every SQL match_mode CHECK (6.919583ms)
✔ host prompt stays verbatim at the frozen trunk contract; Japanese is absent (1.79825ms)
✔ bundle parser accepts manual (labelled) and Meta (unlabelled) bundles (0.54375ms)
✔ bundle parser rejects unknown platforms and label/platform mismatches (0.140375ms)
✔ offer parser carries the live price and rejects every out-of-range or missing field (0.219709ms)
✔ library and import parsers are closed; removal receipt is the only version-0 shape (0.184833ms)
✔ price input: exact decimal minor units, never float, bounded to the currency's places (8.527458ms)
✔ live-tools copy exists in all three locales with the same conflict reasons (0.469417ms)
✔ claims BFF allowlist is exactly M1–M7 per method (0.960458ms)
✔ M7 link response shape is closed (0.159208ms)
✔ host prompt copy is the frozen text, verbatim (0.074916ms)
ℹ tests 11
ℹ suites 0
ℹ pass 11
ℹ fail 0
ℹ cancelled 0
ℹ skipped 0
ℹ todo 0
ℹ duration_ms 116.16625
NOT_RUN: tests/media/r04-input-runner.test.mjs (COMMERCE_R04_LIVEKIT_BINARY unset)
✔ main/detail/sku caps use the existing frozen image contract (0.6465ms)
✔ phone and tall dimensions fit2000 without enlarging small assets (0.152958ms)
✔ upload query requires one exact role and sku value; reads/actions carry no query (0.386416ms)
✔ role transport encodes current option values and refuses invalid identities (0.169083ms)
✔ effective image axis follows current options, then falls back to first (0.094625ms)
✔ detail and option photos cannot satisfy the main-photo recommendation (0.091542ms)
✔ PM-U copy has matching keys in ja and all currently routed locales (0.158833ms)
✔ real-upload mode builds both Next applications on a clean CI checkout (13.159166ms)
✔ upload recovery journal survives a new session while remaining product/store scoped (0.134292ms)
✔ an option upload receipt requires its captured axis, value and image id on canonical readback (0.124833ms)
✔ failed durable recovery storage cannot authorize a media write (0.082ms)
✔ an active product needs a main image after canonical media is known; repair paths stay possible (0.054959ms)
✔ empty media sections render a readable localized placeholder until photos are present (5.219208ms)
✔ real-upload mode never exits through the storefront MOCK shortcut (37.323958ms)
✔ a valid active zero-main product keeps an inline repair hint rather than a page error (3.442292ms)
✔ a new product issues the image-axis stage only for a chosen axis (0.417791ms)
ℹ tests 16
ℹ suites 0
ℹ pass 16
ℹ fail 0
ℹ cancelled 0
ℹ skipped 0
ℹ todo 0
ℹ duration_ms 288.913417
(node:75300) ExperimentalWarning: Transform Types is an experimental feature and might change at any time
(Use `node --trace-warnings ...` to show where the warning was created)
✔ a fitting PNG keeps the exact original File, bytes and alpha-capable format (0.950542ms)
✔ a JPEG exactly at both limits remains original, not a lossy re-encode (0.631709ms)
✔ an oversized phone JPEG is encoded below the cap after oriented scaling (3.000875ms)
✔ a large transparent PNG stays alpha-capable and is never painted with an opaque matte (1.705292ms)
ℹ tests 4
ℹ suites 0
ℹ pass 4
ℹ fail 0
ℹ cancelled 0
ℹ skipped 0
ℹ todo 0
ℹ duration_ms 107.321958
✔ HTTPS picklist fixture carries Secure session cookies automatically while preserving CSRF refusals (97.929625ms)
✔ batch controls stay compact until an order selection or live-session scope exists (0.175875ms)
✔ selection has XOR bodies, canonical unique IDs and separate 500/100 limits (0.38275ms)
✔ cross-page selection retains existing rows, deduplicates and refuses overflow atomically (0.749083ms)
✔ pick projection rejects PII/extra keys, invalid quantities and unmatched order identities (0.5495ms)
✔ batch replies bind one-for-one to confirmed orders and preserve uncertainty code (0.119584ms)
✔ pick/export POSTs reject keys and all query variants except one exact template (1.864291ms)
✔ CSV filename binds to selected template and store; no path/header injection (0.175167ms)
✔ MOCK browser fixture list matches the incumbent closed order parser (10.585833ms)
✔ recovery never clears an unknown or missing current attempt (0.13625ms)
✔ recovery and order-detail MOCK fixtures satisfy real read parsers (7.46025ms)
✔ order selection can read its session fence during SSR without browser globals (0.952417ms)
✔ MOU keeps native headed checks runnable on a Linux CI worker without DISPLAY (15.966792ms)
✔ pick fixture serves the scoped parcel reads required by the orders page (4.529541ms)
ℹ tests 14
ℹ suites 0
ℹ pass 14
ℹ fail 0
ℹ cancelled 0
ℹ skipped 0
ℹ todo 0
ℹ duration_ms 376.771458
✔ bodyless dissolve DELETE (empty body stream, no content-length) reaches Go with the CAS query, no body, no key (14.467125ms)
✔ every parcel DELETE must carry exactly one expected_version >= 1 (never forwarded without it) (1.76775ms)
✔ a DELETE that declares a body or chunked framing is refused (0.31525ms)
✔ DELETE needs the session, origin and CSRF like every command; other DELETEs stay unsupported (1.02925ms)
✔ GET parcel-groups (open groups read) and merge-suggestions pass with no query; a query or key is refused (10.732167ms)
✔ actual MOU parcel runner selects and collects the real parcel browser case (351.038208ms)
✔ merge suggestions accept the frozen shape (server-masked recipient) and reject drift (1.010666ms)
✔ created group requires the OPEN state and its members (0.111042ms)
✔ dissolved group is exactly id/state/version (0.070708ms)
✔ group shipment carries one SHIPPED version per member (2.978667ms)
✔ open groups (GET parcel-groups) accept the frozen shape and fail closed on drift (4.779458ms)
✔ reconcile: a reload rebuilds OPEN panels, a vanished OPEN group is dropped, history and live versions are kept (0.248875ms)
✔ three locales cover the same keys and every refusal code (0.213125ms)
✔ the owner-ruling sentence is exact in all three locales (0.053583ms)
✔ the in_parcel_group copy is the same sentence in parcels-copy (blocked + errors) and orders-copy, in every locale (0.058208ms)
✔ groupOfOrder prefers the OPEN group over retained SHIPPED/DISSOLVED history (0.2185ms)
✔ parcelOrderNumber is the canonical LC-<32 uppercase hex> order number and matches the open-group parser (0.162375ms)
✔ parcel refresh generation: bumped by every successful poll, whatever the cursor (0.043625ms)
✔ parcel refresh generation: an in_parcel_group refusal bumps it, other refusals do not (0.053958ms)
✔ exactly the five W3-07B resources route (1.562083ms)
✔ dissolve carries exactly ?expected_version=N (N >= 1) (0.233417ms)
✔ readMergeSuggestions 401 immediately purges parent scope and refuses late sibling 200 (20.535791ms)
✔ readMergeSuggestions 403 immediately purges parent scope and refuses late sibling 200 (5.604792ms)
✔ readMergeSuggestions 404 immediately purges parent scope and refuses late sibling 200 (4.296708ms)
✔ readOpenParcelGroups 401 immediately purges parent scope and refuses late sibling 200 (4.9545ms)
✔ readOpenParcelGroups 403 immediately purges parent scope and refuses late sibling 200 (4.847584ms)
✔ readOpenParcelGroups 404 immediately purges parent scope and refuses late sibling 200 (7.14675ms)
✔ readMergeSuggestions 503 preserves parent and local retry recovers actual DTOs (6.311ms)
✔ readOpenParcelGroups 503 preserves parent and local retry recovers actual DTOs (5.481875ms)
✔ captured parent groups callback refuses hidden scope (6.32775ms)
ℹ tests 30
ℹ suites 0
ℹ pass 30
ℹ fail 0
ℹ cancelled 0
ℹ skipped 0
ℹ todo 0
ℹ duration_ms 440.7375
✔ exactly the nine W6-01B resources are admitted, each only under its own method (1.899625ms)
✔ the customer list is claimed only when a tag filter is present (customers-request.ts stays the owner otherwise) (0.102834ms)
✔ near misses are refused (no generic proxying) (0.074917ms)
✔ reads: no body, no key, no transfer-encoding; tag-list takes no query at all (15.451792ms)
✔ customer-list query: closed keys, tag must be a canonical uuid, list bounds identical to customers-request (0.593291ms)
✔ note-list query: only limit and after, with the customers-list bounds (0.139917ms)
✔ writes: exactly one well-formed Idempotency-Key; the two DELETEs carry no body but still need the key (1.205084ms)
✔ validTagName mirrors Go (NFC first, 1..20, trimmed, no control/Cf) (1.094167ms)
✔ validNoteBody mirrors Go (1..1000, not blank, only \n \r \t controls) (0.250958ms)
✔ tag-create body: closed keys, valid name and one of the eight colors (0.194833ms)
✔ tag-patch body: at least one of name/color, nothing else (0.076709ms)
✔ owner-tags body: tag_ids (<=100 canonical uuids) + 64-hex revision, exact keys (0.12675ms)
✔ note bodies: create {body}; patch {body, version>=1}; deletes and reads carry no body at all (0.125542ms)
✔ parseTagCatalog decodes {items: TagRecord[]} with the store-catalogue bounds (1.094292ms)
✔ parseTagSet / parseDeletedTag / parseDeletedNote decode the frozen write receipts (0.584458ms)
✔ parseNoteRecord / parseNotePage decode notes with the Go note rules (2.7495ms)
✔ customer-tags copy: three locales, identical key sets, the integrator's ruled note-privacy text verbatim (1.569625ms)
✔ components wire the ruled copy and the tag/note controls the specs click (3.903541ms)
✔ tag read names must already be trimmed NFC and Unicode code-point bounded (0.222541ms)
✔ session change before network sends nothing (8.032834ms)
✔ session changes after network or during body parse drop the response (15.448ms)
✔ transient session digest failure is settled only before dispatch (9.332583ms)
✔ lost response followed by a changed session is UNKNOWN after dispatch (0.892875ms)
✔ lost response does not auto-retry; explicit replay keeps method/key/payload/scope (6.9165ms)
✔ 5xx or malformed success is uncertain, coded refusal is settled (3.822791ms)
✔ passive tag/detail refresh preserves an unsaved new-note draft (46.793792ms)
✔ passive refresh updates visible notes but preserves edit draft and original CAS version (0.775709ms)
✔ explicit refresh signal clears old edit draft while passive array changes do not (0.546834ms)
✔ an unauthorized note read clears private note bodies and the draft (1.852ms)
✔ a transient note read failure keeps the notes already shown (10.867708ms)
✔ an unauthorized note read signals the global logout once; a transient failure does not (12.271709ms)
✔ non-privacy writer: own notes keep Edit and Delete on a fresh mount, others' notes do not (1.122041ms)
✔ notes forbidden/not_found signals scope loss exactly once per mount, never on transient failure (17.104209ms)
✔ bad path/store/method/query/header is refused without authority or backend calls (54.278834ms)
✔ the actual proxy admits a tagged customer list with scoped search/cursor and rejects malformed tag authority (2.825792ms)
✔ signed-out/cross-store/Origin-CSRF denials short circuit before body or forwarding (0.55225ms)
✔ closed bodies and DELETE payloads cannot reach Go (1.064292ms)
✔ all write methods preserve exact key/body/store and private success status (1.404167ms)
✔ note pagination preserved and hostile backend errors/bodies sanitized (3.719708ms)
✔ a catalogue forbidden or not_found asks the parent to re-run its guarded reads, with no logout (156.242208ms)
✔ transient catalogue failures stay local; unauthorized logs out but is not a scope loss (97.902084ms)
✔ after a tag write the manager stays mounted: the catalogue refreshes in place, never reloads (32.557ms)
✔ a manager-reported scope loss reloads the customer list and catalogue guarded reads (14.920666ms)
✔ CustomerDetail forwards a scope-lost signal to the guarded read once per page (17.571833ms)
✔ badges are escaped server tag facts with human-readable names (4.290917ms)
✔ actual customer notes render privacy notice, safe content, author fallback and read-only permissions (13.190708ms)
✔ unknown permissions and erased customer never offer note mutations (1.019916ms)
✔ write-only notes permit add but not edit/delete of notes the server does not mark own; privacy permission permits both (1.54125ms)
✔ manager trigger and all three localized buyer-export notices render through actual components (2.070708ms)
✔ UNKNOWN survives settled unauthorized retry until trusted success; fresh run ignored (1.930167ms)
✔ UNKNOWN survives settled forbidden retry until trusted success; fresh run ignored (0.54675ms)
✔ UNKNOWN survives settled version_changed retry until trusted success; fresh run ignored (0.7925ms)
✔ first-attempt preflight refusal is settled and permits a fresh action (0.494625ms)
✔ UNKNOWN and in-flight retries prevent duplicate dispatch; unmount discards stale outcome (0.5055ms)
✔ an unauthorized write signals the global logout; forbidden does not (0.755542ms)
✔ UNKNOWN command survives unmount/remount: still locked, same-key retry, cleared by trusted success (0.422417ms)
✔ a command unmounted while in flight is treated as UNKNOWN on remount (0.332125ms)
✔ a session boundary change drops the remembered UNKNOWN command (1.471167ms)
✔ a guarded read that ends signed-out signals the global logout once (31.861583ms)
✔ forbidden/unavailable failures and a successful read signal no logout (6.635667ms)
✔ refresh ending signed-out clears the view, blocks and signals the global logout once (5.687333ms)
✔ refresh ending forbidden or not-found clears the data without a logout (7.723334ms)
✔ a transient refresh failure keeps the ready view and signals nothing (6.59025ms)
✔ exactly the eight report GETs are admitted; every other method or path is refused (0.619375ms)
✔ report reads: query required, no body, no key, no transfer-encoding (61.877166ms)
✔ from/to: exactly once each, calendar-valid days, 0..91 apart (0.378ms)
✔ session_id: only on the funnel (json and csv), a canonical uuid, once (0.316917ms)
✔ parseProductReport: echoed range/zone, <=1000 rows sorted by net desc, net = captured - refunded (3.756916ms)
✔ parseChannelReport: closed vocabulary order, money per environment strictly ascending, I05 inside every bucket (0.437334ms)
✔ parseFunnelReport: nested counts, session echo, ordered_without_link bound (0.2615ms)
✔ parseManualReport: nullable principal/session ids, bucketed money like channels (0.173417ms)
✔ reports copy: three locales, identical key sets, the integrator's ruled money annotation verbatim (0.178625ms)
✔ Reports.tsx: four tabs, CSV per tab, ruled annotation, CSS/SVG charts only (no new dependencies) (1.290208ms)
✔ report CSV closed headers use actual Go slug, echoed dates and private no-store (0.363875ms)
✔ report response projection rejects unknown keys, mismatched range and non-private responses (1.358667ms)
✔ manual buckets follow Go's uncapped row count rather than a made-up 500-row limit (2.304917ms)
✔ display sorts only inside currency/environment groups, never sums money or mutates server rows (16.533875ms)
✔ page report query accepts exactly the four report names and defaults to products (0.576208ms)
✔ actual product table renders offline separately, both modes, no UUID copy and sortable headers (16.023334ms)
✔ actual channel chart exposes exact numbers and both money modes using SVG (0.811084ms)
✔ actual funnel has four stages, nested widths and truthful zero-denominator text (1.174709ms)
✔ manual table resolves authorized labels, has honest fallback, and never presents UUIDs (2.90775ms)
✔ all report views render localized empty states (1.875542ms)
✔ actual BFF refuses malformed query, unknown store/session, disabled auth and missing CSV fences before Go (108.87275ms)
✔ actual BFF closed JSON projection and CSV scope/query preserve trusted token; no forwarded client authority (84.475958ms)
✔ actual BFF permission and malformed CSV response fences do not masquerade as a download (28.331625ms)
✔ audited browser GET accepts same-origin Fetch Metadata plus CSRF, never cross-site or forwarded Host (52.294125ms)
✔ actual CSV client preflight sends nothing after session change, and a lost audit response is uncertain with no retry (16.5325ms)
✔ actual CSV client refuses stale-session bytes and downloads only a closed private response (7.18475ms)
✔ report leaf gives the actual trusted fetch 65 seconds, rejects redirects and forwards only server bearer (11.582459ms)
✔ incoming request cancellation aborts the real report fetch once, returns safe unavailable and never retries (12.1915ms)
✔ CSV final synchronous fence conceals bytes when cancellation, hide or cookie rotation happens inside final await (20.393125ms)
✔ CSV end-to-end deadline covers store lookup and report budget; aborted preflight sends no audited request (12.273042ms)
✔ an uncertain export stays locked for its scope after another scope's export (5.389125ms)
✔ an uncertain export scope persists per store in tab storage and re-locks a fresh render (37.122959ms)
✔ unavailable tab storage fails closed to the in-memory lock without throwing (6.012208ms)
✔ export lock is stored before dispatch; refused/delivered outcomes release it, uncertain and cut-short keep it (56.348375ms)
✔ releasing one scope keeps the other uncertain scopes of the store (10.910833ms)
✔ export is refused and nothing is dispatched when the lock cannot be saved (denied, full or no storage) (7.038167ms)
✔ copy for an unsaved export lock exists in every locale (0.101084ms)
✔ product sort query parses strictly and defaults to net_minor descending (0.192125ms)
✔ legacy-store permission probe: forbidden/not-found/signed-out fail the read closed, transient falls back (27.098666ms)
✔ channel and funnel data retain their applied dates while draft dates wait for Show (110.7805ms)
✔ an uncertain export lock is bound to the session boundary, so a different user does not inherit it (26.800791ms)
✔ Finance landing links to reports under the same canSeeReports rule (14.1335ms)
✔ selected tag survives searches and cursor pagination while an empty filter is omitted (41.951542ms)
✔ customer list dispatch preserves legacy requests and sends every tag query to the closed W6 authority (483.729791ms)
✔ customers reports link is hidden only when permissions are present and lack orders:read (0.461333ms)
✔ reports are a finance subpage and preserve the existing single finance navigation entry (0.2225ms)
✔ an authoritative erased customer immediately unmounts the cached private tags/notes subtree (27.962375ms)
✔ the actual customer row shows manual tags and imported status without changing consent (8.019542ms)
✔ P1 actual tag DELETE accepts an empty Next-style stream without JSON MIME (581.859ms)
✔ P1 actual note DELETE accepts an empty Next-style stream without JSON MIME (7.295334ms)
✔ P1 body-carrying tag writes still require JSON MIME through the real BFF (0.595125ms)
✔ P2 customer bare/encoded tag keys are invalid422 through the actual leaf before any backend (4.722333ms)
✔ P2 report products real session/CSRF response is private and Vary Cookie (2.824292ms)
✔ P2 report products.csv real session/CSRF response is private and Vary Cookie (1.970083ms)
✔ P2 report malformed query and wrong CSRF are rejected by actual helpers before upstream (1.072875ms)
ℹ tests 118
ℹ suites 0
ℹ pass 118
ℹ fail 0
ℹ cancelled 0
ℹ skipped 0
ℹ todo 0
ℹ duration_ms 1505.838125
✔ real coded errors retain baseline classification and normalize import leaf cache to private,no-store (56.102417ms)
✔ preflight missing CSRF is definite and sends nothing; actual route CSRF and session refusals stay definite (7.06475ms)
✔ actual route uses real cookies/store membership and method/error envelopes, no helper substitutions (3.810833ms)
✔ actual client/route preserves original Blob bytes, trusted transport and privacy projection on200/409 (3.538583ms)
✔ success or stale preview must remain private; malformed/unknown/mismatched coded errors are uncertain after commit (6.751916ms)
✔ lost/unreadable/session-changed dispatched commit remains UNKNOWN; no automatic retry (2.079958ms)
✔ actual failed-only result route strips IDs and real final session/cancel fence exposes no download (3.240792ms)
✔ actual route refuses unknown resource/query and duplicate session cookies before any upstream call (0.364166ms)
✔ actual route incoming cancellation aborts one dispatched transport and preserves client UNKNOWN (1.163667ms)
✔ real coded error cache may not be public, and closed payload may not acquire data-bearing fields (1.417ms)
✔ copy still exposes specific merchant field reasons across three locales (5.084ms)
✔ all real local and upstream import refusals including HEAD/unsupported are exact private,no-store (1.161542ms)
✔ fresh mismatched receipt stays UNKNOWN, exact manual replay mismatch becomes terminal without a third send (1.485792ms)
✔ terminal is impossible for malformed replay receipts or matching replayed counts (0.809375ms)
✔ Big5 bytes pass unchanged to upstream and real422 import envelope surfaces encoding_not_utf8 (0.589125ms)
✔ oversize file uses the actual header guard and specific size guidance in all locales without dispatch (30.144167ms)
✔ commit uses the original requested mapping, including an empty optional field, not resolved preview metadata (7.949667ms)
✔ an UNKNOWN commit remains locked through a later forbidden retry and only explicit same-file success unlocks (38.740625ms)
✔ leaving during a dispatched commit drops its payload and keeps an unconfirmed boolean without replay (2.435625ms)
✔ a definite first preflight refusal clears pending before sign-out and does not invent an unconfirmed import (4.340084ms)
✔ a replayed mismatched receipt ends UNKNOWN without offering another retry or unlocking historical orders (4.872375ms)
✔ real cookie and CSRF helpers generate and validate the actual host-cookie pair (1.250292ms)
✔ exact route rejects methods/keys/body/query/scope before any upstream request using real localError (3.393542ms)
✔ missing/duplicate session cookies reject and real clearAuthCookies expires session and CSRF (0.440125ms)
✔ actual authenticatedStores denies a store absent from the server projection (2.069375ms)
✔ private success routes server cookie token and exact canonical after, never caller bearer/cookie to Go (1.744625ms)
✔ actual safeError/localError preserve coded status with no-store and redact upstream diagnostics (0.982208ms)
✔ actual readBody and strict projection refuse MIME/oversize/extra private fields/city; network loss stays private (1.574791ms)
✔ actual client issues GET50/after through real route/private successful projection (11.529166ms)
✔ actual helper-issued browser fence rejects changed parent before dispatch (0.783667ms)
✔ private success from real route is discarded when the browser session changes during upstream read (1.164375ms)
✔ real localError no-store 401/403/404/503 preserves correct read category with no retry (2.554208ms)
✔ malformed sensitive backend projection becomes real unavailable, never a fake BFF success (0.588875ms)
✔ strict archive rows decode external order text, safe minor units and public keys (18.976375ms)
✔ PII-shaped city and extra sensitive fields never pass the safe projection (0.325583ms)
✔ all canonical Go cities pass; malformed types/bounds/order/time/money/cursor fail (3.791583ms)
✔ read grammar is exact limit/after, not the stale brief's cursor name (17.511958ms)
✔ three locales retain truthful history-not-revenue basis and copy parity (0.55ms)
✔ SSR renders actual safe rows, shared money/time, total count and read-only three-locale basis (31.135792ms)
✔ SSR distinguishes empty archive, 403, session loss and unavailable without stale rows/count (6.397708ms)
✔ actual pagination callbacks use opaque trail; double click cannot skip; refresh/scope reset page1 (3.088334ms)
✔ the static import subpage wins over customer detail and leaves the single customers nav intact (0.396583ms)
✔ the actual list offers import only to privacy holders and carries the current authorized store (422.238167ms)
✔ the actual detail mounts archive only for an active imported customer and passes its fenced identity (89.223167ms)
✔ MIUI-READY-VISIBLE-STORE actual signed helper waits on the visible selector and retains cookie/wizard assertions (351.352375ms)
✔ MIUI-READY-DENIED read-only staff reaches the real shell refusal instead of waiting for a private wizard (22.914833ms)
✔ failure verdicts precede successful rows, by source row number, without mutating the input (0.580625ms)
✔ the failure download contains only failed row metadata, with no source cell or success identifier (0.197959ms)
✔ reads quoted/BOM header only, without decoding malformed bytes from data rows (11.490958ms)
✔ guess only unique metadata aliases with explicit unmapped values (0.275917ms)
✔ shared dynamic leaf admits only exact import methods/actions and bounded mapping/count (71.925666ms)
✔ failed CSV emits only row/outcome/code, refusing any unexpected identifier or raw cell (0.220541ms)
✔ raw-byte cap does not decode/rebuild uploads and cancels oversized chunks (17.650208ms)
✔ backend privacy projection strips all source IDs on successful and failed rows (5.270792ms)
✔ closed preview parser refuses data-bearing rows, unknown keys and inconsistent counts (0.376208ms)
✔ order preview counts units while first CSV record numbers can exceed rows_total (0.087542ms)
✔ commit receipt has exactly five keys and no extra customer cells (0.115625ms)
ℹ tests 57
ℹ suites 0
ℹ pass 57
ℹ fail 0
ℹ cancelled 0
ℹ skipped 0
ℹ todo 0
ℹ duration_ms 958.90975
✔ G-UI8 storefront pages and the sweep's STOREFRONT_ROUTES are the same set (1.291083ms)
✔ parseShard: i/N, empty means unsharded, anything malformed throws (0.265334ms)
✔ assignShards: deterministic, every key owned once, near-balanced (LPT bound) (1.442334ms)
✔ planClick: for every N the shards partition the whole universe (every registry route x variant, storefront walk, journey) (1.823792ms)
✔ planClick at N=10 keeps every shard within ~1.3x of the mean planned cost (0.15175ms)
✔ aggregate click: honest shards pass for several N (2.77225ms)
✔ aggregate click: a missing shard, a dropped page row, a lost journey, a failing row, a stale known defect and a missing platform marker are each a failure (3.651167ms)
✔ aggregate click: a route added to the registry after the shards ran cannot pass (the registry is re-read) (0.391167ms)
✔ aggregate visual: honest shards pass; a missing shard, a missing shot, a blocking verdict and a registry route outside the universe each fail (5.334708ms)
✔ artifact discovery finds nested run evidence and retains platform marker refusal (3.411375ms)
ℹ tests 10
ℹ suites 0
ℹ pass 10
ℹ fail 0
ℹ cancelled 0
ℹ skipped 0
ℹ todo 0
ℹ duration_ms 97.6655
ci-plan: 10 job(s); click-sweep x10 (aggregate)
  --browser-click-sweep@1/10  -> artifact gate-browser-click-sweep_1_10
  --browser-click-sweep@2/10  -> artifact gate-browser-click-sweep_2_10
  --browser-click-sweep@3/10  -> artifact gate-browser-click-sweep_3_10
  --browser-click-sweep@4/10  -> artifact gate-browser-click-sweep_4_10
  --browser-click-sweep@5/10  -> artifact gate-browser-click-sweep_5_10
  --browser-click-sweep@6/10  -> artifact gate-browser-click-sweep_6_10
  --browser-click-sweep@7/10  -> artifact gate-browser-click-sweep_7_10
  --browser-click-sweep@8/10  -> artifact gate-browser-click-sweep_8_10
  --browser-click-sweep@9/10  -> artifact gate-browser-click-sweep_9_10
  --browser-click-sweep@10/10  -> artifact gate-browser-click-sweep_10_10
✔ the full sweep and the full visual lint fan out into every shard and ask for the aggregate (2.400125ms)
✔ foundation-shards = the unit shard + every plan group; the serial `foundation` mode is untouched (3.538709ms)
✔ an explicit shard re-run (or a partial list) never claims the whole-run aggregate (0.711958ms)
✔ duplicates collapse, artifact names are safe and unique, bad input is refused (3.044333ms)
✔ main writes matrix / sweep_n / visual_n to GITHUB_OUTPUT (1.94ms)
✔ mode discovery has no Docker/build dependency and includes the existing universe (53.832584ms)
✔ dry-run resolves a mode without executing dependencies and keeps its command environment (90.703417ms)
✔ one appended case is discovered and dispatched; malformed and duplicate registry entries fail closed (69.560417ms)
✔ registry discovery cannot silently lose indented, aliased or unrecognised Bash case arms (6.742625ms)
✔ an automatic port stolen after reservation retries and reaches the owned listener (130.104375ms)
✔ the exact old publish-gate startNext fails on the same forced real port handoff (88.523167ms)
✔ a caller-specified occupied port fails without allocation or retry (45.608542ms)
✔ a non-bind startup crash is not retried (34.164625ms)
✔ persistent automatic bind collisions stop after three total launches (124.569958ms)
✔ a readiness rejection while the child is alive preserves the original error and never retries (41.53325ms)
✔ a failure before spawning is not retried (0.55625ms)
✔ ready admin registration uses the authenticated Go fixture seam once, with no restart on a lost acknowledgement (8.336166ms)
✔ all eleven gate adapters preserve original assertions, readiness loops, spawn and environment statements (262.202667ms)
✔ ordinary and sharded browser jobs require only Chromium; default mixed modes keep WebKit (6.398292ms)
✔ explicit WebKit calibration takes the union without dropping Chromium (1.679917ms)
✔ every current browser arm declares requirements; unknown or missing declarations fail closed (32.124583ms)
✔ coverage assertion derives mixed Go roots and catches a new mode reusing them (99.507375ms)
✔ installer retries transient dependency failure at most three times under root timeouts (2463.752ms)
✔ persistent dependency failure stops after three attempts and never downloads browsers (3308.4825ms)
✔ mixed engine installer preserves both dependencies and both binaries; first success needs no retry (1850.348625ms)
✔ invalid browser set cannot invoke dependency installer or browser downloads (378.059375ms)
✔ dependency CLI resolves from the directly declared package in the frozen pnpm installation (1968.666ms)
✔ workflow keeps the overall fifteen-minute bound and partitions cache by planned engine set (3.133458ms)
✔ backend-only paths run foundation-shards only (1.750125ms)
✔ node tests of deploy scripts and of the CI planner are backend-only (they cannot change a browser) (1.997ms)
✔ a UI path adds the whole browser set, including click-sweep and visual-lint (9.983667ms)
✔ docs-only and output-only diffs keep the single required check (foundation-shards) (0.608375ms)
✔ legacy browser_* paths still select all browsers; a known untagged foundation file stays backend-only (0.805208ms)
✔ legacy deploy prefixes remain selected and unrelated paths do not select smoke (2.909958ms)
✔ the browser set is release-gate's browser-mode universe minus the documented exclusions (85.880958ms)
✔ every real browser-tagged foundation file selects registry browser modes, including non-browser names (103.760917ms)
✔ tagged runner discovery follows registry additions, command arrays and line continuations (2.374125ms)
✔ deploy smoke is selected for its workflow, verdict/helpers and executable test inputs (3.174292ms)
✔ new selection never drops legacy modes or deploy for any tracked path (581.864292ms)
✔ CLI classifies merge-base and explicit head, including removed tags, deleted files and renames (650.812916ms)
✔ CLI selects modes the base added after divergence when the checkout is the PR merge (PR #22 review P1) (310.570458ms)
✔ CLI reads the merge checkout's source when the base adds a browser tag after the fork (PR #22 review P1) (559.820625ms)
✔ CLI explicit head and stdin include tags outside the checkout and uncommitted tag removals (294.889083ms)
✔ compound/legacy tags and unknown source are conservative; known untagged source stays backend-only (3.805708ms)
✔ explicit-head CLI derives tagged runner modes from that head's real registry (241.26675ms)
✔ real Git CLI preserves legacy selection: quotePath=true, "架构.md" (323.747958ms)
✔ real Git CLI preserves legacy selection: quotePath=true, "internal/示例.go" (407.365667ms)
✔ real Git CLI preserves legacy selection: quotePath=true, "tests/foundation/plain\tname_test.go" (630.061333ms)
✔ real Git CLI preserves legacy selection: quotePath=true, " deploy/scripts/synthetic-smoke.sh" (317.26725ms)
✔ real Git CLI preserves legacy selection: quotePath=false, "架构.md" (285.632625ms)
✔ real Git CLI preserves legacy selection: quotePath=false, "internal/示例.go" (356.401209ms)
✔ real Git CLI preserves legacy selection: quotePath=false, "tests/foundation/plain\tname_test.go" (388.022709ms)
✔ real Git CLI preserves legacy selection: quotePath=false, " deploy/scripts/synthetic-smoke.sh" (321.56ms)
✔ stdin unions legacy trimming without trimming the source lookup path (222.937542ms)
✔ parser: only compiled, correctly-shaped Test functions of untagged _test.go files (2.275625ms)
✔ the real plan: every top-level test of tests/foundation runs in exactly one group (814.265458ms)
✔ a new test (in no list) still runs, exactly once, in the catch-all group; the same name with no catch-all is red (1406.557041ms)
✔ a test listed in two groups is red; drift beyond the limit is red (1558.09975ms)
✔ regexes: anchored explicit lists; the catch-all skips exactly everyone else's tests (1.351958ms)
✔ pack: deterministic, balanced to within the longest test, every name once (12.471833ms)
✔ parseDurations: top-level lines only (0.466708ms)
ℹ tests 61
ℹ suites 0
ℹ pass 61
ℹ fail 0
ℹ cancelled 0
ℹ skipped 0
ℹ todo 0
ℹ duration_ms 10379.511959
✔ PR18 real BFF preserves invalid_ref and cursor errors without upstream retry (51.139375ms)
✔ PR18 valid A2 Unicode/escaped pages exceed 1 MiB but A8 cap stays unchanged (220.714959ms)
✔ K3 comment-only no_source cannot widen the existing inbox error seam (2.844167ms)
✔ LC-U2a real BFF seam A2-A5 exact grammar, privacy, denial and no diagnostic reflection (9.171083ms)
✔ A8/A9/A13 and published templates: exact reads forward once with no-store (4.6285ms)
✔ real streamed POST bodies: A10-A14 exact keys reach upstream (13.020125ms)
✔ query, read headers, methods and body allowlists refuse before upstream (22.012375ms)
✔ session, CSRF and store authority precede content forwarding (6.795834ms)
✔ A12 fixed codes preserved; arbitrary upstream diagnostics stripped (10.545625ms)
✔ client preserves codes and receipt; changed/aborted session cannot publish private response (11.081333ms)
✔ A9 admits a full page of valid Unicode replies while bounding private response bytes (11.095375ms)
✔ non-JSON upstream 401 still expires both authentication cookies without diagnostic leakage (2.398792ms)
✔ real M7 response keeps no-referrer after matching Next production header rules (22.906417ms)
✔ three unit languages cover identical fixed labels and delivery states (4.111625ms)
✔ hiding aborts requests and rejects late responses, even after reveal (1.995417ms)
✔ switching selection invalidates both reads and write completions (0.25225ms)
✔ owner and explicit inbox permissions only; viewer fails closed (0.199167ms)
✔ Messenger counts Unicode codepoints; Instagram counts NFC UTF8 bytes (3.867125ms)
✔ uncertain transport retries retain the exact submission; definitive conflicts retire it (0.775459ms)
✔ privacy calibration cannot activate with production origin or ordinary caller env (0.1805ms)
✔ late focus/pageshow while native document remains hidden cannot reveal requests (0.107ms)
✔ terminal navigation revocation cannot be undone by focus or refresh until a new page fence (0.059792ms)
✔ a ticket from another store/page fence is never accepted (0.042167ms)
✔ focus while already visible preserves the active epoch and the uncertain reply receipt (0.091291ms)
ℹ tests 24
ℹ suites 0
ℹ pass 24
ℹ fail 0
ℹ cancelled 0
ℹ skipped 0
ℹ todo 0
ℹ duration_ms 777.093625
✔ installed APIRequestContext cookie rules exclude Secure cookie from HTTP127 but retain HTTPS/localhost (0.509667ms)
✔ actual INU02 cross uses browser auth and retains exact 404/DM absence (65.279166ms)
✔ actual INU02 cross still rejects wrong authority 401 (9.083917ms)
✔ actual INU02 cross still rejects wrong authority 200 (3.342375ms)
✔ actual INU02 cross still rejects DM in denied response (2.744459ms)
✔ actual INU02 denied uses browser auth and retains exact 403/DM absence (3.10025ms)
✔ actual INU02 denied still rejects wrong authority 401 (4.144667ms)
✔ actual INU02 denied still rejects wrong authority 200 (1.369542ms)
✔ actual INU02 denied still rejects DM in denied response (4.226792ms)
✔ actual login settles /en and fixture store (real switch, scoped=false) (542.281791ms)
✔ actual login settles /en and fixture store (real switch, scoped=true) (226.1305ms)
✔ actual login settles /en/inventory and fixture store (real switch, scoped=false) (19.132083ms)
✔ actual login settles /en/inventory and fixture store (real switch, scoped=true) (7.584042ms)
✔ actual login settles /en/messages and fixture store (real switch, scoped=false) (9.173833ms)
✔ actual login settles /en/messages and fixture store (real switch, scoped=true) (96.839875ms)
✔ actual login settles /en and fixture store (already selected, scoped=false) (1.729375ms)
✔ actual login settles /en and fixture store (already selected, scoped=true) (1.603667ms)
✔ actual login settles /en/inventory and fixture store (already selected, scoped=false) (2.161333ms)
✔ actual login settles /en/inventory and fixture store (already selected, scoped=true) (9.503583ms)
✔ actual login settles /en/messages and fixture store (already selected, scoped=false) (1.805ms)
✔ actual login settles /en/messages and fixture store (already selected, scoped=true) (1.218666ms)
✔ bundle fixture uses real claim commands and mounts existing M6/M7 without issuing early (0.917083ms)
✔ sensitive bundle scenario clicks native clipboard with trace/video disabled and no token body reads (0.202917ms)
✔ persisted link and token-free command receipt are compared without disclosing credentials (0.344541ms)
✔ actual clipboard evaluator exports only safe summary and detects malformed or retained synthetic credentials (1907.197208ms)
✔ claim-window fixture isolates recovery after the current migration permits multiple OPEN windows (6.109958ms)
✔ ordinary Playwright diagnostics still capture failed-page ARIA when private guard is absent (0.680667ms)
✔ sensitive worker lifecycle prevents actual installed snapshot capture without masking the failure (62.078833ms)
✔ worker restores prior environment even when use rejects (absent) (32.654042ms)
✔ worker restores prior environment even when use rejects (empty) (29.935084ms)
✔ worker restores prior environment even when use rejects (existing-policy) (2.614833ms)
✔ fixture is worker-auto and module collection does not suppress ordinary diagnostics (177.443375ms)
✔ ordinary matcher ARIA context bypasses fallback flag and remains in actual installed diagnostics (2.43475ms)
✔ private test teardown removes only matcher page context while preserving failure (failed status) (4.829375ms)
✔ private test teardown removes only matcher page context while preserving failure (rejected use) (1.615709ms)
✔ matcher guard is test-auto without replacing the installed artifact auto fixture (4.217333ms)
✔ real Playwright --list collects each original INU case and isolated INU09 exactly once (3785.409958ms)
✔ A real Inbox selection admits Go A9 attachments null without losing thread (81.56525ms)
✔ A real Inbox selection admits Go A9 attachments empty array without losing thread (13.029667ms)
✔ A malformed non-array A9 attachments is refused without painting DM or crashing selected entry (3.713208ms)
✔ C A8 HTTP200 empty list is ordinary data with no alert, selection or focus request storm (2.34575ms)
✔ C A8 list404 is scoped inbox unavailable in en, never an empty list or conversation denial (1.149042ms)
✔ C A8 list404 is scoped inbox unavailable in zh-TW, never an empty list or conversation denial (1.081375ms)
✔ C A8 list404 is scoped inbox unavailable in zh-CN, never an empty list or conversation denial (0.9545ms)
✔ C click-sweep Go harness mounts existing Inbox/templates services (STRUCTURE_ONLY, Go NOT_RUN) (1.501083ms)
✔ C click-sweep includes actual-router owner200 empty inbox assertion (STRUCTURE_ONLY, Go NOT_RUN) (0.418583ms)
✔ inbox evidence is covered by the CI upload root (4.193375ms)
✔ failed Playwright closes its log and emits sanitized diagnostics before Fatalf (0.1365ms)
✔ failure diagnostics match INU cases/counts without admitting private text (2.611375ms)
✔ INU04 delayed handler 1 signals completion when fulfillment rejects (159.71225ms)
✔ INU04 delayed handler 2 signals completion when fulfillment rejects (68.494084ms)
✔ recoveryDone waits for actual held M7 completion in zh-TW (187.553125ms)
✔ recoveryDone waits for actual held M7 completion in zh-CN (3.122625ms)
✔ recoveryDone waits for actual held M7 completion in en (4.031208ms)
✔ review2 P1 bundle-only row opens real A13 and issues existing M7 claim link to clipboard (201.021417ms)
✔ review2 P1 clipboard denial recopy reuses cached issued URL without another M7 POST (10.627458ms)
✔ review2 P1 lost M7 ACK retries exact receipt and null replay token never mints a fresh key (13.154041ms)
✔ review2 P1 missing CSRF before cached recopy cannot copy or issue again (5.1455ms)
✔ review2 P1 missing CSRF before uncertain retry rejects preserved receipt dispatch (5.183333ms)
✔ review2 P1 late issued-link completion after hide cannot write clipboard (3.358125ms)
✔ review2 P1 late issued-link completion after selection cannot write clipboard (3.329584ms)
✔ review2 P1 late issued-link completion after unmount cannot write clipboard (2.543667ms)
✔ review2 P1 late issued-link completion after logout cannot write clipboard (4.651125ms)
✔ review2 P1 claim-link issuance denied without both live read/manage (inbox:read,live:read) (1.869458ms)
✔ review2 P1 claim-link issuance denied without both live read/manage (inbox:read,live:manage) (1.586541ms)
✔ review2 P1 missing authoritative recovery identity never guesses generation {"missingSession":true} (2.280875ms)
✔ review2 P1 missing authoritative recovery identity never guesses generation {"noBundle":true} (2.535125ms)
✔ review2 P2 exactly one matching binding uses named DM hard gate ok (7.699959ms)
✔ review2 P2 exactly one matching binding uses named DM hard gate review_required (1.685708ms)
✔ review2 P2 exactly one matching binding uses named DM hard gate missing_permission (0.749834ms)
✔ review2 P2 multiple same-provider bindings advisory only (dm_session:ok,dm_session:missing_permission) (0.772ms)
✔ review2 P2 multiple same-provider bindings advisory only (dm_session:missing_permission,dm_session:reauth_required) (1.412167ms)
✔ review2 P2 multiple same-provider bindings advisory only (dm_session:ok,read_comment:missing_permission) (1.8865ms)
✔ review2 P2 multiple same-provider bindings advisory only (dm_session:review_required,dm_session:ok) (4.866292ms)
✔ review2 P2 actual scoped A12 409 capability refusal remains visible after advisory submit (6.260083ms)
✔ review2 P2 missing health and single binding without named DM remain disabled (9.699375ms)
✔ review2 P2 expired cached issued link cannot be recopied or silently reissued (11.41725ms)
✔ P1-1 actual visible focus preserves pending ticket, selection, revision and real retry receipt (3.227417ms)
✔ P1-1 actual unchanged-session pageshow checks without clearing; changed-session focus expires (1.74775ms)
✔ P1-1 actual hide/reveal clears and requests fresh revision, never accepts obsolete completion (1.369584ms)
✔ P1-1 changed-session visible focus expires even with a pending request (0.318834ms)
✔ P1-2 actual A9 refresh 404 removes rendered DM and unsent draft (71.115125ms)
✔ P1-2 actual send-finally A9 404 removes DM, draft and uncertain immutable receipt (7.870459ms)
✔ actual uncertain send still retains exact receipt when A9 authority remains (0ms post-send A9) (51.268875ms)
✔ actual uncertain send still retains exact receipt when A9 authority remains (50ms post-send A9) (131.369583ms)
✔ actual A9 stale held completion cannot paint after component cleanup (1.780541ms)
✔ P2 actual A14 404 clears buyer facts and customer draft (explicit future-version MOCK) (6.54475ms)
✔ safe authority errors remain the actual InboxError transport class (0.248ms)
✔ actual current A13 without version keeps A14 disabled; future MOCK grants no backend claim (0.993167ms)
✔ P1-2 actual A11 takeover write 404 clears private state despite failing follow-up A9 (2.615375ms)
✔ P1-2 actual A12 send write 404 clears private state despite failing follow-up A9 (1.395666ms)
✔ A13 server orders omission remains distinct from authorized omitted data (1.235708ms)
✔ A13 server orders omission remains distinct from authorized empty data (1.00625ms)
✔ A13 server orders omission remains distinct from authorized populated data (2.544959ms)
✔ PR18 host digest hardening sync-throw (363.33275ms)
✔ PR18 host digest hardening never-settles (6510.633791ms)
✔ actual shell-store-selector captures selection before synchronous privacy teardown (allowed=true) (35.500417ms)
✔ actual shell-store-selector captures selection before synchronous privacy teardown (allowed=false) (1.796375ms)
✔ actual locale-switch captures selection before synchronous privacy teardown (allowed=true) (4.804417ms)
✔ actual locale-switch captures selection before synchronous privacy teardown (allowed=false) (1.782416ms)
✔ persisted A9 UNKNOWN after page entry warns and blocks the real composer in en (78.86975ms)
✔ persisted A9 UNKNOWN after page entry warns and blocks the real composer in zh-TW (10.513458ms)
✔ persisted A9 UNKNOWN after page entry warns and blocks the real composer in zh-CN (7.552792ms)
✔ A12 queued ACK followed by final A9 UNKNOWN overrides the local queued notice and blocks another send (17.192375ms)
✔ a captured previously enabled composer cannot bypass final UNKNOWN learned by Refresh (11.623542ms)
✔ a later A9 page omitting the known UNKNOWN is not delivery reconciliation (6.298209ms)
✔ persisted queued is not mislabeled UNKNOWN and retains ordinary composer eligibility (1.756584ms)
✔ persisted sent is not mislabeled UNKNOWN and retains ordinary composer eligibility (2.751667ms)
✔ persisted failed is not mislabeled UNKNOWN and retains ordinary composer eligibility (7.137875ms)
✔ persisted blocked is not mislabeled UNKNOWN and retains ordinary composer eligibility (1.845583ms)
✔ fresh mount refuses when an old UNKNOWN is beyond 51 newer messages (fact=true) (1.466083ms)
✔ fresh mount refuses when an old UNKNOWN is beyond 51 newer messages (fact=null) (6.464625ms)
✔ fresh mount refuses when an old UNKNOWN is beyond 51 newer messages (fact=undefined) (13.982125ms)
✔ fresh mount refuses when an old UNKNOWN is beyond 51 newer messages (fact=false) (8.102292ms)
✔ a refreshed unknown authority replaces old clear authority even for a captured composer (2.627625ms)
✔ window strict eligibility with 300001ms before hard 24h deadline (29.67175ms)
✔ window strict eligibility with 300000ms before hard 24h deadline (6.794083ms)
✔ window strict eligibility with 60000ms before hard 24h deadline (2.769958ms)
✔ window strict eligibility with 0ms before hard 24h deadline (1.718875ms)
✔ window invalid server deadline fails closed without preparing a send (1.331458ms)
✔ window captured enabled form callback cannot POST after crossing safe cutoff (2.021416ms)
✔ window deadline timer closes controls at cutoff and hard end without waiting for 15s poll (2.485042ms)
✔ quota recovery gives exact zh-TW comment-quota and DM-window instructions beside copy only (0.852792ms)
✔ quota recovery gives exact zh-CN comment-quota and DM-window instructions beside copy only (0.1825ms)
✔ quota recovery gives exact en comment-quota and DM-window instructions beside copy only (0.136667ms)
ℹ tests 125
ℹ suites 0
ℹ pass 125
ℹ fail 0
ℹ cancelled 0
ℹ skipped 0
ℹ todo 0
ℹ duration_ms 11036.747125
✔ browser evidence uses unique local runs or the selected harness parent without rewriting history (163.052666ms)
✔ browser evidence rejects labels that escape the harness directory before creating files (43.509959ms)
✔ shell isolates visual fixtures from a click ledger when caller reuses its evidence root (45.491458ms)
✔ ops disk guard allocation isolates its log and child evidence from committed history (21.180208ms)
✔ visual artifact upload selects lint/index/shots and excludes raw unrelated evidence (11.494583ms)
✔ visual reviewer discovers nested per-run artifact shots through its real copy loop (87.446291ms)
✔ explicit evidence roots inside a repository must be ignored and untracked (PR #23 review) (1027.77525ms)
✔ visual review refuses an incomplete report: every captured page needs exactly one PASS|FIX section (PR #23 review) (785.742791ms)
✔ reject quoted screenshot path (5.840333ms)
✔ reject computed writer (1.237542ms)
✔ reject renamed import (1.066834ms)
✔ reject local writer alias (0.488458ms)
✔ reject quoted reporter (0.385958ms)
✔ reject openSync write (0.756583ms)
✔ reject open write (1.135625ms)
✔ reject URL writer (1.728917ms)
✔ reject bound writer (0.254167ms)
✔ reject bound path (0.25575ms)
✔ reject direct (0.120875ms)
✔ reject alias (0.241916ms)
✔ reject split join (0.138958ms)
✔ reject template (0.353083ms)
✔ reject helper (0.38275ms)
✔ reject copy destination (0.067667ms)
✔ reject reporter (0.144708ms)
✔ reject traversal (0.081458ms)
✔ reject tracked nonoutput (0.068541ms)
✔ allow read-only open (0.630167ms)
✔ allow read-only URL open (0.312208ms)
✔ allow historical read (0.192667ms)
✔ allow copy source (0.102375ms)
✔ allow comment (0.267209ms)
✔ allow string data (0.068042ms)
✔ allow run directory (0.182625ms)
✔ Go Join aliases flag writes but not read-only history or comments (3.598875ms)
✔ producer discovery covers acceptance suites and helpers, not documentation/artifacts (0.242875ms)
✔ synthetic Go historical fixtures stay inside t.TempDir; real CopyFS destinations are audited (0.336541ms)
✔ Go OpenFile rejects create/write flags but preserves historical read-only descriptors (1.504916ms)
ℹ tests 38
ℹ suites 0
ℹ pass 38
ℹ fail 0
ℹ cancelled 0
ℹ skipped 0
ℹ todo 0
ℹ duration_ms 2287.079708
