✔ /products/{uuid} redirects permanently to the zh-TW product page (28.224625ms)
✔ non-uuid ids are 404, never redirected (6.132167ms)
✔ AT1: the locale redirect preserves the ad-click query without allowing a redirect target (0.475667ms)
✔ R10: standalone signed signals survive a missing or expired seven-day touch (20.450417ms)
✔ R10: standalone signals reject expiry, bad signature, duplicates and another host (2.540042ms)
✔ AT1 R5: browser identity survives expired touch and rolls for ninety days (1.774291ms)
✔ AT1 R5: missing ad parameters create no cookies; fbclid alone creates no touch (2.294459ms)
✔ AT1 R5: lc_ad alone updates attribution and does not replace fbc (0.545375ms)
✔ AT1: host-only first-party cookies contain no PII and read back exactly (0.400791ms)
✔ AT1: a later valid click replaces the draft but preserves the browser identifier (0.163916ms)
✔ R10: only a different fbclid replaces fbc and its first-seen timestamp (2.241125ms)
✔ AT1: malformed and ambiguous links do not overwrite a valid prior touch (1.496458ms)
✔ AT1: host and key binding reject copied cookies (0.726083ms)
✔ AT1: duplicates and tampering invalidate the entire envelope (0.757541ms)
✔ AT1: exactly seven days is valid, the next millisecond and future clicks are not (0.533542ms)
✔ catalog list query limits equal the Go v2 parser (internal/buyerhttp/catalogv2.go) (6.241ms)
✔ collection list cap equals Go maxCollectionsPerStore (2.263417ms)
✔ design caps equal internal/design/schema.go (nav, sections, pages) (2.917167ms)
✔ CVS buyer-entered store bounds and return path equal Go (internal/checkout/cvs.go, migration 0093) (4.570833ms)
✔ transfer view: closed shape and state rules mirror Go validTransferView (1.780459ms)
✔ proof body and result: five digits, positive minor amount, ISO instant (0.918125ms)
✔ minorFromText: major units with at most two decimals, never a float surprise (1.008041ms)
✔ buyer email mirror: one plain address, 254 characters at most (0.229125ms)
✔ countdown: whole hours and minutes, never negative (5.314792ms)
✔ copy: three locales carry every key and every refusal code (4.315084ms)
✔ options: a home row lists modes only with bank_transfer and then needs its window (17.426416ms)
✔ checkoutInput: a home bank_transfer body, the optional trimmed email, and every refusal before any request (1.123291ms)
✔ order: AWAITING_TRANSFER is a valid commercial state without a hold time (0.375042ms)
✔ BFF: exact transfer routes, keyed proof PUT, strict body, validated answers, no generic proxy (181.345583ms)
✔ BFF: transfer refusal codes pass through as definite 422; checkout accepts bank_transfer and a valid email only (15.273667ms)
✔ D06 order heading follows a settled transfer: never 'waiting for transfer' above a confirmed or expired one (0.243041ms)
✔ uncertain prepare blocks all mutations; changed cookie context resolves journal (168.56725ms)
✔ fully parsed local denial clears only its own pending operation (19.474459ms)
✔ malformed journal, unavailable lock and stale context fail before writes (3.476875ms)
✔ BPT05 exact handoff permits absent body/key, one fetch, no form persistence (58.655833ms)
✔ BPT05 wrong handoff form and ordinary writes fail before any fetch (3.172083ms)
✔ BPT05 unresolved cookie journal blocks handoff; lost response is one fetch without persistence (3.8915ms)
✔ SU02 refresh permits absent body/key, one fetch, no persistence (23.510625ms)
✔ SU02 refresh rejects a body, a key or a malformed path before any fetch (0.978ms)
✔ SU02 cancel permits absent body/key, one fetch, no persistence (0.362958ms)
✔ SU02 cancel rejects a body, a key or a malformed path before any fetch (0.413792ms)
✔ BPT01 exact private path, headers, body and three-locale one-fetch transport (222.598584ms)
✔ BPT02 payment routes reject untrusted path, context, headers, key and body before fetch (58.15175ms)
✔ BPT03 hostile upstream success is sanitized, never returned as payment data (48.547042ms)
✔ BPT04 every handoff failure is nonretryable, including pre-route and transport loss (5.23ms)
✔ SU02 five routes: exact upstream path, method, key, body, one fetch each (11.717167ms)
✔ SU02 refresh and cancel are keyless and pass every CSRF/context denial before fetch (4.943792ms)
✔ SU02 every handoff/refresh/cancel failure is nonretryable and sanitized (12.030083ms)
✔ SU02 hostile Stripe bodies become the sanitized 503; PAYUNi and Stripe bodies stay byte-identical (33.318334ms)
✔ SU02 prepare accepts only the two known method codes (2.638125ms)
✔ disabled and invalid configuration fail closed before private fetch (101.294167ms)
✔ private authority, cookie lifecycle and strict local denial (52.940416ms)
✔ bad host, cookie, query and method never reach private API (30.043833ms)
✔ stalled inbound POST body is canceled at its deadline without a cookie or private call (2.453833ms)
✔ R10: Begin forwards independently signed signals; browser attribution and forwarded hosts are not authority (28.965875ms)
✔ CVS BFF: exact routes, keyed open/store, keyless verify, validated answers, no generic proxy (13.974625ms)
✔ CVS BFF: contract refusal codes pass through; pay_at_pickup_limit is a definite (non-retryable) 429 (8.015625ms)
✔ failed later transport session refresh keeps an earlier observed cart eligible (537.822625ms)
✔ failed later 503 session refresh keeps an earlier observed cart eligible (91.349625ms)
✔ newer successful session supersedes a delayed valid A cart on cart (133.489083ms)
✔ newer successful session supersedes a delayed valid A cart on cart-fails (78.459542ms)
✔ newer successful session supersedes a delayed valid A cart on absent (158.663584ms)
✔ a completed same-context command fences an earlier valid cart read (161.619875ms)
✔ unmount still fences a delayed session refresh after separating issued and observed generations (23.173791ms)
✔ unmount still fences a delayed cart refresh after separating issued and observed generations (34.092125ms)
✔ round2 stale A session response cannot supersede newer refresh B or its lost-write Retry (87.0025ms)
✔ round2 stale A session response cannot supersede newer mutation B or its lost-write Retry (113.157625ms)
✔ rotated buyer context clears the prior cart on read and preserves the B receipt (124.875833ms)
✔ rotated buyer context clears the prior cart on lost-write and preserves the B receipt (59.705709ms)
✔ rotated buyer context clears the prior cart on refresh-read and preserves the B receipt (47.763208ms)
✔ lost first write keeps Retry alive: same context, same idempotency key, no second purchase (23.54075ms)
✔ fragment grammar accepts only one canonical token (1.469292ms)
✔ claim projections are closed (0.768041ms)
✔ claim token rides only its header on B1/B2 and is never echoed (101.374125ms)
✔ claim-priced cart edits send only SKU and quantity, keeping server price authority (17.008ms)
✔ direct-checkout sold-out projection is mandatory, boolean and closed (0.285209ms)
✔ claim redeem shares the purchase lock, guards recovery and never persists the token (5.211125ms)
✔ ClaimLink removal projects live-priced survivors on ready and conflict pages (465.222291ms)
✔ ClaimLink revisit checks out applied A while pending B is sold out or unavailable (10.137833ms)
✔ ClaimLink refreshes a nothing result after a second tab applied the claim (4.843958ms)
✔ ClaimLink does not navigate when a buyable claim target is absent or has changed quantity (7.86675ms)
✔ ClaimLink optional prior-order notice tolerates unreadable storage without bypassing recovery (16.202458ms)
✔ CVS01 map form: only the two ECPay e-map actions, exact fields, top-level-safe values (6.290375ms)
✔ CVS02 return path allowlist excludes /claim and anything but the checkout or product page (0.415ms)
✔ CVS03 selection projection: VERIFIED<=>pickup, REJECTED<=>reject_code, absent keys read as null (1.2425ms)
✔ CVS04 buyer-entered store answer and request body (0.956083ms)
✔ CVS05 store code table (§16.1) keeps leading zeros and per-chain lengths (0.660208ms)
✔ CVS06 recipient mirror: real-name width 4..10 (CJK=2), no digits/symbols/emoji; 09 mobile (1.768708ms)
✔ CVS07 checkout draft: name, phone and mode only; read once; corrupt/foreign shapes are dropped (0.885458ms)
✔ CVS08 return URL: only ?cvs_selection=<uuid> is accepted (0.515583ms)
✔ CVS09 buyer order projection and copy keys: nothing but PICKED_UP says picked up (0.1555ms)
✔ CVS10 error codes: field mapping, definite refusals, official links are https constants (0.682958ms)
✔ CVS11 client transport: verify is the one new keyless POST; the server refusal code rides BuyerClientError.detail (119.347125ms)
✔ every locale x page has a title, an updated line and at least one section (3.4285ms)
✔ locales share the section count and per-section body count of every page (4.094875ms)
✔ final text is only the owner-confirmed company facts (CR 81215167 name + registered address); nothing else is final (0.245083ms)
✔ a legal page is published only when every text on it is final; buyers see no link to an unpublished one (0.836041ms)
✔ data-deletion path is named in the privacy page of every locale (0.0905ms)
✔ pendingOwnerText lists exactly the texts that keep a page unpublished and is written for the owner (2.852542ms)
✔ a live (claim-origin) price replaces the catalog price and strikes it through (0.681792ms)
✔ without a live price the catalog price and its compare-at are shown unchanged (0.094417ms)
✔ a live price equal to or above the catalog price is shown as set (strike hidden by the UI guard) (0.077625ms)
✔ a live price strikes the catalog price, never the variant sale price (0.135834ms)
✔ order ref: 12 hex (dashes or spaces, any case) or a full id (0.544458ms)
✔ contact: one email or a phone of 6..20 digits (0.324667ms)
✔ body is exactly {order_ref, contact}; the answer is exactly {order_id} (0.495667ms)
✔ BFF lookup: no cookie needed, fresh token goes upstream, cookie only on 200 and it carries that same token (79.815958ms)
✔ BFF lookup: strict local denial before any private fetch (3.064125ms)
✔ copy: three locales carry every key (0.58975ms)
✔ MS4 srcset descriptors use actual decoded widths and deduplicate small renditions (1.344417ms)
✔ MS1 product rendition allowlist preserves trusted Host and never forwards buyer cookies (275.209917ms)
✔ MS2 invalid, duplicate, extra, encoded widths and non-product variants fail before fetch (8.34975ms)
✔ MS3 old-image fallback is never promoted to immutable; committed variants are cacheable (6.226792ms)
✔ TWD whole amounts show no decimals in every locale and at every magnitude (line, subtotal, total, zero) (196.210333ms)
✔ cents appear only when there are cents, then always as two digits; the minor-unit arithmetic is untouched (0.671125ms)
✔ digits come from the currency: JPY none, USD two when there are cents (7.845375ms)
✔ one formatter: no component, page or lib builds a currency Intl.NumberFormat outside lib/money.ts (81.22825ms)
✔ locale probe bounds a missing destination head with a route/device diagnostic (107.15625ms)
✔ locale probe clears its deadline when the real head promise completes (3.531667ms)
✔ warmup request interception has a precise local deadline and clears its timer (11.065167ms)
✔ warmup upstream completion has a precise local deadline and clears its timer (12.741417ms)
✔ warmup timer is cleared on upstream success and upstream rejection (2.548792ms)
✔ EARLY_HEAD route continues a missing-Referer request without resolving the English barrier (1.603459ms)
✔ fragment: exactly #o=<order id>&t=<43-char token>; anything else is null (4.288375ms)
✔ body is exactly {order_id, token, proof}; the answer is exactly the order the link named (4.583334ms)
✔ BFF link: no cookie needed, fresh token upstream, cookie only on a 200 naming the same order, link token never echoed (154.780833ms)
✔ BFF link: strict local denial before any private fetch (6.8385ms)
✔ copy: three locales, one refusal text, a retry and a lookup path (0.328208ms)
✔ BPU01 fresh payment writes exact metadata before prepare, one bodyless Take, no persistent form (283.8365ms)
✔ BPU01 lost prepare response replays original key/body only on explicit next click (1.784791ms)
✔ BPU01 lost handoff is permanently GET-only, even after a second click (12.804166ms)
✔ BPU01 storage, amount, scope and child/screen fences reject before irreversible writes (13.77875ms)
✔ BPU01 document/child loss after prepare but before Take leaves exact replay marker (4.029042ms)
✔ BPU01 malformed server handoff never submits and Take remains nonretryable (3.536625ms)
✔ BPU01 marker replacement before Take and after Take blocks release/form reuse (4.370167ms)
✔ BPU01 context replacement after prepare and after Take closes destination without form (6.018791ms)
✔ BPU01 synchronous destination refuses invalid locale before opening a window (0.375083ms)
✔ SU03 fresh Stripe pay: marker before prepare, one prepare, one handoff, navigate, URL never stored (3.83725ms)
✔ SU03 marker replay: lost prepare response replays key/body, no uncertain on PENDING view with leftover marker (5.579334ms)
✔ SU03 cross-device Continue needs no marker and never prepares (1.039208ms)
✔ SU03 marker/view matrix: PAYUNi marker on Stripe view and Stripe marker on PAYUNi view send nothing (1.2065ms)
✔ SU03 any other view renders without a POST (1.735042ms)
✔ SU03 CREATING: waits on the schedule without the lock, then hands off once when READY (15.906417ms)
✔ SU03 CREATING budget: 10 reads over 30 s, then the blank child is closed, no POST, no throw (7.887083ms)
✔ SU03 cancel_requested seen on the re-GET aborts before the handoff POST (2.117667ms)
✔ SU03 handoff outcomes: CREATING closes child, CLOSED/UNAVAILABLE/error/malformed reject; one POST each, never retried (124.490667ms)
✔ SU03 Stripe prepare errors, amount/currency mismatch and popup loss stop before any handoff (12.641167ms)
✔ SU03 two clicks make two handoff POSTs only because there were two clicks; sequential, none from reads (3.353875ms)
✔ SU03 navigate: validates again, needs an owned blank child, sets used before replace, no URL in errors (1.471833ms)
✔ SU03 refresh signal: keyless single POST, validated, throttled 1/10 s and 30 per page life, cancel never throttled (14.68525ms)
✔ SU03 signal failures are single-shot and sanitized: HTTP error, malformed body, wrong order (0.389833ms)
✔ private quote/option authority fields are required; only exact MANUAL home can checkout (3.139125ms)
✔ continue shopping advances only ordered version, clears hint, keeps SQL history authoritative (134.369708ms)
✔ lost next-cart response retries identical key/body and preserves a newer cart (3.109209ms)
✔ continuation never overwrites an already advanced cart (3.647709ms)
✔ unknown checkout blocks continuation without any business request (2.056875ms)
✔ two queued continuation clicks mutate once; stale order ID cannot clear another order (5.992709ms)
✔ CAS conflict resolves only after a newer cart is read (5.120292ms)
✔ locator removal failure retains next-cart journal and recovery survives missing locator (6.293667ms)
✔ order history summary rejects PII/unknown fields and malformed scope IDs (0.614542ms)
✔ native address validation mirrors printable Unicode, limits and phone; journal forbids PII (4.803084ms)
✔ address lost reply replays exact in-memory intent, then confirms current head (7.186458ms)
✔ address reload requires explicit new intent and exact observed CAS; stale head never auto-bumps (5.210292ms)
✔ old address receipt cannot confirm another tab's newer current head (0.616708ms)
✔ a late address CAS winner requires another explicit confirmation, not an automatic version bump (2.8495ms)
✔ checkout lost reply, queued duplicate and current GET reuse one key and one order (128.430708ms)
✔ uncertain checkout retains original journal across later 401/403/404/5xx and malformed success (5.294625ms)
✔ only a fresh definitive denial clears checkout; no order locator is invented (0.821792ms)
✔ locator storage failure after commit retains same key; reload GET failure keeps locator (3.775625ms)
✔ locator persisted but journal removal failed resumes pending receipt, not unrelated pointer (4.67425ms)
✔ unavailable storage, invalid locator and late changed context fail closed (1.785917ms)
✔ order locator readback mismatch and no-op journal removal both retain checkout recovery (5.858125ms)
✔ direct claim continuation refuses a newer ordered cart inside the purchase lock (7.577166ms)
✔ direct claim continuation keeps next-cart recovery after a conflicting clear (1.283625ms)
✔ collector projection: admitted for derived connections, absent/null for primary (0.779291ms)
✔ collector rejects identifiers, extra keys and malformed text (0.225042ms)
✔ disclosure renders the contract §5 line with all three slots substituted (0.109084ms)
✔ the disclosure line exists exactly when the hosted view returns a collector (0.081916ms)
✔ a shop or collector name with a replacement pattern is shown literally (1.111084ms)
✔ OrderPayment renders the disclosure with the view, above every pay button, through the helper only (1.719834ms)
✔ BPT03 exact valid projection and Go nanosecond UTC timestamps (4.578ms)
✔ BPT03 view rejects private fields, inconsistent state and malformed names (0.415292ms)
✔ BPT03 prepared receipt enforces exact original credit-card amount (0.24775ms)
✔ BPT03 hosted form and replay are exact, bounded and action-allowlisted (1.622375ms)
✔ SU01 Stripe views: fresh, both methods, attempt states, PAYUNi unchanged (0.486125ms)
✔ SU01 Stripe view negatives (0.554958ms)
✔ SU01 prepared amounts follow the corrected per-currency table (0.373333ms)
✔ SU01 Stripe handoff union and every redirect_url negative (0.823125ms)
✔ SU01 payment signal is exactly {order_id, scheduled:boolean} (1.175166ms)
✔ RUI01 refund summary: refunded states, pending money, absent ≡ null (0.650416ms)
✔ RUI01 refund summary negatives (0.427709ms)
✔ BPU03 neutral GET and POST return ignore every callback field and cookie (74.1915ms)
✔ primary origin: exact path/query, same host, and no URL-controlled destination (10.885375ms)
✔ GET and HEAD use trusted Host, private bounded uncached resolver and exact 301 (81.827542ms)
✔ no writes redirected; resolution failures fail closed; unknown hosts keep native 404 (3.763667ms)
✔ policy version is the frozen constant, in the customers-core D4 shape (10.219125ms)
✔ route table: exactly the four buyer privacy routes, methods and body kinds (1.308834ms)
✔ body shapes are closed and mirror the frozen Go inputs (no source, no policy_version) (0.239ms)
✔ GET privacy validator: closed shape, erased owner holds no consent (0.307667ms)
✔ consent result and erasure summary validators (0.540375ms)
✔ buyer export envelope never carries customer_id (0.21ms)
✔ failure classification: 410 and erased are the erased state (3.4635ms)
✔ copy: every locale has the same keys, the ads box discloses that sent events cannot be recalled (0.152333ms)
✔ selected option photo uses a main display slot without adding a fifth main image (1.364917ms)
✔ use-cover selection and a main-thumbnail selection restore the original main gallery (0.12275ms)
✔ cart thumbnail uses variant then catalog image_id, including when main images are absent (0.148875ms)
✔ migrated four-main/five-detail images stay separate when the option photo changes (0.166959ms)
✔ real cart-detail composition uses server SKU image_id (v2 detail available) (218.621666ms)
✔ real cart-detail composition uses server SKU image_id (v2 detail unavailable) (0.605541ms)
✔ parity: frontend caps equal the Go constants (2.221291ms)
✔ detail parser: 4 main + 20 detail + option-value images are accepted and mapped (0.88575ms)
✔ detail parser: 5 main, 21 detail, bad ids and over-cap option images are refused (0.201458ms)
✔ detail parser: a backend before product-media-v2 (no new keys) still parses with empty defaults (0.087792ms)
✔ v1 catalog row: images are main-only (<= 4) and image_id is a uuid or null (0.22375ms)
✔ PRO-S1 code mirror: any case and spaces normalise; impossible codes never become a request (1.08825ms)
✔ PRO-S2 promotion object: closed keys, kind/value pairing (0.613375ms)
✔ PRO-S3 quote validator: promotion is optional but never malformed; the discount stays the server's own number (0.830792ms)
✔ PRO-S4 journal grammar: a quote write may carry one canonical promo_code, nothing else (27.483042ms)
✔ PRO-S5 copy: three locales cover every refusal code and the same keys (0.729333ms)
✔ PRO-S6 BFF quote route: promo_code relayed untouched when canonical, refused before the private API otherwise (166.82825ms)
✔ PRO-S7 BFF: every promo_* refusal is a definite, non-retryable 422 with its own code (5.768541ms)
✔ demonstration disclosure is explicit and local-only (1.162333ms)
✔ cart selection preserves unrelated SKUs and the observed CAS version (20.599708ms)
✔ minor amounts are bounded before multiplication, including zero (0.187334ms)
✔ delivery identity includes country for one market and method (0.14225ms)
✔ journal is bound to context and rejects PII/unknown fields (0.467667ms)
✔ lost response replays exact key/body, then clears only after parsed receipt (112.470916ms)
✔ RUI02 buyer order admits MERCHANT_SHIPPED only with a SHIPPED head; absent shipment ≡ null (1.385875ms)
✔ RUI02 shipment shape negatives (incl. unsafe links) (0.850875ms)
✔ RUI02 history summary admits MERCHANT_SHIPPED (a shipped order must not break the list) (1.476333ms)
✔ CVSP01 options: CVS rows carry pickup_selection/payment_modes; unavailable rows are a separate shape (0.720625ms)
✔ CVSP02 CVS destination write: TW only, pickup_id required, empty home address; home unchanged (5.155166ms)
✔ CVSP03 checkoutInput: payment_mode only for CVS rows and only a mode the row offers (19.065625ms)
✔ COD confirmation includes expected fee, enforces collect cap and validates immutable order money (1.097792ms)
✔ CVSP04 buyer order: pay_at_pickup <=> collection_state; cvs_shipment only on a matching CVS destination (1.04025ms)
✔ CVSP05 journal accepts a CVS destination marker and a checkout body with payment_mode, nothing else (0.601083ms)
✔ validProduct accepts up to the Go photo cap and rejects one more (1.737791ms)
✔ design: garbage and hostile documents collapse to the safe default shape (7.718958ms)
✔ design: links, preview token propagation, nav resolution (0.316792ms)
✔ design: any merchant accent yields readable button text and link colour (WCAG AA) (5.1665ms)
✔ variants: resolution, disabled out-of-stock combinations, initial choice, price bounds (0.39925ms)
✔ catalog-v2 parsers accept the frozen shapes and refuse drift (7.212875ms)
✔ free-delivery progress words the hint only when a threshold exists (2.661542ms)
✔ list query: only whitelisted, canonical values survive (1.780333ms)
✔ seo: JSON-LD cannot break out of its script tag; offers reflect stock and price range (49.560959ms)
✔ seo: sitemap escapes and carries hreflang; robots refuses everything for a closed host (0.55975ms)
✔ money: whole amounts drop cents, minor digits come from the currency, filters round-trip (1.383208ms)
✔ cart line write: replaces one line, keeps the others, 0 removes, CAS version is the one shown (1.842042ms)
✔ cart problems map to buyer-facing classes without leaking transport detail (0.165417ms)
✔ checkout options accept the optional free-shipping threshold only as a positive integer or null (0.274166ms)
✔ no-image placeholder copy: exactly the locale label a photo-less card or gallery renders (0.061458ms)
✔ storefront image caps equal the Go catalog caps (internal/catalog MaxMainImages, MaxDetailImages) (10.002958ms)
✔ design text limits count code points like Go, never splitting a surrogate pair (0.591875ms)
✔ G3: same-series cards exclude the current product and never invent absent draft/foreign products (2.513209ms)
✔ G5: safety guidance exists in three languages without changing the five merchant policy approval boundaries (2.239708ms)
✔ G4: category chips omit empty collections; hidden collections absent from the public API stay absent (0.274167ms)
✔ OrderHistory renders server order instant in Taipei (45.893042ms)
✔ ClaimLink renders claim expiry in Taipei (5.406375ms)
✔ BankTransfer renders deadline and proof instant in Taipei (3.934042ms)
✔ BankTransfer proof echo labels store time in en (4.9395ms)
✔ BankTransfer proof echo labels store time in zh-TW (5.937958ms)
✔ BankTransfer proof echo labels store time in zh-CN (3.8735ms)
✔ BankTransfer input describes the device zone in en (2.97475ms)
✔ BankTransfer input describes the device zone in zh-TW (4.657208ms)
✔ BankTransfer input describes the device zone in zh-CN (3.479875ms)
✔ BankTransfer input has a generic label when Intl has no zone in en (3.50525ms)
✔ BankTransfer input has a generic label when Intl has no zone in zh-TW (3.092291ms)
✔ BankTransfer input has a generic label when Intl has no zone in zh-CN (2.786166ms)
✔ ShopFooter uses Taipei year across UTC year boundary (5.469ms)
✔ BankTransfer deadline labels store time in en (4.588417ms)
✔ BankTransfer deadline labels store time in zh-TW (3.96825ms)
✔ BankTransfer deadline labels store time in zh-CN (3.384083ms)
✔ OrderHistory states the Taipei time zone once in en (2.444334ms)
✔ OrderHistory states the Taipei time zone once in zh-TW (2.586667ms)
✔ OrderHistory states the Taipei time zone once in zh-CN (2.865584ms)
✔ dictionaries have exact parity and non-empty values (2.458917ms)
✔ locale precedence and language quality mapping (1.436209ms)
✔ localized paths preserve deep links and reject dangerous input (0.512667ms)
✔ path locale only matches a canonical first segment (44.3385ms)
✔ the four constructs render (2.029833ms)
✔ XSS payloads stay inert text (75.046375ms)
✔ fuzz: any string over a hostile alphabet renders only whitelisted tags (53.978792ms)
✔ validator mirrors the Go rules (0.587458ms)
✔ SDN1 allowlist: exactly the contract routes, per method (23.338458ms)
✔ SDN1 allowlist: traversal, case, suffix and prefix tricks never match (1.479792ms)
✔ SDN1 request shape: no query string anywhere, reads carry no body, key, length or transfer-encoding (63.40575ms)
✔ SDN1 cap: 260 KiB = Go's 256 KiB document + 4 KiB envelope, and a body of exactly the cap is still below it (0.388834ms)
✔ SDN2 renderer: every XSS payload comes out as whitelisted tags and escaped text only (25.712875ms)
✔ SDN2 renderer: escape-first means the merchant's text never becomes markup (0.628333ms)
✔ SDN2 renderer: fuzz (seeded) never produces a tag outside the whitelist (46.540833ms)
✔ SDN2 client validator rejects what the server rejects (HTML, non-https links, `<` anywhere) (0.478083ms)
✔ cleanForSave turns cleared fields into null but keeps an empty body (1.02ms)
✔ localIssues names each missing mandatory value by server path (1.501625ms)
✔ moved swaps neighbours and ignores out-of-range moves (0.241667ms)
✔ parsers accept the exact Go shapes and refuse extra or missing keys (1.654542ms)
✔ BFF allowlist covers exactly the design resources (0.276208ms)
✔ validDesignRequest refuses queries and bodies on reads, ignores other paths (132.526ms)
✔ designDetails forwards only a bounded {path, reason} pair (0.478083ms)
✔ accepts exactly the three locale invite paths with a 20-200 char token (0.656958ms)
✔ rejects anything that is not an exact same-origin relative invite path (0.121583ms)
✔ rejects percent-encoded variants of the exact shape (0.061333ms)
✔ the token is an opaque invite token shape, never a URL (0.141625ms)
✔ fragment carrier: round-trips the exact invite path, is never a query string, and rejects hostile fragments (0.234708ms)
✔ dashboard: accepts the frozen shape, rejects drift (7.019708ms)
✔ import result: strict keys, closed error codes, committed never carries errors (1.039125ms)
✔ csv file guard mirrors the Go bounds (1.328458ms)
✔ manual options: a COD home row parses with its offer (D01: the page used to refuse the whole list) (2.900167ms)
✔ manual options: only bank_transfer / pay_at_pickup / cash_on_delivery, key must equal market|country|code (0.938791ms)
✔ manual result: link is https with the order id and a 43-char capability in the fragment only (4.4585ms)
✔ draft: first problem, and the body has no price-like field at all (3.392417ms)
✔ BFF grammar: exactly the seven tools resources (0.230917ms)
✔ regenerate body/result: exactly {order_id, locale} and a fresh https link naming that order (0.680583ms)
✔ copy parity: every locale has every key, import rules and error codes (1.482833ms)
✔ callback redirect target is always a same-origin /<locale>/settings path whatever the cookies, store, code or error say (111.903125ms)
✔ the binding cookie: exactly one canonical store uuid, path-scoped to the callback, HttpOnly, Lax, 10 minutes, Secure (0.506333ms)
✔ callback query: exactly one code and one state within charset/length bounds; Meta's error=… and repeats are not forwarded (4.697208ms)
✔ the dialog URL the BFF hands the browser is https://www.facebook.com only (0.283459ms)
✔ callback error mapping only ever yields fixed codes, never an upstream message (0.318ms)
✔ selected Page qualifies only a bare Facebook id, never rewrites another Page or external URL (1.469292ms)
✔ status: not connected, connected with and without Instagram, and every deviation throws (3.476125ms)
✔ pick state: closed shape, optional Instagram keys come as a pair, id must match (46.635ms)
✔ route grammar: only status/states/pick/disconnect; start and callback are dedicated routes; no query; reads carry no body or key (169.314208ms)
✔ connect cookie, body and callback redirect never carry code/state and only fixed codes (0.357292ms)
✔ copy: three locales have the same keys and every Go error code has a message (0.107625ms)
✔ review-required remains restricted; evidence does not promote state (1.632875ms)
✔ legacy omission remains unidentified, independent of array order (0.520417ms)
✔ closed shapes reject unknown state/provider/evidence, leaked fields and inconsistent severity (0.455458ms)
✔ duplicate capabilities/pages and unbounded arrays cannot become trusted state (0.509208ms)
✔ worst Page determines advice, no raw upstream reason reaches copy (0.393791ms)
✔ recheck receipt means scheduled; timestamps and closed keys are checked (0.395834ms)
✔ exact keyless route grammar rejects query/key/body confusion (40.05925ms)
✔ recheck takes exactly page_id and no caller-provided scope (0.331292ms)
✔ blocking advice comes from the blocking capability, not a secondary public-reply warning (1.6265ms)
✔ clean health browser mode prepares admin standalone before starting its fixture (169.1745ms)
✔ en: expired connection retains its full refusal inside a wrapping badge (51.092166ms)
✔ zh-TW: expired connection retains its full refusal inside a wrapping badge (1.930917ms)
✔ zh-CN: expired connection retains its full refusal inside a wrapping badge (1.400833ms)
✔ actual B1 snapshot state remains ok even when a fixture expected review_required (0.244208ms)
✔ D02 TWD input: whole dollars only, x100 on the wire (53.816667ms)
✔ D02 TWD edit text: whole dollars have no decimals; a legacy amount with cents is never shown as another price (0.909667ms)
✔ D02 display: NT$ without decimals in every language, cents only when there are cents (2.5905ms)
✔ D02 live-price input (Studio claims): TWD whole dollars, other currencies their decimals (0.196708ms)
✔ D02 discount code amounts: TWD whole dollars, a decimal is refused before it is sent (0.333917ms)
✔ D02 no admin copy or component says 'minor units' to the merchant (106.768792ms)
✔ M06 time: Asia/Taipei everywhere, labelled, never UTC (18.756791ms)
✔ settings answer: exactly one boolean key (4.402166ms)
✔ PUT body is the frozen single key (8.922958ms)
✔ BFF grammar: GET read, PUT keyed command, nothing else (40.222708ms)
✔ copy: three locales, same keys, no empty text (0.525334ms)
✔ PRM01 parse: exact keys, kind/value pairing and ranges; duplicates and unknown keys are refused (3.135709ms)
✔ PRM02 Taipei wall time: +08:00 on the wire, instant shown back in Taipei, impossible dates refused (17.342333ms)
✔ PRM03 create body: normalised code, major units to minor units, optional fields null, whole body validated (3.595458ms)
✔ PRM04 update + toggle: version CAS key, form round trip, pause keeps every other field (0.999708ms)
✔ PRM05 BFF grammar: exactly list, create and update; nothing generic (0.276125ms)
✔ PRM06 copy: three locales carry the same keys and every refusal code the Go routes can answer (0.1265ms)
✔ G-UI3/G-UI5 architecture constraints pass with shrinking legacy exceptions (3413.10175ms)
✔ G-UI3/G-UI5 negatives: new formatter, component fetch, >800 lines and wider allowance fail (1.874458ms)
✔ Readiness jump controls expose the actual active section, not a click flag (1.005959ms)
✔ Integrator P2: legal CN comment ordering and a distinct three-image recommendation (0.238416ms)
✔ ADM04 and ADM06 explain unavailable SKUs and keep collection vocabulary consistent (0.59725ms)
✔ ADM06 create/detail titles share the route vocabulary without adding a phantom Next page (0.704458ms)
✔ G-UI1 Next pages and route registry are bidirectional, unique, typed, documented (7.139042ms)
✔ G-UI1 copy key parity: no missing or extra key in any locale (0.427708ms)
✔ G-UI2 staff without catalog:read cannot see products/inventory or open a product URL (1.16625ms)
✔ G-UI2 every route permission is a permission Go knows, and /orders/new needs inventory:reserve (481.578834ms)
✔ G-UI1 dynamic and public routes match, details never appear as navigation (1.886667ms)
✔ W6-U2 ledger is a settings in-page route, preserving existing navigation (1.758708ms)
✔ Every browser spec clicks nav-orders: the orders group stays a singleton, so returns/new/print routes are nav: false (0.954667ms)
✔ shell-registry: every routed path has exactly one nonempty shared h1 in all three locales (820.154291ms)
✔ shell-registry: orders stays one actual group button on live and non-live routes (4.541625ms)
✔ shell-registry: loading/expired/unavailable/forbidden keep one safe heading and never leak private content (6.866041ms)
✔ created address is a strict HTTPS origin matching the assigned handle (0.741917ms)
✔ DNS instructions must name the requested origin and a bare hostname target (0.49175ms)
✔ domain kind is authoritative and closed, not inferred from host or token (0.597875ms)
✔ apex DNS retains every concrete IPv4/IPv6 address and rejects malformed values (1.726584ms)
✔ pending domain journal preserves exact action/key/target; legacy or corrupt markers never replay (1.422708ms)
✔ browser-origin gate: every refusal happens before Go is called, for every action (281.442916ms)
✔ only POST exists on the team routes (23.195625ms)
✔ unknown action is a local 404 and never reaches Go (344.632416ms)
✔ strict request grammar: wrong keys, types, ids, roles, locales and token shapes are 422 locally (338.234541ms)
✔ what reaches Go: BFF key, bearer from the cookie, no Cookie/Origin, body unchanged, exactly one call per request (227.932459ms)
✔ Go failures are rebuilt locally from allow-listed codes, never retried, and never echo the token (212.980958ms)
✔ team answer: accepts the frozen shape, null role and OIDC member without email (8.146291ms)
✔ team answer: unknown key, unknown role, bad id, bad mail state are rejected (26.338541ms)
✔ invite and accept answers are strict (3.531084ms)
✔ request grammar: every action has an exact key set and rejects junk values (0.626041ms)
✔ copy: three locales carry the same keys and a label for every role (1.375ms)
✔ role-aware navigation: hides entries the member's permissions cannot use; unknown shows all; Team is owner-only (0.665416ms)
✔ P02 settlements directory rejects missing/link/owner/group/mode with a valid control (850.223875ms)
✔ preflight health permission grammars and API/worker consistency fail closed (7308.792959ms)
✔ merchant alert flag is explicit 0|1 and independently requires SMTP (4695.359708ms)
✔ shared loader makes API/worker LIVE pair file-only before Compose interpolation (948.635042ms)
✔ export bind accepts omitted JSON false but rejects unsafe source/config mutations (3.884459ms)
✔ sanctioned operator allowlist and fail-closed gates (fake docker, no network) (8595.0495ms)
✔ platform operator custody, export mount and binary are wired (443.25025ms)
✔ actual export bind refuses a missing directory; enabling auto-create is detected (936.5305ms)
✔ R3 preflight rejects cancelled PAYUNi, validates Page app and keeps LIVE pair mandatory (1785.026333ms)
✔ R3 smoke exercises exact denied probes, accepts 404 only for disabled mounts (175.459584ms)
✔ positive control: a complete, valid configuration raises no META_LOGIN finding (2870.696292ms)
✔ feature off (COMMERCE_META_LOGIN_CONFIG_ID empty): no rule applies even with the other keys empty (572.164583ms)
✔ P06: the Page route needs the webhook receiver (455.908083ms)
✔ P06: sessions come from identity (518.893334ms)
✔ P06: without the claims profile nobody sends the private replies (a WARN, not a FAIL) (636.384375ms)
✔ P08: COMMERCE_META_LOGIN_CONFIG_ID must be numeric ("abc") (579.97275ms)
✔ P08: COMMERCE_META_LOGIN_CONFIG_ID must be numeric ("12 34") (600.310875ms)
✔ P08: COMMERCE_META_LOGIN_CONFIG_ID must be numeric ("111111111111") (785.231958ms)
✔ P08: COMMERCE_META_LOGIN_CONFIG_ID must be numeric ("0x10") (770.613292ms)
✔ P08: COMMERCE_META_LOGIN_CONFIG_ID must be numeric ("-1") (943.471667ms)
✔ P08: COMMERCE_META_LOGIN_REDIRECT_URI must be exactly https://<LC_ADMIN_HOST>/api/meta/callback (wrong host) (822.433958ms)
✔ P08: COMMERCE_META_LOGIN_REDIRECT_URI must be exactly https://<LC_ADMIN_HOST>/api/meta/callback (http scheme) (519.112833ms)
✔ P08: COMMERCE_META_LOGIN_REDIRECT_URI must be exactly https://<LC_ADMIN_HOST>/api/meta/callback (the ads callback path) (479.564625ms)
✔ P08: COMMERCE_META_LOGIN_REDIRECT_URI must be exactly https://<LC_ADMIN_HOST>/api/meta/callback (trailing slash) (420.781583ms)
✔ P08: COMMERCE_META_LOGIN_REDIRECT_URI must be exactly https://<LC_ADMIN_HOST>/api/meta/callback (query string) (364.357667ms)
✔ P08: COMMERCE_META_LOGIN_REDIRECT_URI must be exactly https://<LC_ADMIN_HOST>/api/meta/callback (empty) (389.214625ms)
✔ P08: COMMERCE_META_LOGIN_GRAPH_VERSION grammar vNN.N ("26.0") (392.69975ms)
✔ P08: COMMERCE_META_LOGIN_GRAPH_VERSION grammar vNN.N ("v26") (419.99175ms)
✔ P08: COMMERCE_META_LOGIN_GRAPH_VERSION grammar vNN.N ("v26.0.1") (454.451083ms)
✔ P08: COMMERCE_META_LOGIN_GRAPH_VERSION grammar vNN.N ("latest") (470.360542ms)
✔ P08: COMMERCE_META_LOGIN_GRAPH_VERSION grammar vNN.N ("") (471.411709ms)
✔ P08: COMMERCE_META_LOGIN_GRAPH_VERSION grammar vNN.N ("v1000.0") (440.235583ms)
✔ P08: COMMERCE_META_LOGIN_GRAPH_VERSION accepts v26.0 (3188.431708ms)
✔ P08: COMMERCE_META_LOGIN_GRAPH_VERSION accepts v22.0 (563.500291ms)
✔ P08: COMMERCE_META_LOGIN_GRAPH_VERSION accepts v99.9 (413.344125ms)
✔ production without any alert channel is a FAIL (nobody would hear the next outage) (2838.877417ms)
✔ outside production the same gap is only a WARN (513.667625ms)
✔ a webhook alone satisfies the rule (516.594209ms)
✔ an e-mail target with a complete relay (host, username, secret) satisfies the rule (452.540334ms)
✔ an e-mail target without the relay secret cannot be sent: FAIL in production, WARN elsewhere (1265.164208ms)
✔ the example's CHANGE_ME_SENDER placeholder is not a relay: the e-mail target cannot be sent (612.345875ms)
✔ LC_ALERT_EMAIL must be one plain address ("not-an-address") (787.7115ms)
✔ LC_ALERT_EMAIL must be one plain address ("two@fake.invalid,three@fake.invalid") (736.573667ms)
✔ LC_ALERT_EMAIL must be one plain address ("a b@fake.invalid") (533.017667ms)
✔ LC_ALERT_EMAIL must be one plain address ("<owner@fake.invalid>") (820.398667ms)
✔ LC_ALERT_EMAIL must be one plain address ("owner@fake") (538.338916ms)
✔ storefront cart-line removal is reversible: clicked for real, not guarded (0.971666ms)
✔ destructive / irreversible / sign-out classification (owner list, en + zh) (1.603792ms)
✔ alike controls (rows with ids / numbers) share one class key (0.462625ms)
✔ known defects classify, never silence: stale entries are reported (0.697583ms)
✔ the markdown ledger has one row per interaction and names the verdict (0.320417ms)
✔ protocolHrefOK accepts well-formed tel:/mailto: and rejects malformed ones (1.221333ms)
✔ J1 waits for enabled media and clicks a real chooser; the uploaded cover is bound to the main section (2110.063ms)
✔ J1 cannot credit a detail-image receipt as the main cover (2.225625ms)
✔ J1 refuses a failed cover upload rather than continuing to activate (0.777ms)
✔ thresholds are the named constants of the brief (2.98325ms)
✔ R1: document wider than the viewport, and the outermost element past the edge (0.200083ms)
✔ R2: label tops, control tops and control heights of one visual row (102.973084ms)
✔ R2: what is one row and what is not (24.435708ms)
✔ R2: a button beside a field has to line up with its control (4.811875ms)
✔ R3: a row made tall by stacked controls, a control wider than its cell (3.089625ms)
✔ R3: a matrix whose EVERY row is doubled by a stacked stock cell (the median cannot see it) (1.84ms)
✔ R4: small text, helper text apart, icons and duplicates excepted (0.593792ms)
✔ R5: tap targets on the 390 viewport only (6.215333ms)
✔ R6: interactive elements and text boxes that overlap (1.644875ms)
✔ R7: text clipped inside a control or label (either side), and select values that do not fit (0.886291ms)
✔ R8: the same visible label twice in one list (0.502667ms)
✔ evaluate() tags severity, selectRecords() keeps distinct groups first and counts every instance (1.128958ms)
✔ R9: text and controls flush to the screen edge at 390 (20.787625ms)
✔ R6/R9 judge the visible (ancestor-clipped) rectangle, not the raw one (integrator ruling 2026-10-05) (8.159666ms)
✔ R10: a fixed or sticky bar covering main content after scrolling (10.606458ms)
✔ R11: controls narrower than a usable width (1.21625ms)
ℹ tests 460
ℹ suites 0
ℹ pass 460
ℹ fail 0
ℹ cancelled 0
ℹ skipped 0
ℹ todo 0
ℹ duration_ms 28570.464833
✔ closed projections reject secret-shaped extras, invalid enums, IDs and contradictory capabilities (1.746917ms)
✔ detail accepts only bounded events and keeps actual server action flags (1.065375ms)
✔ BFF exact routes and request grammar forbid keys/body on reads, filters on detail and arbitrary writes (30.704375ms)
✔ copy parity, safe object navigation and UNKNOWN/protective reasons (0.45975ms)
✔ read-only store capability never exposes a command even if the state allows one (0.102125ms)
✔ duplicate escaped keys cannot bypass the exact command grammar (0.063791ms)
✔ query backoff affects only its operation and expires without another action (0.369792ms)
✔ merchant reason text translates ledger events and conceals unknown or prototype codes (0.451708ms)
✔ ledger read navigation requires effective integration:read permission regardless of role (0.128625ms)
ℹ tests 9
ℹ suites 0
ℹ pass 9
ℹ fail 0
ℹ cancelled 0
ℹ skipped 0
ℹ todo 0
ℹ duration_ms 148.114
✔ OrderHistory renders server order instant in Taipei (58.590209ms)
✔ ClaimLink renders claim expiry in Taipei (3.224583ms)
✔ BankTransfer renders deadline and proof instant in Taipei (2.414375ms)
✔ BankTransfer proof echo labels store time in en (2.322958ms)
✔ BankTransfer proof echo labels store time in zh-TW (3.023209ms)
✔ BankTransfer proof echo labels store time in zh-CN (3.113416ms)
✔ BankTransfer input describes the device zone in en (2.032875ms)
✔ BankTransfer input describes the device zone in zh-TW (2.269584ms)
✔ BankTransfer input describes the device zone in zh-CN (1.730042ms)
✔ BankTransfer input has a generic label when Intl has no zone in en (1.32725ms)
✔ BankTransfer input has a generic label when Intl has no zone in zh-TW (1.54125ms)
✔ BankTransfer input has a generic label when Intl has no zone in zh-CN (1.775083ms)
✔ ShopFooter uses Taipei year across UTC year boundary (2.699917ms)
✔ BankTransfer deadline labels store time in en (2.640791ms)
✔ BankTransfer deadline labels store time in zh-TW (1.8485ms)
✔ BankTransfer deadline labels store time in zh-CN (1.496333ms)
✔ OrderHistory states the Taipei time zone once in en (1.173708ms)
✔ OrderHistory states the Taipei time zone once in zh-TW (1.079208ms)
✔ OrderHistory states the Taipei time zone once in zh-CN (1.012292ms)
✔ Meta rejection wording is preserved as bounded Unicode text, never translated (2.487209ms)
✔ frozen error codes: model list equals the frozen list, each is read from both error shapes (0.510208ms)
✔ copy: every code, status, op state and connect error has text in all three locales (0.315125ms)
✔ copy never calls a budget a hard stop and never offers resume (0.264834ms)
✔ draft: every §5.1 status parses; unknown status/template/op state is an error, never guessed (0.376875ms)
✔ draft: optional fields, remote ids and the Ads Manager link (0.179417ms)
✔ action hints: pause whenever a remote id exists and not ENDED; a paused draft is only ever copied (X7) (0.360708ms)
✔ money: whole units to minor with integer math; TWD must be whole (32.490917ms)
✔ Taipei schedule: wall inputs and draft projections ignore the viewer zone (5.60325ms)
✔ Taipei schedule: invalid calendar days are rejected and all copy names UTC+8 (3.532584ms)
✔ draft input: exact 11-key body and every local rule (11.304459ms)
✔ draft form round trip and X7 copy (blank schedule, no id, no revision) (0.495542ms)
✔ settings parser: environment enum, connections, identities, capi (1.048375ms)
✔ connect state parser: pick list kinds and id match (1.421042ms)
✔ report: three separate blocks, orders may be null, no combined figure (1.422792ms)
✔ default report window is the Asia/Taipei store day whatever the viewer's zone is (Taipei midnight boundary) (8.612834ms)
✔ capi body and validation (0.184125ms)
✔ W6-06B unbind response: exact keys, account, UUIDs and outcome semantics (0.332667ms)
✔ W6-06B in-flight details preserve bounded items and total, reject unknown shapes (0.446541ms)
✔ W6-06B catalog feed has exact public URL/domain pairs or published-store empty (0.574541ms)
✔ W6-06B copy preserves unbind boundaries and feed recovery in three locales (0.087416ms)
✔ W6-06B feed selection follows origin order, not full feed URL order (0.114958ms)
✔ customer list accepts the frozen row and rejects unknown keys, dup ids, bad cursor, oversize (4.921042ms)
✔ customer row invariants: nulls for bundle-only/erased, counts, money, consents (0.998333ms)
✔ customer detail: bounded lists, order summaries reuse the orders parser, id must match (3.580666ms)
✔ erasure summary is four counts only (0.136709ms)
✔ finance summary: net = captured - refunded (I05), totals carry an empty day, sandbox flag (1.260958ms)
✔ financeDay is the UTC+8 day (0.213791ms)
✔ finance defaults keep Taipei dates across midnight, leap day and year end (0.174ms)
✔ tags and notes are parsed strictly (W6-01B) (2.320458ms)
✔ TSX seam refuses an unlisted import (3.9705ms)
✔ Ads merchant timestamp uses Taipei at the year boundary (13.074708ms)
✔ Design version published_at cell uses Taipei at the year boundary (2.735708ms)
✔ ManualOrder bank-transfer expiry uses Taipei at the year boundary (3.877917ms)
ℹ tests 53
ℹ suites 0
ℹ pass 53
ℹ fail 0
ℹ cancelled 0
ℹ skipped 0
ℹ todo 0
ℹ duration_ms 262.629042
✔ OrderHistory renders server order instant in Taipei (11.079042ms)
✔ ClaimLink renders claim expiry in Taipei (2.515833ms)
✔ BankTransfer renders deadline and proof instant in Taipei (2.66975ms)
✔ BankTransfer proof echo labels store time in en (1.757834ms)
✔ BankTransfer proof echo labels store time in zh-TW (1.949875ms)
✔ BankTransfer proof echo labels store time in zh-CN (2.5385ms)
✔ BankTransfer input describes the device zone in en (2.090167ms)
✔ BankTransfer input describes the device zone in zh-TW (3.084125ms)
✔ BankTransfer input describes the device zone in zh-CN (2.9465ms)
✔ BankTransfer input has a generic label when Intl has no zone in en (2.325083ms)
✔ BankTransfer input has a generic label when Intl has no zone in zh-TW (1.797875ms)
✔ BankTransfer input has a generic label when Intl has no zone in zh-CN (1.501292ms)
✔ ShopFooter uses Taipei year across UTC year boundary (1.803084ms)
✔ BankTransfer deadline labels store time in en (1.664125ms)
✔ BankTransfer deadline labels store time in zh-TW (1.309917ms)
✔ BankTransfer deadline labels store time in zh-CN (1.237875ms)
✔ OrderHistory states the Taipei time zone once in en (3.112083ms)
✔ OrderHistory states the Taipei time zone once in zh-TW (4.026291ms)
✔ OrderHistory states the Taipei time zone once in zh-CN (3.43475ms)
✔ Meta rejection wording is preserved as bounded Unicode text, never translated (3.342834ms)
✔ frozen error codes: model list equals the frozen list, each is read from both error shapes (0.422084ms)
✔ copy: every code, status, op state and connect error has text in all three locales (0.395334ms)
✔ copy never calls a budget a hard stop and never offers resume (0.311625ms)
✔ draft: every §5.1 status parses; unknown status/template/op state is an error, never guessed (0.413666ms)
✔ draft: optional fields, remote ids and the Ads Manager link (0.200667ms)
✔ action hints: pause whenever a remote id exists and not ENDED; a paused draft is only ever copied (X7) (0.21275ms)
✔ money: whole units to minor with integer math; TWD must be whole (12.230917ms)
✔ Taipei schedule: wall inputs and draft projections ignore the viewer zone (3.874333ms)
✔ Taipei schedule: invalid calendar days are rejected and all copy names UTC+8 (0.364084ms)
✔ draft input: exact 11-key body and every local rule (3.951333ms)
✔ draft form round trip and X7 copy (blank schedule, no id, no revision) (0.27525ms)
✔ settings parser: environment enum, connections, identities, capi (0.466333ms)
✔ connect state parser: pick list kinds and id match (0.132708ms)
✔ report: three separate blocks, orders may be null, no combined figure (0.386083ms)
✔ default report window is the Asia/Taipei store day whatever the viewer's zone is (Taipei midnight boundary) (2.030917ms)
✔ capi body and validation (0.143ms)
✔ W6-06B unbind response: exact keys, account, UUIDs and outcome semantics (0.184958ms)
✔ W6-06B in-flight details preserve bounded items and total, reject unknown shapes (0.175292ms)
✔ W6-06B catalog feed has exact public URL/domain pairs or published-store empty (0.17275ms)
✔ W6-06B copy preserves unbind boundaries and feed recovery in three locales (0.074792ms)
✔ W6-06B feed selection follows origin order, not full feed URL order (0.067916ms)
✔ customer list accepts the frozen row and rejects unknown keys, dup ids, bad cursor, oversize (2.19575ms)
✔ customer row invariants: nulls for bundle-only/erased, counts, money, consents (0.286083ms)
✔ customer detail: bounded lists, order summaries reuse the orders parser, id must match (2.518917ms)
✔ erasure summary is four counts only (1.824833ms)
✔ finance summary: net = captured - refunded (I05), totals carry an empty day, sandbox flag (0.39125ms)
✔ financeDay is the UTC+8 day (0.064917ms)
✔ finance defaults keep Taipei dates across midnight, leap day and year end (0.085208ms)
✔ tags and notes are parsed strictly (W6-01B) (0.681208ms)
✔ TSX seam refuses an unlisted import (3.829708ms)
✔ Ads merchant timestamp uses Taipei at the year boundary (17.0425ms)
✔ Design version published_at cell uses Taipei at the year boundary (3.647917ms)
✔ ManualOrder bank-transfer expiry uses Taipei at the year boundary (4.968708ms)
ℹ tests 53
ℹ suites 0
ℹ pass 53
ℹ fail 0
ℹ cancelled 0
ℹ skipped 0
ℹ todo 0
ℹ duration_ms 201.734667
✔ legacy display sentinels preserve a list row without admitting arbitrary or private data (1.922ms)
✔ orders-v2 accepts bounded filters and Taipei inclusive dates; rejects ambiguity (2.254417ms)
✔ orders-v2 rejects client count approximations, unbounded or extra response data (0.230541ms)
✔ all three locales label every task queue, payment and delivery mode (0.376458ms)
ℹ tests 4
ℹ suites 0
ℹ pass 4
ℹ fail 0
ℹ cancelled 0
ℹ skipped 0
ℹ todo 0
ℹ duration_ms 91.268959
✔ numeric store IDs have no suggestion BFF or browser client (1.207834ms)
ℹ tests 1
ℹ suites 0
ℹ pass 1
ℹ fail 0
ℹ cancelled 0
ℹ skipped 0
ℹ todo 0
ℹ duration_ms 70.313208
✔ ADM10 operator sentence is localized while product and company facts stay authoritative (0.393875ms)
✔ PS review: actual Host matching normalizes case, port and a terminal DNS dot, never forwarded authority (0.229792ms)
✔ PS review: privacy/terms retain Messenger and Instagram purpose disclosure; deletion uses exact UI labels (0.098ms)
✔ P2-N1 zh-TW/privacy: current comments and private reply, conditional inbound messages (0.071875ms)
✔ P2-N1 zh-TW/terms: current comments and private reply, conditional inbound messages (0.038375ms)
✔ P2-N1 zh-CN/privacy: current comments and private reply, conditional inbound messages (0.031834ms)
✔ P2-N1 zh-CN/terms: current comments and private reply, conditional inbound messages (0.045584ms)
✔ P2-N1 en/privacy: current comments and private reply, conditional inbound messages (0.041ms)
✔ P2-N1 en/terms: current comments and private reply, conditional inbound messages (0.040625ms)
✔ PS1 legal identity is one untranslated source (0.083209ms)
✔ PS1 contact and hosts come only from configuration; production fails closed (0.429542ms)
✔ PS2 public routes default to zh-TW, restrict page/locale, and never include admin (0.658625ms)
✔ PS4 optional Meta verification value never has a fake default (0.14125ms)
✔ PS1 every locale uses the same product name in auth page titles (0.062792ms)
✔ PS1 public page copy has three complete locales, no invented operator identity or contact (0.256541ms)
✔ PS1 production build validates config; public data is not bundled through NEXT_PUBLIC (0.83125ms)
✔ PS review: admin image installs the manifests for its workspace dependencies before building (0.435625ms)
ℹ tests 17
ℹ suites 0
ℹ pass 17
ℹ fail 0
ℹ cancelled 0
ℹ skipped 0
ℹ todo 0
ℹ duration_ms 95.541917
✔ R11 SQL's exact receipt states are accepted; missing/forged operation/state remains unknown (0.988708ms)
✔ R11 durable receipt journal validates phase against exact operation state (0.397625ms)
✔ R11 actual read control distinguishes replay/inflight/unknown/failure in en (4.97425ms)
✔ R11 actual read control distinguishes replay/inflight/unknown/failure in zh-TW (0.691292ms)
✔ R11 actual read control distinguishes replay/inflight/unknown/failure in zh-CN (1.819292ms)
✔ unknown journal retains exact key/boundary and is scoped to store+session; malformed state fails closed (0.553417ms)
✔ R12 read hook keeps network UNKNOWN on one key and explicitly refreshes acknowledged UNKNOWN (18.256083ms)
✔ actual POST transport uses CSRF and session fence; 403 independent of response text (20.352959ms)
✔ R10 ROAS has exactly two decimals in en (17.224542ms)
✔ R10 unknown ROAS is never fabricated as zero in en (0.24175ms)
✔ R10 ROAS has exactly two decimals in zh-TW (0.321375ms)
✔ R10 unknown ROAS is never fabricated as zero in zh-TW (0.132375ms)
✔ R10 ROAS has exactly two decimals in zh-CN (0.206042ms)
✔ R10 unknown ROAS is never fabricated as zero in zh-CN (0.051959ms)
✔ shared presentation preserves registry title and one empty buyer message in en (27.168417ms)
✔ R11 large linked-draft list is complete but collapsed in en (3.407042ms)
✔ shared presentation preserves registry title and one empty buyer message in zh-TW (7.420667ms)
✔ R11 large linked-draft list is complete but collapsed in zh-TW (2.890833ms)
✔ shared presentation preserves registry title and one empty buyer message in zh-CN (5.462458ms)
✔ R11 large linked-draft list is complete but collapsed in zh-CN (2.773584ms)
✔ R11 timeline distinguishes local unknown spend from explicit Meta zero in en (3.567ms)
✔ R11 timeline distinguishes local unknown spend from explicit Meta zero in zh-TW (2.548583ms)
✔ R11 timeline distinguishes local unknown spend from explicit Meta zero in zh-CN (2.143ms)
✔ R11 I12 nullable Meta evidence survives without becoming zero (0.273875ms)
✔ R11 actual panel rendering preserves unknowns and reconnect route in en (11.458625ms)
✔ R11 actual panel rendering preserves unknowns and reconnect route in zh-TW (11.474417ms)
✔ R11 actual panel rendering preserves unknowns and reconnect route in zh-CN (12.622209ms)
✔ D1, D6, R7: exact amounts and sources remain independent, account days stay labelled (0.23ms)
✔ R12: null stays unknown and unread / unauthorised / insufficient remain different states (0.265833ms)
✔ R12 granted but unread audience offers a read, never reconnect in en (1.779333ms)
✔ R12 granted but unread audience offers a read, never reconnect in zh-TW (2.253333ms)
✔ R12 granted but unread audience offers a read, never reconnect in zh-CN (1.898459ms)
✔ I12 forged / missing frozen fields never silently become zeros (1.347167ms)
✔ only whitelisted aggregates survive: extra identifiers and HTML are never interpreted (0.073667ms)
✔ attribution is a read-only BFF resource with exact bounded query grammar (0.354292ms)
✔ audience-read is exactly the new local intention POST and never a data GET or queried write (0.252375ms)
✔ route fails closed without ads:read and is not a duplicate navigation entry; locale keys match (0.109875ms)
ℹ tests 37
ℹ suites 0
ℹ pass 37
ℹ fail 0
ℹ cancelled 0
ℹ skipped 0
ℹ todo 0
ℹ duration_ms 548.24125
✔ card-payments copy: identical key sets in all three locales (1.874334ms)
✔ merchant terms are quoted verbatim (contract §5) in the enable dialog (0.419166ms)
✔ ruling-fixed strings: platform not OPEN and BLOCKED note (0.355417ms)
✔ error map covers every frozen refusal code from migrations/0137 (0.114584ms)
✔ no Stripe account id, key or approval id shape appears in any copy string (0.879208ms)
✔ storefront collector disclosure matches contract §5 templates in three languages (0.219334ms)
✔ the merchant terms in the dialog are the contract §5 sentence, extracted from the contract (2.799959ms)
✔ the storefront templates are the contract §5 lines, extracted from the contract (0.409833ms)
✔ settlement copy: deduction columns are labelled as deductions in every language, with a legend and the net formula (0.687083ms)
✔ there is no separate 'not on the allowlist' message: it reads as not open (review P1-2) (0.352834ms)
✔ card summary accepts the frozen shape incl. all-null platform NONE (0.871042ms)
✔ card summary rejects unknown keys, bad enums, bad money, bad version (0.311375ms)
✔ card result is exactly {state, version, max_minor, currency, descriptor_preview} (0.09375ms)
✔ descriptor suffix rule: charset, 2..10 chars, must contain a letter (0.154417ms)
✔ the suffix length rule is the charset rule's 10; the 22-character descriptor total stays the server's (SANDBOX L=10, LIVE PrefixLength) (0.0545ms)
✔ descriptor preview mirrors the contract projection (base + '* ' + suffix) (0.051416ms)
✔ settlement list accepts statements without payout/lines keys (omitempty) (0.4085ms)
✔ settlement detail carries lines whose count and sums match the totals (0.329125ms)
✔ settlement parsers reject malformed reads (0.598292ms)
✔ fees, refunds and disputes are signed exactly as the ledger stores them (0.13675ms)
✔ a returned fee is a positive line fee; the detail's lines must add up to the statement totals (0.170834ms)
✔ closed_at/paid_at accept the offsets PostgreSQL emits as well as Z (0.112042ms)
✔ a payout reference shaped like a Stripe key or account id is never displayed (0.114708ms)
✔ platform not OPEN: 'not open yet' and no enable control, for every non-OPEN state; the platform badge still tells why (0.419625ms)
✔ allowlisted + OPEN: enable from NONE/DISABLED, disable from ENABLED (0.082917ms)
✔ not allowlisted on an OPEN platform reads exactly like not open: the same message, no 'platform open' badge, no enable (review P1-2) (0.097958ms)
✔ BLOCKED: the suspended note, disable only, never enable (whatever the platform says) (0.064709ms)
✔ without billing:manage nothing can be changed, but the state is still readable (0.055292ms)
✔ enable carries the platform's current terms, the suffix and the version read; NONE starts at 0 (0.059041ms)
✔ disable never sends a suffix and quotes the terms the store accepted (the platform's may have moved on) (0.042875ms)
✔ a retained suffix is recovered from the final preview so a re-enable can keep it (0.041ms)
✔ the period label shows the last day inside the (exclusive-end) week (0.972667ms)
✔ payout state: paid, pending only when money is due, none when the week nets to zero or less (0.050042ms)
✔ card-payments and settlements are nav:false routes, so no group loses or gains a nav button (0.142458ms)
✔ settlements need billing:manage, the card page integration:read; the owner opens both (0.108916ms)
✔ statement cells: a dispute reversal and a returned fee read as credits (+) and every deduction as -, and the columns add up to the server's net (11.208625ms)
✔ the detail parser requires the lines of a statement that has lines; a quiet week (line_count 0) may omit them (0.5445ms)
✔ route table: exactly the four resources, nothing generic (0.500958ms)
✔ query grammar: card and settlement-detail are exact; settlements takes before/limit only (0.417666ms)
✔ request fence: keyless PUT (CAS), bodyless GETs, no transfer-encoding (13.609417ms)
✔ PUT body is the exact frozen shape {enabled, terms_version, descriptor_suffix, expected_version} (1.237791ms)
✔ the BFF route wires the card grammar: keyless CAS PUT, exact body, no-store, auth required (1.296959ms)
✔ the real card summary parses and drives the display state machine (1.444625ms)
✔ the real statement list parses: newest first, no lines, three payout states (1.507583ms)
✔ every real detail parses with its lines and the lines add up to the statement (1.696708ms)
✔ an empty ledger parses to no statements (0.281708ms)
✔ no account id, key or approval shape is in any real body (0.467625ms)
✔ the real statements display literally as signed contributions that add up to the server's net (12.208625ms)
ℹ tests 48
ℹ suites 0
ℹ pass 48
ℹ fail 0
ℹ cancelled 0
ℹ skipped 0
ℹ todo 0
ℹ duration_ms 148.408166
✔ option/slug/SKU caps equal internal/catalog (options.go, catalog.go) (12.73575ms)
✔ text caps equal the Go validators (name 120, description 8000, SEO 70/160, collection title 80) (11.537125ms)
✔ photo caps equal Go (MaxMainImages, MaxDetailImages, MaxImageBytes) and the SKU code pattern (3.209791ms)
✔ PE13 Cartesian matrix is local, preserves edits and deduplicates values (0.604917ms)
✔ PE13 bulk quantity skips negative rows without modifying them (0.470708ms)
✔ PE12 untracked document uses whole currency and per-order cap, never quantity (10.294667ms)
✔ PE14 missing readback is not guessed or silently cleared by full replacement (0.075791ms)
✔ bulk status accepts explicit per-item results, never empty or duplicated confirmations (0.650583ms)
✔ matrix refuses over 100 SKUs before expansion (0.11375ms)
✔ PR #1 4212540344: per-row matrix labels reappear where the matrix header is not visible (≤900px), desktop untouched (7.090583ms)
✔ PR #1 4212540352: pre-publish missing-items list collapses behind a real toggle at ≤900px instead of being removed (4.569583ms)
✔ parity: admin caps equal the Go constants (3.685125ms)
✔ image list: 4 main + 20 detail + 2 sku in role order is accepted (0.340584ms)
✔ image list: 5 main, 21 detail, wrong role order, gaps and extra keys are refused (0.153ms)
✔ single image: role is required and its position is bounded by the role cap (0.059125ms)
✔ option text limits count Go runes rather than UTF-16 units (0.873709ms)
✔ PE14 new edit SKU carries its own shipping and clears no existing fields (14.700791ms)
✔ PE14 patch changes only price and preserves unmentioned fields (0.269541ms)
✔ PE14 on_hand is not available, zero target is transmitted, ambiguous warehouse refuses (0.347958ms)
✔ PE14 explicit clears and shipping remain per SKU on an active row (0.147583ms)
✔ PE14 archive supersedes every other edit on that SKU (b77eeb11) (0.146666ms)
✔ PE14 no-op has no command fields and changed axes explicitly archive omitted variants (0.106167ms)
✔ PE14 replacement SKU edit excludes create-only code from the strict patch grammar (0.226708ms)
ℹ tests 23
ℹ suites 0
ℹ pass 23
ℹ fail 0
ℹ cancelled 0
ℹ skipped 0
ℹ todo 0
ℹ duration_ms 157.204791
(node:94066) ExperimentalWarning: Transform Types is an experimental feature and might change at any time
(Use `node --trace-warnings ...` to show where the warning was created)
✔ UNKNOWN retry client authorization loss requires reconciliation, not a fresh command (3.986084ms)
✔ UNKNOWN retry 401 authorization loss requires reconciliation, not a fresh command (11.028541ms)
✔ UNKNOWN retry 403 authorization loss requires reconciliation, not a fresh command (0.849167ms)
✔ a conclusive command rejection stays distinct from authorization loss (0.720167ms)
ℹ tests 4
ℹ suites 0
ℹ pass 4
ℹ fail 0
ℹ cancelled 0
ℹ skipped 0
ℹ todo 0
ℹ duration_ms 130.250583
(node:94069) ExperimentalWarning: Transform Types is an experimental feature and might change at any time
(Use `node --trace-warnings ...` to show where the warning was created)
✔ offer controls read authoritative limits without parsing unrelated KEYWORD_QTY_CONTAINS window/stats (14.041667ms)
✔ offer controls accept 101 through the backend cap of 200 distinct offers, reject 201 (2.512542ms)
✔ offer toggle preserves exactly the authoritative maximum in the real M4 payload (2.881458ms)
✔ console BFF admits exactly A1/A7/A6 and A5 read/copy methods (0.4055ms)
✔ Next proxy admits the exact console family and results query before the BFF (99.063041ms)
✔ PR18 proxy preserves malformed A2 cursor as 400 invalid_cursor (0.543042ms)
✔ results query is canonical repeated session_id 1..50, everything else queryless (0.111917ms)
✔ real BFF route forwards only exact resources, authenticates scope and returns private scrubbed errors (47.949417ms)
✔ new commands reject unknown keys and preserve frozen copy/lifecycle/recommend body (0.227959ms)
✔ browser commands reuse Studio fences, exact no-comment recommend body and backend refusal codes (2.397542ms)
✔ results client preserves canonical ids/order and rejects invalid list before fetch (0.316041ms)
✔ stock client reuses catalog transport/key/parser and fences a changed login without retries (1.834709ms)
✔ journal replay sends the exact original method/path/body/key for all five commands (3.441042ms)
(node:94070) ExperimentalWarning: Transform Types is an experimental feature and might change at any time
(Use `node --trace-warnings ...` to show where the warning was created)
✔ A1 strict MOCK snapshot preserves unavailable counts, capability unknown and server stock (2.292375ms)
✔ A7 returns a separate lifecycle version and closed full KEYWORD_QTY_CONTAINS window (0.132083ms)
✔ A5 results retain separate environments/currencies and bind exact requested ids/order (0.159167ms)
✔ A5 copy parses real Go envelope, copied offer prices and KEYWORD_QTY_CONTAINS window (0.940834ms)
✔ A6 accepts optional operation UUID, never guessed send success (0.10325ms)
(node:94071) ExperimentalWarning: Transform Types is an experimental feature and might change at any time
(Use `node --trace-warnings ...` to show where the warning was created)
✔ Live settings navigation accepts a scene picker entry but never a malformed or unscoped deep link (2.100208ms)
✔ LC-B7 stock permission admits live_adjust without inventory:write, not unrelated grants (0.327333ms)
✔ Instagram comment total stays unavailable; Facebook observed count is not a platform total (0.234459ms)
✔ LC-U1 one primary action follows lifecycle, never planning or transport state (0.472417ms)
✔ LC-U1 stock target uses sellable delta and rejects fractions, negative and over-limit changes (0.580375ms)
✔ LC-U1 links only explicit FB post identities, never arbitrary URLs or guessed videos (0.475625ms)
✔ LC-U1 Facebook preview keeps the original no-frame CSP and uses a safe external link (0.724833ms)
✔ LC-U1 delayed copy completion cannot navigate after store switch or unmount (0.128417ms)
✔ LC-U1 receipt fence survives cookie rotation; pending replay still has a separate session boundary (0.3455ms)
ℹ tests 27
ℹ suites 0
ℹ pass 27
ℹ fail 0
ℹ cancelled 0
ℹ skipped 0
ℹ todo 0
ℹ duration_ms 363.570458
✔ Host subset: nested Provider and React19 context shadow defaults without sibling leakage (14.157542ms)
✔ Host subset: provider updates reach stable children and separate roots keep their own values (0.379208ms)
✔ Host subset: render errors restore context and hook ownership (19.663917ms)
✔ Host subset: portal children inherit logical context and retain handlers/state (0.4005ms)
✔ Host subset: portal target/key changes remount children and removal runs cleanup (0.696542ms)
✔ Host subset: createPortal rejects invalid DOM targets rather than swallowing children (0.156958ms)
✔ PR18 final public unresolved receipt survives relogin but coarse fence stays session-bound (0.131625ms)
✔ PR18 enabled downgrade gates hook output before passive cleanup (15.119209ms)
✔ PR18 enabled downgrade first all render hides rows buyer and composer (4.951125ms)
✔ PR18 enabled downgrade first private render hides rows buyer and composer (4.553125ms)
✔ PR18 R2 scoped404 a2 clears both private views and stops recovery reads (5.003958ms)
✔ PR18 R2 scoped404 a8 clears both private views and stops recovery reads (5.539208ms)
✔ PR18 R2 scoped404 older clears both private views and stops recovery reads (3.084459ms)
✔ PR18 A8 clears names synchronously and keeps loaded older pages through a head poll (3.697833ms)
✔ PR18 A8 paged list stays bounded across fresh heads and stops older at cap (116.170083ms)
✔ PR18 A8 hides clear before effects even without pagination (2.664208ms)
✔ PR18 deletion HEAD clears selected comment composer but keeps history and public guard (6.033834ms)
✔ PR18 short complete HEAD clears a covered selected comment and composer (4.6125ms)
✔ PR18 quiet A2 stream refreshes delayed claim marks without a new sequence or user refresh (2.741333ms)
✔ PR18 late claim automatically exposes keyword view and the reused BuyerPanel (4.118083ms)
✔ K3 A8 private polls every 10s, backs off, resets, pauses hidden and stops off-filter (10.96675ms)
✔ K3 A8 unreplied polls every 10s, backs off, resets, pauses hidden and stops off-filter (8.994458ms)
✔ K3 pasted tab is refused with invalid_text copy before any reply POST (1.115083ms)
✔ PR18 facts_unavailable mark uses actionable copy zh-TW (0.690459ms)
✔ PR18 facts_unavailable mark uses actionable copy zh-CN (0.487041ms)
✔ PR18 facts_unavailable mark uses actionable copy en (0.623667ms)
✔ real SQL UNKNOWN mark blocks public-mode switching without a local receipt (2.811ms)
✔ PR18 unknown public receipt has the correct cross-comment fence (3.763667ms)
✔ PR18 queued public receipt has the correct cross-comment fence (3.065833ms)
✔ PR18 public guard releases only definite sent (1.154ms)
✔ PR18 public guard releases only definite failed (1.031625ms)
✔ PR18 public guard releases only definite blocked (1.22ms)
✔ PR18 public guard releases only definite refused (0.937334ms)
✔ PR18 P1 IG earliest50 refresh preserves100 rows selection and private draft (52.976416ms)
✔ PR18 final expired older cursor keeps live buffer selection and polling (2.12275ms)
✔ PR18 command refresh keeps epoch evidence while cursorless initial=0 (1.174375ms)
✔ PR18 command refresh keeps epoch evidence while cursorless initial=1 (1.650542ms)
✔ PR18 bounded window refresh removes FB deletion behind60 arrivals history=false (4.480875ms)
✔ PR18 bounded window refresh removes FB deletion behind60 arrivals history=true (4.503667ms)
✔ PR18 bounded window refresh preserves explicit history until manual refresh (2.242458ms)
✔ PR18 bounded window refresh atomically rebuilds IG100 deleted75=false (15.118625ms)
✔ PR18 bounded window refresh atomically rebuilds IG100 deleted75=true (13.418833ms)
✔ PR18 bounded window refresh stalled never publishes an incomplete IG window (14.327375ms)
✔ PR18 bounded window refresh budget never publishes an incomplete IG window (17.975625ms)
✔ PR18 bounded window refresh removes deleted IG final sequence (2.821083ms)
✔ actual A2 hook fake clock: 3/6/12/24/30 backoff, success reset, hide clears and stops, 403 locks (3.91375ms)
✔ actual reset clears selected buyer and rereads without the old epoch cursor (1.350792ms)
✔ reply hints, coded error, UNKNOWN and capability state execute the actual composer (1.396375ms)
✔ PR18 R2 templates read 404 denies the composer (1.16425ms)
✔ PR18 buyer-panel read 404: stays local (retention-purged or gone selection), console keeps access (0.993417ms)
✔ PR18 buyer-panel read 403: revokes the console scope (0.705833ms)
✔ PR18 seq coverage keeps older arrival with newer time and out-of-range rows (1.872042ms)
✔ PR18 seq coverage removes a missing numeric row despite its older created_at (0.3955ms)
✔ PR18 seq coverage never absence-deletes null history (0.400417ms)
✔ PR18 seq coverage treats epoch0 as an initialized cursor (0.295959ms)
✔ PR18 protected null history reserves capacity and never becomes numeric on overlap (8.992667ms)
✔ PR18 P1 IG earliest page and unknown authority never delete by absence (0.863167ms)
✔ PR18 short complete HEAD never expands numeric coverage to an absent oldest row (0.104458ms)
✔ PR18 full or cursor-bearing HEAD uses the same numeric coverage (0.12125ms)
✔ PR18 loaded history stays protected from short complete HEAD (0.70075ms)
✔ PR18 deletion HEAD removes absent refs inside its window (0.516125ms)
✔ PR18 deletion HEAD keeps paged history below its oldest tuple (0.715125ms)
✔ PR18 deletion is never inferred from incremental or older pages (0.532542ms)
✔ PR18 empty deletion HEAD is not evidence that any ref was deleted (0.253708ms)
✔ PR18 deletion coverage ignores equal timestamps and timezone spellings (0.358209ms)
✔ PR18 mixed FB and IG page orders normalize chronologically after dedupe (0.436666ms)
✔ PR18 cap keeps newest1000 with mixed page order older=false (5.730166ms)
✔ PR18 cap keeps newest1000 with mixed page order older=true (6.065333ms)
✔ PR18 A3 invalid_ref remains a definite 422 refusal (0.093583ms)
✔ PR18 a full history buffer stops paging without discarding rows or advancing its cursor (0.131084ms)
✔ K3 reply text rejects every C0/C1 control except newline (0.33825ms)
✔ PR18 scan exhaustion parser requires a trusted explicit boolean (0.326167ms)
✔ PR18 approved seq DTO parser accepts safe numbers and explicit history null (0.2035ms)
✔ SQL operation marks map to every merchant-visible delivery state (0.046208ms)
✔ real bridge sealCursor uses payload.signature rather than plain base64url (15.5315ms)
✔ A2 grammar refuses private/duplicate/ambiguous cursors and keys on reads (0.924167ms)
✔ A3-A5 exact comment ref and bodies; explicit preemption private only (0.13525ms)
✔ A4/A5 preserve frozen refusal codes, never provider/debug text (0.057542ms)
✔ reset invalidates old buffers and cursor before reread; older page cannot advance live cursor (0.122875ms)
✔ filter resources have only authorised opaque ids; backoff is capped and success resets (0.051583ms)
ℹ tests 80
ℹ suites 0
ℹ pass 80
ℹ fail 0
ℹ cancelled 0
ℹ skipped 0
ℹ todo 0
ℹ duration_ms 742.885333
✔ Host subset: nested Provider and React19 context shadow defaults without sibling leakage (11.083208ms)
✔ Host subset: provider updates reach stable children and separate roots keep their own values (0.219709ms)
✔ Host subset: render errors restore context and hook ownership (0.253542ms)
✔ Host subset: portal children inherit logical context and retain handlers/state (0.370292ms)
✔ Host subset: portal target/key changes remount children and removal runs cleanup (0.16675ms)
✔ Host subset: createPortal rejects invalid DOM targets rather than swallowing children (0.1ms)
✔ W3U3 ledger actual comes from an independent observation (5.564917ms)
✔ W3U3 ledger records failed observed criteria rather than constant PASS (6.268542ms)
✔ W3U3 denied 401 resets busy and running without remount (16.275292ms)
✔ W3U3 denied 403 resets busy and running without remount (1.826083ms)
✔ W3U3 denied 404 resets busy and running without remount (1.223959ms)
ℹ tests 11
ℹ suites 0
ℹ pass 11
ℹ fail 0
ℹ cancelled 0
ℹ skipped 0
ℹ todo 0
ℹ duration_ms 324.999042
✔ secondary failures preserve A1; only A1 is periodic; IG notice follows the platform/embeddability observation (252.7185ms)
✔ the existing console refresh also explicitly refreshes its parent list; no automatic list read (16.082375ms)
✔ parent forwards only an explicit refresh callback and retains the scene when list is unavailable (10.200916ms)
✔ every explicit browser response/event/navigation waiter has a finite sub-test budget (10.113209ms)
✔ A1 failures back off 3/6/12/24/30 seconds and success resets to five seconds (89.2795ms)
✔ Retry-After is a minimum; hidden tabs cancel polling; forbidden locks and conceals (39.601458ms)
✔ secondary reads are mount/refresh only, independent from A1 and non-fatal (32.951542ms)
✔ UNKNOWN journal restores the exact key/method/path/body and explicit retry after reload (34.571875ms)
✔ first definite 403 clears journal but locks commands; late success after navigation clears only its own key (38.279041ms)
✔ private reads preserve Retry-After seconds and dates, without changing existing error codes (39.639833ms)
✔ a restored in-flight or UNKNOWN request retains its journal after a replay 403 (73.079666ms)
✔ restored copy success dispatches completion only in the still-current scene (38.998625ms)
✔ SessionCopy resyncs closed same-ID titles, preserves open edits and cancels to latest draft (28.290208ms)
✔ SessionCopy submit uses latest version; UNKNOWN request survives later draft/input changes (29.234584ms)
ℹ tests 14
ℹ suites 0
ℹ pass 14
ℹ fail 0
ℹ cancelled 0
ℹ skipped 0
ℹ todo 0
ℹ duration_ms 673.743959
✔ claims window modes match Go constants and every SQL match_mode CHECK (12.724291ms)
✔ host prompt stays verbatim at the frozen trunk contract; Japanese is absent (1.639875ms)
✔ bundle parser accepts manual (labelled) and Meta (unlabelled) bundles (0.55975ms)
✔ bundle parser rejects unknown platforms and label/platform mismatches (0.141166ms)
✔ offer parser carries the live price and rejects every out-of-range or missing field (0.216375ms)
✔ library and import parsers are closed; removal receipt is the only version-0 shape (0.183292ms)
✔ price input: exact decimal minor units, never float, bounded to the currency's places (13.212458ms)
✔ live-tools copy exists in all three locales with the same conflict reasons (0.423125ms)
✔ claims BFF allowlist is exactly M1–M7 per method (1.547667ms)
✔ M7 link response shape is closed (0.317333ms)
✔ host prompt copy is the frozen text, verbatim (0.313958ms)
ℹ tests 11
ℹ suites 0
ℹ pass 11
ℹ fail 0
ℹ cancelled 0
ℹ skipped 0
ℹ todo 0
ℹ duration_ms 121.575459
NOT_RUN: tests/media/r04-input-runner.test.mjs (COMMERCE_R04_LIVEKIT_BINARY unset)
✔ main/detail/sku caps use the existing frozen image contract (0.603292ms)
✔ phone and tall dimensions fit2000 without enlarging small assets (0.14275ms)
✔ upload query requires one exact role and sku value; reads/actions carry no query (0.379959ms)
✔ role transport encodes current option values and refuses invalid identities (0.159209ms)
✔ effective image axis follows current options, then falls back to first (0.063792ms)
✔ detail and option photos cannot satisfy the main-photo recommendation (0.058667ms)
✔ PM-U copy has matching keys in ja and all currently routed locales (0.11875ms)
✔ real-upload mode builds both Next applications on a clean CI checkout (14.542125ms)
✔ upload recovery journal survives a new session while remaining product/store scoped (0.104292ms)
✔ an option upload receipt requires its captured axis, value and image id on canonical readback (0.119125ms)
✔ failed durable recovery storage cannot authorize a media write (0.083709ms)
✔ an active product needs a main image after canonical media is known; repair paths stay possible (0.05275ms)
✔ empty media sections render a readable localized placeholder until photos are present (4.841125ms)
✔ real-upload mode never exits through the storefront MOCK shortcut (37.711708ms)
✔ a valid active zero-main product keeps an inline repair hint rather than a page error (3.411458ms)
✔ a new product issues the image-axis stage only for a chosen axis (0.878375ms)
ℹ tests 16
ℹ suites 0
ℹ pass 16
ℹ fail 0
ℹ cancelled 0
ℹ skipped 0
ℹ todo 0
ℹ duration_ms 305.814833
(node:94140) ExperimentalWarning: Transform Types is an experimental feature and might change at any time
(Use `node --trace-warnings ...` to show where the warning was created)
✔ a fitting PNG keeps the exact original File, bytes and alpha-capable format (1.442708ms)
✔ a JPEG exactly at both limits remains original, not a lossy re-encode (0.6025ms)
✔ an oversized phone JPEG is encoded below the cap after oriented scaling (0.74075ms)
✔ a large transparent PNG stays alpha-capable and is never painted with an opaque matte (0.8545ms)
ℹ tests 4
ℹ suites 0
ℹ pass 4
ℹ fail 0
ℹ cancelled 0
ℹ skipped 0
ℹ todo 0
ℹ duration_ms 104.56625
✔ HTTPS picklist fixture carries Secure session cookies automatically while preserving CSRF refusals (92.53475ms)
✔ batch controls stay compact until an order selection or live-session scope exists (0.181084ms)
✔ selection has XOR bodies, canonical unique IDs and separate 500/100 limits (0.453583ms)
✔ cross-page selection retains existing rows, deduplicates and refuses overflow atomically (0.847959ms)
✔ pick projection rejects PII/extra keys, invalid quantities and unmatched order identities (0.934ms)
✔ batch replies bind one-for-one to confirmed orders and preserve uncertainty code (0.141375ms)
✔ pick/export POSTs reject keys and all query variants except one exact template (1.911708ms)
✔ CSV filename binds to selected template and store; no path/header injection (0.199667ms)
✔ MOCK browser fixture list matches the incumbent closed order parser (14.900084ms)
✔ recovery never clears an unknown or missing current attempt (0.184916ms)
✔ recovery and order-detail MOCK fixtures satisfy real read parsers (8.534625ms)
✔ order selection can read its session fence during SSR without browser globals (0.948042ms)
✔ MOU keeps native headed checks runnable on a Linux CI worker without DISPLAY (18.483958ms)
✔ pick fixture serves the scoped parcel reads required by the orders page (8.013958ms)
ℹ tests 14
ℹ suites 0
ℹ pass 14
ℹ fail 0
ℹ cancelled 0
ℹ skipped 0
ℹ todo 0
ℹ duration_ms 409.694959
✔ bodyless dissolve DELETE (empty body stream, no content-length) reaches Go with the CAS query, no body, no key (17.915417ms)
✔ every parcel DELETE must carry exactly one expected_version >= 1 (never forwarded without it) (1.743458ms)
✔ a DELETE that declares a body or chunked framing is refused (0.318416ms)
✔ DELETE needs the session, origin and CSRF like every command; other DELETEs stay unsupported (0.84575ms)
✔ GET parcel-groups (open groups read) and merge-suggestions pass with no query; a query or key is refused (9.672666ms)
✔ actual MOU parcel runner selects and collects the real parcel browser case (417.664916ms)
✔ merge suggestions accept the frozen shape (server-masked recipient) and reject drift (2.974708ms)
✔ created group requires the OPEN state and its members (0.263459ms)
✔ dissolved group is exactly id/state/version (0.13625ms)
✔ group shipment carries one SHIPPED version per member (1.953041ms)
✔ open groups (GET parcel-groups) accept the frozen shape and fail closed on drift (4.039625ms)
✔ reconcile: a reload rebuilds OPEN panels, a vanished OPEN group is dropped, history and live versions are kept (0.71475ms)
✔ three locales cover the same keys and every refusal code (0.632875ms)
✔ the owner-ruling sentence is exact in all three locales (0.199125ms)
✔ the in_parcel_group copy is the same sentence in parcels-copy (blocked + errors) and orders-copy, in every locale (0.212458ms)
✔ groupOfOrder prefers the OPEN group over retained SHIPPED/DISSOLVED history (0.364084ms)
✔ parcelOrderNumber is the canonical LC-<32 uppercase hex> order number and matches the open-group parser (0.351917ms)
✔ parcel refresh generation: bumped by every successful poll, whatever the cursor (0.109666ms)
✔ parcel refresh generation: an in_parcel_group refusal bumps it, other refusals do not (0.097708ms)
✔ exactly the five W3-07B resources route (1.645ms)
✔ dissolve carries exactly ?expected_version=N (N >= 1) (0.741208ms)
✔ readMergeSuggestions 401 immediately purges parent scope and refuses late sibling 200 (23.719666ms)
✔ readMergeSuggestions 403 immediately purges parent scope and refuses late sibling 200 (5.240542ms)
✔ readMergeSuggestions 404 immediately purges parent scope and refuses late sibling 200 (6.516166ms)
✔ readOpenParcelGroups 401 immediately purges parent scope and refuses late sibling 200 (4.075167ms)
✔ readOpenParcelGroups 403 immediately purges parent scope and refuses late sibling 200 (6.866333ms)
✔ readOpenParcelGroups 404 immediately purges parent scope and refuses late sibling 200 (5.995708ms)
✔ readMergeSuggestions 503 preserves parent and local retry recovers actual DTOs (4.900166ms)
✔ readOpenParcelGroups 503 preserves parent and local retry recovers actual DTOs (5.574875ms)
✔ captured parent groups callback refuses hidden scope (14.642584ms)
ℹ tests 30
ℹ suites 0
ℹ pass 30
ℹ fail 0
ℹ cancelled 0
ℹ skipped 0
ℹ todo 0
ℹ duration_ms 522.410541
✔ exactly the nine W6-01B resources are admitted, each only under its own method (2.660333ms)
✔ the customer list is claimed only when a tag filter is present (customers-request.ts stays the owner otherwise) (0.422291ms)
✔ near misses are refused (no generic proxying) (0.333292ms)
✔ reads: no body, no key, no transfer-encoding; tag-list takes no query at all (20.186458ms)
✔ customer-list query: closed keys, tag must be a canonical uuid, list bounds identical to customers-request (0.635167ms)
✔ note-list query: only limit and after, with the customers-list bounds (0.13525ms)
✔ writes: exactly one well-formed Idempotency-Key; the two DELETEs carry no body but still need the key (1.242791ms)
✔ validTagName mirrors Go (NFC first, 1..20, trimmed, no control/Cf) (1.287916ms)
✔ validNoteBody mirrors Go (1..1000, not blank, only \n \r \t controls) (0.264041ms)
✔ tag-create body: closed keys, valid name and one of the eight colors (3.204875ms)
✔ tag-patch body: at least one of name/color, nothing else (0.355ms)
✔ owner-tags body: tag_ids (<=100 canonical uuids) + 64-hex revision, exact keys (0.471958ms)
✔ note bodies: create {body}; patch {body, version>=1}; deletes and reads carry no body at all (0.555709ms)
✔ parseTagCatalog decodes {items: TagRecord[]} with the store-catalogue bounds (1.963333ms)
✔ parseTagSet / parseDeletedTag / parseDeletedNote decode the frozen write receipts (0.703625ms)
✔ parseNoteRecord / parseNotePage decode notes with the Go note rules (2.268584ms)
✔ customer-tags copy: three locales, identical key sets, the integrator's ruled note-privacy text verbatim (0.376667ms)
✔ components wire the ruled copy and the tag/note controls the specs click (2.1185ms)
✔ tag read names must already be trimmed NFC and Unicode code-point bounded (0.303375ms)
✔ session change before network sends nothing (31.766334ms)
✔ session changes after network or during body parse drop the response (29.220208ms)
✔ transient session digest failure is settled only before dispatch (1.768542ms)
✔ lost response followed by a changed session is UNKNOWN after dispatch (0.994375ms)
✔ lost response does not auto-retry; explicit replay keeps method/key/payload/scope (7.748375ms)
✔ 5xx or malformed success is uncertain, coded refusal is settled (5.180625ms)
✔ passive tag/detail refresh preserves an unsaved new-note draft (25.019375ms)
✔ passive refresh updates visible notes but preserves edit draft and original CAS version (1.664ms)
✔ explicit refresh signal clears old edit draft while passive array changes do not (0.76375ms)
✔ an unauthorized note read clears private note bodies and the draft (4.254292ms)
✔ a transient note read failure keeps the notes already shown (2.954708ms)
✔ an unauthorized note read signals the global logout once; a transient failure does not (4.103208ms)
✔ non-privacy writer: own notes keep Edit and Delete on a fresh mount, others' notes do not (0.79425ms)
✔ notes forbidden/not_found signals scope loss exactly once per mount, never on transient failure (16.868583ms)
✔ bad path/store/method/query/header is refused without authority or backend calls (19.879708ms)
✔ the actual proxy admits a tagged customer list with scoped search/cursor and rejects malformed tag authority (51.152792ms)
✔ signed-out/cross-store/Origin-CSRF denials short circuit before body or forwarding (0.415ms)
✔ closed bodies and DELETE payloads cannot reach Go (1.0525ms)
✔ all write methods preserve exact key/body/store and private success status (4.857708ms)
✔ note pagination preserved and hostile backend errors/bodies sanitized (4.335417ms)
✔ a catalogue forbidden or not_found asks the parent to re-run its guarded reads, with no logout (160.64425ms)
✔ transient catalogue failures stay local; unauthorized logs out but is not a scope loss (161.683916ms)
✔ after a tag write the manager stays mounted: the catalogue refreshes in place, never reloads (19.6855ms)
✔ a manager-reported scope loss reloads the customer list and catalogue guarded reads (9.317292ms)
✔ CustomerDetail forwards a scope-lost signal to the guarded read once per page (102.522083ms)
✔ badges are escaped server tag facts with human-readable names (8.755375ms)
✔ actual customer notes render privacy notice, safe content, author fallback and read-only permissions (18.757542ms)
✔ unknown permissions and erased customer never offer note mutations (1.112167ms)
✔ write-only notes permit add but not edit/delete of notes the server does not mark own; privacy permission permits both (2.473167ms)
✔ manager trigger and all three localized buyer-export notices render through actual components (3.09575ms)
✔ UNKNOWN survives settled unauthorized retry until trusted success; fresh run ignored (5.492333ms)
✔ UNKNOWN survives settled forbidden retry until trusted success; fresh run ignored (0.794959ms)
✔ UNKNOWN survives settled version_changed retry until trusted success; fresh run ignored (1.974958ms)
✔ first-attempt preflight refusal is settled and permits a fresh action (10.811ms)
✔ UNKNOWN and in-flight retries prevent duplicate dispatch; unmount discards stale outcome (2.988542ms)
✔ an unauthorized write signals the global logout; forbidden does not (1.614542ms)
✔ UNKNOWN command survives unmount/remount: still locked, same-key retry, cleared by trusted success (1.441125ms)
✔ a command unmounted while in flight is treated as UNKNOWN on remount (1.113709ms)
✔ a session boundary change drops the remembered UNKNOWN command (0.97025ms)
✔ a guarded read that ends signed-out signals the global logout once (10.571167ms)
✔ forbidden/unavailable failures and a successful read signal no logout (22.259792ms)
✔ refresh ending signed-out clears the view, blocks and signals the global logout once (2.976ms)
✔ refresh ending forbidden or not-found clears the data without a logout (8.925459ms)
✔ a transient refresh failure keeps the ready view and signals nothing (6.996459ms)
✔ exactly the eight report GETs are admitted; every other method or path is refused (0.641792ms)
✔ report reads: query required, no body, no key, no transfer-encoding (83.949625ms)
✔ from/to: exactly once each, calendar-valid days, 0..91 apart (1.173625ms)
✔ session_id: only on the funnel (json and csv), a canonical uuid, once (0.813958ms)
✔ parseProductReport: echoed range/zone, <=1000 rows sorted by net desc, net = captured - refunded (24.466167ms)
✔ parseChannelReport: closed vocabulary order, money per environment strictly ascending, I05 inside every bucket (17.402542ms)
✔ parseFunnelReport: nested counts, session echo, ordered_without_link bound (0.705417ms)
✔ parseManualReport: nullable principal/session ids, bucketed money like channels (0.921083ms)
✔ reports copy: three locales, identical key sets, the integrator's ruled money annotation verbatim (0.551ms)
✔ Reports.tsx: four tabs, CSV per tab, ruled annotation, CSS/SVG charts only (no new dependencies) (1.524ms)
✔ report CSV closed headers use actual Go slug, echoed dates and private no-store (2.521958ms)
✔ report response projection rejects unknown keys, mismatched range and non-private responses (4.145667ms)
✔ manual buckets follow Go's uncapped row count rather than a made-up 500-row limit (12.977834ms)
✔ display sorts only inside currency/environment groups, never sums money or mutates server rows (12.456458ms)
✔ page report query accepts exactly the four report names and defaults to products (0.141833ms)
✔ actual product table renders offline separately, both modes, no UUID copy and sortable headers (29.27975ms)
✔ actual channel chart exposes exact numbers and both money modes using SVG (3.640916ms)
✔ actual funnel has four stages, nested widths and truthful zero-denominator text (3.266541ms)
✔ manual table resolves authorized labels, has honest fallback, and never presents UUIDs (6.620834ms)
✔ all report views render localized empty states (2.099209ms)
✔ actual BFF refuses malformed query, unknown store/session, disabled auth and missing CSV fences before Go (141.22675ms)
✔ actual BFF closed JSON projection and CSV scope/query preserve trusted token; no forwarded client authority (32.321916ms)
✔ actual BFF permission and malformed CSV response fences do not masquerade as a download (15.746084ms)
✔ audited browser GET accepts same-origin Fetch Metadata plus CSRF, never cross-site or forwarded Host (31.07ms)
✔ actual CSV client preflight sends nothing after session change, and a lost audit response is uncertain with no retry (16.046584ms)
✔ actual CSV client refuses stale-session bytes and downloads only a closed private response (16.527ms)
✔ report leaf gives the actual trusted fetch 65 seconds, rejects redirects and forwards only server bearer (3.406333ms)
✔ incoming request cancellation aborts the real report fetch once, returns safe unavailable and never retries (5.010583ms)
✔ CSV final synchronous fence conceals bytes when cancellation, hide or cookie rotation happens inside final await (23.47225ms)
✔ CSV end-to-end deadline covers store lookup and report budget; aborted preflight sends no audited request (29.227208ms)
✔ an uncertain export stays locked for its scope after another scope's export (11.147334ms)
✔ an uncertain export scope persists per store in tab storage and re-locks a fresh render (23.394042ms)
✔ unavailable tab storage fails closed to the in-memory lock without throwing (4.510584ms)
✔ export lock is stored before dispatch; refused/delivered outcomes release it, uncertain and cut-short keep it (84.437875ms)
✔ releasing one scope keeps the other uncertain scopes of the store (12.88875ms)
✔ export is refused and nothing is dispatched when the lock cannot be saved (denied, full or no storage) (9.932958ms)
✔ copy for an unsaved export lock exists in every locale (0.142ms)
✔ product sort query parses strictly and defaults to net_minor descending (0.331167ms)
✔ legacy-store permission probe: forbidden/not-found/signed-out fail the read closed, transient falls back (10.777583ms)
✔ channel and funnel data retain their applied dates while draft dates wait for Show (118.367125ms)
✔ an uncertain export lock is bound to the session boundary, so a different user does not inherit it (27.739875ms)
✔ Finance landing links to reports under the same canSeeReports rule (14.981833ms)
✔ selected tag survives searches and cursor pagination while an empty filter is omitted (93.454417ms)
✔ customer list dispatch preserves legacy requests and sends every tag query to the closed W6 authority (495.698834ms)
✔ customers reports link is hidden only when permissions are present and lack orders:read (0.17975ms)
✔ reports are a finance subpage and preserve the existing single finance navigation entry (0.1345ms)
✔ an authoritative erased customer immediately unmounts the cached private tags/notes subtree (41.6015ms)
✔ the actual customer row shows manual tags and imported status without changing consent (5.59775ms)
✔ P1 actual tag DELETE accepts an empty Next-style stream without JSON MIME (697.915208ms)
✔ P1 actual note DELETE accepts an empty Next-style stream without JSON MIME (3.26525ms)
✔ P1 body-carrying tag writes still require JSON MIME through the real BFF (0.8605ms)
✔ P2 customer bare/encoded tag keys are invalid422 through the actual leaf before any backend (5.815459ms)
✔ P2 report products real session/CSRF response is private and Vary Cookie (5.611791ms)
✔ P2 report products.csv real session/CSRF response is private and Vary Cookie (2.103958ms)
✔ P2 report malformed query and wrong CSRF are rejected by actual helpers before upstream (0.726042ms)
ℹ tests 118
ℹ suites 0
ℹ pass 118
ℹ fail 0
ℹ cancelled 0
ℹ skipped 0
ℹ todo 0
ℹ duration_ms 1707.588125
✔ real coded errors retain baseline classification and normalize import leaf cache to private,no-store (51.382917ms)
✔ preflight missing CSRF is definite and sends nothing; actual route CSRF and session refusals stay definite (1.560292ms)
✔ actual route uses real cookies/store membership and method/error envelopes, no helper substitutions (2.07775ms)
✔ actual client/route preserves original Blob bytes, trusted transport and privacy projection on200/409 (2.262125ms)
✔ success or stale preview must remain private; malformed/unknown/mismatched coded errors are uncertain after commit (3.995ms)
✔ lost/unreadable/session-changed dispatched commit remains UNKNOWN; no automatic retry (1.381791ms)
✔ actual failed-only result route strips IDs and real final session/cancel fence exposes no download (4.450167ms)
✔ actual route refuses unknown resource/query and duplicate session cookies before any upstream call (1.646583ms)
✔ actual route incoming cancellation aborts one dispatched transport and preserves client UNKNOWN (1.8155ms)
✔ real coded error cache may not be public, and closed payload may not acquire data-bearing fields (8.9235ms)
✔ copy still exposes specific merchant field reasons across three locales (5.13025ms)
✔ all real local and upstream import refusals including HEAD/unsupported are exact private,no-store (1.058041ms)
✔ fresh mismatched receipt stays UNKNOWN, exact manual replay mismatch becomes terminal without a third send (1.572542ms)
✔ terminal is impossible for malformed replay receipts or matching replayed counts (1.272083ms)
✔ Big5 bytes pass unchanged to upstream and real422 import envelope surfaces encoding_not_utf8 (0.752667ms)
✔ oversize file uses the actual header guard and specific size guidance in all locales without dispatch (15.71ms)
✔ commit uses the original requested mapping, including an empty optional field, not resolved preview metadata (3.096291ms)
✔ an UNKNOWN commit remains locked through a later forbidden retry and only explicit same-file success unlocks (1.44725ms)
✔ leaving during a dispatched commit drops its payload and keeps an unconfirmed boolean without replay (0.981ms)
✔ a definite first preflight refusal clears pending before sign-out and does not invent an unconfirmed import (2.471625ms)
✔ a replayed mismatched receipt ends UNKNOWN without offering another retry or unlocking historical orders (2.970542ms)
✔ real cookie and CSRF helpers generate and validate the actual host-cookie pair (3.112583ms)
✔ exact route rejects methods/keys/body/query/scope before any upstream request using real localError (5.120334ms)
✔ missing/duplicate session cookies reject and real clearAuthCookies expires session and CSRF (5.447834ms)
✔ actual authenticatedStores denies a store absent from the server projection (2.073209ms)
✔ private success routes server cookie token and exact canonical after, never caller bearer/cookie to Go (3.103416ms)
✔ actual safeError/localError preserve coded status with no-store and redact upstream diagnostics (1.472291ms)
✔ actual readBody and strict projection refuse MIME/oversize/extra private fields/city; network loss stays private (4.674875ms)
✔ actual client issues GET50/after through real route/private successful projection (15.520334ms)
✔ actual helper-issued browser fence rejects changed parent before dispatch (3.100791ms)
✔ private success from real route is discarded when the browser session changes during upstream read (3.456458ms)
✔ real localError no-store 401/403/404/503 preserves correct read category with no retry (11.288208ms)
✔ malformed sensitive backend projection becomes real unavailable, never a fake BFF success (0.973917ms)
✔ strict archive rows decode external order text, safe minor units and public keys (2.384542ms)
✔ PII-shaped city and extra sensitive fields never pass the safe projection (0.339666ms)
✔ all canonical Go cities pass; malformed types/bounds/order/time/money/cursor fail (0.96725ms)
✔ read grammar is exact limit/after, not the stale brief's cursor name (20.950541ms)
✔ three locales retain truthful history-not-revenue basis and copy parity (1.246166ms)
✔ SSR renders actual safe rows, shared money/time, total count and read-only three-locale basis (42.062375ms)
✔ SSR distinguishes empty archive, 403, session loss and unavailable without stale rows/count (10.728708ms)
✔ actual pagination callbacks use opaque trail; double click cannot skip; refresh/scope reset page1 (3.369125ms)
✔ the static import subpage wins over customer detail and leaves the single customers nav intact (0.657041ms)
✔ the actual list offers import only to privacy holders and carries the current authorized store (296.512167ms)
✔ the actual detail mounts archive only for an active imported customer and passes its fenced identity (36.596334ms)
✔ MIUI-READY-VISIBLE-STORE actual signed helper waits on the visible selector and retains cookie/wizard assertions (274.347375ms)
✔ MIUI-READY-DENIED read-only staff reaches the real shell refusal instead of waiting for a private wizard (71.316208ms)
✔ failure verdicts precede successful rows, by source row number, without mutating the input (2.108125ms)
✔ the failure download contains only failed row metadata, with no source cell or success identifier (0.28225ms)
✔ reads quoted/BOM header only, without decoding malformed bytes from data rows (1.732292ms)
✔ guess only unique metadata aliases with explicit unmapped values (0.264209ms)
✔ shared dynamic leaf admits only exact import methods/actions and bounded mapping/count (18.599458ms)
✔ failed CSV emits only row/outcome/code, refusing any unexpected identifier or raw cell (0.618667ms)
✔ raw-byte cap does not decode/rebuild uploads and cancels oversized chunks (7.644958ms)
✔ backend privacy projection strips all source IDs on successful and failed rows (1.947166ms)
✔ closed preview parser refuses data-bearing rows, unknown keys and inconsistent counts (0.670833ms)
✔ order preview counts units while first CSV record numbers can exceed rows_total (0.479708ms)
✔ commit receipt has exactly five keys and no extra customer cells (0.392083ms)
ℹ tests 57
ℹ suites 0
ℹ pass 57
ℹ fail 0
ℹ cancelled 0
ℹ skipped 0
ℹ todo 0
ℹ duration_ms 1001.70775
✔ G-UI8 storefront pages and the sweep's STOREFRONT_ROUTES are the same set (1.477791ms)
✔ parseShard: i/N, empty means unsharded, anything malformed throws (0.258834ms)
✔ assignShards: deterministic, every key owned once, near-balanced (LPT bound) (0.958583ms)
✔ planClick: for every N the shards partition the whole universe (every registry route x variant, storefront walk, journey) (1.249333ms)
✔ planClick at N=10 keeps every shard within ~1.3x of the mean planned cost (0.131625ms)
✔ aggregate click: honest shards pass for several N (2.417292ms)
✔ aggregate click: a missing shard, a dropped page row, a lost journey, a failing row, a stale known defect and a missing platform marker are each a failure (4.498583ms)
✔ aggregate click: a route added to the registry after the shards ran cannot pass (the registry is re-read) (0.626875ms)
✔ aggregate visual: honest shards pass; a missing shard, a missing shot, a blocking verdict and a registry route outside the universe each fail (7.6695ms)
✔ artifact discovery finds nested run evidence and retains platform marker refusal (3.68675ms)
ℹ tests 10
ℹ suites 0
ℹ pass 10
ℹ fail 0
ℹ cancelled 0
ℹ skipped 0
ℹ todo 0
ℹ duration_ms 102.75825
ci-plan: 10 job(s); click-sweep x10 (aggregate)
  --browser-click-sweep@1/10  -> artifact gate-browser-click-sweep_1_10
  --browser-click-sweep@2/10  -> artifact gate-browser-click-sweep_2_10
  --browser-click-sweep@3/10  -> artifact gate-browser-click-sweep_3_10
  --browser-click-sweep@4/10  -> artifact gate-browser-click-sweep_4_10
  --browser-click-sweep@5/10  -> artifact gate-browser-click-sweep_5_10
  --browser-click-sweep@6/10  -> artifact gate-browser-click-sweep_6_10
  --browser-click-sweep@7/10  -> artifact gate-browser-click-sweep_7_10
  --browser-click-sweep@8/10  -> artifact gate-browser-click-sweep_8_10
  --browser-click-sweep@9/10  -> artifact gate-browser-click-sweep_9_10
  --browser-click-sweep@10/10  -> artifact gate-browser-click-sweep_10_10
✔ the full sweep and the full visual lint fan out into every shard and ask for the aggregate (1.909875ms)
✔ foundation-shards = the unit shard + every plan group; the serial `foundation` mode is untouched (0.858875ms)
✔ an explicit shard re-run (or a partial list) never claims the whole-run aggregate (0.098917ms)
✔ duplicates collapse, artifact names are safe and unique, bad input is refused (1.509625ms)
✔ main writes matrix / sweep_n / visual_n to GITHUB_OUTPUT (2.17225ms)
✔ mode discovery has no Docker/build dependency and includes the existing universe (47.942875ms)
✔ dry-run resolves a mode without executing dependencies and keeps its command environment (80.587166ms)
✔ one appended case is discovered and dispatched; malformed and duplicate registry entries fail closed (53.034625ms)
✔ registry discovery cannot silently lose indented, aliased or unrecognised Bash case arms (4.326167ms)
✔ ordinary and sharded browser jobs require only Chromium; default mixed modes keep WebKit (6.35925ms)
✔ explicit WebKit calibration takes the union without dropping Chromium (1.377ms)
✔ every current browser arm declares requirements; unknown or missing declarations fail closed (28.432042ms)
✔ coverage assertion derives mixed Go roots and catches a new mode reusing them (84.184667ms)
✔ installer retries transient dependency failure at most three times under root timeouts (2346.132334ms)
✔ persistent dependency failure stops after three attempts and never downloads browsers (1853.852792ms)
✔ mixed engine installer preserves both dependencies and both binaries; first success needs no retry (1763.613375ms)
✔ invalid browser set cannot invoke dependency installer or browser downloads (335.080333ms)
✔ dependency CLI resolves from the directly declared package in the frozen pnpm installation (1747.85625ms)
✔ workflow keeps the overall fifteen-minute bound and partitions cache by planned engine set (1.056625ms)
✔ backend-only paths run foundation-shards only (1.836917ms)
✔ node tests of deploy scripts and of the CI planner are backend-only (they cannot change a browser) (2.598708ms)
✔ a UI path adds the whole browser set, including click-sweep and visual-lint (8.352875ms)
✔ docs-only and output-only diffs keep the single required check (foundation-shards) (0.475084ms)
✔ legacy browser_* paths still select all browsers; a known untagged foundation file stays backend-only (1.200875ms)
✔ legacy deploy prefixes remain selected and unrelated paths do not select smoke (5.5135ms)
✔ the browser set is release-gate's browser-mode universe minus the documented exclusions (81.708417ms)
✔ every real browser-tagged foundation file selects registry browser modes, including non-browser names (105.865541ms)
✔ tagged runner discovery follows registry additions, command arrays and line continuations (0.965792ms)
✔ deploy smoke is selected for its workflow, verdict/helpers and executable test inputs (1.519709ms)
✔ new selection never drops legacy modes or deploy for any tracked path (472.279667ms)
✔ CLI classifies merge-base and explicit head, including removed tags, deleted files and renames (567.149417ms)
✔ CLI selects modes the base added after divergence when the checkout is the PR merge (PR #22 review P1) (320.988875ms)
✔ CLI reads the merge checkout's source when the base adds a browser tag after the fork (PR #22 review P1) (298.621708ms)
✔ CLI explicit head and stdin include tags outside the checkout and uncommitted tag removals (309.364583ms)
✔ compound/legacy tags and unknown source are conservative; known untagged source stays backend-only (7.616458ms)
✔ explicit-head CLI derives tagged runner modes from that head's real registry (259.609334ms)
✔ real Git CLI preserves legacy selection: quotePath=true, "架构.md" (222.517833ms)
✔ real Git CLI preserves legacy selection: quotePath=true, "internal/示例.go" (199.848542ms)
✔ real Git CLI preserves legacy selection: quotePath=true, "tests/foundation/plain\tname_test.go" (196.586666ms)
✔ real Git CLI preserves legacy selection: quotePath=true, " deploy/scripts/synthetic-smoke.sh" (187.450333ms)
✔ real Git CLI preserves legacy selection: quotePath=false, "架构.md" (234.418792ms)
✔ real Git CLI preserves legacy selection: quotePath=false, "internal/示例.go" (168.41425ms)
✔ real Git CLI preserves legacy selection: quotePath=false, "tests/foundation/plain\tname_test.go" (182.468208ms)
✔ real Git CLI preserves legacy selection: quotePath=false, " deploy/scripts/synthetic-smoke.sh" (167.7325ms)
✔ stdin unions legacy trimming without trimming the source lookup path (102.386417ms)
✔ parser: only compiled, correctly-shaped Test functions of untagged _test.go files (1.408333ms)
✔ the real plan: every top-level test of tests/foundation runs in exactly one group (665.369709ms)
✔ a new test (in no list) still runs, exactly once, in the catch-all group; the same name with no catch-all is red (1073.8805ms)
✔ a test listed in two groups is red; drift beyond the limit is red (1137.642708ms)
✔ regexes: anchored explicit lists; the catch-all skips exactly everyone else's tests (0.483334ms)
✔ pack: deterministic, balanced to within the longest test, every name once (4.486625ms)
✔ parseDurations: top-level lines only (0.198833ms)
ℹ tests 52
ℹ suites 0
ℹ pass 52
ℹ fail 0
ℹ cancelled 0
ℹ skipped 0
ℹ todo 0
ℹ duration_ms 8377.059209
✔ W3U3 revoked scope after inbox/buyer-panel read admission is 404 (15.736375ms)
✔ W3U3 revoked scope after inbox/conversations read admission is 404 (3.70075ms)
✔ W3U3 revoked scope after message-templates read admission is 404 (2.024833ms)
✔ W3U3 revoked scope after live-sessions/c6a6fd06-631d-4c84-b688-0b7aac045381/comments read admission is 404 (1.608416ms)
✔ W3U3 genuine read permission denial stays 403 (1.791083ms)
✔ W3U3 unproven scope loss (503) preserves the denial (0.947333ms)
✔ W3U3 unproven scope loss (401) preserves the denial (0.842584ms)
✔ W3U3 unproven scope loss (200) preserves the denial (0.956917ms)
✔ W3U3 write denial is not scope-reconciled or replayed (4.055292ms)
✔ W3U3 unknown upstream 403 never becomes an authoritative scope refusal (1.012834ms)
✔ W3U3 successful read keeps one scope check and one private read (0.693833ms)
✔ W3U3 stalled scope proof cannot delay a known denial past the privacy budget (630.671208ms)
✔ W3U3 elapsed request budget skips scope proof rather than prolonging the denial (4.008541ms)
✔ W3U3 request cancellation also cancels scope proof and preserves the original denial (3.798375ms)
✔ PR18 real BFF preserves invalid_ref and cursor errors without upstream retry (3.73475ms)
✔ PR18 valid A2 Unicode/escaped pages exceed 1 MiB but A8 cap stays unchanged (126.657625ms)
✔ K3 comment-only no_source cannot widen the existing inbox error seam (2.255333ms)
✔ LC-U2a real BFF seam A2-A5 exact grammar, privacy, denial and no diagnostic reflection (4.747917ms)
✔ A8/A9/A13 and published templates: exact reads forward once with no-store (2.614417ms)
✔ real streamed POST bodies: A10-A14 exact keys reach upstream (5.368ms)
✔ query, read headers, methods and body allowlists refuse before upstream (4.610417ms)
✔ session, CSRF and store authority precede content forwarding (1.111041ms)
✔ A12 fixed codes preserved; arbitrary upstream diagnostics stripped (6.592459ms)
✔ client preserves codes and receipt; changed/aborted session cannot publish private response (9.393584ms)
✔ A9 admits a full page of valid Unicode replies while bounding private response bytes (4.109333ms)
✔ non-JSON upstream 401 still expires both authentication cookies without diagnostic leakage (1.411875ms)
✔ real M7 response keeps no-referrer after matching Next production header rules (22.532875ms)
✔ three unit languages cover identical fixed labels and delivery states (0.943084ms)
✔ hiding aborts requests and rejects late responses, even after reveal (0.6315ms)
✔ switching selection invalidates both reads and write completions (0.080333ms)
✔ owner and explicit inbox permissions only; viewer fails closed (0.063375ms)
✔ Messenger counts Unicode codepoints; Instagram counts NFC UTF8 bytes (1.134916ms)
✔ uncertain transport retries retain the exact submission; definitive conflicts retire it (0.462417ms)
✔ privacy calibration cannot activate with production origin or ordinary caller env (0.140375ms)
✔ late focus/pageshow while native document remains hidden cannot reveal requests (0.09175ms)
✔ terminal navigation revocation cannot be undone by focus or refresh until a new page fence (0.056208ms)
✔ a ticket from another store/page fence is never accepted (0.040291ms)
✔ focus while already visible preserves the active epoch and the uncertain reply receipt (0.815542ms)
ℹ tests 38
ℹ suites 0
ℹ pass 38
ℹ fail 0
ℹ cancelled 0
ℹ skipped 0
ℹ todo 0
ℹ duration_ms 1016.20275
✔ installed APIRequestContext cookie rules exclude Secure cookie from HTTP127 but retain HTTPS/localhost (0.539ms)
✔ actual INU02 cross uses browser auth and retains exact 404/DM absence (45.048417ms)
✔ actual INU02 cross still rejects wrong authority 401 (3.363917ms)
✔ actual INU02 cross still rejects wrong authority 200 (4.586ms)
✔ actual INU02 cross still rejects DM in denied response (2.401167ms)
✔ actual INU02 denied uses browser auth and retains exact 403/DM absence (1.691333ms)
✔ actual INU02 denied still rejects wrong authority 401 (1.556542ms)
✔ actual INU02 denied still rejects wrong authority 200 (1.266916ms)
✔ actual INU02 denied still rejects DM in denied response (3.479334ms)
✔ actual login settles /en and fixture store (real switch, scoped=false) (34.042583ms)
✔ actual login settles /en and fixture store (real switch, scoped=true) (4.221667ms)
✔ actual login settles /en/inventory and fixture store (real switch, scoped=false) (6.425125ms)
✔ actual login settles /en/inventory and fixture store (real switch, scoped=true) (3.59275ms)
✔ actual login settles /en/messages and fixture store (real switch, scoped=false) (7.719583ms)
✔ actual login settles /en/messages and fixture store (real switch, scoped=true) (5.59975ms)
✔ actual login settles /en and fixture store (already selected, scoped=false) (2.22175ms)
✔ actual login settles /en and fixture store (already selected, scoped=true) (89.953291ms)
✔ actual login settles /en/inventory and fixture store (already selected, scoped=false) (3.493208ms)
✔ actual login settles /en/inventory and fixture store (already selected, scoped=true) (16.479209ms)
✔ actual login settles /en/messages and fixture store (already selected, scoped=false) (4.001291ms)
✔ actual login settles /en/messages and fixture store (already selected, scoped=true) (1.218875ms)
✔ bundle fixture uses real claim commands and mounts existing M6/M7 without issuing early (4.234083ms)
✔ sensitive bundle scenario clicks native clipboard with trace/video disabled and no token body reads (0.302792ms)
✔ persisted link and token-free command receipt are compared without disclosing credentials (0.406209ms)
✔ actual clipboard evaluator exports only safe summary and detects malformed or retained synthetic credentials (457.981334ms)
✔ claim-window fixture isolates recovery after the current migration permits multiple OPEN windows (5.769959ms)
✔ ordinary Playwright diagnostics still capture failed-page ARIA when private guard is absent (0.681583ms)
✔ sensitive worker lifecycle prevents actual installed snapshot capture without masking the failure (57.131958ms)
✔ worker restores prior environment even when use rejects (absent) (7.607917ms)
✔ worker restores prior environment even when use rejects (empty) (20.310208ms)
✔ worker restores prior environment even when use rejects (existing-policy) (3.0105ms)
✔ fixture is worker-auto and module collection does not suppress ordinary diagnostics (75.068458ms)
✔ ordinary matcher ARIA context bypasses fallback flag and remains in actual installed diagnostics (0.8075ms)
✔ private test teardown removes only matcher page context while preserving failure (failed status) (14.709125ms)
✔ private test teardown removes only matcher page context while preserving failure (rejected use) (1.773125ms)
✔ matcher guard is test-auto without replacing the installed artifact auto fixture (1.245292ms)
✔ real Playwright --list collects each original INU case and isolated INU09 exactly once (1651.06125ms)
✔ Host subset: nested Provider and React19 context shadow defaults without sibling leakage (15.545166ms)
✔ Host subset: provider updates reach stable children and separate roots keep their own values (1.692917ms)
✔ Host subset: render errors restore context and hook ownership (0.477541ms)
✔ Host subset: portal children inherit logical context and retain handlers/state (0.215125ms)
✔ Host subset: portal target/key changes remount children and removal runs cleanup (0.150416ms)
✔ Host subset: createPortal rejects invalid DOM targets rather than swallowing children (0.09325ms)
✔ A real Inbox selection admits Go A9 attachments null without losing thread (101.150834ms)
✔ A real Inbox selection admits Go A9 attachments empty array without losing thread (52.770875ms)
✔ A malformed non-array A9 attachments is refused without painting DM or crashing selected entry (9.08775ms)
✔ C A8 HTTP200 empty list is ordinary data with no alert, selection or focus request storm (2.37625ms)
✔ C A8 list404 is scoped inbox unavailable in en, never an empty list or conversation denial (3.78225ms)
✔ C A8 list404 is scoped inbox unavailable in zh-TW, never an empty list or conversation denial (1.777958ms)
✔ C A8 list404 is scoped inbox unavailable in zh-CN, never an empty list or conversation denial (1.635333ms)
✔ C click-sweep Go harness mounts existing Inbox/templates services (STRUCTURE_ONLY, Go NOT_RUN) (4.809584ms)
✔ C click-sweep includes actual-router owner200 empty inbox assertion (STRUCTURE_ONLY, Go NOT_RUN) (0.435375ms)
✔ inbox evidence is covered by the CI upload root (1.688833ms)
✔ failed Playwright closes its log and emits sanitized diagnostics before Fatalf (0.389541ms)
✔ failure diagnostics match INU cases/counts without admitting private text (1.582666ms)
✔ INU04 delayed handler 1 signals completion when fulfillment rejects (75.854917ms)
✔ INU04 delayed handler 2 signals completion when fulfillment rejects (2.435209ms)
✔ Host subset: nested Provider and React19 context shadow defaults without sibling leakage (2.305875ms)
✔ Host subset: provider updates reach stable children and separate roots keep their own values (0.350208ms)
✔ Host subset: render errors restore context and hook ownership (0.352292ms)
✔ Host subset: portal children inherit logical context and retain handlers/state (0.201625ms)
✔ Host subset: portal target/key changes remount children and removal runs cleanup (0.144541ms)
✔ Host subset: createPortal rejects invalid DOM targets rather than swallowing children (0.091417ms)
✔ recoveryDone waits for actual held M7 completion in zh-TW (61.071958ms)
✔ recoveryDone waits for actual held M7 completion in zh-CN (4.035625ms)
✔ recoveryDone waits for actual held M7 completion in en (5.776708ms)
✔ Host subset: nested Provider and React19 context shadow defaults without sibling leakage (1.724875ms)
✔ Host subset: provider updates reach stable children and separate roots keep their own values (0.3155ms)
✔ Host subset: render errors restore context and hook ownership (0.686458ms)
✔ Host subset: portal children inherit logical context and retain handlers/state (0.705792ms)
✔ Host subset: portal target/key changes remount children and removal runs cleanup (0.5295ms)
✔ Host subset: createPortal rejects invalid DOM targets rather than swallowing children (0.245708ms)
✔ review2 P1 bundle-only row opens real A13 and issues existing M7 claim link to clipboard (54.918542ms)
✔ review2 P1 clipboard denial recopy reuses cached issued URL without another M7 POST (8.752792ms)
✔ review2 P1 lost M7 ACK retries exact receipt and null replay token never mints a fresh key (8.081209ms)
✔ review2 P1 missing CSRF before cached recopy cannot copy or issue again (7.463208ms)
✔ review2 P1 missing CSRF before uncertain retry rejects preserved receipt dispatch (13.96425ms)
✔ review2 P1 late issued-link completion after hide cannot write clipboard (7.158208ms)
✔ review2 P1 late issued-link completion after selection cannot write clipboard (10.589792ms)
✔ review2 P1 late issued-link completion after unmount cannot write clipboard (98.669042ms)
✔ review2 P1 late issued-link completion after logout cannot write clipboard (11.088292ms)
✔ review2 P1 claim-link issuance denied without both live read/manage (inbox:read,live:read) (8.678083ms)
✔ review2 P1 claim-link issuance denied without both live read/manage (inbox:read,live:manage) (6.433625ms)
✔ review2 P1 missing authoritative recovery identity never guesses generation {"missingSession":true} (6.252ms)
✔ review2 P1 missing authoritative recovery identity never guesses generation {"noBundle":true} (4.237125ms)
✔ review2 P2 exactly one matching binding uses named DM hard gate ok (9.233458ms)
✔ review2 P2 exactly one matching binding uses named DM hard gate review_required (5.260667ms)
✔ review2 P2 exactly one matching binding uses named DM hard gate missing_permission (7.245792ms)
✔ review2 P2 multiple same-provider bindings advisory only (dm_session:ok,dm_session:missing_permission) (2.206041ms)
✔ review2 P2 multiple same-provider bindings advisory only (dm_session:missing_permission,dm_session:reauth_required) (1.171417ms)
✔ review2 P2 multiple same-provider bindings advisory only (dm_session:ok,read_comment:missing_permission) (0.911916ms)
✔ review2 P2 multiple same-provider bindings advisory only (dm_session:review_required,dm_session:ok) (0.57075ms)
✔ review2 P2 actual scoped A12 409 capability refusal remains visible after advisory submit (1.4605ms)
✔ review2 P2 missing health and single binding without named DM remain disabled (3.343833ms)
✔ review2 P2 expired cached issued link cannot be recopied or silently reissued (5.300042ms)
✔ Host subset: nested Provider and React19 context shadow defaults without sibling leakage (2.148ms)
✔ Host subset: provider updates reach stable children and separate roots keep their own values (0.210125ms)
✔ Host subset: render errors restore context and hook ownership (0.215542ms)
✔ Host subset: portal children inherit logical context and retain handlers/state (0.194083ms)
✔ Host subset: portal target/key changes remount children and removal runs cleanup (0.140708ms)
✔ Host subset: createPortal rejects invalid DOM targets rather than swallowing children (0.092ms)
✔ P1-1 actual visible focus preserves pending ticket, selection, revision and real retry receipt (5.953167ms)
✔ P1-1 actual unchanged-session pageshow checks without clearing; changed-session focus expires (1.360209ms)
✔ P1-1 actual hide/reveal clears and requests fresh revision, never accepts obsolete completion (2.003167ms)
✔ P1-1 changed-session visible focus expires even with a pending request (1.410958ms)
✔ P1-2 actual A9 refresh 404 removes rendered DM and unsent draft (47.174917ms)
✔ P1-2 actual send-finally A9 404 removes DM, draft and uncertain immutable receipt (11.970417ms)
✔ actual uncertain send still retains exact receipt when A9 authority remains (0ms post-send A9) (5.11175ms)
✔ actual uncertain send still retains exact receipt when A9 authority remains (50ms post-send A9) (123.921958ms)
✔ actual A9 stale held completion cannot paint after component cleanup (3.570292ms)
✔ P2 actual A14 404 clears buyer facts and customer draft (explicit future-version MOCK) (9.6635ms)
✔ safe authority errors remain the actual InboxError transport class (1.116542ms)
✔ actual current A13 without version keeps A14 disabled; future MOCK grants no backend claim (1.769542ms)
✔ P1-2 actual A11 takeover write 404 clears private state despite failing follow-up A9 (4.089916ms)
✔ P1-2 actual A12 send write 404 clears private state despite failing follow-up A9 (2.466167ms)
✔ A13 server orders omission remains distinct from authorized omitted data (2.441125ms)
✔ A13 server orders omission remains distinct from authorized empty data (13.372917ms)
✔ A13 server orders omission remains distinct from authorized populated data (4.0315ms)
✔ PR18 host digest hardening sync-throw (358.830125ms)
✔ PR18 host digest hardening never-settles (1604.38525ms)
✔ actual shell-store-selector captures selection before synchronous privacy teardown (allowed=true) (138.2465ms)
✔ actual shell-store-selector captures selection before synchronous privacy teardown (allowed=false) (5.314791ms)
✔ actual locale-switch captures selection before synchronous privacy teardown (allowed=true) (9.595041ms)
✔ actual locale-switch captures selection before synchronous privacy teardown (allowed=false) (3.22625ms)
✔ Host subset: nested Provider and React19 context shadow defaults without sibling leakage (2.2895ms)
✔ Host subset: provider updates reach stable children and separate roots keep their own values (0.620667ms)
✔ Host subset: render errors restore context and hook ownership (0.455083ms)
✔ Host subset: portal children inherit logical context and retain handlers/state (0.464792ms)
✔ Host subset: portal target/key changes remount children and removal runs cleanup (0.213833ms)
✔ Host subset: createPortal rejects invalid DOM targets rather than swallowing children (0.122625ms)
✔ persisted A9 UNKNOWN after page entry warns and blocks the real composer in en (39.841625ms)
✔ persisted A9 UNKNOWN after page entry warns and blocks the real composer in zh-TW (3.607125ms)
✔ persisted A9 UNKNOWN after page entry warns and blocks the real composer in zh-CN (10.146208ms)
✔ A12 queued ACK followed by final A9 UNKNOWN overrides the local queued notice and blocks another send (15.666542ms)
✔ a captured previously enabled composer cannot bypass final UNKNOWN learned by Refresh (5.80675ms)
✔ a later A9 page omitting the known UNKNOWN is not delivery reconciliation (10.446667ms)
✔ persisted queued is not mislabeled UNKNOWN and retains ordinary composer eligibility (0.71925ms)
✔ persisted sent is not mislabeled UNKNOWN and retains ordinary composer eligibility (1.72525ms)
✔ persisted failed is not mislabeled UNKNOWN and retains ordinary composer eligibility (1.632292ms)
✔ persisted blocked is not mislabeled UNKNOWN and retains ordinary composer eligibility (5.927375ms)
✔ fresh mount refuses when an old UNKNOWN is beyond 51 newer messages (fact=true) (2.318417ms)
✔ fresh mount refuses when an old UNKNOWN is beyond 51 newer messages (fact=null) (8.501333ms)
✔ fresh mount refuses when an old UNKNOWN is beyond 51 newer messages (fact=undefined) (2.947875ms)
✔ fresh mount refuses when an old UNKNOWN is beyond 51 newer messages (fact=false) (1.58625ms)
✔ a refreshed unknown authority replaces old clear authority even for a captured composer (2.811333ms)
✔ Host subset: nested Provider and React19 context shadow defaults without sibling leakage (148.154709ms)
✔ Host subset: provider updates reach stable children and separate roots keep their own values (0.995208ms)
✔ Host subset: render errors restore context and hook ownership (0.992625ms)
✔ Host subset: portal children inherit logical context and retain handlers/state (2.2355ms)
✔ Host subset: portal target/key changes remount children and removal runs cleanup (0.759ms)
✔ Host subset: createPortal rejects invalid DOM targets rather than swallowing children (0.47375ms)
✔ window strict eligibility with 300001ms before hard 24h deadline (38.946125ms)
✔ window strict eligibility with 300000ms before hard 24h deadline (2.206166ms)
✔ window strict eligibility with 60000ms before hard 24h deadline (1.32125ms)
✔ window strict eligibility with 0ms before hard 24h deadline (0.996625ms)
✔ window invalid server deadline fails closed without preparing a send (0.763167ms)
✔ window captured enabled form callback cannot POST after crossing safe cutoff (1.035ms)
✔ window deadline timer closes controls at cutoff and hard end without waiting for 15s poll (1.864ms)
✔ quota recovery gives exact zh-TW comment-quota and DM-window instructions beside copy only (0.914209ms)
✔ quota recovery gives exact zh-CN comment-quota and DM-window instructions beside copy only (0.150625ms)
✔ quota recovery gives exact en comment-quota and DM-window instructions beside copy only (0.117875ms)
ℹ tests 161
ℹ suites 0
ℹ pass 161
ℹ fail 0
ℹ cancelled 0
ℹ skipped 0
ℹ todo 0
ℹ duration_ms 3715.9535
✔ browser evidence uses unique local runs or the selected harness parent without rewriting history (87.999042ms)
✔ browser evidence rejects labels that escape the harness directory before creating files (37.076959ms)
✔ shell isolates visual fixtures from a click ledger when caller reuses its evidence root (33.152875ms)
✔ ops disk guard allocation isolates its log and child evidence from committed history (12.532041ms)
✔ visual artifact upload selects lint/index/shots and excludes raw unrelated evidence (11.437875ms)
✔ visual reviewer discovers nested per-run artifact shots through its real copy loop (74.04725ms)
✔ explicit evidence roots inside a repository must be ignored and untracked (PR #23 review) (614.59375ms)
✔ visual review refuses an incomplete report: every captured page needs exactly one PASS|FIX section (PR #23 review) (248.025542ms)
✔ reject quoted screenshot path (5.128709ms)
✔ reject computed writer (0.509ms)
✔ reject renamed import (0.83575ms)
✔ reject local writer alias (0.468959ms)
✔ reject quoted reporter (0.206875ms)
✔ reject openSync write (0.305042ms)
✔ reject open write (0.329667ms)
✔ reject URL writer (0.36475ms)
✔ reject bound writer (0.211709ms)
✔ reject bound path (0.475ms)
✔ reject direct (0.129125ms)
✔ reject alias (0.259417ms)
✔ reject split join (0.184542ms)
✔ reject template (0.3855ms)
✔ reject helper (0.44425ms)
✔ reject copy destination (0.091375ms)
✔ reject reporter (0.166667ms)
✔ reject traversal (0.082375ms)
✔ reject tracked nonoutput (0.066458ms)
✔ allow read-only open (0.444667ms)
✔ allow read-only URL open (0.196ms)
✔ allow historical read (0.124708ms)
✔ allow copy source (0.059125ms)
✔ allow comment (0.206459ms)
✔ allow string data (0.053583ms)
✔ allow run directory (0.156333ms)
✔ Go Join aliases flag writes but not read-only history or comments (1.836959ms)
✔ producer discovery covers acceptance suites and helpers, not documentation/artifacts (0.235291ms)
✔ synthetic Go historical fixtures stay inside t.TempDir; real CopyFS destinations are audited (0.904916ms)
✔ Go OpenFile rejects create/write flags but preserves historical read-only descriptors (0.5715ms)
ℹ tests 38
ℹ suites 0
ℹ pass 38
ℹ fail 0
ℹ cancelled 0
ℹ skipped 0
ℹ todo 0
ℹ duration_ms 1163.8695
