✔ /products/{uuid} redirects permanently to the zh-TW product page (38.459625ms)
✔ non-uuid ids are 404, never redirected (2.228083ms)
✔ AT1: the locale redirect preserves the ad-click query without allowing a redirect target (0.486458ms)
✔ R10: standalone signed signals survive a missing or expired seven-day touch (10.561ms)
✔ R10: standalone signals reject expiry, bad signature, duplicates and another host (0.210084ms)
✔ AT1 R5: browser identity survives expired touch and rolls for ninety days (3.482209ms)
✔ AT1 R5: missing ad parameters create no cookies; fbclid alone creates no touch (0.490208ms)
✔ AT1 R5: lc_ad alone updates attribution and does not replace fbc (0.186417ms)
✔ AT1: host-only first-party cookies contain no PII and read back exactly (0.265834ms)
✔ AT1: a later valid click replaces the draft but preserves the browser identifier (0.116917ms)
✔ R10: only a different fbclid replaces fbc and its first-seen timestamp (0.215542ms)
✔ AT1: malformed and ambiguous links do not overwrite a valid prior touch (0.318209ms)
✔ AT1: host and key binding reject copied cookies (4.553625ms)
✔ AT1: duplicates and tampering invalidate the entire envelope (0.625334ms)
✔ AT1: exactly seven days is valid, the next millisecond and future clicks are not (0.644ms)
✔ catalog list query limits equal the Go v2 parser (internal/buyerhttp/catalogv2.go) (19.56875ms)
✔ collection list cap equals Go maxCollectionsPerStore (14.152041ms)
✔ design caps equal internal/design/schema.go (nav, sections, pages) (3.568125ms)
✔ CVS buyer-entered store bounds and return path equal Go (internal/checkout/cvs.go, migration 0093) (7.963041ms)
✔ transfer view: closed shape and state rules mirror Go validTransferView (0.824959ms)
✔ proof body and result: five digits, positive minor amount, ISO instant (0.180625ms)
✔ minorFromText: major units with at most two decimals, never a float surprise (0.094541ms)
✔ buyer email mirror: one plain address, 254 characters at most (0.105417ms)
✔ countdown: whole hours and minutes, never negative (0.3425ms)
✔ copy: three locales carry every key and every refusal code (0.189208ms)
✔ options: a home row lists modes only with bank_transfer and then needs its window (0.238834ms)
✔ checkoutInput: a home bank_transfer body, the optional trimmed email, and every refusal before any request (0.397167ms)
✔ order: AWAITING_TRANSFER is a valid commercial state without a hold time (0.180042ms)
✔ BFF: exact transfer routes, keyed proof PUT, strict body, validated answers, no generic proxy (279.123958ms)
✔ BFF: transfer refusal codes pass through as definite 422; checkout accepts bank_transfer and a valid email only (8.606916ms)
✔ D06 order heading follows a settled transfer: never 'waiting for transfer' above a confirmed or expired one (0.116875ms)
✔ uncertain prepare blocks all mutations; changed cookie context resolves journal (187.26225ms)
✔ fully parsed local denial clears only its own pending operation (57.013333ms)
✔ malformed journal, unavailable lock and stale context fail before writes (20.732708ms)
✔ BPT05 exact handoff permits absent body/key, one fetch, no form persistence (230.448667ms)
✔ BPT05 wrong handoff form and ordinary writes fail before any fetch (0.606292ms)
✔ BPT05 unresolved cookie journal blocks handoff; lost response is one fetch without persistence (0.171666ms)
✔ SU02 refresh permits absent body/key, one fetch, no persistence (0.218542ms)
✔ SU02 refresh rejects a body, a key or a malformed path before any fetch (0.13975ms)
✔ SU02 cancel permits absent body/key, one fetch, no persistence (0.161667ms)
✔ SU02 cancel rejects a body, a key or a malformed path before any fetch (0.094209ms)
✔ BPT01 exact private path, headers, body and three-locale one-fetch transport (204.984208ms)
✔ BPT02 payment routes reject untrusted path, context, headers, key and body before fetch (5.5835ms)
✔ BPT03 hostile upstream success is sanitized, never returned as payment data (9.764333ms)
✔ BPT04 every handoff failure is nonretryable, including pre-route and transport loss (1.159916ms)
✔ SU02 five routes: exact upstream path, method, key, body, one fetch each (1.183667ms)
✔ SU02 refresh and cancel are keyless and pass every CSRF/context denial before fetch (4.257375ms)
✔ SU02 every handoff/refresh/cancel failure is nonretryable and sanitized (4.4535ms)
✔ SU02 hostile Stripe bodies become the sanitized 503; PAYUNi and Stripe bodies stay byte-identical (5.248292ms)
✔ SU02 prepare accepts only the two known method codes (1.575708ms)
✔ disabled and invalid configuration fail closed before private fetch (24.68625ms)
✔ private authority, cookie lifecycle and strict local denial (13.916375ms)
✔ bad host, cookie, query and method never reach private API (1.817459ms)
✔ stalled inbound POST body is canceled at its deadline without a cookie or private call (0.843875ms)
✔ R10: Begin forwards independently signed signals; browser attribution and forwarded hosts are not authority (42.530583ms)
✔ CVS BFF: exact routes, keyed open/store, keyless verify, validated answers, no generic proxy (36.0935ms)
✔ CVS BFF: contract refusal codes pass through; pay_at_pickup_limit is a definite (non-retryable) 429 (23.893375ms)
✔ failed later transport session refresh keeps an earlier observed cart eligible (269.997875ms)
✔ failed later 503 session refresh keeps an earlier observed cart eligible (50.66575ms)
✔ newer successful session supersedes a delayed valid A cart on cart (140.12075ms)
✔ newer successful session supersedes a delayed valid A cart on cart-fails (45.441125ms)
✔ newer successful session supersedes a delayed valid A cart on absent (22.304542ms)
✔ a completed same-context command fences an earlier valid cart read (128.402792ms)
✔ unmount still fences a delayed session refresh after separating issued and observed generations (58.58775ms)
✔ unmount still fences a delayed cart refresh after separating issued and observed generations (40.998375ms)
✔ round2 stale A session response cannot supersede newer refresh B or its lost-write Retry (15.658292ms)
✔ round2 stale A session response cannot supersede newer mutation B or its lost-write Retry (45.943916ms)
✔ rotated buyer context clears the prior cart on read and preserves the B receipt (129.466042ms)
✔ rotated buyer context clears the prior cart on lost-write and preserves the B receipt (86.378416ms)
✔ rotated buyer context clears the prior cart on refresh-read and preserves the B receipt (17.002833ms)
✔ lost first write keeps Retry alive: same context, same idempotency key, no second purchase (22.570417ms)
✔ fragment grammar accepts only one canonical token (1.529417ms)
✔ claim projections are closed (0.761333ms)
✔ claim token rides only its header on B1/B2 and is never echoed (98.218208ms)
✔ claim-priced cart edits send only SKU and quantity, keeping server price authority (12.633916ms)
✔ direct-checkout sold-out projection is mandatory, boolean and closed (0.161125ms)
✔ claim redeem shares the purchase lock, guards recovery and never persists the token (3.785333ms)
✔ ClaimLink removal projects live-priced survivors on ready and conflict pages (285.274084ms)
✔ ClaimLink revisit checks out applied A while pending B is sold out or unavailable (13.8705ms)
✔ ClaimLink refreshes a nothing result after a second tab applied the claim (25.680792ms)
✔ ClaimLink does not navigate when a buyable claim target is absent or has changed quantity (15.091458ms)
✔ ClaimLink optional prior-order notice tolerates unreadable storage without bypassing recovery (36.829875ms)
✔ CVS01 map form: only the two ECPay e-map actions, exact fields, top-level-safe values (1.429709ms)
✔ CVS02 return path allowlist excludes /claim and anything but the checkout or product page (0.149458ms)
✔ CVS03 selection projection: VERIFIED<=>pickup, REJECTED<=>reject_code, absent keys read as null (0.513125ms)
✔ CVS04 buyer-entered store answer and request body (0.323375ms)
✔ CVS05 store code table (§16.1) keeps leading zeros and per-chain lengths (0.17325ms)
✔ CVS06 recipient mirror: real-name width 4..10 (CJK=2), no digits/symbols/emoji; 09 mobile (0.554708ms)
✔ CVS07 checkout draft: name, phone and mode only; read once; corrupt/foreign shapes are dropped (0.52525ms)
✔ CVS08 return URL: only ?cvs_selection=<uuid> is accepted (0.274417ms)
✔ CVS09 buyer order projection and copy keys: nothing but PICKED_UP says picked up (0.324917ms)
✔ CVS10 error codes: field mapping, definite refusals, official links are https constants (0.276042ms)
✔ CVS11 client transport: verify is the one new keyless POST; the server refusal code rides BuyerClientError.detail (26.867917ms)
✔ every locale x page has a title, an updated line and at least one section (1.27275ms)
✔ locales share the section count and per-section body count of every page (3.970959ms)
✔ final text is only the owner-confirmed company facts (CR 81215167 name + registered address); nothing else is final (0.286917ms)
✔ a legal page is published only when every text on it is final; buyers see no link to an unpublished one (1.920584ms)
✔ data-deletion path is named in the privacy page of every locale (0.116708ms)
✔ pendingOwnerText lists exactly the texts that keep a page unpublished and is written for the owner (2.279125ms)
✔ a live (claim-origin) price replaces the catalog price and strikes it through (2.196209ms)
✔ without a live price the catalog price and its compare-at are shown unchanged (0.220917ms)
✔ a live price equal to or above the catalog price is shown as set (strike hidden by the UI guard) (0.184417ms)
✔ a live price strikes the catalog price, never the variant sale price (0.164083ms)
✔ order ref: 12 hex (dashes or spaces, any case) or a full id (1.33175ms)
✔ contact: one email or a phone of 6..20 digits (0.230625ms)
✔ body is exactly {order_ref, contact}; the answer is exactly {order_id} (13.01275ms)
✔ BFF lookup: no cookie needed, fresh token goes upstream, cookie only on 200 and it carries that same token (118.98575ms)
✔ BFF lookup: strict local denial before any private fetch (38.449875ms)
✔ copy: three locales carry every key (0.481917ms)
✔ MS4 srcset descriptors use actual decoded widths and deduplicate small renditions (0.409375ms)
✔ MS1 product rendition allowlist preserves trusted Host and never forwards buyer cookies (46.84325ms)
✔ MS2 invalid, duplicate, extra, encoded widths and non-product variants fail before fetch (1.869416ms)
✔ MS3 old-image fallback is never promoted to immutable; committed variants are cacheable (3.597167ms)
✔ TWD whole amounts show no decimals in every locale and at every magnitude (line, subtotal, total, zero) (14.16525ms)
✔ cents appear only when there are cents, then always as two digits; the minor-unit arithmetic is untouched (0.194666ms)
✔ digits come from the currency: JPY none, USD two when there are cents (1.284333ms)
✔ one formatter: no component, page or lib builds a currency Intl.NumberFormat outside lib/money.ts (84.639875ms)
✔ locale probe bounds a missing destination head with a route/device diagnostic (9.15875ms)
✔ locale probe clears its deadline when the real head promise completes (2.503791ms)
✔ warmup request interception has a precise local deadline and clears its timer (3.441792ms)
✔ warmup upstream completion has a precise local deadline and clears its timer (0.709542ms)
✔ warmup timer is cleared on upstream success and upstream rejection (0.834416ms)
✔ EARLY_HEAD route continues a missing-Referer request without resolving the English barrier (0.421584ms)
✔ fragment: exactly #o=<order id>&t=<43-char token>; anything else is null (0.823083ms)
✔ body is exactly {order_id, token, proof}; the answer is exactly the order the link named (0.149042ms)
✔ BFF link: no cookie needed, fresh token upstream, cookie only on a 200 naming the same order, link token never echoed (38.386084ms)
✔ BFF link: strict local denial before any private fetch (4.385459ms)
✔ copy: three locales, one refusal text, a retry and a lookup path (0.138833ms)
✔ BPU01 fresh payment writes exact metadata before prepare, one bodyless Take, no persistent form (44.168708ms)
✔ BPU01 lost prepare response replays original key/body only on explicit next click (1.701ms)
✔ BPU01 lost handoff is permanently GET-only, even after a second click (1.284791ms)
✔ BPU01 storage, amount, scope and child/screen fences reject before irreversible writes (2.387292ms)
✔ BPU01 document/child loss after prepare but before Take leaves exact replay marker (2.436333ms)
✔ BPU01 malformed server handoff never submits and Take remains nonretryable (1.489167ms)
✔ BPU01 marker replacement before Take and after Take blocks release/form reuse (3.560375ms)
✔ BPU01 context replacement after prepare and after Take closes destination without form (1.647917ms)
✔ BPU01 synchronous destination refuses invalid locale before opening a window (0.133209ms)
✔ SU03 fresh Stripe pay: marker before prepare, one prepare, one handoff, navigate, URL never stored (3.661542ms)
✔ SU03 marker replay: lost prepare response replays key/body, no uncertain on PENDING view with leftover marker (3.909208ms)
✔ SU03 cross-device Continue needs no marker and never prepares (2.3455ms)
✔ SU03 marker/view matrix: PAYUNi marker on Stripe view and Stripe marker on PAYUNi view send nothing (3.021959ms)
✔ SU03 any other view renders without a POST (3.538625ms)
✔ SU03 CREATING: waits on the schedule without the lock, then hands off once when READY (26.294917ms)
✔ SU03 CREATING budget: 10 reads over 30 s, then the blank child is closed, no POST, no throw (82.329834ms)
✔ SU03 cancel_requested seen on the re-GET aborts before the handoff POST (20.882292ms)
✔ SU03 handoff outcomes: CREATING closes child, CLOSED/UNAVAILABLE/error/malformed reject; one POST each, never retried (17.41075ms)
✔ SU03 Stripe prepare errors, amount/currency mismatch and popup loss stop before any handoff (3.830917ms)
✔ SU03 two clicks make two handoff POSTs only because there were two clicks; sequential, none from reads (1.04225ms)
✔ SU03 navigate: validates again, needs an owned blank child, sets used before replace, no URL in errors (0.660333ms)
✔ SU03 refresh signal: keyless single POST, validated, throttled 1/10 s and 30 per page life, cancel never throttled (6.605417ms)
✔ SU03 signal failures are single-shot and sanitized: HTTP error, malformed body, wrong order (1.695292ms)
✔ private quote/option authority fields are required; only exact MANUAL home can checkout (4.746292ms)
✔ continue shopping advances only ordered version, clears hint, keeps SQL history authoritative (70.135875ms)
✔ lost next-cart response retries identical key/body and preserves a newer cart (8.433583ms)
✔ continuation never overwrites an already advanced cart (1.786792ms)
✔ unknown checkout blocks continuation without any business request (6.014ms)
✔ two queued continuation clicks mutate once; stale order ID cannot clear another order (1.624584ms)
✔ CAS conflict resolves only after a newer cart is read (1.380125ms)
✔ locator removal failure retains next-cart journal and recovery survives missing locator (0.886125ms)
✔ order history summary rejects PII/unknown fields and malformed scope IDs (0.297042ms)
✔ native address validation mirrors printable Unicode, limits and phone; journal forbids PII (6.218208ms)
✔ address lost reply replays exact in-memory intent, then confirms current head (3.085167ms)
✔ address reload requires explicit new intent and exact observed CAS; stale head never auto-bumps (2.636375ms)
✔ old address receipt cannot confirm another tab's newer current head (1.08425ms)
✔ a late address CAS winner requires another explicit confirmation, not an automatic version bump (2.79925ms)
✔ checkout lost reply, queued duplicate and current GET reuse one key and one order (3.822083ms)
✔ uncertain checkout retains original journal across later 401/403/404/5xx and malformed success (3.955458ms)
✔ only a fresh definitive denial clears checkout; no order locator is invented (0.325417ms)
✔ locator storage failure after commit retains same key; reload GET failure keeps locator (1.774667ms)
✔ locator persisted but journal removal failed resumes pending receipt, not unrelated pointer (0.437917ms)
✔ unavailable storage, invalid locator and late changed context fail closed (0.228209ms)
✔ order locator readback mismatch and no-op journal removal both retain checkout recovery (0.389292ms)
✔ direct claim continuation refuses a newer ordered cart inside the purchase lock (0.331792ms)
✔ direct claim continuation keeps next-cart recovery after a conflicting clear (2.4175ms)
✔ collector projection: admitted for derived connections, absent/null for primary (1.810333ms)
✔ collector rejects identifiers, extra keys and malformed text (0.155542ms)
✔ disclosure renders the contract §5 line with all three slots substituted (0.106333ms)
✔ the disclosure line exists exactly when the hosted view returns a collector (0.138459ms)
✔ a shop or collector name with a replacement pattern is shown literally (0.063208ms)
✔ OrderPayment renders the disclosure with the view, above every pay button, through the helper only (0.653084ms)
✔ BPT03 exact valid projection and Go nanosecond UTC timestamps (7.398333ms)
✔ BPT03 view rejects private fields, inconsistent state and malformed names (0.314667ms)
✔ BPT03 prepared receipt enforces exact original credit-card amount (1.996916ms)
✔ BPT03 hosted form and replay are exact, bounded and action-allowlisted (0.32075ms)
✔ SU01 Stripe views: fresh, both methods, attempt states, PAYUNi unchanged (0.537917ms)
✔ SU01 Stripe view negatives (0.182083ms)
✔ SU01 prepared amounts follow the corrected per-currency table (0.127ms)
✔ SU01 Stripe handoff union and every redirect_url negative (1.017375ms)
✔ SU01 payment signal is exactly {order_id, scheduled:boolean} (0.362333ms)
✔ RUI01 refund summary: refunded states, pending money, absent ≡ null (0.370458ms)
✔ RUI01 refund summary negatives (0.210375ms)
✔ BPU03 neutral GET and POST return ignore every callback field and cookie (30.383584ms)
✔ primary origin: exact path/query, same host, and no URL-controlled destination (11.382875ms)
✔ GET and HEAD use trusted Host, private bounded uncached resolver and exact 301 (36.416458ms)
✔ no writes redirected; resolution failures fail closed; unknown hosts keep native 404 (0.772416ms)
✔ policy version is the frozen constant, in the customers-core D4 shape (1.952292ms)
✔ route table: exactly the four buyer privacy routes, methods and body kinds (0.965667ms)
✔ body shapes are closed and mirror the frozen Go inputs (no source, no policy_version) (1.02825ms)
✔ GET privacy validator: closed shape, erased owner holds no consent (0.23875ms)
✔ consent result and erasure summary validators (0.350792ms)
✔ buyer export envelope never carries customer_id (0.155542ms)
✔ failure classification: 410 and erased are the erased state (0.373708ms)
✔ copy: every locale has the same keys, the ads box discloses that sent events cannot be recalled (1.628167ms)
✔ selected option photo uses a main display slot without adding a fifth main image (2.426209ms)
✔ use-cover selection and a main-thumbnail selection restore the original main gallery (0.293208ms)
✔ cart thumbnail uses variant then catalog image_id, including when main images are absent (0.3405ms)
✔ migrated four-main/five-detail images stay separate when the option photo changes (0.507292ms)
✔ real cart-detail composition uses server SKU image_id (v2 detail available) (49.916292ms)
✔ real cart-detail composition uses server SKU image_id (v2 detail unavailable) (9.187709ms)
✔ parity: frontend caps equal the Go constants (1.397916ms)
✔ detail parser: 4 main + 20 detail + option-value images are accepted and mapped (1.267041ms)
✔ detail parser: 5 main, 21 detail, bad ids and over-cap option images are refused (0.649333ms)
✔ detail parser: a backend before product-media-v2 (no new keys) still parses with empty defaults (0.325542ms)
✔ v1 catalog row: images are main-only (<= 4) and image_id is a uuid or null (0.562458ms)
✔ PRO-S1 code mirror: any case and spaces normalise; impossible codes never become a request (2.039042ms)
✔ PRO-S2 promotion object: closed keys, kind/value pairing (3.244583ms)
✔ PRO-S3 quote validator: promotion is optional but never malformed; the discount stays the server's own number (0.51825ms)
✔ PRO-S4 journal grammar: a quote write may carry one canonical promo_code, nothing else (2.703291ms)
✔ PRO-S5 copy: three locales cover every refusal code and the same keys (3.081958ms)
✔ PRO-S6 BFF quote route: promo_code relayed untouched when canonical, refused before the private API otherwise (222.379208ms)
✔ PRO-S7 BFF: every promo_* refusal is a definite, non-retryable 422 with its own code (3.16175ms)
✔ demonstration disclosure is explicit and local-only (0.477708ms)
✔ cart selection preserves unrelated SKUs and the observed CAS version (11.089958ms)
✔ minor amounts are bounded before multiplication, including zero (0.090458ms)
✔ delivery identity includes country for one market and method (0.108916ms)
✔ journal is bound to context and rejects PII/unknown fields (0.224958ms)
✔ lost response replays exact key/body, then clears only after parsed receipt (159.395083ms)
✔ RUI02 buyer order admits MERCHANT_SHIPPED only with a SHIPPED head; absent shipment ≡ null (0.428709ms)
✔ RUI02 shipment shape negatives (incl. unsafe links) (0.244166ms)
✔ RUI02 history summary admits MERCHANT_SHIPPED (a shipped order must not break the list) (0.079084ms)
✔ CVSP01 options: CVS rows carry pickup_selection/payment_modes; unavailable rows are a separate shape (0.339583ms)
✔ CVSP02 CVS destination write: TW only, pickup_id required, empty home address; home unchanged (1.876041ms)
✔ CVSP03 checkoutInput: payment_mode only for CVS rows and only a mode the row offers (0.294083ms)
✔ COD confirmation includes expected fee, enforces collect cap and validates immutable order money (0.777667ms)
✔ CVSP04 buyer order: pay_at_pickup <=> collection_state; cvs_shipment only on a matching CVS destination (0.2485ms)
✔ CVSP05 journal accepts a CVS destination marker and a checkout body with payment_mode, nothing else (15.86875ms)
✔ validProduct accepts up to the Go photo cap and rejects one more (5.674875ms)
✔ design: garbage and hostile documents collapse to the safe default shape (1.079458ms)
✔ design: links, preview token propagation, nav resolution (0.123125ms)
✔ design: any merchant accent yields readable button text and link colour (WCAG AA) (0.235625ms)
✔ variants: resolution, disabled out-of-stock combinations, initial choice, price bounds (0.145625ms)
✔ catalog-v2 parsers accept the frozen shapes and refuse drift (0.504583ms)
✔ free-delivery progress words the hint only when a threshold exists (0.06375ms)
✔ list query: only whitelisted, canonical values survive (0.215959ms)
✔ seo: JSON-LD cannot break out of its script tag; offers reflect stock and price range (167.052875ms)
✔ seo: sitemap escapes and carries hreflang; robots refuses everything for a closed host (11.4875ms)
✔ money: whole amounts drop cents, minor digits come from the currency, filters round-trip (2.549792ms)
✔ cart line write: replaces one line, keeps the others, 0 removes, CAS version is the one shown (1.526417ms)
✔ cart problems map to buyer-facing classes without leaking transport detail (0.098833ms)
✔ checkout options accept the optional free-shipping threshold only as a positive integer or null (0.172958ms)
✔ no-image placeholder copy: exactly the locale label a photo-less card or gallery renders (0.048416ms)
✔ storefront image caps equal the Go catalog caps (internal/catalog MaxMainImages, MaxDetailImages) (43.09375ms)
✔ design text limits count code points like Go, never splitting a surrogate pair (2.081292ms)
✔ G3: same-series cards exclude the current product and never invent absent draft/foreign products (2.049833ms)
✔ G5: safety guidance exists in three languages without changing the five merchant policy approval boundaries (1.373625ms)
✔ G4: category chips omit empty collections; hidden collections absent from the public API stay absent (0.086333ms)
✔ OrderHistory renders server order instant in Taipei (24.242291ms)
✔ ClaimLink renders claim expiry in Taipei (132.733875ms)
✔ BankTransfer renders deadline and proof instant in Taipei (2.578083ms)
✔ BankTransfer proof echo labels store time in en (1.945791ms)
✔ BankTransfer proof echo labels store time in zh-TW (3.312417ms)
✔ BankTransfer proof echo labels store time in zh-CN (3.680375ms)
✔ BankTransfer input describes the device zone in en (3.878458ms)
✔ BankTransfer input describes the device zone in zh-TW (3.2345ms)
✔ BankTransfer input describes the device zone in zh-CN (1.93ms)
✔ BankTransfer input has a generic label when Intl has no zone in en (1.550333ms)
✔ BankTransfer input has a generic label when Intl has no zone in zh-TW (5.323167ms)
✔ BankTransfer input has a generic label when Intl has no zone in zh-CN (1.987958ms)
✔ ShopFooter uses Taipei year across UTC year boundary (4.532583ms)
✔ BankTransfer deadline labels store time in en (3.206542ms)
✔ BankTransfer deadline labels store time in zh-TW (2.270084ms)
✔ BankTransfer deadline labels store time in zh-CN (4.507083ms)
✔ OrderHistory states the Taipei time zone once in en (105.168625ms)
✔ OrderHistory states the Taipei time zone once in zh-TW (50.01475ms)
✔ OrderHistory states the Taipei time zone once in zh-CN (9.296167ms)
✔ dictionaries have exact parity and non-empty values (0.689708ms)
✔ locale precedence and language quality mapping (0.651959ms)
✔ localized paths preserve deep links and reject dangerous input (0.361417ms)
✔ path locale only matches a canonical first segment (0.060166ms)
✔ the four constructs render (0.886625ms)
✔ XSS payloads stay inert text (0.645ms)
✔ fuzz: any string over a hostile alphabet renders only whitelisted tags (23.526541ms)
✔ validator mirrors the Go rules (0.601292ms)
✔ SDN1 allowlist: exactly the contract routes, per method (0.543167ms)
✔ SDN1 allowlist: traversal, case, suffix and prefix tricks never match (0.254125ms)
✔ SDN1 request shape: no query string anywhere, reads carry no body, key, length or transfer-encoding (158.058625ms)
✔ SDN1 cap: 260 KiB = Go's 256 KiB document + 4 KiB envelope, and a body of exactly the cap is still below it (0.921875ms)
✔ SDN2 renderer: every XSS payload comes out as whitelisted tags and escaped text only (3.906208ms)
✔ SDN2 renderer: escape-first means the merchant's text never becomes markup (0.323667ms)
✔ SDN2 renderer: fuzz (seeded) never produces a tag outside the whitelist (50.060125ms)
✔ SDN2 client validator rejects what the server rejects (HTML, non-https links, `<` anywhere) (0.223416ms)
✔ cleanForSave turns cleared fields into null but keeps an empty body (0.413667ms)
✔ localIssues names each missing mandatory value by server path (0.521917ms)
✔ moved swaps neighbours and ignores out-of-range moves (0.068667ms)
✔ parsers accept the exact Go shapes and refuse extra or missing keys (1.050917ms)
✔ BFF allowlist covers exactly the design resources (0.569584ms)
✔ validDesignRequest refuses queries and bodies on reads, ignores other paths (23.956916ms)
✔ designDetails forwards only a bounded {path, reason} pair (0.202291ms)
✔ accepts exactly the three locale invite paths with a 20-200 char token (1.381708ms)
✔ rejects anything that is not an exact same-origin relative invite path (0.468208ms)
✔ rejects percent-encoded variants of the exact shape (0.227ms)
✔ the token is an opaque invite token shape, never a URL (0.347208ms)
✔ fragment carrier: round-trips the exact invite path, is never a query string, and rejects hostile fragments (0.760458ms)
✔ dashboard: accepts the frozen shape, rejects drift (3.426625ms)
✔ import result: strict keys, closed error codes, committed never carries errors (0.489667ms)
✔ csv file guard mirrors the Go bounds (0.101834ms)
✔ manual options: a COD home row parses with its offer (D01: the page used to refuse the whole list) (0.790625ms)
✔ manual options: only bank_transfer / pay_at_pickup / cash_on_delivery, key must equal market|country|code (0.132916ms)
✔ manual result: link is https with the order id and a 43-char capability in the fragment only (0.260125ms)
✔ draft: first problem, and the body has no price-like field at all (0.711417ms)
✔ BFF grammar: exactly the seven tools resources (0.105208ms)
✔ regenerate body/result: exactly {order_id, locale} and a fresh https link naming that order (0.155959ms)
✔ copy parity: every locale has every key, import rules and error codes (0.436541ms)
✔ callback redirect target is always a same-origin /<locale>/settings path whatever the cookies, store, code or error say (3.23775ms)
✔ the binding cookie: exactly one canonical store uuid, path-scoped to the callback, HttpOnly, Lax, 10 minutes, Secure (0.422083ms)
✔ callback query: exactly one code and one state within charset/length bounds; Meta's error=… and repeats are not forwarded (1.47625ms)
✔ the dialog URL the BFF hands the browser is https://www.facebook.com only (0.774916ms)
✔ callback error mapping only ever yields fixed codes, never an upstream message (42.936333ms)
✔ selected Page qualifies only a bare Facebook id, never rewrites another Page or external URL (0.660083ms)
✔ status: not connected, connected with and without Instagram, and every deviation throws (1.342667ms)
✔ pick state: closed shape, optional Instagram keys come as a pair, id must match (0.236541ms)
✔ route grammar: only status/states/pick/disconnect; start and callback are dedicated routes; no query; reads carry no body or key (13.561542ms)
✔ connect cookie, body and callback redirect never carry code/state and only fixed codes (0.285875ms)
✔ copy: three locales have the same keys and every Go error code has a message (0.101875ms)
✔ review-required remains restricted; evidence does not promote state (1.33325ms)
✔ legacy omission remains unidentified, independent of array order (0.448333ms)
✔ closed shapes reject unknown state/provider/evidence, leaked fields and inconsistent severity (0.661917ms)
✔ duplicate capabilities/pages and unbounded arrays cannot become trusted state (0.525583ms)
✔ worst Page determines advice, no raw upstream reason reaches copy (0.449875ms)
✔ recheck receipt means scheduled; timestamps and closed keys are checked (0.181625ms)
✔ exact keyless route grammar rejects query/key/body confusion (23.191791ms)
✔ recheck takes exactly page_id and no caller-provided scope (0.440583ms)
✔ blocking advice comes from the blocking capability, not a secondary public-reply warning (0.484625ms)
✔ clean health browser mode prepares admin standalone before starting its fixture (62.614458ms)
✔ en: expired connection retains its full refusal inside a wrapping badge (42.607959ms)
✔ zh-TW: expired connection retains its full refusal inside a wrapping badge (2.042167ms)
✔ zh-CN: expired connection retains its full refusal inside a wrapping badge (1.131167ms)
✔ actual B1 snapshot state remains ok even when a fixture expected review_required (0.087541ms)
✔ D02 TWD input: whole dollars only, x100 on the wire (162.809833ms)
✔ D02 TWD edit text: whole dollars have no decimals; a legacy amount with cents is never shown as another price (1.714625ms)
✔ D02 display: NT$ without decimals in every language, cents only when there are cents (4.4485ms)
✔ D02 live-price input (Studio claims): TWD whole dollars, other currencies their decimals (0.589ms)
✔ D02 discount code amounts: TWD whole dollars, a decimal is refused before it is sent (0.825916ms)
✔ D02 no admin copy or component says 'minor units' to the merchant (195.560458ms)
✔ M06 time: Asia/Taipei everywhere, labelled, never UTC (23.415792ms)
✔ settings answer: exactly one boolean key (0.727125ms)
✔ PUT body is the frozen single key (0.066917ms)
✔ BFF grammar: GET read, PUT keyed command, nothing else (0.182166ms)
✔ copy: three locales, same keys, no empty text (0.117083ms)
✔ PRM01 parse: exact keys, kind/value pairing and ranges; duplicates and unknown keys are refused (1.604083ms)
✔ PRM02 Taipei wall time: +08:00 on the wire, instant shown back in Taipei, impossible dates refused (10.661708ms)
✔ PRM03 create body: normalised code, major units to minor units, optional fields null, whole body validated (5.747125ms)
✔ PRM04 update + toggle: version CAS key, form round trip, pause keeps every other field (0.4035ms)
✔ PRM05 BFF grammar: exactly list, create and update; nothing generic (0.401542ms)
✔ PRM06 copy: three locales carry the same keys and every refusal code the Go routes can answer (0.397625ms)
✔ G-UI3/G-UI5 architecture constraints pass with shrinking legacy exceptions (2765.580792ms)
✔ G-UI3/G-UI5 negatives: new formatter, component fetch, >800 lines and wider allowance fail (1.988958ms)
✔ Readiness jump controls expose the actual active section, not a click flag (2.434666ms)
✔ Integrator P2: legal CN comment ordering and a distinct three-image recommendation (0.172958ms)
✔ ADM04 and ADM06 explain unavailable SKUs and keep collection vocabulary consistent (2.136792ms)
✔ ADM06 create/detail titles share the route vocabulary without adding a phantom Next page (1.045916ms)
✔ G-UI1 Next pages and route registry are bidirectional, unique, typed, documented (9.040875ms)
✔ G-UI1 copy key parity: no missing or extra key in any locale (0.335833ms)
✔ G-UI2 staff without catalog:read cannot see products/inventory or open a product URL (0.479125ms)
✔ G-UI2 every route permission is a permission Go knows, and /orders/new needs inventory:reserve (470.96425ms)
✔ G-UI1 dynamic and public routes match, details never appear as navigation (0.55ms)
✔ W6-U2 ledger is a settings in-page route, preserving existing navigation (0.895167ms)
✔ Every browser spec clicks nav-orders: the orders group stays a singleton, so returns/new/print routes are nav: false (0.958541ms)
✔ shell-registry: every routed path has exactly one nonempty shared h1 in all three locales (732.783791ms)
✔ shell-registry: orders stays one actual group button on live and non-live routes (22.875625ms)
✔ shell-registry: loading/expired/unavailable/forbidden keep one safe heading and never leak private content (127.888833ms)
✔ created address is a strict HTTPS origin matching the assigned handle (1.158542ms)
✔ DNS instructions must name the requested origin and a bare hostname target (0.788792ms)
✔ domain kind is authoritative and closed, not inferred from host or token (0.483708ms)
✔ apex DNS retains every concrete IPv4/IPv6 address and rejects malformed values (1.427709ms)
✔ pending domain journal preserves exact action/key/target; legacy or corrupt markers never replay (8.528584ms)
✔ browser-origin gate: every refusal happens before Go is called, for every action (67.247958ms)
✔ only POST exists on the team routes (1.4365ms)
✔ unknown action is a local 404 and never reaches Go (0.344292ms)
✔ strict request grammar: wrong keys, types, ids, roles, locales and token shapes are 422 locally (2.790958ms)
✔ what reaches Go: BFF key, bearer from the cookie, no Cookie/Origin, body unchanged, exactly one call per request (64.777875ms)
✔ Go failures are rebuilt locally from allow-listed codes, never retried, and never echo the token (38.602125ms)
✔ team answer: accepts the frozen shape, null role and OIDC member without email (2.020792ms)
✔ team answer: unknown key, unknown role, bad id, bad mail state are rejected (1.05075ms)
✔ invite and accept answers are strict (1.067833ms)
✔ request grammar: every action has an exact key set and rejects junk values (0.54975ms)
✔ copy: three locales carry the same keys and a label for every role (5.689042ms)
✔ role-aware navigation: hides entries the member's permissions cannot use; unknown shows all; Team is owner-only (1.589041ms)
✔ P02 settlements directory rejects missing/link/owner/group/mode with a valid control (1426.486333ms)
✔ preflight health permission grammars and API/worker consistency fail closed (4805.122333ms)
✔ merchant alert flag is explicit 0|1 and independently requires SMTP (2601.19575ms)
✔ shared loader makes API/worker LIVE pair file-only before Compose interpolation (475.337375ms)
✔ export bind accepts omitted JSON false but rejects unsafe source/config mutations (1.469916ms)
✔ sanctioned operator allowlist and fail-closed gates (fake docker, no network) (3816.766958ms)
✔ platform operator custody, export mount and binary are wired (451.130958ms)
✔ actual export bind refuses a missing directory; enabling auto-create is detected (1165.370584ms)
✔ R3 preflight rejects cancelled PAYUNi, validates Page app and keeps LIVE pair mandatory (1350.482792ms)
✔ R3 smoke exercises exact denied probes, accepts 404 only for disabled mounts (169.377167ms)
✔ positive control: a complete, valid configuration raises no META_LOGIN finding (2773.503042ms)
✔ feature off (COMMERCE_META_LOGIN_CONFIG_ID empty): no rule applies even with the other keys empty (537.404708ms)
✔ P06: the Page route needs the webhook receiver (447.76575ms)
✔ P06: sessions come from identity (388.177459ms)
✔ P06: without the claims profile nobody sends the private replies (a WARN, not a FAIL) (504.6405ms)
✔ P08: COMMERCE_META_LOGIN_CONFIG_ID must be numeric ("abc") (501.59575ms)
✔ P08: COMMERCE_META_LOGIN_CONFIG_ID must be numeric ("12 34") (346.122292ms)
✔ P08: COMMERCE_META_LOGIN_CONFIG_ID must be numeric ("111111111111") (356.440708ms)
✔ P08: COMMERCE_META_LOGIN_CONFIG_ID must be numeric ("0x10") (356.165167ms)
✔ P08: COMMERCE_META_LOGIN_CONFIG_ID must be numeric ("-1") (467.0265ms)
✔ P08: COMMERCE_META_LOGIN_REDIRECT_URI must be exactly https://<LC_ADMIN_HOST>/api/meta/callback (wrong host) (366.769916ms)
✔ P08: COMMERCE_META_LOGIN_REDIRECT_URI must be exactly https://<LC_ADMIN_HOST>/api/meta/callback (http scheme) (406.819042ms)
✔ P08: COMMERCE_META_LOGIN_REDIRECT_URI must be exactly https://<LC_ADMIN_HOST>/api/meta/callback (the ads callback path) (278.570125ms)
✔ P08: COMMERCE_META_LOGIN_REDIRECT_URI must be exactly https://<LC_ADMIN_HOST>/api/meta/callback (trailing slash) (272.991125ms)
✔ P08: COMMERCE_META_LOGIN_REDIRECT_URI must be exactly https://<LC_ADMIN_HOST>/api/meta/callback (query string) (319.338084ms)
✔ P08: COMMERCE_META_LOGIN_REDIRECT_URI must be exactly https://<LC_ADMIN_HOST>/api/meta/callback (empty) (235.994042ms)
✔ P08: COMMERCE_META_LOGIN_GRAPH_VERSION grammar vNN.N ("26.0") (254.902792ms)
✔ P08: COMMERCE_META_LOGIN_GRAPH_VERSION grammar vNN.N ("v26") (224.35825ms)
✔ P08: COMMERCE_META_LOGIN_GRAPH_VERSION grammar vNN.N ("v26.0.1") (257.045542ms)
✔ P08: COMMERCE_META_LOGIN_GRAPH_VERSION grammar vNN.N ("latest") (359.815458ms)
✔ P08: COMMERCE_META_LOGIN_GRAPH_VERSION grammar vNN.N ("") (405.479667ms)
✔ P08: COMMERCE_META_LOGIN_GRAPH_VERSION grammar vNN.N ("v1000.0") (405.389917ms)
✔ P08: COMMERCE_META_LOGIN_GRAPH_VERSION accepts v26.0 (512.471875ms)
✔ P08: COMMERCE_META_LOGIN_GRAPH_VERSION accepts v22.0 (280.727875ms)
✔ P08: COMMERCE_META_LOGIN_GRAPH_VERSION accepts v99.9 (235.929083ms)
✔ production without any alert channel is a FAIL (nobody would hear the next outage) (2684.870583ms)
✔ outside production the same gap is only a WARN (551.114667ms)
✔ a webhook alone satisfies the rule (432.513625ms)
✔ an e-mail target with a complete relay (host, username, secret) satisfies the rule (386.577666ms)
✔ an e-mail target without the relay secret cannot be sent: FAIL in production, WARN elsewhere (1008.125875ms)
✔ the example's CHANGE_ME_SENDER placeholder is not a relay: the e-mail target cannot be sent (346.389334ms)
✔ LC_ALERT_EMAIL must be one plain address ("not-an-address") (354.533417ms)
✔ LC_ALERT_EMAIL must be one plain address ("two@fake.invalid,three@fake.invalid") (356.900041ms)
✔ LC_ALERT_EMAIL must be one plain address ("a b@fake.invalid") (467.23675ms)
✔ LC_ALERT_EMAIL must be one plain address ("<owner@fake.invalid>") (367.405292ms)
✔ LC_ALERT_EMAIL must be one plain address ("owner@fake") (436.820375ms)
✔ storefront cart-line removal is reversible: clicked for real, not guarded (2.005709ms)
✔ destructive / irreversible / sign-out classification (owner list, en + zh) (2.37675ms)
✔ alike controls (rows with ids / numbers) share one class key (0.419333ms)
✔ known defects classify, never silence: stale entries are reported (2.823125ms)
✔ the markdown ledger has one row per interaction and names the verdict (0.535875ms)
✔ protocolHrefOK accepts well-formed tel:/mailto: and rejects malformed ones (0.631709ms)
✔ J1 waits for enabled media and clicks a real chooser; the uploaded cover is bound to the main section (1606.788209ms)
✔ J1 cannot credit a detail-image receipt as the main cover (0.663667ms)
✔ J1 refuses a failed cover upload rather than continuing to activate (0.190292ms)
✔ thresholds are the named constants of the brief (2.038125ms)
✔ R1: document wider than the viewport, and the outermost element past the edge (0.879834ms)
✔ R2: label tops, control tops and control heights of one visual row (0.66175ms)
✔ R2: what is one row and what is not (0.364625ms)
✔ R2: a button beside a field has to line up with its control (0.5215ms)
✔ R3: a row made tall by stacked controls, a control wider than its cell (0.890542ms)
✔ R3: a matrix whose EVERY row is doubled by a stacked stock cell (the median cannot see it) (0.710792ms)
✔ R4: small text, helper text apart, icons and duplicates excepted (0.434625ms)
✔ R5: tap targets on the 390 viewport only (2.578542ms)
✔ R6: interactive elements and text boxes that overlap (0.777292ms)
✔ R7: text clipped inside a control or label (either side), and select values that do not fit (1.096084ms)
✔ R8: the same visible label twice in one list (2.843708ms)
✔ evaluate() tags severity, selectRecords() keeps distinct groups first and counts every instance (1.433583ms)
✔ R9: text and controls flush to the screen edge at 390 (0.31ms)
✔ R6/R9 judge the visible (ancestor-clipped) rectangle, not the raw one (integrator ruling 2026-10-05) (0.182417ms)
✔ R10: a fixed or sticky bar covering main content after scrolling (0.930792ms)
✔ R11: controls narrower than a usable width (0.571333ms)
ℹ tests 460
ℹ suites 0
ℹ pass 460
ℹ fail 0
ℹ cancelled 0
ℹ skipped 0
ℹ todo 0
ℹ duration_ms 18290.272583
✔ closed projections reject secret-shaped extras, invalid enums, IDs and contradictory capabilities (1.291666ms)
✔ detail accepts only bounded events and keeps actual server action flags (0.457792ms)
✔ BFF exact routes and request grammar forbid keys/body on reads, filters on detail and arbitrary writes (13.934583ms)
✔ copy parity, safe object navigation and UNKNOWN/protective reasons (0.18825ms)
✔ read-only store capability never exposes a command even if the state allows one (0.062958ms)
✔ duplicate escaped keys cannot bypass the exact command grammar (0.050042ms)
✔ query backoff affects only its operation and expires without another action (0.051709ms)
✔ merchant reason text translates ledger events and conceals unknown or prototype codes (0.146042ms)
✔ ledger read navigation requires effective integration:read permission regardless of role (0.136083ms)
ℹ tests 9
ℹ suites 0
ℹ pass 9
ℹ fail 0
ℹ cancelled 0
ℹ skipped 0
ℹ todo 0
ℹ duration_ms 110.85775
✔ OrderHistory renders server order instant in Taipei (22.952833ms)
✔ ClaimLink renders claim expiry in Taipei (5.381667ms)
✔ BankTransfer renders deadline and proof instant in Taipei (4.863292ms)
✔ BankTransfer proof echo labels store time in en (1.741833ms)
✔ BankTransfer proof echo labels store time in zh-TW (1.825666ms)
✔ BankTransfer proof echo labels store time in zh-CN (1.809792ms)
✔ BankTransfer input describes the device zone in en (1.471584ms)
✔ BankTransfer input describes the device zone in zh-TW (1.890583ms)
✔ BankTransfer input describes the device zone in zh-CN (1.584625ms)
✔ BankTransfer input has a generic label when Intl has no zone in en (1.90675ms)
✔ BankTransfer input has a generic label when Intl has no zone in zh-TW (2.689875ms)
✔ BankTransfer input has a generic label when Intl has no zone in zh-CN (1.623584ms)
✔ ShopFooter uses Taipei year across UTC year boundary (2.129625ms)
✔ BankTransfer deadline labels store time in en (1.682ms)
✔ BankTransfer deadline labels store time in zh-TW (1.704666ms)
✔ BankTransfer deadline labels store time in zh-CN (1.752417ms)
✔ OrderHistory states the Taipei time zone once in en (1.392709ms)
✔ OrderHistory states the Taipei time zone once in zh-TW (1.055458ms)
✔ OrderHistory states the Taipei time zone once in zh-CN (1.090167ms)
✔ Meta rejection wording is preserved as bounded Unicode text, never translated (2.284667ms)
✔ frozen error codes: model list equals the frozen list, each is read from both error shapes (2.118167ms)
✔ copy: every code, status, op state and connect error has text in all three locales (0.372583ms)
✔ copy never calls a budget a hard stop and never offers resume (0.684291ms)
✔ draft: every §5.1 status parses; unknown status/template/op state is an error, never guessed (2.0435ms)
✔ draft: optional fields, remote ids and the Ads Manager link (1.048042ms)
✔ action hints: pause whenever a remote id exists and not ENDED; a paused draft is only ever copied (X7) (1.281292ms)
✔ money: whole units to minor with integer math; TWD must be whole (21.778333ms)
✔ Taipei schedule: wall inputs and draft projections ignore the viewer zone (4.483625ms)
✔ Taipei schedule: invalid calendar days are rejected and all copy names UTC+8 (0.438209ms)
✔ draft input: exact 11-key body and every local rule (4.582833ms)
✔ draft form round trip and X7 copy (blank schedule, no id, no revision) (0.443958ms)
✔ settings parser: environment enum, connections, identities, capi (0.561875ms)
✔ connect state parser: pick list kinds and id match (0.168917ms)
✔ report: three separate blocks, orders may be null, no combined figure (0.399958ms)
✔ default report window is the Asia/Taipei store day whatever the viewer's zone is (Taipei midnight boundary) (5.98975ms)
✔ capi body and validation (0.405083ms)
✔ W6-06B unbind response: exact keys, account, UUIDs and outcome semantics (0.692167ms)
✔ W6-06B in-flight details preserve bounded items and total, reject unknown shapes (0.479792ms)
✔ W6-06B catalog feed has exact public URL/domain pairs or published-store empty (0.386583ms)
✔ W6-06B copy preserves unbind boundaries and feed recovery in three locales (0.131459ms)
✔ W6-06B feed selection follows origin order, not full feed URL order (0.08925ms)
✔ customer list accepts the frozen row and rejects unknown keys, dup ids, bad cursor, oversize (6.343667ms)
✔ customer row invariants: nulls for bundle-only/erased, counts, money, consents (0.403292ms)
✔ customer detail: bounded lists, order summaries reuse the orders parser, id must match (11.67425ms)
✔ erasure summary is four counts only (0.218916ms)
✔ finance summary: net = captured - refunded (I05), totals carry an empty day, sandbox flag (0.696666ms)
✔ financeDay is the UTC+8 day (0.21875ms)
✔ finance defaults keep Taipei dates across midnight, leap day and year end (0.107667ms)
✔ tags and notes are parsed strictly (W6-01B) (1.225584ms)
✔ TSX seam refuses an unlisted import (7.699292ms)
✔ Ads merchant timestamp uses Taipei at the year boundary (11.876709ms)
✔ Design version published_at cell uses Taipei at the year boundary (3.288417ms)
✔ ManualOrder bank-transfer expiry uses Taipei at the year boundary (3.373625ms)
ℹ tests 53
ℹ suites 0
ℹ pass 53
ℹ fail 0
ℹ cancelled 0
ℹ skipped 0
ℹ todo 0
ℹ duration_ms 227.485459
✔ OrderHistory renders server order instant in Taipei (10.67175ms)
✔ ClaimLink renders claim expiry in Taipei (2.781375ms)
✔ BankTransfer renders deadline and proof instant in Taipei (2.4535ms)
✔ BankTransfer proof echo labels store time in en (1.859458ms)
✔ BankTransfer proof echo labels store time in zh-TW (1.775208ms)
✔ BankTransfer proof echo labels store time in zh-CN (1.724ms)
✔ BankTransfer input describes the device zone in en (1.968ms)
✔ BankTransfer input describes the device zone in zh-TW (3.779ms)
✔ BankTransfer input describes the device zone in zh-CN (1.595917ms)
✔ BankTransfer input has a generic label when Intl has no zone in en (1.402625ms)
✔ BankTransfer input has a generic label when Intl has no zone in zh-TW (1.541042ms)
✔ BankTransfer input has a generic label when Intl has no zone in zh-CN (1.480416ms)
✔ ShopFooter uses Taipei year across UTC year boundary (1.995166ms)
✔ BankTransfer deadline labels store time in en (1.499208ms)
✔ BankTransfer deadline labels store time in zh-TW (1.280375ms)
✔ BankTransfer deadline labels store time in zh-CN (1.251084ms)
✔ OrderHistory states the Taipei time zone once in en (1.032042ms)
✔ OrderHistory states the Taipei time zone once in zh-TW (0.983708ms)
✔ OrderHistory states the Taipei time zone once in zh-CN (1.48275ms)
✔ Meta rejection wording is preserved as bounded Unicode text, never translated (2.087417ms)
✔ frozen error codes: model list equals the frozen list, each is read from both error shapes (0.442667ms)
✔ copy: every code, status, op state and connect error has text in all three locales (0.2735ms)
✔ copy never calls a budget a hard stop and never offers resume (0.272667ms)
✔ draft: every §5.1 status parses; unknown status/template/op state is an error, never guessed (0.368708ms)
✔ draft: optional fields, remote ids and the Ads Manager link (0.178666ms)
✔ action hints: pause whenever a remote id exists and not ENDED; a paused draft is only ever copied (X7) (0.189625ms)
✔ money: whole units to minor with integer math; TWD must be whole (12.158166ms)
✔ Taipei schedule: wall inputs and draft projections ignore the viewer zone (4.5655ms)
✔ Taipei schedule: invalid calendar days are rejected and all copy names UTC+8 (0.536ms)
✔ draft input: exact 11-key body and every local rule (4.154333ms)
✔ draft form round trip and X7 copy (blank schedule, no id, no revision) (0.288875ms)
✔ settings parser: environment enum, connections, identities, capi (0.402667ms)
✔ connect state parser: pick list kinds and id match (0.537292ms)
✔ report: three separate blocks, orders may be null, no combined figure (1.211083ms)
✔ default report window is the Asia/Taipei store day whatever the viewer's zone is (Taipei midnight boundary) (5.031209ms)
✔ capi body and validation (0.148541ms)
✔ W6-06B unbind response: exact keys, account, UUIDs and outcome semantics (0.200875ms)
✔ W6-06B in-flight details preserve bounded items and total, reject unknown shapes (0.188667ms)
✔ W6-06B catalog feed has exact public URL/domain pairs or published-store empty (0.179667ms)
✔ W6-06B copy preserves unbind boundaries and feed recovery in three locales (0.429375ms)
✔ W6-06B feed selection follows origin order, not full feed URL order (0.078208ms)
✔ customer list accepts the frozen row and rejects unknown keys, dup ids, bad cursor, oversize (3.661834ms)
✔ customer row invariants: nulls for bundle-only/erased, counts, money, consents (0.224667ms)
✔ customer detail: bounded lists, order summaries reuse the orders parser, id must match (3.603042ms)
✔ erasure summary is four counts only (0.398334ms)
✔ finance summary: net = captured - refunded (I05), totals carry an empty day, sandbox flag (1.560417ms)
✔ financeDay is the UTC+8 day (0.132416ms)
✔ finance defaults keep Taipei dates across midnight, leap day and year end (0.098834ms)
✔ tags and notes are parsed strictly (W6-01B) (0.872708ms)
✔ TSX seam refuses an unlisted import (7.297958ms)
✔ Ads merchant timestamp uses Taipei at the year boundary (25.279958ms)
✔ Design version published_at cell uses Taipei at the year boundary (4.122084ms)
✔ ManualOrder bank-transfer expiry uses Taipei at the year boundary (3.432292ms)
ℹ tests 53
ℹ suites 0
ℹ pass 53
ℹ fail 0
ℹ cancelled 0
ℹ skipped 0
ℹ todo 0
ℹ duration_ms 206.736083
✔ legacy display sentinels preserve a list row without admitting arbitrary or private data (2.622458ms)
✔ orders-v2 accepts bounded filters and Taipei inclusive dates; rejects ambiguity (0.491625ms)
✔ orders-v2 rejects client count approximations, unbounded or extra response data (0.157209ms)
✔ all three locales label every task queue, payment and delivery mode (0.331417ms)
ℹ tests 4
ℹ suites 0
ℹ pass 4
ℹ fail 0
ℹ cancelled 0
ℹ skipped 0
ℹ todo 0
ℹ duration_ms 88.510541
✔ numeric store IDs have no suggestion BFF or browser client (1.128459ms)
ℹ tests 1
ℹ suites 0
ℹ pass 1
ℹ fail 0
ℹ cancelled 0
ℹ skipped 0
ℹ todo 0
ℹ duration_ms 79.464084
✔ ADM10 operator sentence is localized while product and company facts stay authoritative (0.415416ms)
✔ PS review: actual Host matching normalizes case, port and a terminal DNS dot, never forwarded authority (0.261125ms)
✔ PS review: privacy/terms retain Messenger and Instagram purpose disclosure; deletion uses exact UI labels (0.115375ms)
✔ P2-N1 zh-TW/privacy: current comments and private reply, conditional inbound messages (0.079917ms)
✔ P2-N1 zh-TW/terms: current comments and private reply, conditional inbound messages (0.046917ms)
✔ P2-N1 zh-CN/privacy: current comments and private reply, conditional inbound messages (0.033375ms)
✔ P2-N1 zh-CN/terms: current comments and private reply, conditional inbound messages (0.049792ms)
✔ P2-N1 en/privacy: current comments and private reply, conditional inbound messages (0.041917ms)
✔ P2-N1 en/terms: current comments and private reply, conditional inbound messages (0.0425ms)
✔ PS1 legal identity is one untranslated source (0.084083ms)
✔ PS1 contact and hosts come only from configuration; production fails closed (0.340667ms)
✔ PS2 public routes default to zh-TW, restrict page/locale, and never include admin (0.403709ms)
✔ PS4 optional Meta verification value never has a fake default (0.049042ms)
✔ PS1 every locale uses the same product name in auth page titles (0.042041ms)
✔ PS1 public page copy has three complete locales, no invented operator identity or contact (0.199375ms)
✔ PS1 production build validates config; public data is not bundled through NEXT_PUBLIC (0.895292ms)
✔ PS review: admin image installs the manifests for its workspace dependencies before building (0.474042ms)
ℹ tests 17
ℹ suites 0
ℹ pass 17
ℹ fail 0
ℹ cancelled 0
ℹ skipped 0
ℹ todo 0
ℹ duration_ms 95.805917
✔ R11 SQL's exact receipt states are accepted; missing/forged operation/state remains unknown (0.8435ms)
✔ R11 durable receipt journal validates phase against exact operation state (0.373375ms)
✔ R11 actual read control distinguishes replay/inflight/unknown/failure in en (4.462334ms)
✔ R11 actual read control distinguishes replay/inflight/unknown/failure in zh-TW (0.7775ms)
✔ R11 actual read control distinguishes replay/inflight/unknown/failure in zh-CN (0.660792ms)
✔ unknown journal retains exact key/boundary and is scoped to store+session; malformed state fails closed (0.184583ms)
✔ R12 read hook keeps network UNKNOWN on one key and explicitly refreshes acknowledged UNKNOWN (16.847917ms)
✔ actual POST transport uses CSRF and session fence; 403 independent of response text (20.394042ms)
✔ R10 ROAS has exactly two decimals in en (12.523917ms)
✔ R10 unknown ROAS is never fabricated as zero in en (0.081541ms)
✔ R10 ROAS has exactly two decimals in zh-TW (0.164583ms)
✔ R10 unknown ROAS is never fabricated as zero in zh-TW (0.034833ms)
✔ R10 ROAS has exactly two decimals in zh-CN (0.121542ms)
✔ R10 unknown ROAS is never fabricated as zero in zh-CN (0.029125ms)
✔ shared presentation preserves registry title and one empty buyer message in en (24.93025ms)
✔ R11 large linked-draft list is complete but collapsed in en (4.771416ms)
✔ shared presentation preserves registry title and one empty buyer message in zh-TW (6.977834ms)
✔ R11 large linked-draft list is complete but collapsed in zh-TW (2.647541ms)
✔ shared presentation preserves registry title and one empty buyer message in zh-CN (6.032209ms)
✔ R11 large linked-draft list is complete but collapsed in zh-CN (3.593459ms)
✔ R11 timeline distinguishes local unknown spend from explicit Meta zero in en (2.974292ms)
✔ R11 timeline distinguishes local unknown spend from explicit Meta zero in zh-TW (2.032167ms)
✔ R11 timeline distinguishes local unknown spend from explicit Meta zero in zh-CN (1.87725ms)
✔ R11 I12 nullable Meta evidence survives without becoming zero (0.179083ms)
✔ R11 actual panel rendering preserves unknowns and reconnect route in en (12.264916ms)
✔ R11 actual panel rendering preserves unknowns and reconnect route in zh-TW (11.521083ms)
✔ R11 actual panel rendering preserves unknowns and reconnect route in zh-CN (12.159792ms)
✔ D1, D6, R7: exact amounts and sources remain independent, account days stay labelled (0.361708ms)
✔ R12: null stays unknown and unread / unauthorised / insufficient remain different states (0.271709ms)
✔ R12 granted but unread audience offers a read, never reconnect in en (1.765334ms)
✔ R12 granted but unread audience offers a read, never reconnect in zh-TW (2.8895ms)
✔ R12 granted but unread audience offers a read, never reconnect in zh-CN (2.2435ms)
✔ I12 forged / missing frozen fields never silently become zeros (0.974167ms)
✔ only whitelisted aggregates survive: extra identifiers and HTML are never interpreted (0.069416ms)
✔ attribution is a read-only BFF resource with exact bounded query grammar (0.33625ms)
✔ audience-read is exactly the new local intention POST and never a data GET or queried write (0.248375ms)
✔ route fails closed without ads:read and is not a duplicate navigation entry; locale keys match (0.102459ms)
ℹ tests 37
ℹ suites 0
ℹ pass 37
ℹ fail 0
ℹ cancelled 0
ℹ skipped 0
ℹ todo 0
ℹ duration_ms 456.476666
✔ card-payments copy: identical key sets in all three locales (0.827167ms)
✔ merchant terms are quoted verbatim (contract §5) in the enable dialog (0.094417ms)
✔ ruling-fixed strings: platform not OPEN and BLOCKED note (0.042583ms)
✔ error map covers every frozen refusal code from migrations/0137 (0.064791ms)
✔ no Stripe account id, key or approval id shape appears in any copy string (0.244ms)
✔ storefront collector disclosure matches contract §5 templates in three languages (0.053708ms)
✔ the merchant terms in the dialog are the contract §5 sentence, extracted from the contract (0.091167ms)
✔ the storefront templates are the contract §5 lines, extracted from the contract (0.113792ms)
✔ settlement copy: deduction columns are labelled as deductions in every language, with a legend and the net formula (0.246833ms)
✔ there is no separate 'not on the allowlist' message: it reads as not open (review P1-2) (0.082708ms)
✔ card summary accepts the frozen shape incl. all-null platform NONE (0.91375ms)
✔ card summary rejects unknown keys, bad enums, bad money, bad version (0.27625ms)
✔ card result is exactly {state, version, max_minor, currency, descriptor_preview} (0.091833ms)
✔ descriptor suffix rule: charset, 2..10 chars, must contain a letter (0.120459ms)
✔ the suffix length rule is the charset rule's 10; the 22-character descriptor total stays the server's (SANDBOX L=10, LIVE PrefixLength) (0.052041ms)
✔ descriptor preview mirrors the contract projection (base + '* ' + suffix) (0.058125ms)
✔ settlement list accepts statements without payout/lines keys (omitempty) (0.3885ms)
✔ settlement detail carries lines whose count and sums match the totals (0.323958ms)
✔ settlement parsers reject malformed reads (0.649709ms)
✔ fees, refunds and disputes are signed exactly as the ledger stores them (0.207917ms)
✔ a returned fee is a positive line fee; the detail's lines must add up to the statement totals (0.942583ms)
✔ closed_at/paid_at accept the offsets PostgreSQL emits as well as Z (0.353125ms)
✔ a payout reference shaped like a Stripe key or account id is never displayed (0.481541ms)
✔ platform not OPEN: 'not open yet' and no enable control, for every non-OPEN state; the platform badge still tells why (1.250375ms)
✔ allowlisted + OPEN: enable from NONE/DISABLED, disable from ENABLED (0.099459ms)
✔ not allowlisted on an OPEN platform reads exactly like not open: the same message, no 'platform open' badge, no enable (review P1-2) (0.093417ms)
✔ BLOCKED: the suspended note, disable only, never enable (whatever the platform says) (0.066666ms)
✔ without billing:manage nothing can be changed, but the state is still readable (0.049084ms)
✔ enable carries the platform's current terms, the suffix and the version read; NONE starts at 0 (0.069041ms)
✔ disable never sends a suffix and quotes the terms the store accepted (the platform's may have moved on) (0.046333ms)
✔ a retained suffix is recovered from the final preview so a re-enable can keep it (0.038917ms)
✔ the period label shows the last day inside the (exclusive-end) week (0.810875ms)
✔ payout state: paid, pending only when money is due, none when the week nets to zero or less (0.044083ms)
✔ card-payments and settlements are nav:false routes, so no group loses or gains a nav button (0.492125ms)
✔ settlements need billing:manage, the card page integration:read; the owner opens both (0.379625ms)
✔ statement cells: a dispute reversal and a returned fee read as credits (+) and every deduction as -, and the columns add up to the server's net (12.07575ms)
✔ the detail parser requires the lines of a statement that has lines; a quiet week (line_count 0) may omit them (0.137208ms)
✔ route table: exactly the four resources, nothing generic (0.520708ms)
✔ query grammar: card and settlement-detail are exact; settlements takes before/limit only (0.363792ms)
✔ request fence: keyless PUT (CAS), bodyless GETs, no transfer-encoding (16.626834ms)
✔ PUT body is the exact frozen shape {enabled, terms_version, descriptor_suffix, expected_version} (1.307875ms)
✔ the BFF route wires the card grammar: keyless CAS PUT, exact body, no-store, auth required (0.959791ms)
✔ the real card summary parses and drives the display state machine (1.303125ms)
✔ the real statement list parses: newest first, no lines, three payout states (0.744208ms)
✔ every real detail parses with its lines and the lines add up to the statement (1.026291ms)
✔ an empty ledger parses to no statements (0.240083ms)
✔ no account id, key or approval shape is in any real body (0.487792ms)
✔ the real statements display literally as signed contributions that add up to the server's net (22.7035ms)
ℹ tests 48
ℹ suites 0
ℹ pass 48
ℹ fail 0
ℹ cancelled 0
ℹ skipped 0
ℹ todo 0
ℹ duration_ms 128.205542
✔ option/slug/SKU caps equal internal/catalog (options.go, catalog.go) (21.087041ms)
✔ text caps equal the Go validators (name 120, description 8000, SEO 70/160, collection title 80) (2.194333ms)
✔ photo caps equal Go (MaxMainImages, MaxDetailImages, MaxImageBytes) and the SKU code pattern (2.475167ms)
✔ PE13 Cartesian matrix is local, preserves edits and deduplicates values (0.594208ms)
✔ PE13 bulk quantity skips negative rows without modifying them (0.103333ms)
✔ PE12 untracked document uses whole currency and per-order cap, never quantity (9.286209ms)
✔ PE14 missing readback is not guessed or silently cleared by full replacement (0.069666ms)
✔ bulk status accepts explicit per-item results, never empty or duplicated confirmations (0.196708ms)
✔ matrix refuses over 100 SKUs before expansion (0.082792ms)
✔ PR #1 4212540344: per-row matrix labels reappear where the matrix header is not visible (≤900px), desktop untouched (1.084166ms)
✔ PR #1 4212540352: pre-publish missing-items list collapses behind a real toggle at ≤900px instead of being removed (0.378708ms)
✔ parity: admin caps equal the Go constants (7.498166ms)
✔ image list: 4 main + 20 detail + 2 sku in role order is accepted (0.447708ms)
✔ image list: 5 main, 21 detail, wrong role order, gaps and extra keys are refused (0.137792ms)
✔ single image: role is required and its position is bounded by the role cap (0.058209ms)
✔ option text limits count Go runes rather than UTF-16 units (0.911042ms)
✔ PE14 new edit SKU carries its own shipping and clears no existing fields (15.599209ms)
✔ PE14 patch changes only price and preserves unmentioned fields (0.251875ms)
✔ PE14 on_hand is not available, zero target is transmitted, ambiguous warehouse refuses (0.3095ms)
✔ PE14 explicit clears and shipping remain per SKU on an active row (0.129833ms)
✔ PE14 archive supersedes every other edit on that SKU (b77eeb11) (0.142917ms)
✔ PE14 no-op has no command fields and changed axes explicitly archive omitted variants (0.111083ms)
✔ PE14 replacement SKU edit excludes create-only code from the strict patch grammar (0.216042ms)
ℹ tests 23
ℹ suites 0
ℹ pass 23
ℹ fail 0
ℹ cancelled 0
ℹ skipped 0
ℹ todo 0
ℹ duration_ms 138.816208
(node:47115) ExperimentalWarning: Transform Types is an experimental feature and might change at any time
(Use `node --trace-warnings ...` to show where the warning was created)
✔ UNKNOWN retry client authorization loss requires reconciliation, not a fresh command (4.61425ms)
✔ UNKNOWN retry 401 authorization loss requires reconciliation, not a fresh command (9.031958ms)
✔ UNKNOWN retry 403 authorization loss requires reconciliation, not a fresh command (0.836791ms)
✔ a conclusive command rejection stays distinct from authorization loss (0.666375ms)
ℹ tests 4
ℹ suites 0
ℹ pass 4
ℹ fail 0
ℹ cancelled 0
ℹ skipped 0
ℹ todo 0
ℹ duration_ms 124.38325
(node:47142) ExperimentalWarning: Transform Types is an experimental feature and might change at any time
(Use `node --trace-warnings ...` to show where the warning was created)
✔ offer controls read authoritative limits without parsing unrelated KEYWORD_QTY_CONTAINS window/stats (13.89575ms)
✔ offer controls accept 101 through the backend cap of 200 distinct offers, reject 201 (2.152958ms)
✔ offer toggle preserves exactly the authoritative maximum in the real M4 payload (2.76125ms)
✔ console BFF admits exactly A1/A7/A6 and A5 read/copy methods (0.435ms)
✔ Next proxy admits the exact console family and results query before the BFF (72.756208ms)
✔ PR18 proxy preserves malformed A2 cursor as 400 invalid_cursor (0.613916ms)
✔ results query is canonical repeated session_id 1..50, everything else queryless (0.097ms)
✔ real BFF route forwards only exact resources, authenticates scope and returns private scrubbed errors (50.032417ms)
✔ new commands reject unknown keys and preserve frozen copy/lifecycle/recommend body (0.192ms)
✔ browser commands reuse Studio fences, exact no-comment recommend body and backend refusal codes (1.592375ms)
✔ results client preserves canonical ids/order and rejects invalid list before fetch (0.3385ms)
✔ stock client reuses catalog transport/key/parser and fences a changed login without retries (1.126583ms)
✔ journal replay sends the exact original method/path/body/key for all five commands (1.91475ms)
(node:47143) ExperimentalWarning: Transform Types is an experimental feature and might change at any time
(Use `node --trace-warnings ...` to show where the warning was created)
✔ A1 strict MOCK snapshot preserves unavailable counts, capability unknown and server stock (5.031208ms)
✔ A7 returns a separate lifecycle version and closed full KEYWORD_QTY_CONTAINS window (0.480833ms)
✔ A5 results retain separate environments/currencies and bind exact requested ids/order (0.683458ms)
✔ A5 copy parses real Go envelope, copied offer prices and KEYWORD_QTY_CONTAINS window (1.037416ms)
✔ A6 accepts optional operation UUID, never guessed send success (0.144167ms)
(node:47144) ExperimentalWarning: Transform Types is an experimental feature and might change at any time
(Use `node --trace-warnings ...` to show where the warning was created)
✔ Live settings navigation accepts a scene picker entry but never a malformed or unscoped deep link (0.752959ms)
✔ LC-B7 stock permission admits live_adjust without inventory:write, not unrelated grants (0.08975ms)
✔ Instagram comment total stays unavailable; Facebook observed count is not a platform total (0.071291ms)
✔ LC-U1 one primary action follows lifecycle, never planning or transport state (0.053042ms)
✔ LC-U1 stock target uses sellable delta and rejects fractions, negative and over-limit changes (0.091ms)
✔ LC-U1 links only explicit FB post identities, never arbitrary URLs or guessed videos (0.074084ms)
✔ LC-U1 Facebook preview keeps the original no-frame CSP and uses a safe external link (0.251041ms)
✔ LC-U1 delayed copy completion cannot navigate after store switch or unmount (0.107791ms)
✔ LC-U1 receipt fence survives cookie rotation; pending replay still has a separate session boundary (0.4255ms)
ℹ tests 27
ℹ suites 0
ℹ pass 27
ℹ fail 0
ℹ cancelled 0
ℹ skipped 0
ℹ todo 0
ℹ duration_ms 318.032084
✔ Host subset: nested Provider and React19 context shadow defaults without sibling leakage (25.1975ms)
✔ Host subset: provider updates reach stable children and separate roots keep their own values (0.81475ms)
✔ Host subset: render errors restore context and hook ownership (28.196291ms)
✔ Host subset: portal children inherit logical context and retain handlers/state (0.730958ms)
✔ Host subset: portal target/key changes remount children and removal runs cleanup (5.154125ms)
✔ Host subset: createPortal rejects invalid DOM targets rather than swallowing children (0.192709ms)
✔ PR18 final public unresolved receipt survives relogin but coarse fence stays session-bound (0.176792ms)
✔ PR18 enabled downgrade gates hook output before passive cleanup (26.50375ms)
✔ PR18 enabled downgrade first all render hides rows buyer and composer (11.151542ms)
✔ PR18 enabled downgrade first private render hides rows buyer and composer (9.211708ms)
✔ PR18 R2 scoped404 a2 clears both private views and stops recovery reads (6.608625ms)
✔ PR18 R2 scoped404 a8 clears both private views and stops recovery reads (9.620334ms)
✔ PR18 R2 scoped404 older clears both private views and stops recovery reads (6.919542ms)
✔ PR18 A8 clears names synchronously and keeps loaded older pages through a head poll (4.328417ms)
✔ PR18 A8 paged list stays bounded across fresh heads and stops older at cap (119.008667ms)
✔ PR18 A8 hides clear before effects even without pagination (3.484208ms)
✔ PR18 deletion HEAD clears selected comment composer but keeps history and public guard (5.250125ms)
✔ PR18 short complete HEAD clears a covered selected comment and composer (3.339583ms)
✔ PR18 quiet A2 stream refreshes delayed claim marks without a new sequence or user refresh (1.956791ms)
✔ PR18 late claim automatically exposes keyword view and the reused BuyerPanel (7.952ms)
✔ K3 A8 private polls every 10s, backs off, resets, pauses hidden and stops off-filter (8.814458ms)
✔ K3 A8 unreplied polls every 10s, backs off, resets, pauses hidden and stops off-filter (10.329542ms)
✔ K3 pasted tab is refused with invalid_text copy before any reply POST (0.926417ms)
✔ PR18 facts_unavailable mark uses actionable copy zh-TW (0.75725ms)
✔ PR18 facts_unavailable mark uses actionable copy zh-CN (0.513209ms)
✔ PR18 facts_unavailable mark uses actionable copy en (0.457958ms)
✔ real SQL UNKNOWN mark blocks public-mode switching without a local receipt (0.582333ms)
✔ PR18 unknown public receipt has the correct cross-comment fence (3.475709ms)
✔ PR18 queued public receipt has the correct cross-comment fence (4.779291ms)
✔ PR18 public guard releases only definite sent (1.29025ms)
✔ PR18 public guard releases only definite failed (1.060959ms)
✔ PR18 public guard releases only definite blocked (1.066209ms)
✔ PR18 public guard releases only definite refused (0.823917ms)
✔ PR18 P1 IG earliest50 refresh preserves100 rows selection and private draft (55.130875ms)
✔ PR18 final expired older cursor keeps live buffer selection and polling (1.658667ms)
✔ PR18 command refresh keeps epoch evidence while cursorless initial=0 (1.143584ms)
✔ PR18 command refresh keeps epoch evidence while cursorless initial=1 (1.286667ms)
✔ PR18 bounded window refresh removes FB deletion behind60 arrivals history=false (5.466ms)
✔ PR18 bounded window refresh removes FB deletion behind60 arrivals history=true (3.878917ms)
✔ PR18 bounded window refresh preserves explicit history until manual refresh (2.91675ms)
✔ PR18 bounded window refresh atomically rebuilds IG100 deleted75=false (14.243417ms)
✔ PR18 bounded window refresh atomically rebuilds IG100 deleted75=true (12.797417ms)
✔ PR18 bounded window refresh stalled never publishes an incomplete IG window (14.673084ms)
✔ PR18 bounded window refresh budget never publishes an incomplete IG window (17.368292ms)
✔ PR18 bounded window refresh removes deleted IG final sequence (2.8985ms)
✔ actual A2 hook fake clock: 3/6/12/24/30 backoff, success reset, hide clears and stops, 403 locks (3.567083ms)
✔ actual reset clears selected buyer and rereads without the old epoch cursor (0.881084ms)
✔ reply hints, coded error, UNKNOWN and capability state execute the actual composer (1.042292ms)
✔ PR18 R2 templates read 404 denies the composer (0.458166ms)
✔ PR18 buyer-panel read 404: stays local (retention-purged or gone selection), console keeps access (0.476708ms)
✔ PR18 buyer-panel read 403: revokes the console scope (0.407208ms)
✔ PR18 seq coverage keeps older arrival with newer time and out-of-range rows (5.109667ms)
✔ PR18 seq coverage removes a missing numeric row despite its older created_at (0.220125ms)
✔ PR18 seq coverage never absence-deletes null history (0.146167ms)
✔ PR18 seq coverage treats epoch0 as an initialized cursor (0.09325ms)
✔ PR18 protected null history reserves capacity and never becomes numeric on overlap (16.913417ms)
✔ PR18 P1 IG earliest page and unknown authority never delete by absence (1.568958ms)
✔ PR18 short complete HEAD never expands numeric coverage to an absent oldest row (0.131375ms)
✔ PR18 full or cursor-bearing HEAD uses the same numeric coverage (0.088417ms)
✔ PR18 loaded history stays protected from short complete HEAD (0.075ms)
✔ PR18 deletion HEAD removes absent refs inside its window (0.362667ms)
✔ PR18 deletion HEAD keeps paged history below its oldest tuple (0.604458ms)
✔ PR18 deletion is never inferred from incremental or older pages (0.093958ms)
✔ PR18 empty deletion HEAD is not evidence that any ref was deleted (0.099583ms)
✔ PR18 deletion coverage ignores equal timestamps and timezone spellings (0.05975ms)
✔ PR18 mixed FB and IG page orders normalize chronologically after dedupe (0.094542ms)
✔ PR18 cap keeps newest1000 with mixed page order older=false (8.058125ms)
✔ PR18 cap keeps newest1000 with mixed page order older=true (5.603834ms)
✔ PR18 A3 invalid_ref remains a definite 422 refusal (0.128834ms)
✔ PR18 a full history buffer stops paging without discarding rows or advancing its cursor (0.401375ms)
✔ K3 reply text rejects every C0/C1 control except newline (0.827625ms)
✔ PR18 scan exhaustion parser requires a trusted explicit boolean (0.964666ms)
✔ PR18 approved seq DTO parser accepts safe numbers and explicit history null (0.720334ms)
✔ SQL operation marks map to every merchant-visible delivery state (0.193042ms)
✔ real bridge sealCursor uses payload.signature rather than plain base64url (16.996458ms)
✔ A2 grammar refuses private/duplicate/ambiguous cursors and keys on reads (0.878125ms)
✔ A3-A5 exact comment ref and bodies; explicit preemption private only (0.127542ms)
✔ A4/A5 preserve frozen refusal codes, never provider/debug text (0.0465ms)
✔ reset invalidates old buffers and cursor before reread; older page cannot advance live cursor (1.037ms)
✔ filter resources have only authorised opaque ids; backoff is capped and success resets (0.500083ms)
ℹ tests 80
ℹ suites 0
ℹ pass 80
ℹ fail 0
ℹ cancelled 0
ℹ skipped 0
ℹ todo 0
ℹ duration_ms 971.082583
✔ Host subset: nested Provider and React19 context shadow defaults without sibling leakage (13.368833ms)
✔ Host subset: provider updates reach stable children and separate roots keep their own values (0.240334ms)
✔ Host subset: render errors restore context and hook ownership (0.256708ms)
✔ Host subset: portal children inherit logical context and retain handlers/state (0.385167ms)
✔ Host subset: portal target/key changes remount children and removal runs cleanup (0.160208ms)
✔ Host subset: createPortal rejects invalid DOM targets rather than swallowing children (0.096958ms)
✔ W3U3 ledger actual comes from an independent observation (7.381125ms)
✔ W3U3 ledger records failed observed criteria rather than constant PASS (7.159625ms)
✔ W3U3 denied 401 resets busy and running without remount (19.043125ms)
✔ W3U3 denied 403 resets busy and running without remount (1.802125ms)
✔ W3U3 denied 404 resets busy and running without remount (1.633708ms)
ℹ tests 11
ℹ suites 0
ℹ pass 11
ℹ fail 0
ℹ cancelled 0
ℹ skipped 0
ℹ todo 0
ℹ duration_ms 327.027375
✔ secondary failures preserve A1; only A1 is periodic; IG notice follows the platform/embeddability observation (352.263167ms)
✔ the existing console refresh also explicitly refreshes its parent list; no automatic list read (13.556042ms)
✔ parent forwards only an explicit refresh callback and retains the scene when list is unavailable (8.158625ms)
✔ every explicit browser response/event/navigation waiter has a finite sub-test budget (10.778834ms)
✔ A1 failures back off 3/6/12/24/30 seconds and success resets to five seconds (123.19075ms)
✔ Retry-After is a minimum; hidden tabs cancel polling; forbidden locks and conceals (79.573375ms)
✔ secondary reads are mount/refresh only, independent from A1 and non-fatal (47.463333ms)
✔ UNKNOWN journal restores the exact key/method/path/body and explicit retry after reload (36.985667ms)
✔ first definite 403 clears journal but locks commands; late success after navigation clears only its own key (33.033ms)
✔ private reads preserve Retry-After seconds and dates, without changing existing error codes (31.211958ms)
✔ a restored in-flight or UNKNOWN request retains its journal after a replay 403 (81.090542ms)
✔ restored copy success dispatches completion only in the still-current scene (38.568584ms)
✔ SessionCopy resyncs closed same-ID titles, preserves open edits and cancels to latest draft (23.929083ms)
✔ SessionCopy submit uses latest version; UNKNOWN request survives later draft/input changes (23.326292ms)
ℹ tests 14
ℹ suites 0
ℹ pass 14
ℹ fail 0
ℹ cancelled 0
ℹ skipped 0
ℹ todo 0
ℹ duration_ms 761.136125
✔ claims window modes match Go constants and every SQL match_mode CHECK (12.251959ms)
✔ host prompt stays verbatim at the frozen trunk contract; Japanese is absent (2.745709ms)
✔ bundle parser accepts manual (labelled) and Meta (unlabelled) bundles (1.734375ms)
✔ bundle parser rejects unknown platforms and label/platform mismatches (0.694667ms)
✔ offer parser carries the live price and rejects every out-of-range or missing field (0.730917ms)
✔ library and import parsers are closed; removal receipt is the only version-0 shape (1.025625ms)
✔ price input: exact decimal minor units, never float, bounded to the currency's places (13.295916ms)
✔ live-tools copy exists in all three locales with the same conflict reasons (1.1255ms)
✔ claims BFF allowlist is exactly M1–M7 per method (6.474667ms)
✔ M7 link response shape is closed (0.460375ms)
✔ host prompt copy is the frozen text, verbatim (0.096834ms)
ℹ tests 11
ℹ suites 0
ℹ pass 11
ℹ fail 0
ℹ cancelled 0
ℹ skipped 0
ℹ todo 0
ℹ duration_ms 120.041208
NOT_RUN: tests/media/r04-input-runner.test.mjs (COMMERCE_R04_LIVEKIT_BINARY unset)
✔ main/detail/sku caps use the existing frozen image contract (2.251ms)
✔ phone and tall dimensions fit2000 without enlarging small assets (0.604708ms)
✔ upload query requires one exact role and sku value; reads/actions carry no query (1.814084ms)
✔ role transport encodes current option values and refuses invalid identities (1.08475ms)
✔ effective image axis follows current options, then falls back to first (0.553791ms)
✔ detail and option photos cannot satisfy the main-photo recommendation (0.682833ms)
✔ PM-U copy has matching keys in ja and all currently routed locales (1.457292ms)
✔ real-upload mode builds both Next applications on a clean CI checkout (29.137625ms)
✔ upload recovery journal survives a new session while remaining product/store scoped (0.626125ms)
✔ an option upload receipt requires its captured axis, value and image id on canonical readback (0.60225ms)
✔ failed durable recovery storage cannot authorize a media write (0.998083ms)
✔ an active product needs a main image after canonical media is known; repair paths stay possible (0.58825ms)
✔ empty media sections render a readable localized placeholder until photos are present (23.303292ms)
✔ real-upload mode never exits through the storefront MOCK shortcut (79.6075ms)
✔ a valid active zero-main product keeps an inline repair hint rather than a page error (3.369917ms)
✔ a new product issues the image-axis stage only for a chosen axis (0.996917ms)
ℹ tests 16
ℹ suites 0
ℹ pass 16
ℹ fail 0
ℹ cancelled 0
ℹ skipped 0
ℹ todo 0
ℹ duration_ms 561.2335
(node:47775) ExperimentalWarning: Transform Types is an experimental feature and might change at any time
(Use `node --trace-warnings ...` to show where the warning was created)
✔ a fitting PNG keeps the exact original File, bytes and alpha-capable format (0.90575ms)
✔ a JPEG exactly at both limits remains original, not a lossy re-encode (0.3905ms)
✔ an oversized phone JPEG is encoded below the cap after oriented scaling (0.584333ms)
✔ a large transparent PNG stays alpha-capable and is never painted with an opaque matte (0.897375ms)
ℹ tests 4
ℹ suites 0
ℹ pass 4
ℹ fail 0
ℹ cancelled 0
ℹ skipped 0
ℹ todo 0
ℹ duration_ms 99.305458
✔ HTTPS picklist fixture carries Secure session cookies automatically while preserving CSRF refusals (160.459792ms)
✔ batch controls stay compact until an order selection or live-session scope exists (0.165583ms)
✔ selection has XOR bodies, canonical unique IDs and separate 500/100 limits (0.3655ms)
✔ cross-page selection retains existing rows, deduplicates and refuses overflow atomically (0.713625ms)
✔ pick projection rejects PII/extra keys, invalid quantities and unmatched order identities (0.587792ms)
✔ batch replies bind one-for-one to confirmed orders and preserve uncertainty code (0.1435ms)
✔ pick/export POSTs reject keys and all query variants except one exact template (1.722583ms)
✔ CSV filename binds to selected template and store; no path/header injection (0.173792ms)
✔ MOCK browser fixture list matches the incumbent closed order parser (13.397791ms)
✔ recovery never clears an unknown or missing current attempt (0.15075ms)
✔ recovery and order-detail MOCK fixtures satisfy real read parsers (19.636167ms)
✔ order selection can read its session fence during SSR without browser globals (0.903167ms)
✔ MOU keeps native headed checks runnable on a Linux CI worker without DISPLAY (29.76675ms)
✔ pick fixture serves the scoped parcel reads required by the orders page (5.980708ms)
ℹ tests 14
ℹ suites 0
ℹ pass 14
ℹ fail 0
ℹ cancelled 0
ℹ skipped 0
ℹ todo 0
ℹ duration_ms 512.750583
✔ bodyless dissolve DELETE (empty body stream, no content-length) reaches Go with the CAS query, no body, no key (15.504041ms)
✔ every parcel DELETE must carry exactly one expected_version >= 1 (never forwarded without it) (1.539792ms)
✔ a DELETE that declares a body or chunked framing is refused (0.281916ms)
✔ DELETE needs the session, origin and CSRF like every command; other DELETEs stay unsupported (0.766833ms)
✔ GET parcel-groups (open groups read) and merge-suggestions pass with no query; a query or key is refused (10.38475ms)
✔ actual MOU parcel runner selects and collects the real parcel browser case (563.693417ms)
✔ merge suggestions accept the frozen shape (server-masked recipient) and reject drift (4.051083ms)
✔ created group requires the OPEN state and its members (0.211542ms)
✔ dissolved group is exactly id/state/version (0.089125ms)
✔ group shipment carries one SHIPPED version per member (1.512917ms)
✔ open groups (GET parcel-groups) accept the frozen shape and fail closed on drift (2.594125ms)
✔ reconcile: a reload rebuilds OPEN panels, a vanished OPEN group is dropped, history and live versions are kept (0.878583ms)
✔ three locales cover the same keys and every refusal code (0.512583ms)
✔ the owner-ruling sentence is exact in all three locales (0.108375ms)
✔ the in_parcel_group copy is the same sentence in parcels-copy (blocked + errors) and orders-copy, in every locale (0.138458ms)
✔ groupOfOrder prefers the OPEN group over retained SHIPPED/DISSOLVED history (0.285667ms)
✔ parcelOrderNumber is the canonical LC-<32 uppercase hex> order number and matches the open-group parser (0.3085ms)
✔ parcel refresh generation: bumped by every successful poll, whatever the cursor (0.167583ms)
✔ parcel refresh generation: an in_parcel_group refusal bumps it, other refusals do not (0.086833ms)
✔ exactly the five W3-07B resources route (0.625459ms)
✔ dissolve carries exactly ?expected_version=N (N >= 1) (0.109875ms)
✔ readMergeSuggestions 401 immediately purges parent scope and refuses late sibling 200 (67.293834ms)
✔ readMergeSuggestions 403 immediately purges parent scope and refuses late sibling 200 (5.268583ms)
✔ readMergeSuggestions 404 immediately purges parent scope and refuses late sibling 200 (10.683041ms)
✔ readOpenParcelGroups 401 immediately purges parent scope and refuses late sibling 200 (28.129333ms)
✔ readOpenParcelGroups 403 immediately purges parent scope and refuses late sibling 200 (26.271833ms)
✔ readOpenParcelGroups 404 immediately purges parent scope and refuses late sibling 200 (18.968917ms)
✔ readMergeSuggestions 503 preserves parent and local retry recovers actual DTOs (16.016583ms)
✔ readOpenParcelGroups 503 preserves parent and local retry recovers actual DTOs (10.412416ms)
✔ captured parent groups callback refuses hidden scope (7.137042ms)
ℹ tests 30
ℹ suites 0
ℹ pass 30
ℹ fail 0
ℹ cancelled 0
ℹ skipped 0
ℹ todo 0
ℹ duration_ms 652.742167
✔ exactly the nine W6-01B resources are admitted, each only under its own method (0.766458ms)
✔ the customer list is claimed only when a tag filter is present (customers-request.ts stays the owner otherwise) (0.082792ms)
✔ near misses are refused (no generic proxying) (0.0725ms)
✔ reads: no body, no key, no transfer-encoding; tag-list takes no query at all (30.866375ms)
✔ customer-list query: closed keys, tag must be a canonical uuid, list bounds identical to customers-request (0.704459ms)
✔ note-list query: only limit and after, with the customers-list bounds (0.15775ms)
✔ writes: exactly one well-formed Idempotency-Key; the two DELETEs carry no body but still need the key (36.233333ms)
✔ validTagName mirrors Go (NFC first, 1..20, trimmed, no control/Cf) (1.028791ms)
✔ validNoteBody mirrors Go (1..1000, not blank, only \n \r \t controls) (0.245625ms)
✔ tag-create body: closed keys, valid name and one of the eight colors (0.206583ms)
✔ tag-patch body: at least one of name/color, nothing else (0.085209ms)
✔ owner-tags body: tag_ids (<=100 canonical uuids) + 64-hex revision, exact keys (0.135667ms)
✔ note bodies: create {body}; patch {body, version>=1}; deletes and reads carry no body at all (0.1345ms)
✔ parseTagCatalog decodes {items: TagRecord[]} with the store-catalogue bounds (0.746084ms)
✔ parseTagSet / parseDeletedTag / parseDeletedNote decode the frozen write receipts (0.223542ms)
✔ parseNoteRecord / parseNotePage decode notes with the Go note rules (1.436083ms)
✔ customer-tags copy: three locales, identical key sets, the integrator's ruled note-privacy text verbatim (0.379916ms)
✔ components wire the ruled copy and the tag/note controls the specs click (1.676708ms)
✔ tag read names must already be trimmed NFC and Unicode code-point bounded (0.775292ms)
✔ session change before network sends nothing (25.402708ms)
✔ session changes after network or during body parse drop the response (34.742041ms)
✔ transient session digest failure is settled only before dispatch (1.596542ms)
✔ lost response followed by a changed session is UNKNOWN after dispatch (1.03775ms)
✔ lost response does not auto-retry; explicit replay keeps method/key/payload/scope (3.58575ms)
✔ 5xx or malformed success is uncertain, coded refusal is settled (3.763459ms)
✔ passive tag/detail refresh preserves an unsaved new-note draft (34.097583ms)
✔ passive refresh updates visible notes but preserves edit draft and original CAS version (0.707375ms)
✔ explicit refresh signal clears old edit draft while passive array changes do not (0.541333ms)
✔ an unauthorized note read clears private note bodies and the draft (5.516792ms)
✔ a transient note read failure keeps the notes already shown (5.8925ms)
✔ an unauthorized note read signals the global logout once; a transient failure does not (11.025625ms)
✔ non-privacy writer: own notes keep Edit and Delete on a fresh mount, others' notes do not (1.618792ms)
✔ notes forbidden/not_found signals scope loss exactly once per mount, never on transient failure (47.662458ms)
✔ bad path/store/method/query/header is refused without authority or backend calls (58.232208ms)
✔ the actual proxy admits a tagged customer list with scoped search/cursor and rejects malformed tag authority (6.923042ms)
✔ signed-out/cross-store/Origin-CSRF denials short circuit before body or forwarding (1.61725ms)
✔ closed bodies and DELETE payloads cannot reach Go (16.620834ms)
✔ all write methods preserve exact key/body/store and private success status (15.535333ms)
✔ note pagination preserved and hostile backend errors/bodies sanitized (7.705666ms)
✔ a catalogue forbidden or not_found asks the parent to re-run its guarded reads, with no logout (149.792ms)
✔ transient catalogue failures stay local; unauthorized logs out but is not a scope loss (74.565125ms)
✔ after a tag write the manager stays mounted: the catalogue refreshes in place, never reloads (12.53825ms)
✔ a manager-reported scope loss reloads the customer list and catalogue guarded reads (16.167417ms)
✔ CustomerDetail forwards a scope-lost signal to the guarded read once per page (30.990875ms)
✔ badges are escaped server tag facts with human-readable names (3.082875ms)
✔ actual customer notes render privacy notice, safe content, author fallback and read-only permissions (21.58725ms)
✔ unknown permissions and erased customer never offer note mutations (6.699375ms)
✔ write-only notes permit add but not edit/delete of notes the server does not mark own; privacy permission permits both (1.48075ms)
✔ manager trigger and all three localized buyer-export notices render through actual components (2.053583ms)
✔ UNKNOWN survives settled unauthorized retry until trusted success; fresh run ignored (1.816959ms)
✔ UNKNOWN survives settled forbidden retry until trusted success; fresh run ignored (0.459375ms)
✔ UNKNOWN survives settled version_changed retry until trusted success; fresh run ignored (0.392458ms)
✔ first-attempt preflight refusal is settled and permits a fresh action (0.391666ms)
✔ UNKNOWN and in-flight retries prevent duplicate dispatch; unmount discards stale outcome (0.342667ms)
✔ an unauthorized write signals the global logout; forbidden does not (2.260583ms)
✔ UNKNOWN command survives unmount/remount: still locked, same-key retry, cleared by trusted success (2.267042ms)
✔ a command unmounted while in flight is treated as UNKNOWN on remount (2.3315ms)
✔ a session boundary change drops the remembered UNKNOWN command (12.755917ms)
✔ a guarded read that ends signed-out signals the global logout once (2.50575ms)
✔ forbidden/unavailable failures and a successful read signal no logout (4.671125ms)
✔ refresh ending signed-out clears the view, blocks and signals the global logout once (4.680292ms)
✔ refresh ending forbidden or not-found clears the data without a logout (12.020208ms)
✔ a transient refresh failure keeps the ready view and signals nothing (23.924917ms)
✔ exactly the eight report GETs are admitted; every other method or path is refused (0.711125ms)
✔ report reads: query required, no body, no key, no transfer-encoding (11.874334ms)
✔ from/to: exactly once each, calendar-valid days, 0..91 apart (0.341125ms)
✔ session_id: only on the funnel (json and csv), a canonical uuid, once (0.234166ms)
✔ parseProductReport: echoed range/zone, <=1000 rows sorted by net desc, net = captured - refunded (4.0345ms)
✔ parseChannelReport: closed vocabulary order, money per environment strictly ascending, I05 inside every bucket (0.441542ms)
✔ parseFunnelReport: nested counts, session echo, ordered_without_link bound (0.245209ms)
✔ parseManualReport: nullable principal/session ids, bucketed money like channels (0.214333ms)
✔ reports copy: three locales, identical key sets, the integrator's ruled money annotation verbatim (0.187292ms)
✔ Reports.tsx: four tabs, CSV per tab, ruled annotation, CSS/SVG charts only (no new dependencies) (1.111291ms)
✔ report CSV closed headers use actual Go slug, echoed dates and private no-store (0.317416ms)
✔ report response projection rejects unknown keys, mismatched range and non-private responses (2.000083ms)
✔ manual buckets follow Go's uncapped row count rather than a made-up 500-row limit (1.072833ms)
✔ display sorts only inside currency/environment groups, never sums money or mutates server rows (49.69875ms)
✔ page report query accepts exactly the four report names and defaults to products (0.115125ms)
✔ actual product table renders offline separately, both modes, no UUID copy and sortable headers (16.435ms)
✔ actual channel chart exposes exact numbers and both money modes using SVG (0.819375ms)
✔ actual funnel has four stages, nested widths and truthful zero-denominator text (1.0835ms)
✔ manual table resolves authorized labels, has honest fallback, and never presents UUIDs (1.502458ms)
✔ all report views render localized empty states (0.496875ms)
✔ actual BFF refuses malformed query, unknown store/session, disabled auth and missing CSV fences before Go (60.682208ms)
✔ actual BFF closed JSON projection and CSV scope/query preserve trusted token; no forwarded client authority (18.744ms)
✔ actual BFF permission and malformed CSV response fences do not masquerade as a download (21.89725ms)
✔ audited browser GET accepts same-origin Fetch Metadata plus CSRF, never cross-site or forwarded Host (20.091417ms)
✔ actual CSV client preflight sends nothing after session change, and a lost audit response is uncertain with no retry (8.979458ms)
✔ actual CSV client refuses stale-session bytes and downloads only a closed private response (10.971209ms)
✔ report leaf gives the actual trusted fetch 65 seconds, rejects redirects and forwards only server bearer (4.365416ms)
✔ incoming request cancellation aborts the real report fetch once, returns safe unavailable and never retries (7.285792ms)
✔ CSV final synchronous fence conceals bytes when cancellation, hide or cookie rotation happens inside final await (26.117625ms)
✔ CSV end-to-end deadline covers store lookup and report budget; aborted preflight sends no audited request (16.297792ms)
✔ an uncertain export stays locked for its scope after another scope's export (8.949208ms)
✔ an uncertain export scope persists per store in tab storage and re-locks a fresh render (27.721625ms)
✔ unavailable tab storage fails closed to the in-memory lock without throwing (5.537125ms)
✔ export lock is stored before dispatch; refused/delivered outcomes release it, uncertain and cut-short keep it (46.096333ms)
✔ releasing one scope keeps the other uncertain scopes of the store (9.400417ms)
✔ export is refused and nothing is dispatched when the lock cannot be saved (denied, full or no storage) (6.103792ms)
✔ copy for an unsaved export lock exists in every locale (0.118125ms)
✔ product sort query parses strictly and defaults to net_minor descending (0.192583ms)
✔ legacy-store permission probe: forbidden/not-found/signed-out fail the read closed, transient falls back (12.0105ms)
✔ channel and funnel data retain their applied dates while draft dates wait for Show (155.993958ms)
✔ an uncertain export lock is bound to the session boundary, so a different user does not inherit it (24.286166ms)
✔ Finance landing links to reports under the same canSeeReports rule (8.979916ms)
✔ selected tag survives searches and cursor pagination while an empty filter is omitted (60.667833ms)
✔ customer list dispatch preserves legacy requests and sends every tag query to the closed W6 authority (403.802208ms)
✔ customers reports link is hidden only when permissions are present and lack orders:read (0.141375ms)
✔ reports are a finance subpage and preserve the existing single finance navigation entry (0.118ms)
✔ an authoritative erased customer immediately unmounts the cached private tags/notes subtree (23.451084ms)
✔ the actual customer row shows manual tags and imported status without changing consent (25.124208ms)
✔ P1 actual tag DELETE accepts an empty Next-style stream without JSON MIME (520.860333ms)
✔ P1 actual note DELETE accepts an empty Next-style stream without JSON MIME (3.449417ms)
✔ P1 body-carrying tag writes still require JSON MIME through the real BFF (0.389375ms)
✔ P2 customer bare/encoded tag keys are invalid422 through the actual leaf before any backend (2.904542ms)
✔ P2 report products real session/CSRF response is private and Vary Cookie (1.672541ms)
✔ P2 report products.csv real session/CSRF response is private and Vary Cookie (0.534667ms)
✔ P2 report malformed query and wrong CSRF are rejected by actual helpers before upstream (0.25225ms)
ℹ tests 118
ℹ suites 0
ℹ pass 118
ℹ fail 0
ℹ cancelled 0
ℹ skipped 0
ℹ todo 0
ℹ duration_ms 1363.061583
✔ real coded errors retain baseline classification and normalize import leaf cache to private,no-store (32.858125ms)
✔ preflight missing CSRF is definite and sends nothing; actual route CSRF and session refusals stay definite (4.32025ms)
✔ actual route uses real cookies/store membership and method/error envelopes, no helper substitutions (4.445708ms)
✔ actual client/route preserves original Blob bytes, trusted transport and privacy projection on200/409 (2.429542ms)
✔ success or stale preview must remain private; malformed/unknown/mismatched coded errors are uncertain after commit (2.864292ms)
✔ lost/unreadable/session-changed dispatched commit remains UNKNOWN; no automatic retry (1.121709ms)
✔ actual failed-only result route strips IDs and real final session/cancel fence exposes no download (1.802666ms)
✔ actual route refuses unknown resource/query and duplicate session cookies before any upstream call (0.338083ms)
✔ actual route incoming cancellation aborts one dispatched transport and preserves client UNKNOWN (0.669958ms)
✔ real coded error cache may not be public, and closed payload may not acquire data-bearing fields (1.402167ms)
✔ copy still exposes specific merchant field reasons across three locales (3.698167ms)
✔ all real local and upstream import refusals including HEAD/unsupported are exact private,no-store (0.657333ms)
✔ fresh mismatched receipt stays UNKNOWN, exact manual replay mismatch becomes terminal without a third send (1.279709ms)
✔ terminal is impossible for malformed replay receipts or matching replayed counts (0.861375ms)
✔ Big5 bytes pass unchanged to upstream and real422 import envelope surfaces encoding_not_utf8 (0.520292ms)
✔ oversize file uses the actual header guard and specific size guidance in all locales without dispatch (15.445333ms)
✔ commit uses the original requested mapping, including an empty optional field, not resolved preview metadata (4.542917ms)
✔ an UNKNOWN commit remains locked through a later forbidden retry and only explicit same-file success unlocks (7.413625ms)
✔ leaving during a dispatched commit drops its payload and keeps an unconfirmed boolean without replay (10.936667ms)
✔ a definite first preflight refusal clears pending before sign-out and does not invent an unconfirmed import (24.278958ms)
✔ a replayed mismatched receipt ends UNKNOWN without offering another retry or unlocking historical orders (10.673042ms)
✔ real cookie and CSRF helpers generate and validate the actual host-cookie pair (1.211667ms)
✔ exact route rejects methods/keys/body/query/scope before any upstream request using real localError (3.190791ms)
✔ missing/duplicate session cookies reject and real clearAuthCookies expires session and CSRF (0.477292ms)
✔ actual authenticatedStores denies a store absent from the server projection (0.63725ms)
✔ private success routes server cookie token and exact canonical after, never caller bearer/cookie to Go (0.860959ms)
✔ actual safeError/localError preserve coded status with no-store and redact upstream diagnostics (0.893167ms)
✔ actual readBody and strict projection refuse MIME/oversize/extra private fields/city; network loss stays private (1.363083ms)
✔ actual client issues GET50/after through real route/private successful projection (7.323625ms)
✔ actual helper-issued browser fence rejects changed parent before dispatch (0.63025ms)
✔ private success from real route is discarded when the browser session changes during upstream read (1.132292ms)
✔ real localError no-store 401/403/404/503 preserves correct read category with no retry (2.689125ms)
✔ malformed sensitive backend projection becomes real unavailable, never a fake BFF success (0.84825ms)
✔ strict archive rows decode external order text, safe minor units and public keys (4.297625ms)
✔ PII-shaped city and extra sensitive fields never pass the safe projection (1.148208ms)
✔ all canonical Go cities pass; malformed types/bounds/order/time/money/cursor fail (2.424375ms)
✔ read grammar is exact limit/after, not the stale brief's cursor name (27.051084ms)
✔ three locales retain truthful history-not-revenue basis and copy parity (1.085584ms)
✔ SSR renders actual safe rows, shared money/time, total count and read-only three-locale basis (76.922583ms)
✔ SSR distinguishes empty archive, 403, session loss and unavailable without stale rows/count (3.009958ms)
✔ actual pagination callbacks use opaque trail; double click cannot skip; refresh/scope reset page1 (1.264708ms)
✔ the static import subpage wins over customer detail and leaves the single customers nav intact (0.394292ms)
✔ the actual list offers import only to privacy holders and carries the current authorized store (151.189667ms)
✔ the actual detail mounts archive only for an active imported customer and passes its fenced identity (29.233167ms)
✔ MIUI-READY-VISIBLE-STORE actual signed helper waits on the visible selector and retains cookie/wizard assertions (141.083542ms)
✔ MIUI-READY-DENIED read-only staff reaches the real shell refusal instead of waiting for a private wizard (18.243875ms)
✔ failure verdicts precede successful rows, by source row number, without mutating the input (0.57125ms)
✔ the failure download contains only failed row metadata, with no source cell or success identifier (0.306875ms)
✔ reads quoted/BOM header only, without decoding malformed bytes from data rows (14.762834ms)
✔ guess only unique metadata aliases with explicit unmapped values (0.2225ms)
✔ shared dynamic leaf admits only exact import methods/actions and bounded mapping/count (14.07875ms)
✔ failed CSV emits only row/outcome/code, refusing any unexpected identifier or raw cell (0.183875ms)
✔ raw-byte cap does not decode/rebuild uploads and cancels oversized chunks (28.919958ms)
✔ backend privacy projection strips all source IDs on successful and failed rows (3.912875ms)
✔ closed preview parser refuses data-bearing rows, unknown keys and inconsistent counts (0.519708ms)
✔ order preview counts units while first CSV record numbers can exceed rows_total (0.098417ms)
✔ commit receipt has exactly five keys and no extra customer cells (0.124584ms)
ℹ tests 57
ℹ suites 0
ℹ pass 57
ℹ fail 0
ℹ cancelled 0
ℹ skipped 0
ℹ todo 0
ℹ duration_ms 564.726458
✔ G-UI8 storefront pages and the sweep's STOREFRONT_ROUTES are the same set (1.175625ms)
✔ parseShard: i/N, empty means unsharded, anything malformed throws (0.228083ms)
✔ assignShards: deterministic, every key owned once, near-balanced (LPT bound) (0.94075ms)
✔ planClick: for every N the shards partition the whole universe (every registry route x variant, storefront walk, journey) (1.494875ms)
✔ planClick at N=10 keeps every shard within ~1.3x of the mean planned cost (0.13175ms)
✔ aggregate click: honest shards pass for several N (2.435208ms)
✔ aggregate click: a missing shard, a dropped page row, a lost journey, a failing row, a stale known defect and a missing platform marker are each a failure (3.06425ms)
✔ aggregate click: a route added to the registry after the shards ran cannot pass (the registry is re-read) (0.358125ms)
✔ aggregate visual: honest shards pass; a missing shard, a missing shot, a blocking verdict and a registry route outside the universe each fail (4.804417ms)
✔ artifact discovery finds nested run evidence and retains platform marker refusal (2.907083ms)
ℹ tests 10
ℹ suites 0
ℹ pass 10
ℹ fail 0
ℹ cancelled 0
ℹ skipped 0
ℹ todo 0
ℹ duration_ms 88.209292
ci-plan: 10 job(s); click-sweep x10 (aggregate)
  --browser-click-sweep@1/10  -> artifact gate-browser-click-sweep_1_10
  --browser-click-sweep@2/10  -> artifact gate-browser-click-sweep_2_10
  --browser-click-sweep@3/10  -> artifact gate-browser-click-sweep_3_10
  --browser-click-sweep@4/10  -> artifact gate-browser-click-sweep_4_10
  --browser-click-sweep@5/10  -> artifact gate-browser-click-sweep_5_10
  --browser-click-sweep@6/10  -> artifact gate-browser-click-sweep_6_10
  --browser-click-sweep@7/10  -> artifact gate-browser-click-sweep_7_10
  --browser-click-sweep@8/10  -> artifact gate-browser-click-sweep_8_10
  --browser-click-sweep@9/10  -> artifact gate-browser-click-sweep_9_10
  --browser-click-sweep@10/10  -> artifact gate-browser-click-sweep_10_10
✔ the full sweep and the full visual lint fan out into every shard and ask for the aggregate (0.88525ms)
✔ foundation-shards = the unit shard + every plan group; the serial `foundation` mode is untouched (0.617083ms)
✔ an explicit shard re-run (or a partial list) never claims the whole-run aggregate (0.097209ms)
✔ duplicates collapse, artifact names are safe and unique, bad input is refused (0.323333ms)
✔ main writes matrix / sweep_n / visual_n to GITHUB_OUTPUT (1.070167ms)
✔ mode discovery has no Docker/build dependency and includes the existing universe (28.976667ms)
✔ dry-run resolves a mode without executing dependencies and keeps its command environment (61.59925ms)
✔ one appended case is discovered and dispatched; malformed and duplicate registry entries fail closed (43.785417ms)
✔ registry discovery cannot silently lose indented, aliased or unrecognised Bash case arms (3.500875ms)
✔ backend-only paths run foundation-shards only (0.866709ms)
✔ node tests of deploy scripts and of the CI planner are backend-only (they cannot change a browser) (1.31975ms)
✔ a UI path adds the whole browser set, including click-sweep and visual-lint (4.656042ms)
✔ docs-only and output-only diffs keep the single required check (foundation-shards) (0.252959ms)
✔ legacy browser_* paths still select all browsers; a known untagged foundation file stays backend-only (0.474208ms)
✔ legacy deploy prefixes remain selected and unrelated paths do not select smoke (1.550292ms)
✔ the browser set is release-gate's browser-mode universe minus the documented exclusions (57.230042ms)
✔ every real browser-tagged foundation file selects registry browser modes, including non-browser names (105.729625ms)
✔ tagged runner discovery follows registry additions, command arrays and line continuations (1.161083ms)
✔ deploy smoke is selected for its workflow, verdict/helpers and executable test inputs (1.804334ms)
✔ new selection never drops legacy modes or deploy for any tracked path (445.725125ms)
✔ CLI classifies merge-base and explicit head, including removed tags, deleted files and renames (480.677583ms)
✔ CLI selects modes the base added after divergence when the checkout is the PR merge (PR #22 review P1) (279.786958ms)
✔ CLI reads the merge checkout's source when the base adds a browser tag after the fork (PR #22 review P1) (226.816166ms)
✔ CLI explicit head and stdin include tags outside the checkout and uncommitted tag removals (230.908791ms)
✔ compound/legacy tags and unknown source are conservative; known untagged source stays backend-only (3.360917ms)
✔ explicit-head CLI derives tagged runner modes from that head's real registry (193.395333ms)
✔ real Git CLI preserves legacy selection: quotePath=true, "架构.md" (162.637458ms)
✔ real Git CLI preserves legacy selection: quotePath=true, "internal/示例.go" (167.807084ms)
✔ real Git CLI preserves legacy selection: quotePath=true, "tests/foundation/plain\tname_test.go" (202.799166ms)
✔ real Git CLI preserves legacy selection: quotePath=true, " deploy/scripts/synthetic-smoke.sh" (315.823542ms)
✔ real Git CLI preserves legacy selection: quotePath=false, "架构.md" (245.79125ms)
✔ real Git CLI preserves legacy selection: quotePath=false, "internal/示例.go" (234.307875ms)
✔ real Git CLI preserves legacy selection: quotePath=false, "tests/foundation/plain\tname_test.go" (290.651416ms)
✔ real Git CLI preserves legacy selection: quotePath=false, " deploy/scripts/synthetic-smoke.sh" (211.71725ms)
✔ stdin unions legacy trimming without trimming the source lookup path (91.640917ms)
✔ parser: only compiled, correctly-shaped Test functions of untagged _test.go files (1.175042ms)
✔ the real plan: every top-level test of tests/foundation runs in exactly one group (622.672125ms)
✔ a new test (in no list) still runs, exactly once, in the catch-all group; the same name with no catch-all is red (954.732375ms)
✔ a test listed in two groups is red; drift beyond the limit is red (1096.152ms)
✔ regexes: anchored explicit lists; the catch-all skips exactly everyone else's tests (0.743459ms)
✔ pack: deterministic, balanced to within the longest test, every name once (7.796958ms)
✔ parseDurations: top-level lines only (0.253709ms)
ℹ tests 42
ℹ suites 0
ℹ pass 42
ℹ fail 0
ℹ cancelled 0
ℹ skipped 0
ℹ todo 0
ℹ duration_ms 4004.792791
✔ PR18 real BFF preserves invalid_ref and cursor errors without upstream retry (16.765583ms)
✔ PR18 valid A2 Unicode/escaped pages exceed 1 MiB but A8 cap stays unchanged (126.184209ms)
✔ K3 comment-only no_source cannot widen the existing inbox error seam (4.636666ms)
✔ LC-U2a real BFF seam A2-A5 exact grammar, privacy, denial and no diagnostic reflection (4.766667ms)
✔ A8/A9/A13 and published templates: exact reads forward once with no-store (2.1875ms)
✔ real streamed POST bodies: A10-A14 exact keys reach upstream (3.883208ms)
✔ query, read headers, methods and body allowlists refuse before upstream (4.253083ms)
✔ session, CSRF and store authority precede content forwarding (0.954875ms)
✔ A12 fixed codes preserved; arbitrary upstream diagnostics stripped (5.199708ms)
✔ client preserves codes and receipt; changed/aborted session cannot publish private response (3.096167ms)
✔ A9 admits a full page of valid Unicode replies while bounding private response bytes (3.895625ms)
✔ non-JSON upstream 401 still expires both authentication cookies without diagnostic leakage (0.659917ms)
✔ real M7 response keeps no-referrer after matching Next production header rules (12.022875ms)
✔ three unit languages cover identical fixed labels and delivery states (0.926792ms)
✔ hiding aborts requests and rejects late responses, even after reveal (0.394875ms)
✔ switching selection invalidates both reads and write completions (0.064625ms)
✔ owner and explicit inbox permissions only; viewer fails closed (0.056333ms)
✔ Messenger counts Unicode codepoints; Instagram counts NFC UTF8 bytes (0.633042ms)
✔ uncertain transport retries retain the exact submission; definitive conflicts retire it (0.601041ms)
✔ privacy calibration cannot activate with production origin or ordinary caller env (0.186125ms)
✔ late focus/pageshow while native document remains hidden cannot reveal requests (0.198625ms)
✔ terminal navigation revocation cannot be undone by focus or refresh until a new page fence (0.06075ms)
✔ a ticket from another store/page fence is never accepted (0.039125ms)
✔ focus while already visible preserves the active epoch and the uncertain reply receipt (0.083375ms)
ℹ tests 24
ℹ suites 0
ℹ pass 24
ℹ fail 0
ℹ cancelled 0
ℹ skipped 0
ℹ todo 0
ℹ duration_ms 303.39825
✔ installed APIRequestContext cookie rules exclude Secure cookie from HTTP127 but retain HTTPS/localhost (1.669625ms)
✔ actual INU02 cross uses browser auth and retains exact 404/DM absence (44.896875ms)
✔ actual INU02 cross still rejects wrong authority 401 (6.205667ms)
✔ actual INU02 cross still rejects wrong authority 200 (6.759208ms)
✔ actual INU02 cross still rejects DM in denied response (2.039ms)
✔ actual INU02 denied uses browser auth and retains exact 403/DM absence (1.374041ms)
✔ actual INU02 denied still rejects wrong authority 401 (3.800125ms)
✔ actual INU02 denied still rejects wrong authority 200 (1.400458ms)
✔ actual INU02 denied still rejects DM in denied response (5.512084ms)
✔ actual login settles /en and fixture store (real switch, scoped=false) (48.35175ms)
✔ actual login settles /en and fixture store (real switch, scoped=true) (9.625958ms)
✔ actual login settles /en/inventory and fixture store (real switch, scoped=false) (11.518042ms)
✔ actual login settles /en/inventory and fixture store (real switch, scoped=true) (5.669ms)
✔ actual login settles /en/messages and fixture store (real switch, scoped=false) (2.110167ms)
✔ actual login settles /en/messages and fixture store (real switch, scoped=true) (18.846958ms)
✔ actual login settles /en and fixture store (already selected, scoped=false) (14.481958ms)
✔ actual login settles /en and fixture store (already selected, scoped=true) (10.405833ms)
✔ actual login settles /en/inventory and fixture store (already selected, scoped=false) (3.156375ms)
✔ actual login settles /en/inventory and fixture store (already selected, scoped=true) (2.52625ms)
✔ actual login settles /en/messages and fixture store (already selected, scoped=false) (1.847917ms)
✔ actual login settles /en/messages and fixture store (already selected, scoped=true) (33.324125ms)
✔ bundle fixture uses real claim commands and mounts existing M6/M7 without issuing early (23.224708ms)
✔ sensitive bundle scenario clicks native clipboard with trace/video disabled and no token body reads (0.274042ms)
✔ persisted link and token-free command receipt are compared without disclosing credentials (0.150417ms)
✔ actual clipboard evaluator exports only safe summary and detects malformed or retained synthetic credentials (443.573542ms)
✔ claim-window fixture isolates recovery after the current migration permits multiple OPEN windows (7.219167ms)
✔ ordinary Playwright diagnostics still capture failed-page ARIA when private guard is absent (0.627ms)
✔ sensitive worker lifecycle prevents actual installed snapshot capture without masking the failure (56.450875ms)
✔ worker restores prior environment even when use rejects (absent) (93.498709ms)
✔ worker restores prior environment even when use rejects (empty) (16.735584ms)
✔ worker restores prior environment even when use rejects (existing-policy) (3.61625ms)
✔ fixture is worker-auto and module collection does not suppress ordinary diagnostics (44.958833ms)
✔ ordinary matcher ARIA context bypasses fallback flag and remains in actual installed diagnostics (0.718875ms)
✔ private test teardown removes only matcher page context while preserving failure (failed status) (2.600917ms)
✔ private test teardown removes only matcher page context while preserving failure (rejected use) (20.072875ms)
✔ matcher guard is test-auto without replacing the installed artifact auto fixture (1.694125ms)
✔ real Playwright --list collects each original INU case and isolated INU09 exactly once (1519.194209ms)
✔ Host subset: nested Provider and React19 context shadow defaults without sibling leakage (0.973417ms)
✔ Host subset: provider updates reach stable children and separate roots keep their own values (0.294708ms)
✔ Host subset: render errors restore context and hook ownership (0.531292ms)
✔ Host subset: portal children inherit logical context and retain handlers/state (0.241458ms)
✔ Host subset: portal target/key changes remount children and removal runs cleanup (0.168ms)
✔ Host subset: createPortal rejects invalid DOM targets rather than swallowing children (0.097292ms)
✔ A real Inbox selection admits Go A9 attachments null without losing thread (152.996208ms)
✔ A real Inbox selection admits Go A9 attachments empty array without losing thread (107.419583ms)
✔ A malformed non-array A9 attachments is refused without painting DM or crashing selected entry (9.171208ms)
✔ C A8 HTTP200 empty list is ordinary data with no alert, selection or focus request storm (0.678583ms)
✔ C A8 list404 is scoped inbox unavailable in en, never an empty list or conversation denial (0.62375ms)
✔ C A8 list404 is scoped inbox unavailable in zh-TW, never an empty list or conversation denial (6.145167ms)
✔ C A8 list404 is scoped inbox unavailable in zh-CN, never an empty list or conversation denial (1.036833ms)
✔ C click-sweep Go harness mounts existing Inbox/templates services (STRUCTURE_ONLY, Go NOT_RUN) (0.385333ms)
✔ C click-sweep includes actual-router owner200 empty inbox assertion (STRUCTURE_ONLY, Go NOT_RUN) (0.235042ms)
✔ inbox evidence is covered by the CI upload root (5.371916ms)
✔ failed Playwright closes its log and emits sanitized diagnostics before Fatalf (0.124708ms)
✔ failure diagnostics match INU cases/counts without admitting private text (0.674583ms)
✔ INU04 delayed handler 1 signals completion when fulfillment rejects (40.997333ms)
✔ INU04 delayed handler 2 signals completion when fulfillment rejects (1.839042ms)
✔ Host subset: nested Provider and React19 context shadow defaults without sibling leakage (1.155583ms)
✔ Host subset: provider updates reach stable children and separate roots keep their own values (0.291541ms)
✔ Host subset: render errors restore context and hook ownership (0.34825ms)
✔ Host subset: portal children inherit logical context and retain handlers/state (0.196958ms)
✔ Host subset: portal target/key changes remount children and removal runs cleanup (0.143375ms)
✔ Host subset: createPortal rejects invalid DOM targets rather than swallowing children (0.101959ms)
✔ recoveryDone waits for actual held M7 completion in zh-TW (85.033333ms)
✔ recoveryDone waits for actual held M7 completion in zh-CN (4.478792ms)
✔ recoveryDone waits for actual held M7 completion in en (9.927458ms)
✔ Host subset: nested Provider and React19 context shadow defaults without sibling leakage (0.955167ms)
✔ Host subset: provider updates reach stable children and separate roots keep their own values (0.303125ms)
✔ Host subset: render errors restore context and hook ownership (0.68975ms)
✔ Host subset: portal children inherit logical context and retain handlers/state (0.19175ms)
✔ Host subset: portal target/key changes remount children and removal runs cleanup (0.150416ms)
✔ Host subset: createPortal rejects invalid DOM targets rather than swallowing children (0.102209ms)
✔ review2 P1 bundle-only row opens real A13 and issues existing M7 claim link to clipboard (49.51675ms)
✔ review2 P1 clipboard denial recopy reuses cached issued URL without another M7 POST (11.846625ms)
✔ review2 P1 lost M7 ACK retries exact receipt and null replay token never mints a fresh key (22.000084ms)
✔ review2 P1 missing CSRF before cached recopy cannot copy or issue again (20.512791ms)
✔ review2 P1 missing CSRF before uncertain retry rejects preserved receipt dispatch (5.856833ms)
✔ review2 P1 late issued-link completion after hide cannot write clipboard (46.295875ms)
✔ review2 P1 late issued-link completion after selection cannot write clipboard (6.803209ms)
✔ review2 P1 late issued-link completion after unmount cannot write clipboard (8.269208ms)
✔ review2 P1 late issued-link completion after logout cannot write clipboard (4.968333ms)
✔ review2 P1 claim-link issuance denied without both live read/manage (inbox:read,live:read) (9.645291ms)
✔ review2 P1 claim-link issuance denied without both live read/manage (inbox:read,live:manage) (2.774917ms)
✔ review2 P1 missing authoritative recovery identity never guesses generation {"missingSession":true} (3.225625ms)
✔ review2 P1 missing authoritative recovery identity never guesses generation {"noBundle":true} (7.419375ms)
✔ review2 P2 exactly one matching binding uses named DM hard gate ok (5.518708ms)
✔ review2 P2 exactly one matching binding uses named DM hard gate review_required (1.764541ms)
✔ review2 P2 exactly one matching binding uses named DM hard gate missing_permission (1.29225ms)
✔ review2 P2 multiple same-provider bindings advisory only (dm_session:ok,dm_session:missing_permission) (5.465166ms)
✔ review2 P2 multiple same-provider bindings advisory only (dm_session:missing_permission,dm_session:reauth_required) (2.379416ms)
✔ review2 P2 multiple same-provider bindings advisory only (dm_session:ok,read_comment:missing_permission) (5.7965ms)
✔ review2 P2 multiple same-provider bindings advisory only (dm_session:review_required,dm_session:ok) (1.054084ms)
✔ review2 P2 actual scoped A12 409 capability refusal remains visible after advisory submit (4.081084ms)
✔ review2 P2 missing health and single binding without named DM remain disabled (5.201292ms)
✔ review2 P2 expired cached issued link cannot be recopied or silently reissued (5.2825ms)
✔ Host subset: nested Provider and React19 context shadow defaults without sibling leakage (1.095625ms)
✔ Host subset: provider updates reach stable children and separate roots keep their own values (0.198167ms)
✔ Host subset: render errors restore context and hook ownership (0.218708ms)
✔ Host subset: portal children inherit logical context and retain handlers/state (0.19525ms)
✔ Host subset: portal target/key changes remount children and removal runs cleanup (0.14875ms)
✔ Host subset: createPortal rejects invalid DOM targets rather than swallowing children (0.091459ms)
✔ P1-1 actual visible focus preserves pending ticket, selection, revision and real retry receipt (12.306334ms)
✔ P1-1 actual unchanged-session pageshow checks without clearing; changed-session focus expires (0.35825ms)
✔ P1-1 actual hide/reveal clears and requests fresh revision, never accepts obsolete completion (0.264542ms)
✔ P1-1 changed-session visible focus expires even with a pending request (0.158ms)
✔ P1-2 actual A9 refresh 404 removes rendered DM and unsent draft (30.286167ms)
✔ P1-2 actual send-finally A9 404 removes DM, draft and uncertain immutable receipt (4.479417ms)
✔ actual uncertain send still retains exact receipt when A9 authority remains (0ms post-send A9) (7.762375ms)
✔ actual uncertain send still retains exact receipt when A9 authority remains (50ms post-send A9) (106.780041ms)
✔ actual A9 stale held completion cannot paint after component cleanup (3.12825ms)
✔ P2 actual A14 404 clears buyer facts and customer draft (explicit future-version MOCK) (4.785416ms)
✔ safe authority errors remain the actual InboxError transport class (0.076417ms)
✔ actual current A13 without version keeps A14 disabled; future MOCK grants no backend claim (0.76225ms)
✔ P1-2 actual A11 takeover write 404 clears private state despite failing follow-up A9 (2.040041ms)
✔ P1-2 actual A12 send write 404 clears private state despite failing follow-up A9 (2.341625ms)
✔ A13 server orders omission remains distinct from authorized omitted data (0.966667ms)
✔ A13 server orders omission remains distinct from authorized empty data (0.476916ms)
✔ A13 server orders omission remains distinct from authorized populated data (0.885458ms)
✔ PR18 host digest hardening sync-throw (226.492666ms)
✔ PR18 host digest hardening never-settles (1658.436917ms)
✔ actual shell-store-selector captures selection before synchronous privacy teardown (allowed=true) (20.474916ms)
✔ actual shell-store-selector captures selection before synchronous privacy teardown (allowed=false) (3.886ms)
✔ actual locale-switch captures selection before synchronous privacy teardown (allowed=true) (5.847625ms)
✔ actual locale-switch captures selection before synchronous privacy teardown (allowed=false) (1.367458ms)
✔ Host subset: nested Provider and React19 context shadow defaults without sibling leakage (1.182959ms)
✔ Host subset: provider updates reach stable children and separate roots keep their own values (0.181542ms)
✔ Host subset: render errors restore context and hook ownership (0.216333ms)
✔ Host subset: portal children inherit logical context and retain handlers/state (0.190625ms)
✔ Host subset: portal target/key changes remount children and removal runs cleanup (0.149916ms)
✔ Host subset: createPortal rejects invalid DOM targets rather than swallowing children (0.096166ms)
✔ persisted A9 UNKNOWN after page entry warns and blocks the real composer in en (36.946958ms)
✔ persisted A9 UNKNOWN after page entry warns and blocks the real composer in zh-TW (1.862708ms)
✔ persisted A9 UNKNOWN after page entry warns and blocks the real composer in zh-CN (3.041708ms)
✔ A12 queued ACK followed by final A9 UNKNOWN overrides the local queued notice and blocks another send (2.535209ms)
✔ a captured previously enabled composer cannot bypass final UNKNOWN learned by Refresh (1.335209ms)
✔ a later A9 page omitting the known UNKNOWN is not delivery reconciliation (1.962709ms)
✔ persisted queued is not mislabeled UNKNOWN and retains ordinary composer eligibility (0.759459ms)
✔ persisted sent is not mislabeled UNKNOWN and retains ordinary composer eligibility (0.943792ms)
✔ persisted failed is not mislabeled UNKNOWN and retains ordinary composer eligibility (1.373083ms)
✔ persisted blocked is not mislabeled UNKNOWN and retains ordinary composer eligibility (1.640667ms)
✔ fresh mount refuses when an old UNKNOWN is beyond 51 newer messages (fact=true) (1.499583ms)
✔ fresh mount refuses when an old UNKNOWN is beyond 51 newer messages (fact=null) (1.475084ms)
✔ fresh mount refuses when an old UNKNOWN is beyond 51 newer messages (fact=undefined) (3.172666ms)
✔ fresh mount refuses when an old UNKNOWN is beyond 51 newer messages (fact=false) (7.64075ms)
✔ a refreshed unknown authority replaces old clear authority even for a captured composer (2.393708ms)
✔ Host subset: nested Provider and React19 context shadow defaults without sibling leakage (90.1225ms)
✔ Host subset: provider updates reach stable children and separate roots keep their own values (0.325708ms)
✔ Host subset: render errors restore context and hook ownership (0.346542ms)
✔ Host subset: portal children inherit logical context and retain handlers/state (0.437958ms)
✔ Host subset: portal target/key changes remount children and removal runs cleanup (0.164708ms)
✔ Host subset: createPortal rejects invalid DOM targets rather than swallowing children (0.101166ms)
✔ window strict eligibility with 300001ms before hard 24h deadline (18.604917ms)
✔ window strict eligibility with 300000ms before hard 24h deadline (4.543ms)
✔ window strict eligibility with 60000ms before hard 24h deadline (3.52925ms)
✔ window strict eligibility with 0ms before hard 24h deadline (2.108458ms)
✔ window invalid server deadline fails closed without preparing a send (0.936542ms)
✔ window captured enabled form callback cannot POST after crossing safe cutoff (0.840917ms)
✔ window deadline timer closes controls at cutoff and hard end without waiting for 15s poll (0.848583ms)
✔ quota recovery gives exact zh-TW comment-quota and DM-window instructions beside copy only (0.64275ms)
✔ quota recovery gives exact zh-CN comment-quota and DM-window instructions beside copy only (0.114875ms)
✔ quota recovery gives exact en comment-quota and DM-window instructions beside copy only (0.096083ms)
ℹ tests 161
ℹ suites 0
ℹ pass 161
ℹ fail 0
ℹ cancelled 0
ℹ skipped 0
ℹ todo 0
ℹ duration_ms 3556.773208
✔ browser evidence uses unique local runs or the selected harness parent without rewriting history (98.591291ms)
✔ browser evidence rejects labels that escape the harness directory before creating files (35.67125ms)
✔ shell isolates visual fixtures from a click ledger when caller reuses its evidence root (34.903541ms)
✔ ops disk guard allocation isolates its log and child evidence from committed history (13.93425ms)
✔ visual artifact upload selects lint/index/shots and excludes raw unrelated evidence (8.748459ms)
✔ visual reviewer discovers nested per-run artifact shots through its real copy loop (59.657375ms)
✔ explicit evidence roots inside a repository must be ignored and untracked (PR #23 review) (499.840333ms)
✔ visual review refuses an incomplete report: every captured page needs exactly one PASS|FIX section (PR #23 review) (254.468916ms)
✔ reject quoted screenshot path (3.562333ms)
✔ reject computed writer (0.448334ms)
✔ reject renamed import (1.321417ms)
✔ reject local writer alias (0.594875ms)
✔ reject quoted reporter (0.220292ms)
✔ reject openSync write (0.302375ms)
✔ reject open write (0.289917ms)
✔ reject URL writer (0.302834ms)
✔ reject bound writer (0.224917ms)
✔ reject bound path (0.271958ms)
✔ reject direct (0.181667ms)
✔ reject alias (0.248791ms)
✔ reject split join (0.206ms)
✔ reject template (0.7555ms)
✔ reject helper (1.20325ms)
✔ reject copy destination (0.139042ms)
✔ reject reporter (0.191375ms)
✔ reject traversal (0.095084ms)
✔ reject tracked nonoutput (0.06575ms)
✔ allow read-only open (0.554375ms)
✔ allow read-only URL open (0.398041ms)
✔ allow historical read (0.169209ms)
✔ allow copy source (0.330458ms)
✔ allow comment (0.363541ms)
✔ allow string data (0.083ms)
✔ allow run directory (0.353167ms)
✔ Go Join aliases flag writes but not read-only history or comments (3.259333ms)
✔ producer discovery covers acceptance suites and helpers, not documentation/artifacts (0.339583ms)
✔ synthetic Go historical fixtures stay inside t.TempDir; real CopyFS destinations are audited (1.127833ms)
✔ Go OpenFile rejects create/write flags but preserves historical read-only descriptors (1.772208ms)
ℹ tests 38
ℹ suites 0
ℹ pass 38
ℹ fail 0
ℹ cancelled 0
ℹ skipped 0
ℹ todo 0
ℹ duration_ms 1046.113709
