✔ /products/{uuid} redirects permanently to the zh-TW product page (81.954166ms)
✔ non-uuid ids are 404, never redirected (7.613875ms)
✔ AT1: the locale redirect preserves the ad-click query without allowing a redirect target (0.487167ms)
✔ R10: standalone signed signals survive a missing or expired seven-day touch (22.830792ms)
✔ R10: standalone signals reject expiry, bad signature, duplicates and another host (0.235208ms)
✔ AT1 R5: browser identity survives expired touch and rolls for ninety days (0.505917ms)
✔ AT1 R5: missing ad parameters create no cookies; fbclid alone creates no touch (0.217083ms)
✔ AT1 R5: lc_ad alone updates attribution and does not replace fbc (0.145083ms)
✔ AT1: host-only first-party cookies contain no PII and read back exactly (1.926917ms)
✔ AT1: a later valid click replaces the draft but preserves the browser identifier (0.26775ms)
✔ R10: only a different fbclid replaces fbc and its first-seen timestamp (0.271333ms)
✔ AT1: malformed and ambiguous links do not overwrite a valid prior touch (0.348709ms)
✔ AT1: host and key binding reject copied cookies (0.192ms)
✔ AT1: duplicates and tampering invalidate the entire envelope (0.14825ms)
✔ AT1: exactly seven days is valid, the next millisecond and future clicks are not (0.140917ms)
✔ catalog list query limits equal the Go v2 parser (internal/buyerhttp/catalogv2.go) (18.0595ms)
✔ collection list cap equals Go maxCollectionsPerStore (2.974667ms)
✔ design caps equal internal/design/schema.go (nav, sections, pages) (2.09975ms)
✔ CVS buyer-entered store bounds and return path equal Go (internal/checkout/cvs.go, migration 0093) (2.774958ms)
✔ transfer view: closed shape and state rules mirror Go validTransferView (0.844083ms)
✔ proof body and result: five digits, positive minor amount, ISO instant (1.224583ms)
✔ minorFromText: major units with at most two decimals, never a float surprise (0.328791ms)
✔ buyer email mirror: one plain address, 254 characters at most (0.353334ms)
✔ countdown: whole hours and minutes, never negative (0.442167ms)
✔ copy: three locales carry every key and every refusal code (0.229833ms)
✔ options: a home row lists modes only with bank_transfer and then needs its window (0.286166ms)
✔ checkoutInput: a home bank_transfer body, the optional trimmed email, and every refusal before any request (0.408209ms)
✔ order: AWAITING_TRANSFER is a valid commercial state without a hold time (0.182125ms)
✔ BFF: exact transfer routes, keyed proof PUT, strict body, validated answers, no generic proxy (53.254125ms)
✔ BFF: transfer refusal codes pass through as definite 422; checkout accepts bank_transfer and a valid email only (7.819167ms)
✔ D06 order heading follows a settled transfer: never 'waiting for transfer' above a confirmed or expired one (0.529959ms)
✔ uncertain prepare blocks all mutations; changed cookie context resolves journal (46.639125ms)
✔ fully parsed local denial clears only its own pending operation (23.755875ms)
✔ malformed journal, unavailable lock and stale context fail before writes (11.940167ms)
✔ BPT05 exact handoff permits absent body/key, one fetch, no form persistence (39.979625ms)
✔ BPT05 wrong handoff form and ordinary writes fail before any fetch (0.540083ms)
✔ BPT05 unresolved cookie journal blocks handoff; lost response is one fetch without persistence (0.152625ms)
✔ SU02 refresh permits absent body/key, one fetch, no persistence (0.174041ms)
✔ SU02 refresh rejects a body, a key or a malformed path before any fetch (0.145959ms)
✔ SU02 cancel permits absent body/key, one fetch, no persistence (0.11175ms)
✔ SU02 cancel rejects a body, a key or a malformed path before any fetch (0.103833ms)
✔ BPT01 exact private path, headers, body and three-locale one-fetch transport (105.540084ms)
✔ BPT02 payment routes reject untrusted path, context, headers, key and body before fetch (7.848458ms)
✔ BPT03 hostile upstream success is sanitized, never returned as payment data (9.556583ms)
✔ BPT04 every handoff failure is nonretryable, including pre-route and transport loss (10.242167ms)
✔ SU02 five routes: exact upstream path, method, key, body, one fetch each (6.738125ms)
✔ SU02 refresh and cancel are keyless and pass every CSRF/context denial before fetch (1.498834ms)
✔ SU02 every handoff/refresh/cancel failure is nonretryable and sanitized (9.419958ms)
✔ SU02 hostile Stripe bodies become the sanitized 503; PAYUNi and Stripe bodies stay byte-identical (2.626042ms)
✔ SU02 prepare accepts only the two known method codes (0.453958ms)
✔ disabled and invalid configuration fail closed before private fetch (20.136708ms)
✔ private authority, cookie lifecycle and strict local denial (28.743875ms)
✔ bad host, cookie, query and method never reach private API (3.282709ms)
✔ stalled inbound POST body is canceled at its deadline without a cookie or private call (3.57275ms)
✔ R10: Begin forwards independently signed signals; browser attribution and forwarded hosts are not authority (12.816708ms)
✔ CVS BFF: exact routes, keyed open/store, keyless verify, validated answers, no generic proxy (8.352667ms)
✔ CVS BFF: contract refusal codes pass through; pay_at_pickup_limit is a definite (non-retryable) 429 (2.113708ms)
✔ failed later transport session refresh keeps an earlier observed cart eligible (138.683458ms)
✔ failed later 503 session refresh keeps an earlier observed cart eligible (42.318208ms)
✔ newer successful session supersedes a delayed valid A cart on cart (81.365166ms)
✔ newer successful session supersedes a delayed valid A cart on cart-fails (8.902917ms)
✔ newer successful session supersedes a delayed valid A cart on absent (107.591791ms)
✔ a completed same-context command fences an earlier valid cart read (71.305584ms)
✔ unmount still fences a delayed session refresh after separating issued and observed generations (7.143083ms)
✔ unmount still fences a delayed cart refresh after separating issued and observed generations (18.812125ms)
✔ round2 stale A session response cannot supersede newer refresh B or its lost-write Retry (68.701209ms)
✔ round2 stale A session response cannot supersede newer mutation B or its lost-write Retry (45.010167ms)
✔ rotated buyer context clears the prior cart on read and preserves the B receipt (55.23675ms)
✔ rotated buyer context clears the prior cart on lost-write and preserves the B receipt (67.371167ms)
✔ rotated buyer context clears the prior cart on refresh-read and preserves the B receipt (16.898042ms)
✔ lost first write keeps Retry alive: same context, same idempotency key, no second purchase (24.831666ms)
✔ fragment grammar accepts only one canonical token (0.484083ms)
✔ claim projections are closed (0.252708ms)
✔ claim token rides only its header on B1/B2 and is never echoed (47.520417ms)
✔ claim-priced cart edits send only SKU and quantity, keeping server price authority (5.09475ms)
✔ direct-checkout sold-out projection is mandatory, boolean and closed (0.123459ms)
✔ claim redeem shares the purchase lock, guards recovery and never persists the token (1.46ms)
✔ ClaimLink removal projects live-priced survivors on ready and conflict pages (459.53025ms)
✔ ClaimLink revisit checks out applied A while pending B is sold out or unavailable (7.017542ms)
✔ ClaimLink refreshes a nothing result after a second tab applied the claim (4.51925ms)
✔ ClaimLink does not navigate when a buyable claim target is absent or has changed quantity (11.020708ms)
✔ ClaimLink optional prior-order notice tolerates unreadable storage without bypassing recovery (25.655667ms)
✔ CVS01 map form: only the two ECPay e-map actions, exact fields, top-level-safe values (1.432209ms)
✔ CVS02 return path allowlist excludes /claim and anything but the checkout or product page (0.1365ms)
✔ CVS03 selection projection: VERIFIED<=>pickup, REJECTED<=>reject_code, absent keys read as null (0.497083ms)
✔ CVS04 buyer-entered store answer and request body (1.251625ms)
✔ CVS05 store code table (§16.1) keeps leading zeros and per-chain lengths (0.506125ms)
✔ CVS06 recipient mirror: real-name width 4..10 (CJK=2), no digits/symbols/emoji; 09 mobile (1.3685ms)
✔ CVS07 checkout draft: name, phone and mode only; read once; corrupt/foreign shapes are dropped (0.25275ms)
✔ CVS08 return URL: only ?cvs_selection=<uuid> is accepted (0.1015ms)
✔ CVS09 buyer order projection and copy keys: nothing but PICKED_UP says picked up (0.105958ms)
✔ CVS10 error codes: field mapping, definite refusals, official links are https constants (0.197292ms)
✔ CVS11 client transport: verify is the one new keyless POST; the server refusal code rides BuyerClientError.detail (21.710833ms)
✔ every locale x page has a title, an updated line and at least one section (0.657833ms)
✔ locales share the section count and per-section body count of every page (0.811458ms)
✔ final text is only the owner-confirmed company facts (CR 81215167 name + registered address); nothing else is final (0.231959ms)
✔ a legal page is published only when every text on it is final; buyers see no link to an unpublished one (0.594375ms)
✔ data-deletion path is named in the privacy page of every locale (0.080375ms)
✔ pendingOwnerText lists exactly the texts that keep a page unpublished and is written for the owner (0.815292ms)
✔ a live (claim-origin) price replaces the catalog price and strikes it through (1.409291ms)
✔ without a live price the catalog price and its compare-at are shown unchanged (0.218291ms)
✔ a live price equal to or above the catalog price is shown as set (strike hidden by the UI guard) (0.374375ms)
✔ a live price strikes the catalog price, never the variant sale price (0.09725ms)
✔ order ref: 12 hex (dashes or spaces, any case) or a full id (6.152167ms)
✔ contact: one email or a phone of 6..20 digits (1.402334ms)
✔ body is exactly {order_ref, contact}; the answer is exactly {order_id} (1.733417ms)
✔ BFF lookup: no cookie needed, fresh token goes upstream, cookie only on 200 and it carries that same token (231.770167ms)
✔ BFF lookup: strict local denial before any private fetch (15.4035ms)
✔ copy: three locales carry every key (0.274917ms)
✔ MS4 srcset descriptors use actual decoded widths and deduplicate small renditions (0.613416ms)
✔ MS1 product rendition allowlist preserves trusted Host and never forwards buyer cookies (111.371542ms)
✔ MS2 invalid, duplicate, extra, encoded widths and non-product variants fail before fetch (47.885208ms)
✔ MS3 old-image fallback is never promoted to immutable; committed variants are cacheable (26.001166ms)
✔ TWD whole amounts show no decimals in every locale and at every magnitude (line, subtotal, total, zero) (186.717ms)
✔ cents appear only when there are cents, then always as two digits; the minor-unit arithmetic is untouched (0.798125ms)
✔ digits come from the currency: JPY none, USD two when there are cents (8.634542ms)
✔ one formatter: no component, page or lib builds a currency Intl.NumberFormat outside lib/money.ts (51.70775ms)
✔ locale probe bounds a missing destination head with a route/device diagnostic (22.209167ms)
✔ locale probe clears its deadline when the real head promise completes (2.393208ms)
✔ warmup request interception has a precise local deadline and clears its timer (2.41725ms)
✔ warmup upstream completion has a precise local deadline and clears its timer (22.533166ms)
✔ warmup timer is cleared on upstream success and upstream rejection (0.78925ms)
✔ EARLY_HEAD route continues a missing-Referer request without resolving the English barrier (3.347125ms)
✔ fragment: exactly #o=<order id>&t=<43-char token>; anything else is null (0.717625ms)
✔ body is exactly {order_id, token, proof}; the answer is exactly the order the link named (40.984292ms)
✔ BFF link: no cookie needed, fresh token upstream, cookie only on a 200 naming the same order, link token never echoed (71.926041ms)
✔ BFF link: strict local denial before any private fetch (20.991209ms)
✔ copy: three locales, one refusal text, a retry and a lookup path (0.477625ms)
✔ BPU01 fresh payment writes exact metadata before prepare, one bodyless Take, no persistent form (38.014083ms)
✔ BPU01 lost prepare response replays original key/body only on explicit next click (9.727041ms)
✔ BPU01 lost handoff is permanently GET-only, even after a second click (7.930584ms)
✔ BPU01 storage, amount, scope and child/screen fences reject before irreversible writes (4.145083ms)
✔ BPU01 document/child loss after prepare but before Take leaves exact replay marker (3.953042ms)
✔ BPU01 malformed server handoff never submits and Take remains nonretryable (0.999875ms)
✔ BPU01 marker replacement before Take and after Take blocks release/form reuse (6.314875ms)
✔ BPU01 context replacement after prepare and after Take closes destination without form (6.1465ms)
✔ BPU01 synchronous destination refuses invalid locale before opening a window (0.225375ms)
✔ SU03 fresh Stripe pay: marker before prepare, one prepare, one handoff, navigate, URL never stored (4.816917ms)
✔ SU03 marker replay: lost prepare response replays key/body, no uncertain on PENDING view with leftover marker (1.844458ms)
✔ SU03 cross-device Continue needs no marker and never prepares (1.847625ms)
✔ SU03 marker/view matrix: PAYUNi marker on Stripe view and Stripe marker on PAYUNi view send nothing (3.602916ms)
✔ SU03 any other view renders without a POST (2.144875ms)
✔ SU03 CREATING: waits on the schedule without the lock, then hands off once when READY (14.700875ms)
✔ SU03 CREATING budget: 10 reads over 30 s, then the blank child is closed, no POST, no throw (4.724458ms)
✔ SU03 cancel_requested seen on the re-GET aborts before the handoff POST (0.376666ms)
✔ SU03 handoff outcomes: CREATING closes child, CLOSED/UNAVAILABLE/error/malformed reject; one POST each, never retried (10.667083ms)
✔ SU03 Stripe prepare errors, amount/currency mismatch and popup loss stop before any handoff (1.482083ms)
✔ SU03 two clicks make two handoff POSTs only because there were two clicks; sequential, none from reads (1.804916ms)
✔ SU03 navigate: validates again, needs an owned blank child, sets used before replace, no URL in errors (0.424709ms)
✔ SU03 refresh signal: keyless single POST, validated, throttled 1/10 s and 30 per page life, cancel never throttled (2.203583ms)
✔ SU03 signal failures are single-shot and sanitized: HTTP error, malformed body, wrong order (0.346167ms)
✔ private quote/option authority fields are required; only exact MANUAL home can checkout (2.109167ms)
✔ continue shopping advances only ordered version, clears hint, keeps SQL history authoritative (74.957333ms)
✔ lost next-cart response retries identical key/body and preserves a newer cart (3.700583ms)
✔ continuation never overwrites an already advanced cart (3.7025ms)
✔ unknown checkout blocks continuation without any business request (3.0305ms)
✔ two queued continuation clicks mutate once; stale order ID cannot clear another order (1.048208ms)
✔ CAS conflict resolves only after a newer cart is read (3.033417ms)
✔ locator removal failure retains next-cart journal and recovery survives missing locator (2.425583ms)
✔ order history summary rejects PII/unknown fields and malformed scope IDs (1.711167ms)
✔ native address validation mirrors printable Unicode, limits and phone; journal forbids PII (6.219958ms)
✔ address lost reply replays exact in-memory intent, then confirms current head (2.6405ms)
✔ address reload requires explicit new intent and exact observed CAS; stale head never auto-bumps (2.9235ms)
✔ old address receipt cannot confirm another tab's newer current head (2.443584ms)
✔ a late address CAS winner requires another explicit confirmation, not an automatic version bump (4.4735ms)
✔ checkout lost reply, queued duplicate and current GET reuse one key and one order (3.072417ms)
✔ uncertain checkout retains original journal across later 401/403/404/5xx and malformed success (1.673542ms)
✔ only a fresh definitive denial clears checkout; no order locator is invented (0.255959ms)
✔ locator storage failure after commit retains same key; reload GET failure keeps locator (0.445792ms)
✔ locator persisted but journal removal failed resumes pending receipt, not unrelated pointer (0.402ms)
✔ unavailable storage, invalid locator and late changed context fail closed (0.200416ms)
✔ order locator readback mismatch and no-op journal removal both retain checkout recovery (0.378959ms)
✔ direct claim continuation refuses a newer ordered cart inside the purchase lock (0.274458ms)
✔ direct claim continuation keeps next-cart recovery after a conflicting clear (0.224959ms)
✔ collector projection: admitted for derived connections, absent/null for primary (0.878167ms)
✔ collector rejects identifiers, extra keys and malformed text (0.129875ms)
✔ disclosure renders the contract §5 line with all three slots substituted (0.116625ms)
✔ the disclosure line exists exactly when the hosted view returns a collector (0.081625ms)
✔ a shop or collector name with a replacement pattern is shown literally (1.14725ms)
✔ OrderPayment renders the disclosure with the view, above every pay button, through the helper only (0.3655ms)
✔ BPT03 exact valid projection and Go nanosecond UTC timestamps (7.828334ms)
✔ BPT03 view rejects private fields, inconsistent state and malformed names (0.807166ms)
✔ BPT03 prepared receipt enforces exact original credit-card amount (0.73275ms)
✔ BPT03 hosted form and replay are exact, bounded and action-allowlisted (0.209042ms)
✔ SU01 Stripe views: fresh, both methods, attempt states, PAYUNi unchanged (0.146875ms)
✔ SU01 Stripe view negatives (0.127833ms)
✔ SU01 prepared amounts follow the corrected per-currency table (0.105375ms)
✔ SU01 Stripe handoff union and every redirect_url negative (0.237792ms)
✔ SU01 payment signal is exactly {order_id, scheduled:boolean} (0.101334ms)
✔ RUI01 refund summary: refunded states, pending money, absent ≡ null (0.146917ms)
✔ RUI01 refund summary negatives (0.668292ms)
✔ BPU03 neutral GET and POST return ignore every callback field and cookie (13.501375ms)
✔ primary origin: exact path/query, same host, and no URL-controlled destination (4.1015ms)
✔ GET and HEAD use trusted Host, private bounded uncached resolver and exact 301 (26.735167ms)
✔ no writes redirected; resolution failures fail closed; unknown hosts keep native 404 (2.996459ms)
✔ policy version is the frozen constant, in the customers-core D4 shape (0.5275ms)
✔ route table: exactly the four buyer privacy routes, methods and body kinds (0.47125ms)
✔ body shapes are closed and mirror the frozen Go inputs (no source, no policy_version) (0.099917ms)
✔ GET privacy validator: closed shape, erased owner holds no consent (0.131166ms)
✔ consent result and erasure summary validators (0.268916ms)
✔ buyer export envelope never carries customer_id (0.08475ms)
✔ failure classification: 410 and erased are the erased state (0.677292ms)
✔ copy: every locale has the same keys, the ads box discloses that sent events cannot be recalled (0.140709ms)
✔ selected option photo uses a main display slot without adding a fifth main image (8.31225ms)
✔ use-cover selection and a main-thumbnail selection restore the original main gallery (2.941ms)
✔ cart thumbnail uses variant then catalog image_id, including when main images are absent (0.8245ms)
✔ migrated four-main/five-detail images stay separate when the option photo changes (25.173833ms)
✔ real cart-detail composition uses server SKU image_id (v2 detail available) (33.533417ms)
✔ real cart-detail composition uses server SKU image_id (v2 detail unavailable) (1.691417ms)
✔ parity: frontend caps equal the Go constants (4.719834ms)
✔ detail parser: 4 main + 20 detail + option-value images are accepted and mapped (0.66225ms)
✔ detail parser: 5 main, 21 detail, bad ids and over-cap option images are refused (0.139125ms)
✔ detail parser: a backend before product-media-v2 (no new keys) still parses with empty defaults (0.07075ms)
✔ v1 catalog row: images are main-only (<= 4) and image_id is a uuid or null (0.183375ms)
✔ PRO-S1 code mirror: any case and spaces normalise; impossible codes never become a request (0.43725ms)
✔ PRO-S2 promotion object: closed keys, kind/value pairing (0.167125ms)
✔ PRO-S3 quote validator: promotion is optional but never malformed; the discount stays the server's own number (0.270958ms)
✔ PRO-S4 journal grammar: a quote write may carry one canonical promo_code, nothing else (0.333584ms)
✔ PRO-S5 copy: three locales cover every refusal code and the same keys (0.409917ms)
✔ PRO-S6 BFF quote route: promo_code relayed untouched when canonical, refused before the private API otherwise (87.382833ms)
✔ PRO-S7 BFF: every promo_* refusal is a definite, non-retryable 422 with its own code (51.020208ms)
✔ demonstration disclosure is explicit and local-only (0.444625ms)
✔ cart selection preserves unrelated SKUs and the observed CAS version (11.405875ms)
✔ minor amounts are bounded before multiplication, including zero (0.096875ms)
✔ delivery identity includes country for one market and method (0.062292ms)
✔ journal is bound to context and rejects PII/unknown fields (0.242042ms)
✔ lost response replays exact key/body, then clears only after parsed receipt (179.29475ms)
✔ RUI02 buyer order admits MERCHANT_SHIPPED only with a SHIPPED head; absent shipment ≡ null (3.951ms)
✔ RUI02 shipment shape negatives (incl. unsafe links) (7.287625ms)
✔ RUI02 history summary admits MERCHANT_SHIPPED (a shipped order must not break the list) (0.145917ms)
✔ CVSP01 options: CVS rows carry pickup_selection/payment_modes; unavailable rows are a separate shape (0.4175ms)
✔ CVSP02 CVS destination write: TW only, pickup_id required, empty home address; home unchanged (13.801125ms)
✔ CVSP03 checkoutInput: payment_mode only for CVS rows and only a mode the row offers (0.491708ms)
✔ COD confirmation includes expected fee, enforces collect cap and validates immutable order money (0.37175ms)
✔ CVSP04 buyer order: pay_at_pickup <=> collection_state; cvs_shipment only on a matching CVS destination (1.311042ms)
✔ CVSP05 journal accepts a CVS destination marker and a checkout body with payment_mode, nothing else (0.891708ms)
✔ validProduct accepts up to the Go photo cap and rejects one more (2.000541ms)
✔ design: garbage and hostile documents collapse to the safe default shape (1.261834ms)
✔ design: links, preview token propagation, nav resolution (0.173792ms)
✔ design: any merchant accent yields readable button text and link colour (WCAG AA) (3.807625ms)
✔ variants: resolution, disabled out-of-stock combinations, initial choice, price bounds (0.486709ms)
✔ catalog-v2 parsers accept the frozen shapes and refuse drift (2.26675ms)
✔ free-delivery progress words the hint only when a threshold exists (1.4235ms)
✔ list query: only whitelisted, canonical values survive (0.747583ms)
✔ seo: JSON-LD cannot break out of its script tag; offers reflect stock and price range (9.711917ms)
✔ seo: sitemap escapes and carries hreflang; robots refuses everything for a closed host (0.179625ms)
✔ money: whole amounts drop cents, minor digits come from the currency, filters round-trip (0.365875ms)
✔ cart line write: replaces one line, keeps the others, 0 removes, CAS version is the one shown (0.756708ms)
✔ cart problems map to buyer-facing classes without leaking transport detail (0.086625ms)
✔ checkout options accept the optional free-shipping threshold only as a positive integer or null (0.144917ms)
✔ no-image placeholder copy: exactly the locale label a photo-less card or gallery renders (0.043ms)
✔ storefront image caps equal the Go catalog caps (internal/catalog MaxMainImages, MaxDetailImages) (68.482083ms)
✔ design text limits count code points like Go, never splitting a surrogate pair (0.58825ms)
✔ G3: same-series cards exclude the current product and never invent absent draft/foreign products (1.299833ms)
✔ G5: safety guidance exists in three languages without changing the five merchant policy approval boundaries (126.378625ms)
✔ G4: category chips omit empty collections; hidden collections absent from the public API stay absent (3.230958ms)
✔ OrderHistory renders server order instant in Taipei (13.439541ms)
✔ ClaimLink renders claim expiry in Taipei (3.095708ms)
✔ BankTransfer renders deadline and proof instant in Taipei (3.3185ms)
✔ BankTransfer proof echo labels store time in en (1.718667ms)
✔ BankTransfer proof echo labels store time in zh-TW (1.628208ms)
✔ BankTransfer proof echo labels store time in zh-CN (1.912417ms)
✔ BankTransfer input describes the device zone in en (1.455584ms)
✔ BankTransfer input describes the device zone in zh-TW (1.60725ms)
✔ BankTransfer input describes the device zone in zh-CN (1.235166ms)
✔ BankTransfer input has a generic label when Intl has no zone in en (1.158333ms)
✔ BankTransfer input has a generic label when Intl has no zone in zh-TW (1.258167ms)
✔ BankTransfer input has a generic label when Intl has no zone in zh-CN (1.959667ms)
✔ ShopFooter uses Taipei year across UTC year boundary (4.3375ms)
✔ BankTransfer deadline labels store time in en (1.689917ms)
✔ BankTransfer deadline labels store time in zh-TW (1.3565ms)
✔ BankTransfer deadline labels store time in zh-CN (1.249583ms)
✔ OrderHistory states the Taipei time zone once in en (0.874083ms)
✔ OrderHistory states the Taipei time zone once in zh-TW (0.734417ms)
✔ OrderHistory states the Taipei time zone once in zh-CN (0.6875ms)
✔ dictionaries have exact parity and non-empty values (0.654333ms)
✔ locale precedence and language quality mapping (0.783542ms)
✔ localized paths preserve deep links and reject dangerous input (0.453542ms)
✔ path locale only matches a canonical first segment (0.064375ms)
✔ the four constructs render (0.727125ms)
✔ XSS payloads stay inert text (0.457333ms)
✔ fuzz: any string over a hostile alphabet renders only whitelisted tags (20.203709ms)
✔ validator mirrors the Go rules (0.834208ms)
✔ SDN1 allowlist: exactly the contract routes, per method (15.574792ms)
✔ SDN1 allowlist: traversal, case, suffix and prefix tricks never match (0.3415ms)
✔ SDN1 request shape: no query string anywhere, reads carry no body, key, length or transfer-encoding (35.409417ms)
✔ SDN1 cap: 260 KiB = Go's 256 KiB document + 4 KiB envelope, and a body of exactly the cap is still below it (0.151916ms)
✔ SDN2 renderer: every XSS payload comes out as whitelisted tags and escaped text only (2.446708ms)
✔ SDN2 renderer: escape-first means the merchant's text never becomes markup (0.133041ms)
✔ SDN2 renderer: fuzz (seeded) never produces a tag outside the whitelist (19.759917ms)
✔ SDN2 client validator rejects what the server rejects (HTML, non-https links, `<` anywhere) (0.231958ms)
✔ cleanForSave turns cleared fields into null but keeps an empty body (0.476833ms)
✔ localIssues names each missing mandatory value by server path (0.54525ms)
✔ moved swaps neighbours and ignores out-of-range moves (0.071209ms)
✔ parsers accept the exact Go shapes and refuse extra or missing keys (0.372042ms)
✔ BFF allowlist covers exactly the design resources (0.226ms)
✔ validDesignRequest refuses queries and bodies on reads, ignores other paths (12.100542ms)
✔ designDetails forwards only a bounded {path, reason} pair (0.191125ms)
✔ accepts exactly the three locale invite paths with a 20-200 char token (0.444875ms)
✔ rejects anything that is not an exact same-origin relative invite path (0.08725ms)
✔ rejects percent-encoded variants of the exact shape (0.049ms)
✔ the token is an opaque invite token shape, never a URL (0.046917ms)
✔ fragment carrier: round-trips the exact invite path, is never a query string, and rejects hostile fragments (0.193667ms)
✔ dashboard: accepts the frozen shape, rejects drift (15.236458ms)
✔ import result: strict keys, closed error codes, committed never carries errors (1.110459ms)
✔ csv file guard mirrors the Go bounds (0.3855ms)
✔ manual options: a COD home row parses with its offer (D01: the page used to refuse the whole list) (7.115292ms)
✔ manual options: only bank_transfer / pay_at_pickup / cash_on_delivery, key must equal market|country|code (0.6695ms)
✔ manual result: link is https with the order id and a 43-char capability in the fragment only (1.065666ms)
✔ draft: first problem, and the body has no price-like field at all (1.179333ms)
✔ BFF grammar: exactly the seven tools resources (0.113917ms)
✔ regenerate body/result: exactly {order_id, locale} and a fresh https link naming that order (0.177042ms)
✔ copy parity: every locale has every key, import rules and error codes (0.678042ms)
✔ callback redirect target is always a same-origin /<locale>/settings path whatever the cookies, store, code or error say (1.924708ms)
✔ the binding cookie: exactly one canonical store uuid, path-scoped to the callback, HttpOnly, Lax, 10 minutes, Secure (0.519084ms)
✔ callback query: exactly one code and one state within charset/length bounds; Meta's error=… and repeats are not forwarded (1.376167ms)
✔ the dialog URL the BFF hands the browser is https://www.facebook.com only (0.394875ms)
✔ callback error mapping only ever yields fixed codes, never an upstream message (0.415666ms)
✔ selected Page qualifies only a bare Facebook id, never rewrites another Page or external URL (0.5285ms)
✔ status: not connected, connected with and without Instagram, and every deviation throws (4.990708ms)
✔ pick state: closed shape, optional Instagram keys come as a pair, id must match (0.940042ms)
✔ route grammar: only status/states/pick/disconnect; start and callback are dedicated routes; no query; reads carry no body or key (24.254125ms)
✔ connect cookie, body and callback redirect never carry code/state and only fixed codes (0.285292ms)
✔ copy: three locales have the same keys and every Go error code has a message (0.093459ms)
✔ review-required remains restricted; evidence does not promote state (10.821209ms)
✔ legacy omission remains unidentified, independent of array order (0.807083ms)
✔ closed shapes reject unknown state/provider/evidence, leaked fields and inconsistent severity (0.931458ms)
✔ duplicate capabilities/pages and unbounded arrays cannot become trusted state (2.764041ms)
✔ worst Page determines advice, no raw upstream reason reaches copy (0.254625ms)
✔ recheck receipt means scheduled; timestamps and closed keys are checked (5.320792ms)
✔ exact keyless route grammar rejects query/key/body confusion (70.777334ms)
✔ recheck takes exactly page_id and no caller-provided scope (0.401375ms)
✔ blocking advice comes from the blocking capability, not a secondary public-reply warning (0.317334ms)
✔ clean health browser mode prepares admin standalone before starting its fixture (37.227458ms)
✔ en: expired connection retains its full refusal inside a wrapping badge (8.608666ms)
✔ zh-TW: expired connection retains its full refusal inside a wrapping badge (1.113208ms)
✔ zh-CN: expired connection retains its full refusal inside a wrapping badge (1.20225ms)
✔ actual B1 snapshot state remains ok even when a fixture expected review_required (0.24175ms)
✔ D02 TWD input: whole dollars only, x100 on the wire (18.661167ms)
✔ D02 TWD edit text: whole dollars have no decimals; a legacy amount with cents is never shown as another price (0.229792ms)
✔ D02 display: NT$ without decimals in every language, cents only when there are cents (1.226958ms)
✔ D02 live-price input (Studio claims): TWD whole dollars, other currencies their decimals (0.174458ms)
✔ D02 discount code amounts: TWD whole dollars, a decimal is refused before it is sent (0.265167ms)
✔ D02 no admin copy or component says 'minor units' to the merchant (142.31275ms)
✔ M06 time: Asia/Taipei everywhere, labelled, never UTC (13.982583ms)
✔ settings answer: exactly one boolean key (0.789917ms)
✔ PUT body is the frozen single key (0.065292ms)
✔ BFF grammar: GET read, PUT keyed command, nothing else (0.220542ms)
✔ copy: three locales, same keys, no empty text (0.123708ms)
✔ PRM01 parse: exact keys, kind/value pairing and ranges; duplicates and unknown keys are refused (2.560792ms)
✔ PRM02 Taipei wall time: +08:00 on the wire, instant shown back in Taipei, impossible dates refused (13.682125ms)
✔ PRM03 create body: normalised code, major units to minor units, optional fields null, whole body validated (2.299084ms)
✔ PRM04 update + toggle: version CAS key, form round trip, pause keeps every other field (0.337333ms)
✔ PRM05 BFF grammar: exactly list, create and update; nothing generic (0.159041ms)
✔ PRM06 copy: three locales carry the same keys and every refusal code the Go routes can answer (0.113292ms)
✔ G-UI3/G-UI5 architecture constraints pass with shrinking legacy exceptions (1653.337417ms)
✔ G-UI3/G-UI5 negatives: new formatter, component fetch, >800 lines and wider allowance fail (0.71675ms)
✔ Readiness jump controls expose the actual active section, not a click flag (0.802625ms)
✔ Integrator P2: legal CN comment ordering and a distinct three-image recommendation (0.764083ms)
✔ ADM04 and ADM06 explain unavailable SKUs and keep collection vocabulary consistent (0.819792ms)
✔ ADM06 create/detail titles share the route vocabulary without adding a phantom Next page (0.404625ms)
✔ G-UI1 Next pages and route registry are bidirectional, unique, typed, documented (2.996667ms)
✔ G-UI1 copy key parity: no missing or extra key in any locale (0.100333ms)
✔ G-UI2 staff without catalog:read cannot see products/inventory or open a product URL (0.25025ms)
✔ G-UI2 every route permission is a permission Go knows, and /orders/new needs inventory:reserve (284.590833ms)
✔ G-UI1 dynamic and public routes match, details never appear as navigation (0.303875ms)
✔ W6-U2 ledger is a settings in-page route, preserving existing navigation (0.14075ms)
✔ Every browser spec clicks nav-orders: the orders group stays a singleton, so returns/new/print routes are nav: false (1.483167ms)
✔ shell-registry: every routed path has exactly one nonempty shared h1 in all three locales (382.472834ms)
✔ shell-registry: orders stays one actual group button on live and non-live routes (1.811791ms)
✔ shell-registry: loading/expired/unavailable/forbidden keep one safe heading and never leak private content (5.947667ms)
✔ created address is a strict HTTPS origin matching the assigned handle (0.462583ms)
✔ DNS instructions must name the requested origin and a bare hostname target (0.260084ms)
✔ domain kind is authoritative and closed, not inferred from host or token (0.123667ms)
✔ apex DNS retains every concrete IPv4/IPv6 address and rejects malformed values (0.438ms)
✔ pending domain journal preserves exact action/key/target; legacy or corrupt markers never replay (0.387834ms)
✔ browser-origin gate: every refusal happens before Go is called, for every action (111.6785ms)
✔ only POST exists on the team routes (1.159625ms)
✔ unknown action is a local 404 and never reaches Go (1.270458ms)
✔ strict request grammar: wrong keys, types, ids, roles, locales and token shapes are 422 locally (11.373917ms)
✔ what reaches Go: BFF key, bearer from the cookie, no Cookie/Origin, body unchanged, exactly one call per request (72.94975ms)
✔ Go failures are rebuilt locally from allow-listed codes, never retried, and never echo the token (47.742959ms)
✔ team answer: accepts the frozen shape, null role and OIDC member without email (0.524ms)
✔ team answer: unknown key, unknown role, bad id, bad mail state are rejected (0.422875ms)
✔ invite and accept answers are strict (0.419084ms)
✔ request grammar: every action has an exact key set and rejects junk values (13.272375ms)
✔ copy: three locales carry the same keys and a label for every role (37.721708ms)
✔ role-aware navigation: hides entries the member's permissions cannot use; unknown shows all; Team is owner-only (4.552083ms)
✔ P02 settlements directory rejects missing/link/owner/group/mode with a valid control (1109.658333ms)
✔ preflight health permission grammars and API/worker consistency fail closed (5034.04975ms)
✔ merchant alert flag is explicit 0|1 and independently requires SMTP (2159.205666ms)
✔ shared loader makes API/worker LIVE pair file-only before Compose interpolation (497.355ms)
✔ export bind accepts omitted JSON false but rejects unsafe source/config mutations (1.6765ms)
✔ sanctioned operator allowlist and fail-closed gates (fake docker, no network) (3843.250458ms)
✔ platform operator custody, export mount and binary are wired (230.722375ms)
✔ actual export bind refuses a missing directory; enabling auto-create is detected (669.212375ms)
✔ R3 preflight rejects cancelled PAYUNi, validates Page app and keeps LIVE pair mandatory (1140.293958ms)
✔ R3 smoke exercises exact denied probes, accepts 404 only for disabled mounts (105.948084ms)
✔ positive control: a complete, valid configuration raises no META_LOGIN finding (2430.933042ms)
✔ feature off (COMMERCE_META_LOGIN_CONFIG_ID empty): no rule applies even with the other keys empty (544.174875ms)
✔ P06: the Page route needs the webhook receiver (655.684084ms)
✔ P06: sessions come from identity (452.6755ms)
✔ P06: without the claims profile nobody sends the private replies (a WARN, not a FAIL) (583.596458ms)
✔ P08: COMMERCE_META_LOGIN_CONFIG_ID must be numeric ("abc") (393.335167ms)
✔ P08: COMMERCE_META_LOGIN_CONFIG_ID must be numeric ("12 34") (339.53125ms)
✔ P08: COMMERCE_META_LOGIN_CONFIG_ID must be numeric ("111111111111") (313.578917ms)
✔ P08: COMMERCE_META_LOGIN_CONFIG_ID must be numeric ("0x10") (346.545167ms)
✔ P08: COMMERCE_META_LOGIN_CONFIG_ID must be numeric ("-1") (300.206709ms)
✔ P08: COMMERCE_META_LOGIN_REDIRECT_URI must be exactly https://<LC_ADMIN_HOST>/api/meta/callback (wrong host) (290.590875ms)
✔ P08: COMMERCE_META_LOGIN_REDIRECT_URI must be exactly https://<LC_ADMIN_HOST>/api/meta/callback (http scheme) (281.41175ms)
✔ P08: COMMERCE_META_LOGIN_REDIRECT_URI must be exactly https://<LC_ADMIN_HOST>/api/meta/callback (the ads callback path) (242.173583ms)
✔ P08: COMMERCE_META_LOGIN_REDIRECT_URI must be exactly https://<LC_ADMIN_HOST>/api/meta/callback (trailing slash) (283.184292ms)
✔ P08: COMMERCE_META_LOGIN_REDIRECT_URI must be exactly https://<LC_ADMIN_HOST>/api/meta/callback (query string) (248.127333ms)
✔ P08: COMMERCE_META_LOGIN_REDIRECT_URI must be exactly https://<LC_ADMIN_HOST>/api/meta/callback (empty) (253.376708ms)
✔ P08: COMMERCE_META_LOGIN_GRAPH_VERSION grammar vNN.N ("26.0") (247.528459ms)
✔ P08: COMMERCE_META_LOGIN_GRAPH_VERSION grammar vNN.N ("v26") (211.289709ms)
✔ P08: COMMERCE_META_LOGIN_GRAPH_VERSION grammar vNN.N ("v26.0.1") (287.881291ms)
✔ P08: COMMERCE_META_LOGIN_GRAPH_VERSION grammar vNN.N ("latest") (442.079834ms)
✔ P08: COMMERCE_META_LOGIN_GRAPH_VERSION grammar vNN.N ("") (656.647125ms)
✔ P08: COMMERCE_META_LOGIN_GRAPH_VERSION grammar vNN.N ("v1000.0") (465.588667ms)
✔ P08: COMMERCE_META_LOGIN_GRAPH_VERSION accepts v26.0 (364.857291ms)
✔ P08: COMMERCE_META_LOGIN_GRAPH_VERSION accepts v22.0 (247.9285ms)
✔ P08: COMMERCE_META_LOGIN_GRAPH_VERSION accepts v99.9 (249.950375ms)
✔ production without any alert channel is a FAIL (nobody would hear the next outage) (2433.721208ms)
✔ outside production the same gap is only a WARN (578.1715ms)
✔ a webhook alone satisfies the rule (622.525917ms)
✔ an e-mail target with a complete relay (host, username, secret) satisfies the rule (453.0875ms)
✔ an e-mail target without the relay secret cannot be sent: FAIL in production, WARN elsewhere (976.609958ms)
✔ the example's CHANGE_ME_SENDER placeholder is not a relay: the e-mail target cannot be sent (339.773416ms)
✔ LC_ALERT_EMAIL must be one plain address ("not-an-address") (313.510916ms)
✔ LC_ALERT_EMAIL must be one plain address ("two@fake.invalid,three@fake.invalid") (341.206833ms)
✔ LC_ALERT_EMAIL must be one plain address ("a b@fake.invalid") (305.536917ms)
✔ LC_ALERT_EMAIL must be one plain address ("<owner@fake.invalid>") (289.689959ms)
✔ LC_ALERT_EMAIL must be one plain address ("owner@fake") (282.082958ms)
✔ storefront cart-line removal is reversible: clicked for real, not guarded (2.366458ms)
✔ destructive / irreversible / sign-out classification (owner list, en + zh) (8.55075ms)
✔ alike controls (rows with ids / numbers) share one class key (1.267041ms)
✔ known defects classify, never silence: stale entries are reported (10.751875ms)
✔ the markdown ledger has one row per interaction and names the verdict (0.907ms)
✔ protocolHrefOK accepts well-formed tel:/mailto: and rejects malformed ones (1.1665ms)
✔ J1 waits for enabled media and clicks a real chooser; the uploaded cover is bound to the main section (1132.448209ms)
✔ J1 cannot credit a detail-image receipt as the main cover (1.929583ms)
✔ J1 refuses a failed cover upload rather than continuing to activate (1.059791ms)
✔ thresholds are the named constants of the brief (1.156333ms)
✔ R1: document wider than the viewport, and the outermost element past the edge (0.45275ms)
✔ R2: label tops, control tops and control heights of one visual row (2.229291ms)
✔ R2: what is one row and what is not (0.817292ms)
✔ R2: a button beside a field has to line up with its control (0.214084ms)
✔ R3: a row made tall by stacked controls, a control wider than its cell (1.338875ms)
✔ R3: a matrix whose EVERY row is doubled by a stacked stock cell (the median cannot see it) (0.699292ms)
✔ R4: small text, helper text apart, icons and duplicates excepted (0.302292ms)
✔ R5: tap targets on the 390 viewport only (1.33325ms)
✔ R6: interactive elements and text boxes that overlap (0.911958ms)
✔ R7: text clipped inside a control or label (either side), and select values that do not fit (0.741334ms)
✔ R8: the same visible label twice in one list (0.954708ms)
✔ evaluate() tags severity, selectRecords() keeps distinct groups first and counts every instance (1.986375ms)
✔ R9: text and controls flush to the screen edge at 390 (0.987416ms)
✔ R6/R9 judge the visible (ancestor-clipped) rectangle, not the raw one (integrator ruling 2026-10-05) (0.171834ms)
✔ R10: a fixed or sticky bar covering main content after scrolling (0.309584ms)
✔ R11: controls narrower than a usable width (0.425334ms)
ℹ tests 460
ℹ suites 0
ℹ pass 460
ℹ fail 0
ℹ cancelled 0
ℹ skipped 0
ℹ todo 0
ℹ duration_ms 16527.907625
✔ closed projections reject secret-shaped extras, invalid enums, IDs and contradictory capabilities (4.459833ms)
✔ detail accepts only bounded events and keeps actual server action flags (3.899333ms)
✔ BFF exact routes and request grammar forbid keys/body on reads, filters on detail and arbitrary writes (18.375291ms)
✔ copy parity, safe object navigation and UNKNOWN/protective reasons (0.187167ms)
✔ read-only store capability never exposes a command even if the state allows one (0.068083ms)
✔ duplicate escaped keys cannot bypass the exact command grammar (0.048083ms)
✔ query backoff affects only its operation and expires without another action (0.20375ms)
✔ merchant reason text translates ledger events and conceals unknown or prototype codes (0.125709ms)
✔ ledger read navigation requires effective integration:read permission regardless of role (0.116792ms)
ℹ tests 9
ℹ suites 0
ℹ pass 9
ℹ fail 0
ℹ cancelled 0
ℹ skipped 0
ℹ todo 0
ℹ duration_ms 151.663709
✔ OrderHistory renders server order instant in Taipei (37.751ms)
✔ ClaimLink renders claim expiry in Taipei (2.860458ms)
✔ BankTransfer renders deadline and proof instant in Taipei (2.493334ms)
✔ BankTransfer proof echo labels store time in en (2.177791ms)
✔ BankTransfer proof echo labels store time in zh-TW (2.501333ms)
✔ BankTransfer proof echo labels store time in zh-CN (2.518041ms)
✔ BankTransfer input describes the device zone in en (1.657084ms)
✔ BankTransfer input describes the device zone in zh-TW (1.690167ms)
✔ BankTransfer input describes the device zone in zh-CN (1.451584ms)
✔ BankTransfer input has a generic label when Intl has no zone in en (1.548333ms)
✔ BankTransfer input has a generic label when Intl has no zone in zh-TW (1.370875ms)
✔ BankTransfer input has a generic label when Intl has no zone in zh-CN (1.18325ms)
✔ ShopFooter uses Taipei year across UTC year boundary (3.358792ms)
✔ BankTransfer deadline labels store time in en (2.240333ms)
✔ BankTransfer deadline labels store time in zh-TW (2.32025ms)
✔ BankTransfer deadline labels store time in zh-CN (1.80175ms)
✔ OrderHistory states the Taipei time zone once in en (1.198ms)
✔ OrderHistory states the Taipei time zone once in zh-TW (0.859625ms)
✔ OrderHistory states the Taipei time zone once in zh-CN (0.712292ms)
✔ Meta rejection wording is preserved as bounded Unicode text, never translated (2.165292ms)
✔ frozen error codes: model list equals the frozen list, each is read from both error shapes (0.425375ms)
✔ copy: every code, status, op state and connect error has text in all three locales (0.329833ms)
✔ copy never calls a budget a hard stop and never offers resume (1.118667ms)
✔ draft: every §5.1 status parses; unknown status/template/op state is an error, never guessed (0.47475ms)
✔ draft: optional fields, remote ids and the Ads Manager link (0.204791ms)
✔ action hints: pause whenever a remote id exists and not ENDED; a paused draft is only ever copied (X7) (0.291458ms)
✔ money: whole units to minor with integer math; TWD must be whole (28.34325ms)
✔ Taipei schedule: wall inputs and draft projections ignore the viewer zone (5.9445ms)
✔ Taipei schedule: invalid calendar days are rejected and all copy names UTC+8 (0.6305ms)
✔ draft input: exact 11-key body and every local rule (6.450833ms)
✔ draft form round trip and X7 copy (blank schedule, no id, no revision) (1.936792ms)
✔ settings parser: environment enum, connections, identities, capi (1.129833ms)
✔ connect state parser: pick list kinds and id match (0.207583ms)
✔ report: three separate blocks, orders may be null, no combined figure (0.444834ms)
✔ default report window is the Asia/Taipei store day whatever the viewer's zone is (Taipei midnight boundary) (5.648708ms)
✔ capi body and validation (0.17725ms)
✔ W6-06B unbind response: exact keys, account, UUIDs and outcome semantics (0.347708ms)
✔ W6-06B in-flight details preserve bounded items and total, reject unknown shapes (0.271041ms)
✔ W6-06B catalog feed has exact public URL/domain pairs or published-store empty (0.217834ms)
✔ W6-06B copy preserves unbind boundaries and feed recovery in three locales (0.412584ms)
✔ W6-06B feed selection follows origin order, not full feed URL order (0.074291ms)
✔ customer list accepts the frozen row and rejects unknown keys, dup ids, bad cursor, oversize (3.85475ms)
✔ customer row invariants: nulls for bundle-only/erased, counts, money, consents (0.708542ms)
✔ customer detail: bounded lists, order summaries reuse the orders parser, id must match (7.248ms)
✔ erasure summary is four counts only (0.112916ms)
✔ finance summary: net = captured - refunded (I05), totals carry an empty day, sandbox flag (0.346458ms)
✔ financeDay is the UTC+8 day (0.068792ms)
✔ finance defaults keep Taipei dates across midnight, leap day and year end (0.080709ms)
✔ tags and notes are parsed strictly (W6-01B) (0.629583ms)
✔ TSX seam refuses an unlisted import (4.204625ms)
✔ Ads merchant timestamp uses Taipei at the year boundary (12.614375ms)
✔ Design version published_at cell uses Taipei at the year boundary (2.551334ms)
✔ ManualOrder bank-transfer expiry uses Taipei at the year boundary (3.463ms)
ℹ tests 53
ℹ suites 0
ℹ pass 53
ℹ fail 0
ℹ cancelled 0
ℹ skipped 0
ℹ todo 0
ℹ duration_ms 256.276916
✔ OrderHistory renders server order instant in Taipei (8.429375ms)
✔ ClaimLink renders claim expiry in Taipei (2.532833ms)
✔ BankTransfer renders deadline and proof instant in Taipei (4.027333ms)
✔ BankTransfer proof echo labels store time in en (1.812667ms)
✔ BankTransfer proof echo labels store time in zh-TW (6.931208ms)
✔ BankTransfer proof echo labels store time in zh-CN (6.017708ms)
✔ BankTransfer input describes the device zone in en (2.117583ms)
✔ BankTransfer input describes the device zone in zh-TW (2.939834ms)
✔ BankTransfer input describes the device zone in zh-CN (1.928ms)
✔ BankTransfer input has a generic label when Intl has no zone in en (2.228959ms)
✔ BankTransfer input has a generic label when Intl has no zone in zh-TW (2.046666ms)
✔ BankTransfer input has a generic label when Intl has no zone in zh-CN (5.003875ms)
✔ ShopFooter uses Taipei year across UTC year boundary (2.825667ms)
✔ BankTransfer deadline labels store time in en (3.41075ms)
✔ BankTransfer deadline labels store time in zh-TW (9.088333ms)
✔ BankTransfer deadline labels store time in zh-CN (3.5135ms)
✔ OrderHistory states the Taipei time zone once in en (1.934041ms)
✔ OrderHistory states the Taipei time zone once in zh-TW (1.5395ms)
✔ OrderHistory states the Taipei time zone once in zh-CN (1.333708ms)
✔ Meta rejection wording is preserved as bounded Unicode text, never translated (1.060291ms)
✔ frozen error codes: model list equals the frozen list, each is read from both error shapes (0.343625ms)
✔ copy: every code, status, op state and connect error has text in all three locales (0.243917ms)
✔ copy never calls a budget a hard stop and never offers resume (0.239875ms)
✔ draft: every §5.1 status parses; unknown status/template/op state is an error, never guessed (0.340083ms)
✔ draft: optional fields, remote ids and the Ads Manager link (0.53275ms)
✔ action hints: pause whenever a remote id exists and not ENDED; a paused draft is only ever copied (X7) (0.328583ms)
✔ money: whole units to minor with integer math; TWD must be whole (10.284375ms)
✔ Taipei schedule: wall inputs and draft projections ignore the viewer zone (4.649834ms)
✔ Taipei schedule: invalid calendar days are rejected and all copy names UTC+8 (0.346791ms)
✔ draft input: exact 11-key body and every local rule (3.953875ms)
✔ draft form round trip and X7 copy (blank schedule, no id, no revision) (0.271125ms)
✔ settings parser: environment enum, connections, identities, capi (0.540208ms)
✔ connect state parser: pick list kinds and id match (0.120708ms)
✔ report: three separate blocks, orders may be null, no combined figure (0.895666ms)
✔ default report window is the Asia/Taipei store day whatever the viewer's zone is (Taipei midnight boundary) (3.38325ms)
✔ capi body and validation (0.14925ms)
✔ W6-06B unbind response: exact keys, account, UUIDs and outcome semantics (0.220625ms)
✔ W6-06B in-flight details preserve bounded items and total, reject unknown shapes (0.19075ms)
✔ W6-06B catalog feed has exact public URL/domain pairs or published-store empty (0.192417ms)
✔ W6-06B copy preserves unbind boundaries and feed recovery in three locales (0.065958ms)
✔ W6-06B feed selection follows origin order, not full feed URL order (0.068708ms)
✔ customer list accepts the frozen row and rejects unknown keys, dup ids, bad cursor, oversize (4.616708ms)
✔ customer row invariants: nulls for bundle-only/erased, counts, money, consents (0.270542ms)
✔ customer detail: bounded lists, order summaries reuse the orders parser, id must match (4.906917ms)
✔ erasure summary is four counts only (0.088208ms)
✔ finance summary: net = captured - refunded (I05), totals carry an empty day, sandbox flag (0.282792ms)
✔ financeDay is the UTC+8 day (0.068667ms)
✔ finance defaults keep Taipei dates across midnight, leap day and year end (0.08475ms)
✔ tags and notes are parsed strictly (W6-01B) (0.514959ms)
✔ TSX seam refuses an unlisted import (13.175042ms)
✔ Ads merchant timestamp uses Taipei at the year boundary (24.766416ms)
✔ Design version published_at cell uses Taipei at the year boundary (2.651584ms)
✔ ManualOrder bank-transfer expiry uses Taipei at the year boundary (5.096542ms)
ℹ tests 53
ℹ suites 0
ℹ pass 53
ℹ fail 0
ℹ cancelled 0
ℹ skipped 0
ℹ todo 0
ℹ duration_ms 214.245959
✔ legacy display sentinels preserve a list row without admitting arbitrary or private data (2.282042ms)
✔ orders-v2 accepts bounded filters and Taipei inclusive dates; rejects ambiguity (0.488958ms)
✔ orders-v2 rejects client count approximations, unbounded or extra response data (0.162292ms)
✔ all three locales label every task queue, payment and delivery mode (0.38ms)
ℹ tests 4
ℹ suites 0
ℹ pass 4
ℹ fail 0
ℹ cancelled 0
ℹ skipped 0
ℹ todo 0
ℹ duration_ms 91.811292
✔ numeric store IDs have no suggestion BFF or browser client (1.136375ms)
ℹ tests 1
ℹ suites 0
ℹ pass 1
ℹ fail 0
ℹ cancelled 0
ℹ skipped 0
ℹ todo 0
ℹ duration_ms 65.000417
✔ ADM10 operator sentence is localized while product and company facts stay authoritative (0.387625ms)
✔ PS review: actual Host matching normalizes case, port and a terminal DNS dot, never forwarded authority (0.23475ms)
✔ PS review: privacy/terms retain Messenger and Instagram purpose disclosure; deletion uses exact UI labels (0.117666ms)
✔ P2-N1 zh-TW/privacy: current comments and private reply, conditional inbound messages (0.084417ms)
✔ P2-N1 zh-TW/terms: current comments and private reply, conditional inbound messages (0.045166ms)
✔ P2-N1 zh-CN/privacy: current comments and private reply, conditional inbound messages (0.036208ms)
✔ P2-N1 zh-CN/terms: current comments and private reply, conditional inbound messages (0.049625ms)
✔ P2-N1 en/privacy: current comments and private reply, conditional inbound messages (0.044792ms)
✔ P2-N1 en/terms: current comments and private reply, conditional inbound messages (0.050958ms)
✔ PS1 legal identity is one untranslated source (0.084916ms)
✔ PS1 contact and hosts come only from configuration; production fails closed (0.341833ms)
✔ PS2 public routes default to zh-TW, restrict page/locale, and never include admin (0.390709ms)
✔ PS4 optional Meta verification value never has a fake default (0.050083ms)
✔ PS1 every locale uses the same product name in auth page titles (0.0395ms)
✔ PS1 public page copy has three complete locales, no invented operator identity or contact (0.197125ms)
✔ PS1 production build validates config; public data is not bundled through NEXT_PUBLIC (0.653958ms)
✔ PS review: admin image installs the manifests for its workspace dependencies before building (0.340833ms)
ℹ tests 17
ℹ suites 0
ℹ pass 17
ℹ fail 0
ℹ cancelled 0
ℹ skipped 0
ℹ todo 0
ℹ duration_ms 75.072208
✔ R11 SQL's exact receipt states are accepted; missing/forged operation/state remains unknown (0.733208ms)
✔ R11 durable receipt journal validates phase against exact operation state (0.341583ms)
✔ R11 actual read control distinguishes replay/inflight/unknown/failure in en (3.957792ms)
✔ R11 actual read control distinguishes replay/inflight/unknown/failure in zh-TW (0.609417ms)
✔ R11 actual read control distinguishes replay/inflight/unknown/failure in zh-CN (0.537417ms)
✔ unknown journal retains exact key/boundary and is scoped to store+session; malformed state fails closed (0.212084ms)
✔ R12 read hook keeps network UNKNOWN on one key and explicitly refreshes acknowledged UNKNOWN (11.277ms)
✔ actual POST transport uses CSRF and session fence; 403 independent of response text (16.910125ms)
✔ R10 ROAS has exactly two decimals in en (8.31275ms)
✔ R10 unknown ROAS is never fabricated as zero in en (0.0755ms)
✔ R10 ROAS has exactly two decimals in zh-TW (0.150916ms)
✔ R10 unknown ROAS is never fabricated as zero in zh-TW (0.033708ms)
✔ R10 ROAS has exactly two decimals in zh-CN (0.117917ms)
✔ R10 unknown ROAS is never fabricated as zero in zh-CN (0.028459ms)
✔ shared presentation preserves registry title and one empty buyer message in en (24.620292ms)
✔ R11 large linked-draft list is complete but collapsed in en (3.341666ms)
✔ shared presentation preserves registry title and one empty buyer message in zh-TW (5.425083ms)
✔ R11 large linked-draft list is complete but collapsed in zh-TW (2.40575ms)
✔ shared presentation preserves registry title and one empty buyer message in zh-CN (5.087916ms)
✔ R11 large linked-draft list is complete but collapsed in zh-CN (2.412583ms)
✔ R11 timeline distinguishes local unknown spend from explicit Meta zero in en (2.832792ms)
✔ R11 timeline distinguishes local unknown spend from explicit Meta zero in zh-TW (2.882083ms)
✔ R11 timeline distinguishes local unknown spend from explicit Meta zero in zh-CN (1.823625ms)
✔ R11 I12 nullable Meta evidence survives without becoming zero (0.185333ms)
✔ R11 actual panel rendering preserves unknowns and reconnect route in en (9.878375ms)
✔ R11 actual panel rendering preserves unknowns and reconnect route in zh-TW (10.324083ms)
✔ R11 actual panel rendering preserves unknowns and reconnect route in zh-CN (11.298167ms)
✔ D1, D6, R7: exact amounts and sources remain independent, account days stay labelled (0.169875ms)
✔ R12: null stays unknown and unread / unauthorised / insufficient remain different states (0.210166ms)
✔ R12 granted but unread audience offers a read, never reconnect in en (1.551792ms)
✔ R12 granted but unread audience offers a read, never reconnect in zh-TW (1.555167ms)
✔ R12 granted but unread audience offers a read, never reconnect in zh-CN (1.547042ms)
✔ I12 forged / missing frozen fields never silently become zeros (0.773709ms)
✔ only whitelisted aggregates survive: extra identifiers and HTML are never interpreted (0.056292ms)
✔ attribution is a read-only BFF resource with exact bounded query grammar (0.288666ms)
✔ audience-read is exactly the new local intention POST and never a data GET or queried write (0.227209ms)
✔ route fails closed without ads:read and is not a duplicate navigation entry; locale keys match (0.094625ms)
ℹ tests 37
ℹ suites 0
ℹ pass 37
ℹ fail 0
ℹ cancelled 0
ℹ skipped 0
ℹ todo 0
ℹ duration_ms 389.327042
✔ card-payments copy: identical key sets in all three locales (1.989166ms)
✔ merchant terms are quoted verbatim (contract §5) in the enable dialog (0.282875ms)
✔ ruling-fixed strings: platform not OPEN and BLOCKED note (0.148542ms)
✔ error map covers every frozen refusal code from migrations/0137 (0.19525ms)
✔ no Stripe account id, key or approval id shape appears in any copy string (0.600875ms)
✔ storefront collector disclosure matches contract §5 templates in three languages (0.176166ms)
✔ the merchant terms in the dialog are the contract §5 sentence, extracted from the contract (0.674042ms)
✔ the storefront templates are the contract §5 lines, extracted from the contract (0.170583ms)
✔ settlement copy: deduction columns are labelled as deductions in every language, with a legend and the net formula (0.280917ms)
✔ there is no separate 'not on the allowlist' message: it reads as not open (review P1-2) (0.092958ms)
✔ card summary accepts the frozen shape incl. all-null platform NONE (0.99875ms)
✔ card summary rejects unknown keys, bad enums, bad money, bad version (0.716ms)
✔ card result is exactly {state, version, max_minor, currency, descriptor_preview} (0.290459ms)
✔ descriptor suffix rule: charset, 2..10 chars, must contain a letter (0.398666ms)
✔ the suffix length rule is the charset rule's 10; the 22-character descriptor total stays the server's (SANDBOX L=10, LIVE PrefixLength) (0.278041ms)
✔ descriptor preview mirrors the contract projection (base + '* ' + suffix) (0.23475ms)
✔ settlement list accepts statements without payout/lines keys (omitempty) (1.682833ms)
✔ settlement detail carries lines whose count and sums match the totals (0.935125ms)
✔ settlement parsers reject malformed reads (1.457875ms)
✔ fees, refunds and disputes are signed exactly as the ledger stores them (0.506ms)
✔ a returned fee is a positive line fee; the detail's lines must add up to the statement totals (0.157959ms)
✔ closed_at/paid_at accept the offsets PostgreSQL emits as well as Z (0.137958ms)
✔ a payout reference shaped like a Stripe key or account id is never displayed (0.134916ms)
✔ platform not OPEN: 'not open yet' and no enable control, for every non-OPEN state; the platform badge still tells why (0.406458ms)
✔ allowlisted + OPEN: enable from NONE/DISABLED, disable from ENABLED (0.305083ms)
✔ not allowlisted on an OPEN platform reads exactly like not open: the same message, no 'platform open' badge, no enable (review P1-2) (0.367417ms)
✔ BLOCKED: the suspended note, disable only, never enable (whatever the platform says) (0.193666ms)
✔ without billing:manage nothing can be changed, but the state is still readable (0.302083ms)
✔ enable carries the platform's current terms, the suffix and the version read; NONE starts at 0 (0.117791ms)
✔ disable never sends a suffix and quotes the terms the store accepted (the platform's may have moved on) (0.206167ms)
✔ a retained suffix is recovered from the final preview so a re-enable can keep it (0.166625ms)
✔ the period label shows the last day inside the (exclusive-end) week (1.284ms)
✔ payout state: paid, pending only when money is due, none when the week nets to zero or less (0.145917ms)
✔ card-payments and settlements are nav:false routes, so no group loses or gains a nav button (0.193292ms)
✔ settlements need billing:manage, the card page integration:read; the owner opens both (0.13925ms)
✔ statement cells: a dispute reversal and a returned fee read as credits (+) and every deduction as -, and the columns add up to the server's net (10.075084ms)
✔ the detail parser requires the lines of a statement that has lines; a quiet week (line_count 0) may omit them (0.119542ms)
✔ route table: exactly the four resources, nothing generic (0.453875ms)
✔ query grammar: card and settlement-detail are exact; settlements takes before/limit only (0.210167ms)
✔ request fence: keyless PUT (CAS), bodyless GETs, no transfer-encoding (23.150167ms)
✔ PUT body is the exact frozen shape {enabled, terms_version, descriptor_suffix, expected_version} (0.717125ms)
✔ the BFF route wires the card grammar: keyless CAS PUT, exact body, no-store, auth required (0.713917ms)
✔ the real card summary parses and drives the display state machine (2.114083ms)
✔ the real statement list parses: newest first, no lines, three payout states (1.6725ms)
✔ every real detail parses with its lines and the lines add up to the statement (1.433541ms)
✔ an empty ledger parses to no statements (0.235459ms)
✔ no account id, key or approval shape is in any real body (0.431375ms)
✔ the real statements display literally as signed contributions that add up to the server's net (11.598792ms)
ℹ tests 48
ℹ suites 0
ℹ pass 48
ℹ fail 0
ℹ cancelled 0
ℹ skipped 0
ℹ todo 0
ℹ duration_ms 127.136875
✔ option/slug/SKU caps equal internal/catalog (options.go, catalog.go) (5.924167ms)
✔ text caps equal the Go validators (name 120, description 8000, SEO 70/160, collection title 80) (1.586792ms)
✔ photo caps equal Go (MaxMainImages, MaxDetailImages, MaxImageBytes) and the SKU code pattern (1.444709ms)
✔ PE13 Cartesian matrix is local, preserves edits and deduplicates values (1.108ms)
✔ PE13 bulk quantity skips negative rows without modifying them (0.281959ms)
✔ PE12 untracked document uses whole currency and per-order cap, never quantity (9.921916ms)
✔ PE14 missing readback is not guessed or silently cleared by full replacement (0.063084ms)
✔ bulk status accepts explicit per-item results, never empty or duplicated confirmations (0.18625ms)
✔ matrix refuses over 100 SKUs before expansion (0.077292ms)
✔ PR #1 4212540344: per-row matrix labels reappear where the matrix header is not visible (≤900px), desktop untouched (1.11275ms)
✔ PR #1 4212540352: pre-publish missing-items list collapses behind a real toggle at ≤900px instead of being removed (0.80225ms)
✔ parity: admin caps equal the Go constants (0.612042ms)
✔ image list: 4 main + 20 detail + 2 sku in role order is accepted (0.294625ms)
✔ image list: 5 main, 21 detail, wrong role order, gaps and extra keys are refused (0.133833ms)
✔ single image: role is required and its position is bounded by the role cap (0.646417ms)
✔ option text limits count Go runes rather than UTF-16 units (0.207916ms)
✔ PE14 new edit SKU carries its own shipping and clears no existing fields (11.2875ms)
✔ PE14 patch changes only price and preserves unmentioned fields (0.172625ms)
✔ PE14 on_hand is not available, zero target is transmitted, ambiguous warehouse refuses (0.278041ms)
✔ PE14 explicit clears and shipping remain per SKU on an active row (0.124583ms)
✔ PE14 archive supersedes every other edit on that SKU (b77eeb11) (0.144625ms)
✔ PE14 no-op has no command fields and changed axes explicitly archive omitted variants (0.104334ms)
✔ PE14 replacement SKU edit excludes create-only code from the strict patch grammar (0.194875ms)
ℹ tests 23
ℹ suites 0
ℹ pass 23
ℹ fail 0
ℹ cancelled 0
ℹ skipped 0
ℹ todo 0
ℹ duration_ms 109.907542
(node:5422) ExperimentalWarning: Transform Types is an experimental feature and might change at any time
(Use `node --trace-warnings ...` to show where the warning was created)
✔ UNKNOWN retry client authorization loss requires reconciliation, not a fresh command (3.872ms)
✔ UNKNOWN retry 401 authorization loss requires reconciliation, not a fresh command (21.370375ms)
✔ UNKNOWN retry 403 authorization loss requires reconciliation, not a fresh command (5.31625ms)
✔ a conclusive command rejection stays distinct from authorization loss (1.954334ms)
ℹ tests 4
ℹ suites 0
ℹ pass 4
ℹ fail 0
ℹ cancelled 0
ℹ skipped 0
ℹ todo 0
ℹ duration_ms 160.427625
(node:5463) ExperimentalWarning: Transform Types is an experimental feature and might change at any time
(Use `node --trace-warnings ...` to show where the warning was created)
✔ offer controls read authoritative limits without parsing unrelated KEYWORD_QTY_CONTAINS window/stats (13.156291ms)
✔ offer controls accept 101 through the backend cap of 200 distinct offers, reject 201 (1.815125ms)
✔ offer toggle preserves exactly the authoritative maximum in the real M4 payload (2.277709ms)
✔ console BFF admits exactly A1/A7/A6 and A5 read/copy methods (0.3475ms)
✔ Next proxy admits the exact console family and results query before the BFF (46.832125ms)
✔ PR18 proxy preserves malformed A2 cursor as 400 invalid_cursor (0.492375ms)
✔ results query is canonical repeated session_id 1..50, everything else queryless (0.0805ms)
✔ real BFF route forwards only exact resources, authenticates scope and returns private scrubbed errors (37.782125ms)
✔ new commands reject unknown keys and preserve frozen copy/lifecycle/recommend body (0.150958ms)
✔ browser commands reuse Studio fences, exact no-comment recommend body and backend refusal codes (1.306708ms)
✔ results client preserves canonical ids/order and rejects invalid list before fetch (0.230209ms)
✔ stock client reuses catalog transport/key/parser and fences a changed login without retries (1.007333ms)
✔ journal replay sends the exact original method/path/body/key for all five commands (1.868125ms)
(node:5464) ExperimentalWarning: Transform Types is an experimental feature and might change at any time
(Use `node --trace-warnings ...` to show where the warning was created)
✔ A1 strict MOCK snapshot preserves unavailable counts, capability unknown and server stock (3.342333ms)
✔ A7 returns a separate lifecycle version and closed full KEYWORD_QTY_CONTAINS window (0.179875ms)
✔ A5 results retain separate environments/currencies and bind exact requested ids/order (0.236042ms)
✔ A5 copy parses real Go envelope, copied offer prices and KEYWORD_QTY_CONTAINS window (0.382875ms)
✔ A6 accepts optional operation UUID, never guessed send success (0.095209ms)
(node:5465) ExperimentalWarning: Transform Types is an experimental feature and might change at any time
(Use `node --trace-warnings ...` to show where the warning was created)
✔ Live settings navigation accepts a scene picker entry but never a malformed or unscoped deep link (0.908667ms)
✔ LC-B7 stock permission admits live_adjust without inventory:write, not unrelated grants (0.091625ms)
✔ Instagram comment total stays unavailable; Facebook observed count is not a platform total (0.391042ms)
✔ LC-U1 one primary action follows lifecycle, never planning or transport state (0.179208ms)
✔ LC-U1 stock target uses sellable delta and rejects fractions, negative and over-limit changes (0.671416ms)
✔ LC-U1 links only explicit FB post identities, never arbitrary URLs or guessed videos (0.928ms)
✔ LC-U1 Facebook preview keeps the original no-frame CSP and uses a safe external link (4.7285ms)
✔ LC-U1 delayed copy completion cannot navigate after store switch or unmount (0.178083ms)
✔ LC-U1 receipt fence survives cookie rotation; pending replay still has a separate session boundary (0.423917ms)
ℹ tests 27
ℹ suites 0
ℹ pass 27
ℹ fail 0
ℹ cancelled 0
ℹ skipped 0
ℹ todo 0
ℹ duration_ms 290.624292
✔ Host subset: nested Provider and React19 context shadow defaults without sibling leakage (11.873583ms)
✔ Host subset: provider updates reach stable children and separate roots keep their own values (0.352583ms)
✔ Host subset: render errors restore context and hook ownership (14.822917ms)
✔ Host subset: portal children inherit logical context and retain handlers/state (0.345083ms)
✔ Host subset: portal target/key changes remount children and removal runs cleanup (0.64575ms)
✔ Host subset: createPortal rejects invalid DOM targets rather than swallowing children (0.117375ms)
✔ PR18 final public unresolved receipt survives relogin but coarse fence stays session-bound (1.283083ms)
✔ PR18 enabled downgrade gates hook output before passive cleanup (13.326709ms)
✔ PR18 enabled downgrade first all render hides rows buyer and composer (3.823958ms)
✔ PR18 enabled downgrade first private render hides rows buyer and composer (2.345542ms)
✔ PR18 R2 scoped404 a2 clears both private views and stops recovery reads (3.394125ms)
✔ PR18 R2 scoped404 a8 clears both private views and stops recovery reads (2.353542ms)
✔ PR18 R2 scoped404 older clears both private views and stops recovery reads (4.417417ms)
✔ PR18 A8 clears names synchronously and keeps loaded older pages through a head poll (2.040833ms)
✔ PR18 A8 paged list stays bounded across fresh heads and stops older at cap (193.655208ms)
✔ PR18 A8 hides clear before effects even without pagination (1.708959ms)
✔ PR18 deletion HEAD clears selected comment composer but keeps history and public guard (4.81075ms)
✔ PR18 short complete HEAD clears a covered selected comment and composer (3.475375ms)
✔ PR18 quiet A2 stream refreshes delayed claim marks without a new sequence or user refresh (1.942375ms)
✔ PR18 late claim automatically exposes keyword view and the reused BuyerPanel (3.787875ms)
✔ K3 A8 private polls every 10s, backs off, resets, pauses hidden and stops off-filter (7.165ms)
✔ K3 A8 unreplied polls every 10s, backs off, resets, pauses hidden and stops off-filter (6.757791ms)
✔ K3 pasted tab is refused with invalid_text copy before any reply POST (0.849291ms)
✔ PR18 facts_unavailable mark uses actionable copy zh-TW (0.483083ms)
✔ PR18 facts_unavailable mark uses actionable copy zh-CN (0.42975ms)
✔ PR18 facts_unavailable mark uses actionable copy en (0.512208ms)
✔ real SQL UNKNOWN mark blocks public-mode switching without a local receipt (0.526292ms)
✔ PR18 unknown public receipt has the correct cross-comment fence (2.735ms)
✔ PR18 queued public receipt has the correct cross-comment fence (2.109583ms)
✔ PR18 public guard releases only definite sent (0.802125ms)
✔ PR18 public guard releases only definite failed (0.791ms)
✔ PR18 public guard releases only definite blocked (0.842834ms)
✔ PR18 public guard releases only definite refused (0.757042ms)
✔ PR18 P1 IG earliest50 refresh preserves100 rows selection and private draft (46.959458ms)
✔ PR18 final expired older cursor keeps live buffer selection and polling (1.434084ms)
✔ PR18 command refresh keeps epoch evidence while cursorless initial=0 (0.889583ms)
✔ PR18 command refresh keeps epoch evidence while cursorless initial=1 (0.738625ms)
✔ PR18 bounded window refresh removes FB deletion behind60 arrivals history=false (2.973292ms)
✔ PR18 bounded window refresh removes FB deletion behind60 arrivals history=true (3.406125ms)
✔ PR18 bounded window refresh preserves explicit history until manual refresh (2.276917ms)
✔ PR18 bounded window refresh atomically rebuilds IG100 deleted75=false (11.936208ms)
✔ PR18 bounded window refresh atomically rebuilds IG100 deleted75=true (10.763ms)
✔ PR18 bounded window refresh stalled never publishes an incomplete IG window (10.989166ms)
✔ PR18 bounded window refresh budget never publishes an incomplete IG window (15.091208ms)
✔ PR18 bounded window refresh removes deleted IG final sequence (2.451292ms)
✔ actual A2 hook fake clock: 3/6/12/24/30 backoff, success reset, hide clears and stops, 403 locks (3.439833ms)
✔ actual reset clears selected buyer and rereads without the old epoch cursor (0.757958ms)
✔ reply hints, coded error, UNKNOWN and capability state execute the actual composer (0.992917ms)
✔ PR18 R2 templates read 404 denies the composer (0.41225ms)
✔ PR18 buyer-panel read 404: stays local (retention-purged or gone selection), console keeps access (0.443292ms)
✔ PR18 buyer-panel read 403: revokes the console scope (0.361833ms)
✔ PR18 seq coverage keeps older arrival with newer time and out-of-range rows (1.056583ms)
✔ PR18 seq coverage removes a missing numeric row despite its older created_at (0.0945ms)
✔ PR18 seq coverage never absence-deletes null history (0.097709ms)
✔ PR18 seq coverage treats epoch0 as an initialized cursor (0.060541ms)
✔ PR18 protected null history reserves capacity and never becomes numeric on overlap (4.851083ms)
✔ PR18 P1 IG earliest page and unknown authority never delete by absence (0.693ms)
✔ PR18 short complete HEAD never expands numeric coverage to an absent oldest row (0.068125ms)
✔ PR18 full or cursor-bearing HEAD uses the same numeric coverage (0.067291ms)
✔ PR18 loaded history stays protected from short complete HEAD (0.065792ms)
✔ PR18 deletion HEAD removes absent refs inside its window (0.284708ms)
✔ PR18 deletion HEAD keeps paged history below its oldest tuple (0.075ms)
✔ PR18 deletion is never inferred from incremental or older pages (0.07875ms)
✔ PR18 empty deletion HEAD is not evidence that any ref was deleted (0.040083ms)
✔ PR18 deletion coverage ignores equal timestamps and timezone spellings (0.068542ms)
✔ PR18 mixed FB and IG page orders normalize chronologically after dedupe (0.093125ms)
✔ PR18 cap keeps newest1000 with mixed page order older=false (4.446834ms)
✔ PR18 cap keeps newest1000 with mixed page order older=true (3.95425ms)
✔ PR18 A3 invalid_ref remains a definite 422 refusal (0.049083ms)
✔ PR18 a full history buffer stops paging without discarding rows or advancing its cursor (0.109458ms)
✔ K3 reply text rejects every C0/C1 control except newline (0.277375ms)
✔ PR18 scan exhaustion parser requires a trusted explicit boolean (0.299333ms)
✔ PR18 approved seq DTO parser accepts safe numbers and explicit history null (0.198375ms)
✔ SQL operation marks map to every merchant-visible delivery state (0.035709ms)
✔ real bridge sealCursor uses payload.signature rather than plain base64url (8.7465ms)
✔ A2 grammar refuses private/duplicate/ambiguous cursors and keys on reads (0.811209ms)
✔ A3-A5 exact comment ref and bodies; explicit preemption private only (0.131666ms)
✔ A4/A5 preserve frozen refusal codes, never provider/debug text (0.048792ms)
✔ reset invalidates old buffers and cursor before reread; older page cannot advance live cursor (0.105375ms)
✔ filter resources have only authorised opaque ids; backoff is capped and success resets (0.053583ms)
ℹ tests 80
ℹ suites 0
ℹ pass 80
ℹ fail 0
ℹ cancelled 0
ℹ skipped 0
ℹ todo 0
ℹ duration_ms 667.860792
✔ Host subset: nested Provider and React19 context shadow defaults without sibling leakage (10.318959ms)
✔ Host subset: provider updates reach stable children and separate roots keep their own values (0.215042ms)
✔ Host subset: render errors restore context and hook ownership (0.238333ms)
✔ Host subset: portal children inherit logical context and retain handlers/state (0.324792ms)
✔ Host subset: portal target/key changes remount children and removal runs cleanup (0.153041ms)
✔ Host subset: createPortal rejects invalid DOM targets rather than swallowing children (0.090791ms)
✔ W3U3 ledger actual comes from an independent observation (5.680625ms)
✔ W3U3 ledger records failed observed criteria rather than constant PASS (4.54775ms)
✔ W3U3 denied 401 resets busy and running without remount (13.117583ms)
✔ W3U3 denied 403 resets busy and running without remount (1.549708ms)
✔ W3U3 denied 404 resets busy and running without remount (1.226708ms)
ℹ tests 11
ℹ suites 0
ℹ pass 11
ℹ fail 0
ℹ cancelled 0
ℹ skipped 0
ℹ todo 0
ℹ duration_ms 261.124959
✔ secondary failures preserve A1; only A1 is periodic; IG notice follows the platform/embeddability observation (218.203916ms)
✔ the existing console refresh also explicitly refreshes its parent list; no automatic list read (15.25625ms)
✔ parent forwards only an explicit refresh callback and retains the scene when list is unavailable (9.692625ms)
✔ every explicit browser response/event/navigation waiter has a finite sub-test budget (11.437625ms)
✔ A1 failures back off 3/6/12/24/30 seconds and success resets to five seconds (105.328541ms)
✔ Retry-After is a minimum; hidden tabs cancel polling; forbidden locks and conceals (32.051792ms)
✔ secondary reads are mount/refresh only, independent from A1 and non-fatal (24.1335ms)
✔ UNKNOWN journal restores the exact key/method/path/body and explicit retry after reload (27.872208ms)
✔ first definite 403 clears journal but locks commands; late success after navigation clears only its own key (26.768792ms)
✔ private reads preserve Retry-After seconds and dates, without changing existing error codes (20.216542ms)
✔ a restored in-flight or UNKNOWN request retains its journal after a replay 403 (61.011708ms)
✔ restored copy success dispatches completion only in the still-current scene (35.842625ms)
✔ SessionCopy resyncs closed same-ID titles, preserves open edits and cancels to latest draft (23.33375ms)
✔ SessionCopy submit uses latest version; UNKNOWN request survives later draft/input changes (19.615208ms)
ℹ tests 14
ℹ suites 0
ℹ pass 14
ℹ fail 0
ℹ cancelled 0
ℹ skipped 0
ℹ todo 0
ℹ duration_ms 575.985792
✔ claims window modes match Go constants and every SQL match_mode CHECK (11.938458ms)
✔ host prompt stays verbatim at the frozen trunk contract; Japanese is absent (1.389417ms)
✔ bundle parser accepts manual (labelled) and Meta (unlabelled) bundles (0.639208ms)
✔ bundle parser rejects unknown platforms and label/platform mismatches (0.155375ms)
✔ offer parser carries the live price and rejects every out-of-range or missing field (0.251375ms)
✔ library and import parsers are closed; removal receipt is the only version-0 shape (0.18425ms)
✔ price input: exact decimal minor units, never float, bounded to the currency's places (11.345334ms)
✔ live-tools copy exists in all three locales with the same conflict reasons (0.4645ms)
✔ claims BFF allowlist is exactly M1–M7 per method (6.424083ms)
✔ M7 link response shape is closed (0.243542ms)
✔ host prompt copy is the frozen text, verbatim (0.089291ms)
ℹ tests 11
ℹ suites 0
ℹ pass 11
ℹ fail 0
ℹ cancelled 0
ℹ skipped 0
ℹ todo 0
ℹ duration_ms 198.654958
NOT_RUN: tests/media/r04-input-runner.test.mjs (COMMERCE_R04_LIVEKIT_BINARY unset)
✔ main/detail/sku caps use the existing frozen image contract (0.617209ms)
✔ phone and tall dimensions fit2000 without enlarging small assets (0.141417ms)
✔ upload query requires one exact role and sku value; reads/actions carry no query (0.373083ms)
✔ role transport encodes current option values and refuses invalid identities (0.161709ms)
✔ effective image axis follows current options, then falls back to first (0.066084ms)
✔ detail and option photos cannot satisfy the main-photo recommendation (0.063ms)
✔ PM-U copy has matching keys in ja and all currently routed locales (0.125125ms)
✔ real-upload mode builds both Next applications on a clean CI checkout (10.894792ms)
✔ upload recovery journal survives a new session while remaining product/store scoped (0.125417ms)
✔ an option upload receipt requires its captured axis, value and image id on canonical readback (0.116125ms)
✔ failed durable recovery storage cannot authorize a media write (0.083917ms)
✔ an active product needs a main image after canonical media is known; repair paths stay possible (0.058625ms)
✔ empty media sections render a readable localized placeholder until photos are present (5.1265ms)
✔ real-upload mode never exits through the storefront MOCK shortcut (30.916334ms)
✔ a valid active zero-main product keeps an inline repair hint rather than a page error (3.322167ms)
✔ a new product issues the image-axis stage only for a chosen axis (3.272ms)
ℹ tests 16
ℹ suites 0
ℹ pass 16
ℹ fail 0
ℹ cancelled 0
ℹ skipped 0
ℹ todo 0
ℹ duration_ms 272.804417
(node:5581) ExperimentalWarning: Transform Types is an experimental feature and might change at any time
(Use `node --trace-warnings ...` to show where the warning was created)
✔ a fitting PNG keeps the exact original File, bytes and alpha-capable format (0.799875ms)
✔ a JPEG exactly at both limits remains original, not a lossy re-encode (0.465334ms)
✔ an oversized phone JPEG is encoded below the cap after oriented scaling (0.571084ms)
✔ a large transparent PNG stays alpha-capable and is never painted with an opaque matte (0.442333ms)
ℹ tests 4
ℹ suites 0
ℹ pass 4
ℹ fail 0
ℹ cancelled 0
ℹ skipped 0
ℹ todo 0
ℹ duration_ms 90.665958
✔ HTTPS picklist fixture carries Secure session cookies automatically while preserving CSRF refusals (77.567416ms)
✔ batch controls stay compact until an order selection or live-session scope exists (0.124709ms)
✔ selection has XOR bodies, canonical unique IDs and separate 500/100 limits (0.347667ms)
✔ cross-page selection retains existing rows, deduplicates and refuses overflow atomically (0.667917ms)
✔ pick projection rejects PII/extra keys, invalid quantities and unmatched order identities (0.5025ms)
✔ batch replies bind one-for-one to confirmed orders and preserve uncertainty code (0.117875ms)
✔ pick/export POSTs reject keys and all query variants except one exact template (1.661792ms)
✔ CSV filename binds to selected template and store; no path/header injection (0.168416ms)
✔ MOCK browser fixture list matches the incumbent closed order parser (11.631458ms)
✔ recovery never clears an unknown or missing current attempt (0.121208ms)
✔ recovery and order-detail MOCK fixtures satisfy real read parsers (7.838375ms)
✔ order selection can read its session fence during SSR without browser globals (1.086458ms)
✔ MOU keeps native headed checks runnable on a Linux CI worker without DISPLAY (15.655666ms)
✔ pick fixture serves the scoped parcel reads required by the orders page (5.282292ms)
ℹ tests 14
ℹ suites 0
ℹ pass 14
ℹ fail 0
ℹ cancelled 0
ℹ skipped 0
ℹ todo 0
ℹ duration_ms 354.758417
✔ bodyless dissolve DELETE (empty body stream, no content-length) reaches Go with the CAS query, no body, no key (16.347666ms)
✔ every parcel DELETE must carry exactly one expected_version >= 1 (never forwarded without it) (1.921416ms)
✔ a DELETE that declares a body or chunked framing is refused (0.601833ms)
✔ DELETE needs the session, origin and CSRF like every command; other DELETEs stay unsupported (1.000417ms)
✔ GET parcel-groups (open groups read) and merge-suggestions pass with no query; a query or key is refused (8.000917ms)
✔ actual MOU parcel runner selects and collects the real parcel browser case (412.823167ms)
✔ merge suggestions accept the frozen shape (server-masked recipient) and reject drift (3.169166ms)
✔ created group requires the OPEN state and its members (0.246417ms)
✔ dissolved group is exactly id/state/version (0.143375ms)
✔ group shipment carries one SHIPPED version per member (2.263375ms)
✔ open groups (GET parcel-groups) accept the frozen shape and fail closed on drift (6.039916ms)
✔ reconcile: a reload rebuilds OPEN panels, a vanished OPEN group is dropped, history and live versions are kept (0.276167ms)
✔ three locales cover the same keys and every refusal code (0.215958ms)
✔ the owner-ruling sentence is exact in all three locales (0.048541ms)
✔ the in_parcel_group copy is the same sentence in parcels-copy (blocked + errors) and orders-copy, in every locale (0.06025ms)
✔ groupOfOrder prefers the OPEN group over retained SHIPPED/DISSOLVED history (0.119375ms)
✔ parcelOrderNumber is the canonical LC-<32 uppercase hex> order number and matches the open-group parser (0.117042ms)
✔ parcel refresh generation: bumped by every successful poll, whatever the cursor (0.042625ms)
✔ parcel refresh generation: an in_parcel_group refusal bumps it, other refusals do not (0.042ms)
✔ exactly the five W3-07B resources route (0.745958ms)
✔ dissolve carries exactly ?expected_version=N (N >= 1) (0.247916ms)
✔ readMergeSuggestions 401 immediately purges parent scope and refuses late sibling 200 (18.683917ms)
✔ readMergeSuggestions 403 immediately purges parent scope and refuses late sibling 200 (4.304292ms)
✔ readMergeSuggestions 404 immediately purges parent scope and refuses late sibling 200 (5.990667ms)
✔ readOpenParcelGroups 401 immediately purges parent scope and refuses late sibling 200 (7.624042ms)
✔ readOpenParcelGroups 403 immediately purges parent scope and refuses late sibling 200 (15.770666ms)
✔ readOpenParcelGroups 404 immediately purges parent scope and refuses late sibling 200 (15.361708ms)
✔ readMergeSuggestions 503 preserves parent and local retry recovers actual DTOs (4.892417ms)
✔ readOpenParcelGroups 503 preserves parent and local retry recovers actual DTOs (5.415ms)
✔ captured parent groups callback refuses hidden scope (2.127959ms)
ℹ tests 30
ℹ suites 0
ℹ pass 30
ℹ fail 0
ℹ cancelled 0
ℹ skipped 0
ℹ todo 0
ℹ duration_ms 504.365708
✔ exactly the nine W6-01B resources are admitted, each only under its own method (0.787125ms)
✔ the customer list is claimed only when a tag filter is present (customers-request.ts stays the owner otherwise) (0.08625ms)
✔ near misses are refused (no generic proxying) (0.067958ms)
✔ reads: no body, no key, no transfer-encoding; tag-list takes no query at all (18.221625ms)
✔ customer-list query: closed keys, tag must be a canonical uuid, list bounds identical to customers-request (0.631166ms)
✔ note-list query: only limit and after, with the customers-list bounds (0.142125ms)
✔ writes: exactly one well-formed Idempotency-Key; the two DELETEs carry no body but still need the key (1.351ms)
✔ validTagName mirrors Go (NFC first, 1..20, trimmed, no control/Cf) (0.722875ms)
✔ validNoteBody mirrors Go (1..1000, not blank, only \n \r \t controls) (0.274583ms)
✔ tag-create body: closed keys, valid name and one of the eight colors (0.216ms)
✔ tag-patch body: at least one of name/color, nothing else (0.081792ms)
✔ owner-tags body: tag_ids (<=100 canonical uuids) + 64-hex revision, exact keys (0.143125ms)
✔ note bodies: create {body}; patch {body, version>=1}; deletes and reads carry no body at all (0.141834ms)
✔ parseTagCatalog decodes {items: TagRecord[]} with the store-catalogue bounds (0.713041ms)
✔ parseTagSet / parseDeletedTag / parseDeletedNote decode the frozen write receipts (0.195041ms)
✔ parseNoteRecord / parseNotePage decode notes with the Go note rules (1.057417ms)
✔ customer-tags copy: three locales, identical key sets, the integrator's ruled note-privacy text verbatim (0.097375ms)
✔ components wire the ruled copy and the tag/note controls the specs click (1.047542ms)
✔ tag read names must already be trimmed NFC and Unicode code-point bounded (0.1135ms)
✔ session change before network sends nothing (8.2365ms)
✔ session changes after network or during body parse drop the response (12.496584ms)
✔ transient session digest failure is settled only before dispatch (1.84125ms)
✔ lost response followed by a changed session is UNKNOWN after dispatch (2.165792ms)
✔ lost response does not auto-retry; explicit replay keeps method/key/payload/scope (11.778125ms)
✔ 5xx or malformed success is uncertain, coded refusal is settled (6.718917ms)
✔ passive tag/detail refresh preserves an unsaved new-note draft (11.888125ms)
✔ passive refresh updates visible notes but preserves edit draft and original CAS version (1.493583ms)
✔ explicit refresh signal clears old edit draft while passive array changes do not (0.6375ms)
✔ an unauthorized note read clears private note bodies and the draft (1.916333ms)
✔ a transient note read failure keeps the notes already shown (0.691833ms)
✔ an unauthorized note read signals the global logout once; a transient failure does not (4.980667ms)
✔ non-privacy writer: own notes keep Edit and Delete on a fresh mount, others' notes do not (1.92625ms)
✔ notes forbidden/not_found signals scope loss exactly once per mount, never on transient failure (14.840334ms)
✔ bad path/store/method/query/header is refused without authority or backend calls (10.996083ms)
✔ the actual proxy admits a tagged customer list with scoped search/cursor and rejects malformed tag authority (13.582125ms)
✔ signed-out/cross-store/Origin-CSRF denials short circuit before body or forwarding (0.374833ms)
✔ closed bodies and DELETE payloads cannot reach Go (1.032ms)
✔ all write methods preserve exact key/body/store and private success status (1.473625ms)
✔ note pagination preserved and hostile backend errors/bodies sanitized (9.343292ms)
✔ a catalogue forbidden or not_found asks the parent to re-run its guarded reads, with no logout (156.912875ms)
✔ transient catalogue failures stay local; unauthorized logs out but is not a scope loss (102.851208ms)
✔ after a tag write the manager stays mounted: the catalogue refreshes in place, never reloads (26.293375ms)
✔ a manager-reported scope loss reloads the customer list and catalogue guarded reads (48.135542ms)
✔ CustomerDetail forwards a scope-lost signal to the guarded read once per page (22.0315ms)
✔ badges are escaped server tag facts with human-readable names (3.219209ms)
✔ actual customer notes render privacy notice, safe content, author fallback and read-only permissions (15.066584ms)
✔ unknown permissions and erased customer never offer note mutations (1.092833ms)
✔ write-only notes permit add but not edit/delete of notes the server does not mark own; privacy permission permits both (1.5225ms)
✔ manager trigger and all three localized buyer-export notices render through actual components (2.105542ms)
✔ UNKNOWN survives settled unauthorized retry until trusted success; fresh run ignored (4.320917ms)
✔ UNKNOWN survives settled forbidden retry until trusted success; fresh run ignored (0.774792ms)
✔ UNKNOWN survives settled version_changed retry until trusted success; fresh run ignored (0.421667ms)
✔ first-attempt preflight refusal is settled and permits a fresh action (0.41825ms)
✔ UNKNOWN and in-flight retries prevent duplicate dispatch; unmount discards stale outcome (0.800458ms)
✔ an unauthorized write signals the global logout; forbidden does not (1.637125ms)
✔ UNKNOWN command survives unmount/remount: still locked, same-key retry, cleared by trusted success (6.609875ms)
✔ a command unmounted while in flight is treated as UNKNOWN on remount (0.530458ms)
✔ a session boundary change drops the remembered UNKNOWN command (0.362209ms)
✔ a guarded read that ends signed-out signals the global logout once (4.5695ms)
✔ forbidden/unavailable failures and a successful read signal no logout (6.163209ms)
✔ refresh ending signed-out clears the view, blocks and signals the global logout once (7.217958ms)
✔ refresh ending forbidden or not-found clears the data without a logout (5.6595ms)
✔ a transient refresh failure keeps the ready view and signals nothing (8.72575ms)
✔ exactly the eight report GETs are admitted; every other method or path is refused (2.4005ms)
✔ report reads: query required, no body, no key, no transfer-encoding (27.155708ms)
✔ from/to: exactly once each, calendar-valid days, 0..91 apart (0.842667ms)
✔ session_id: only on the funnel (json and csv), a canonical uuid, once (0.3245ms)
✔ parseProductReport: echoed range/zone, <=1000 rows sorted by net desc, net = captured - refunded (3.184708ms)
✔ parseChannelReport: closed vocabulary order, money per environment strictly ascending, I05 inside every bucket (0.411292ms)
✔ parseFunnelReport: nested counts, session echo, ordered_without_link bound (0.239917ms)
✔ parseManualReport: nullable principal/session ids, bucketed money like channels (0.187833ms)
✔ reports copy: three locales, identical key sets, the integrator's ruled money annotation verbatim (0.175708ms)
✔ Reports.tsx: four tabs, CSV per tab, ruled annotation, CSS/SVG charts only (no new dependencies) (1.050208ms)
✔ report CSV closed headers use actual Go slug, echoed dates and private no-store (0.318042ms)
✔ report response projection rejects unknown keys, mismatched range and non-private responses (1.407542ms)
✔ manual buckets follow Go's uncapped row count rather than a made-up 500-row limit (1.140417ms)
✔ display sorts only inside currency/environment groups, never sums money or mutates server rows (77.132709ms)
✔ page report query accepts exactly the four report names and defaults to products (0.263458ms)
✔ actual product table renders offline separately, both modes, no UUID copy and sortable headers (44.456ms)
✔ actual channel chart exposes exact numbers and both money modes using SVG (10.625208ms)
✔ actual funnel has four stages, nested widths and truthful zero-denominator text (1.314875ms)
✔ manual table resolves authorized labels, has honest fallback, and never presents UUIDs (13.836583ms)
✔ all report views render localized empty states (0.544291ms)
✔ actual BFF refuses malformed query, unknown store/session, disabled auth and missing CSV fences before Go (102.473417ms)
✔ actual BFF closed JSON projection and CSV scope/query preserve trusted token; no forwarded client authority (1293.084625ms)
✔ actual BFF permission and malformed CSV response fences do not masquerade as a download (322.096875ms)
✔ audited browser GET accepts same-origin Fetch Metadata plus CSRF, never cross-site or forwarded Host (138.282333ms)
✔ actual CSV client preflight sends nothing after session change, and a lost audit response is uncertain with no retry (49.312666ms)
✔ actual CSV client refuses stale-session bytes and downloads only a closed private response (17.818291ms)
✔ report leaf gives the actual trusted fetch 65 seconds, rejects redirects and forwards only server bearer (15.667ms)
✔ incoming request cancellation aborts the real report fetch once, returns safe unavailable and never retries (10.440792ms)
✔ CSV final synchronous fence conceals bytes when cancellation, hide or cookie rotation happens inside final await (218.076208ms)
✔ CSV end-to-end deadline covers store lookup and report budget; aborted preflight sends no audited request (82.802792ms)
✔ an uncertain export stays locked for its scope after another scope's export (5.683ms)
✔ an uncertain export scope persists per store in tab storage and re-locks a fresh render (32.3165ms)
✔ unavailable tab storage fails closed to the in-memory lock without throwing (6.4895ms)
✔ export lock is stored before dispatch; refused/delivered outcomes release it, uncertain and cut-short keep it (74.760292ms)
✔ releasing one scope keeps the other uncertain scopes of the store (24.226333ms)
✔ export is refused and nothing is dispatched when the lock cannot be saved (denied, full or no storage) (7.614625ms)
✔ copy for an unsaved export lock exists in every locale (0.128083ms)
✔ product sort query parses strictly and defaults to net_minor descending (0.227458ms)
✔ legacy-store permission probe: forbidden/not-found/signed-out fail the read closed, transient falls back (22.307292ms)
✔ channel and funnel data retain their applied dates while draft dates wait for Show (107.017125ms)
✔ an uncertain export lock is bound to the session boundary, so a different user does not inherit it (21.963583ms)
✔ Finance landing links to reports under the same canSeeReports rule (9.395708ms)
✔ selected tag survives searches and cursor pagination while an empty filter is omitted (25.28275ms)
✔ customer list dispatch preserves legacy requests and sends every tag query to the closed W6 authority (2434.867333ms)
✔ customers reports link is hidden only when permissions are present and lack orders:read (0.222458ms)
✔ reports are a finance subpage and preserve the existing single finance navigation entry (0.158625ms)
✔ an authoritative erased customer immediately unmounts the cached private tags/notes subtree (33.671542ms)
✔ the actual customer row shows manual tags and imported status without changing consent (6.335333ms)
✔ P1 actual tag DELETE accepts an empty Next-style stream without JSON MIME (2566.838125ms)
✔ P1 actual note DELETE accepts an empty Next-style stream without JSON MIME (1.285875ms)
✔ P1 body-carrying tag writes still require JSON MIME through the real BFF (0.364417ms)
✔ P2 customer bare/encoded tag keys are invalid422 through the actual leaf before any backend (2.760458ms)
✔ P2 report products real session/CSRF response is private and Vary Cookie (1.4175ms)
✔ P2 report products.csv real session/CSRF response is private and Vary Cookie (0.4465ms)
✔ P2 report malformed query and wrong CSRF are rejected by actual helpers before upstream (0.274166ms)
ℹ tests 118
ℹ suites 0
ℹ pass 118
ℹ fail 0
ℹ cancelled 0
ℹ skipped 0
ℹ todo 0
ℹ duration_ms 3531.136375
✔ real coded errors retain baseline classification and normalize import leaf cache to private,no-store (34.084125ms)
✔ preflight missing CSRF is definite and sends nothing; actual route CSRF and session refusals stay definite (1.798875ms)
✔ actual route uses real cookies/store membership and method/error envelopes, no helper substitutions (2.587791ms)
✔ actual client/route preserves original Blob bytes, trusted transport and privacy projection on200/409 (2.39725ms)
✔ success or stale preview must remain private; malformed/unknown/mismatched coded errors are uncertain after commit (2.712958ms)
✔ lost/unreadable/session-changed dispatched commit remains UNKNOWN; no automatic retry (0.758958ms)
✔ actual failed-only result route strips IDs and real final session/cancel fence exposes no download (1.361833ms)
✔ actual route refuses unknown resource/query and duplicate session cookies before any upstream call (0.312708ms)
✔ actual route incoming cancellation aborts one dispatched transport and preserves client UNKNOWN (0.782833ms)
✔ real coded error cache may not be public, and closed payload may not acquire data-bearing fields (1.26175ms)
✔ copy still exposes specific merchant field reasons across three locales (3.288208ms)
✔ all real local and upstream import refusals including HEAD/unsupported are exact private,no-store (0.548958ms)
✔ fresh mismatched receipt stays UNKNOWN, exact manual replay mismatch becomes terminal without a third send (1.807ms)
✔ terminal is impossible for malformed replay receipts or matching replayed counts (1.634958ms)
✔ Big5 bytes pass unchanged to upstream and real422 import envelope surfaces encoding_not_utf8 (2.519667ms)
✔ oversize file uses the actual header guard and specific size guidance in all locales without dispatch (15.816459ms)
✔ commit uses the original requested mapping, including an empty optional field, not resolved preview metadata (5.298167ms)
✔ an UNKNOWN commit remains locked through a later forbidden retry and only explicit same-file success unlocks (1.869959ms)
✔ leaving during a dispatched commit drops its payload and keeps an unconfirmed boolean without replay (1.516958ms)
✔ a definite first preflight refusal clears pending before sign-out and does not invent an unconfirmed import (1.786208ms)
✔ a replayed mismatched receipt ends UNKNOWN without offering another retry or unlocking historical orders (1.617584ms)
✔ real cookie and CSRF helpers generate and validate the actual host-cookie pair (1.166792ms)
✔ exact route rejects methods/keys/body/query/scope before any upstream request using real localError (2.587791ms)
✔ missing/duplicate session cookies reject and real clearAuthCookies expires session and CSRF (0.383167ms)
✔ actual authenticatedStores denies a store absent from the server projection (0.54125ms)
✔ private success routes server cookie token and exact canonical after, never caller bearer/cookie to Go (0.836875ms)
✔ actual safeError/localError preserve coded status with no-store and redact upstream diagnostics (0.886417ms)
✔ actual readBody and strict projection refuse MIME/oversize/extra private fields/city; network loss stays private (2.625834ms)
✔ actual client issues GET50/after through real route/private successful projection (6.285416ms)
✔ actual helper-issued browser fence rejects changed parent before dispatch (0.788541ms)
✔ private success from real route is discarded when the browser session changes during upstream read (1.148ms)
✔ real localError no-store 401/403/404/503 preserves correct read category with no retry (2.337708ms)
✔ malformed sensitive backend projection becomes real unavailable, never a fake BFF success (0.601083ms)
✔ strict archive rows decode external order text, safe minor units and public keys (7.303833ms)
✔ PII-shaped city and extra sensitive fields never pass the safe projection (0.339375ms)
✔ all canonical Go cities pass; malformed types/bounds/order/time/money/cursor fail (3.1915ms)
✔ read grammar is exact limit/after, not the stale brief's cursor name (18.097417ms)
✔ three locales retain truthful history-not-revenue basis and copy parity (0.163917ms)
✔ SSR renders actual safe rows, shared money/time, total count and read-only three-locale basis (39.519917ms)
✔ SSR distinguishes empty archive, 403, session loss and unavailable without stale rows/count (4.161667ms)
✔ actual pagination callbacks use opaque trail; double click cannot skip; refresh/scope reset page1 (1.5375ms)
✔ the static import subpage wins over customer detail and leaves the single customers nav intact (0.420042ms)
✔ the actual list offers import only to privacy holders and carries the current authorized store (144.502375ms)
✔ the actual detail mounts archive only for an active imported customer and passes its fenced identity (26.345875ms)
✔ MIUI-READY-VISIBLE-STORE actual signed helper waits on the visible selector and retains cookie/wizard assertions (217.715792ms)
✔ MIUI-READY-DENIED read-only staff reaches the real shell refusal instead of waiting for a private wizard (34.755834ms)
✔ failure verdicts precede successful rows, by source row number, without mutating the input (0.717625ms)
✔ the failure download contains only failed row metadata, with no source cell or success identifier (0.368333ms)
✔ reads quoted/BOM header only, without decoding malformed bytes from data rows (5.778958ms)
✔ guess only unique metadata aliases with explicit unmapped values (0.275334ms)
✔ shared dynamic leaf admits only exact import methods/actions and bounded mapping/count (23.612916ms)
✔ failed CSV emits only row/outcome/code, refusing any unexpected identifier or raw cell (0.510916ms)
✔ raw-byte cap does not decode/rebuild uploads and cancels oversized chunks (7.744333ms)
✔ backend privacy projection strips all source IDs on successful and failed rows (0.845833ms)
✔ closed preview parser refuses data-bearing rows, unknown keys and inconsistent counts (0.248708ms)
✔ order preview counts units while first CSV record numbers can exceed rows_total (0.304708ms)
✔ commit receipt has exactly five keys and no extra customer cells (0.284708ms)
ℹ tests 57
ℹ suites 0
ℹ pass 57
ℹ fail 0
ℹ cancelled 0
ℹ skipped 0
ℹ todo 0
ℹ duration_ms 755.546583
✔ G-UI8 storefront pages and the sweep's STOREFRONT_ROUTES are the same set (1.188166ms)
✔ parseShard: i/N, empty means unsharded, anything malformed throws (0.232416ms)
✔ assignShards: deterministic, every key owned once, near-balanced (LPT bound) (0.892666ms)
✔ planClick: for every N the shards partition the whole universe (every registry route x variant, storefront walk, journey) (1.508166ms)
✔ planClick at N=10 keeps every shard within ~1.3x of the mean planned cost (0.13075ms)
✔ aggregate click: honest shards pass for several N (2.452666ms)
✔ aggregate click: a missing shard, a dropped page row, a lost journey, a failing row, a stale known defect and a missing platform marker are each a failure (3.123542ms)
✔ aggregate click: a route added to the registry after the shards ran cannot pass (the registry is re-read) (0.380916ms)
✔ aggregate visual: honest shards pass; a missing shard, a missing shot, a blocking verdict and a registry route outside the universe each fail (4.880417ms)
✔ artifact discovery finds nested run evidence and retains platform marker refusal (3.062041ms)
ℹ tests 10
ℹ suites 0
ℹ pass 10
ℹ fail 0
ℹ cancelled 0
ℹ skipped 0
ℹ todo 0
ℹ duration_ms 88.9435
ci-plan: 10 job(s); click-sweep x10 (aggregate)
  --browser-click-sweep@1/10  -> artifact gate-browser-click-sweep_1_10
  --browser-click-sweep@2/10  -> artifact gate-browser-click-sweep_2_10
  --browser-click-sweep@3/10  -> artifact gate-browser-click-sweep_3_10
  --browser-click-sweep@4/10  -> artifact gate-browser-click-sweep_4_10
  --browser-click-sweep@5/10  -> artifact gate-browser-click-sweep_5_10
  --browser-click-sweep@6/10  -> artifact gate-browser-click-sweep_6_10
  --browser-click-sweep@7/10  -> artifact gate-browser-click-sweep_7_10
  --browser-click-sweep@8/10  -> artifact gate-browser-click-sweep_8_10
  --browser-click-sweep@9/10  -> artifact gate-browser-click-sweep_9_10
  --browser-click-sweep@10/10  -> artifact gate-browser-click-sweep_10_10
✔ the full sweep and the full visual lint fan out into every shard and ask for the aggregate (0.966416ms)
✔ foundation-shards = the unit shard + every plan group; the serial `foundation` mode is untouched (0.6785ms)
✔ an explicit shard re-run (or a partial list) never claims the whole-run aggregate (0.089875ms)
✔ duplicates collapse, artifact names are safe and unique, bad input is refused (0.288292ms)
✔ main writes matrix / sweep_n / visual_n to GITHUB_OUTPUT (1.570625ms)
✔ mode discovery has no Docker/build dependency and includes the existing universe (28.762292ms)
✔ dry-run resolves a mode without executing dependencies and keeps its command environment (56.096375ms)
✔ one appended case is discovered and dispatched; malformed and duplicate registry entries fail closed (47.334083ms)
✔ registry discovery cannot silently lose indented, aliased or unrecognised Bash case arms (2.980375ms)
✔ backend-only paths run foundation-shards only (0.827083ms)
✔ node tests of deploy scripts and of the CI planner are backend-only (they cannot change a browser) (1.130791ms)
✔ a UI path adds the whole browser set, including click-sweep and visual-lint (4.787625ms)
✔ docs-only and output-only diffs keep the single required check (foundation-shards) (0.30525ms)
✔ legacy browser_* paths still select all browsers; a known untagged foundation file stays backend-only (0.522875ms)
✔ legacy deploy prefixes remain selected and unrelated paths do not select smoke (1.613333ms)
✔ the browser set is release-gate's browser-mode universe minus the documented exclusions (54.240542ms)
✔ every real browser-tagged foundation file selects registry browser modes, including non-browser names (149.687834ms)
✔ tagged runner discovery follows registry additions, command arrays and line continuations (0.985084ms)
✔ deploy smoke is selected for its workflow, verdict/helpers and executable test inputs (1.660584ms)
✔ new selection never drops legacy modes or deploy for any tracked path (445.089208ms)
✔ CLI classifies merge-base and explicit head, including removed tags, deleted files and renames (547.71975ms)
✔ CLI selects modes the base added after divergence when the checkout is the PR merge (PR #22 review P1) (366.44925ms)
✔ CLI reads the merge checkout's source when the base adds a browser tag after the fork (PR #22 review P1) (243.744416ms)
✔ CLI explicit head and stdin include tags outside the checkout and uncommitted tag removals (254.203917ms)
✔ compound/legacy tags and unknown source are conservative; known untagged source stays backend-only (3.501542ms)
✔ explicit-head CLI derives tagged runner modes from that head's real registry (247.187292ms)
✔ real Git CLI preserves legacy selection: quotePath=true, "架构.md" (171.792875ms)
✔ real Git CLI preserves legacy selection: quotePath=true, "internal/示例.go" (160.650417ms)
✔ real Git CLI preserves legacy selection: quotePath=true, "tests/foundation/plain\tname_test.go" (184.88825ms)
✔ real Git CLI preserves legacy selection: quotePath=true, " deploy/scripts/synthetic-smoke.sh" (160.750417ms)
✔ real Git CLI preserves legacy selection: quotePath=false, "架构.md" (153.102792ms)
✔ real Git CLI preserves legacy selection: quotePath=false, "internal/示例.go" (166.223292ms)
✔ real Git CLI preserves legacy selection: quotePath=false, "tests/foundation/plain\tname_test.go" (299.105084ms)
✔ real Git CLI preserves legacy selection: quotePath=false, " deploy/scripts/synthetic-smoke.sh" (801.397542ms)
✔ stdin unions legacy trimming without trimming the source lookup path (269.198125ms)
✔ parser: only compiled, correctly-shaped Test functions of untagged _test.go files (1.764417ms)
✔ the real plan: every top-level test of tests/foundation runs in exactly one group (685.134083ms)
✔ a new test (in no list) still runs, exactly once, in the catch-all group; the same name with no catch-all is red (1045.294792ms)
✔ a test listed in two groups is red; drift beyond the limit is red (980.585375ms)
✔ regexes: anchored explicit lists; the catch-all skips exactly everyone else's tests (0.520875ms)
✔ pack: deterministic, balanced to within the longest test, every name once (3.926542ms)
✔ parseDurations: top-level lines only (0.18625ms)
ℹ tests 42
ℹ suites 0
ℹ pass 42
ℹ fail 0
ℹ cancelled 0
ℹ skipped 0
ℹ todo 0
ℹ duration_ms 4739.4545
✔ PR18 real BFF preserves invalid_ref and cursor errors without upstream retry (16.591958ms)
✔ PR18 valid A2 Unicode/escaped pages exceed 1 MiB but A8 cap stays unchanged (129.738083ms)
✔ K3 comment-only no_source cannot widen the existing inbox error seam (3.272541ms)
✔ LC-U2a real BFF seam A2-A5 exact grammar, privacy, denial and no diagnostic reflection (4.8225ms)
✔ A8/A9/A13 and published templates: exact reads forward once with no-store (2.28925ms)
✔ real streamed POST bodies: A10-A14 exact keys reach upstream (3.878167ms)
✔ query, read headers, methods and body allowlists refuse before upstream (4.65375ms)
✔ session, CSRF and store authority precede content forwarding (1.013791ms)
✔ A12 fixed codes preserved; arbitrary upstream diagnostics stripped (4.768458ms)
✔ client preserves codes and receipt; changed/aborted session cannot publish private response (3.888459ms)
✔ A9 admits a full page of valid Unicode replies while bounding private response bytes (4.519292ms)
✔ non-JSON upstream 401 still expires both authentication cookies without diagnostic leakage (1.012ms)
✔ real M7 response keeps no-referrer after matching Next production header rules (10.946125ms)
✔ three unit languages cover identical fixed labels and delivery states (3.067792ms)
✔ hiding aborts requests and rejects late responses, even after reveal (1.651208ms)
✔ switching selection invalidates both reads and write completions (0.246375ms)
✔ owner and explicit inbox permissions only; viewer fails closed (0.191166ms)
✔ Messenger counts Unicode codepoints; Instagram counts NFC UTF8 bytes (4.626917ms)
✔ uncertain transport retries retain the exact submission; definitive conflicts retire it (2.103292ms)
✔ privacy calibration cannot activate with production origin or ordinary caller env (0.427ms)
✔ late focus/pageshow while native document remains hidden cannot reveal requests (0.263291ms)
✔ terminal navigation revocation cannot be undone by focus or refresh until a new page fence (0.091583ms)
✔ a ticket from another store/page fence is never accepted (0.077917ms)
✔ focus while already visible preserves the active epoch and the uncertain reply receipt (0.107875ms)
ℹ tests 24
ℹ suites 0
ℹ pass 24
ℹ fail 0
ℹ cancelled 0
ℹ skipped 0
ℹ todo 0
ℹ duration_ms 363.475916
✔ installed APIRequestContext cookie rules exclude Secure cookie from HTTP127 but retain HTTPS/localhost (0.499334ms)
✔ actual INU02 cross uses browser auth and retains exact 404/DM absence (42.302708ms)
✔ actual INU02 cross still rejects wrong authority 401 (3.839792ms)
✔ actual INU02 cross still rejects wrong authority 200 (1.83775ms)
✔ actual INU02 cross still rejects DM in denied response (4.125167ms)
✔ actual INU02 denied uses browser auth and retains exact 403/DM absence (4.851875ms)
✔ actual INU02 denied still rejects wrong authority 401 (1.742667ms)
✔ actual INU02 denied still rejects wrong authority 200 (1.329458ms)
✔ actual INU02 denied still rejects DM in denied response (1.093042ms)
✔ actual login settles /en and fixture store (real switch, scoped=false) (112.014041ms)
✔ actual login settles /en and fixture store (real switch, scoped=true) (83.28525ms)
✔ actual login settles /en/inventory and fixture store (real switch, scoped=false) (8.418ms)
✔ actual login settles /en/inventory and fixture store (real switch, scoped=true) (3.259ms)
✔ actual login settles /en/messages and fixture store (real switch, scoped=false) (2.660625ms)
✔ actual login settles /en/messages and fixture store (real switch, scoped=true) (4.322292ms)
✔ actual login settles /en and fixture store (already selected, scoped=false) (3.223ms)
✔ actual login settles /en and fixture store (already selected, scoped=true) (2.868625ms)
✔ actual login settles /en/inventory and fixture store (already selected, scoped=false) (2.927833ms)
✔ actual login settles /en/inventory and fixture store (already selected, scoped=true) (1.775792ms)
✔ actual login settles /en/messages and fixture store (already selected, scoped=false) (42.8435ms)
✔ actual login settles /en/messages and fixture store (already selected, scoped=true) (10.033167ms)
✔ bundle fixture uses real claim commands and mounts existing M6/M7 without issuing early (2.080875ms)
✔ sensitive bundle scenario clicks native clipboard with trace/video disabled and no token body reads (0.19575ms)
✔ persisted link and token-free command receipt are compared without disclosing credentials (0.132667ms)
✔ actual clipboard evaluator exports only safe summary and detects malformed or retained synthetic credentials (684.650167ms)
✔ claim-window fixture isolates recovery after the current migration permits multiple OPEN windows (2.924125ms)
✔ ordinary Playwright diagnostics still capture failed-page ARIA when private guard is absent (1.817292ms)
✔ sensitive worker lifecycle prevents actual installed snapshot capture without masking the failure (127.21525ms)
✔ worker restores prior environment even when use rejects (absent) (2.818959ms)
✔ worker restores prior environment even when use rejects (empty) (1.675167ms)
✔ worker restores prior environment even when use rejects (existing-policy) (1.357333ms)
✔ fixture is worker-auto and module collection does not suppress ordinary diagnostics (75.757917ms)
✔ ordinary matcher ARIA context bypasses fallback flag and remains in actual installed diagnostics (21.104209ms)
✔ private test teardown removes only matcher page context while preserving failure (failed status) (38.536292ms)
✔ private test teardown removes only matcher page context while preserving failure (rejected use) (8.354375ms)
✔ matcher guard is test-auto without replacing the installed artifact auto fixture (3.508583ms)
✔ real Playwright --list collects each original INU case and isolated INU09 exactly once (2567.653958ms)
✔ Host subset: nested Provider and React19 context shadow defaults without sibling leakage (1.947542ms)
✔ Host subset: provider updates reach stable children and separate roots keep their own values (0.441666ms)
✔ Host subset: render errors restore context and hook ownership (2.237333ms)
✔ Host subset: portal children inherit logical context and retain handlers/state (1.576666ms)
✔ Host subset: portal target/key changes remount children and removal runs cleanup (0.784375ms)
✔ Host subset: createPortal rejects invalid DOM targets rather than swallowing children (0.146291ms)
✔ A real Inbox selection admits Go A9 attachments null without losing thread (105.532334ms)
✔ A real Inbox selection admits Go A9 attachments empty array without losing thread (9.740458ms)
✔ A malformed non-array A9 attachments is refused without painting DM or crashing selected entry (6.958708ms)
✔ C A8 HTTP200 empty list is ordinary data with no alert, selection or focus request storm (1.189125ms)
✔ C A8 list404 is scoped inbox unavailable in en, never an empty list or conversation denial (1.09875ms)
✔ C A8 list404 is scoped inbox unavailable in zh-TW, never an empty list or conversation denial (0.785958ms)
✔ C A8 list404 is scoped inbox unavailable in zh-CN, never an empty list or conversation denial (0.740959ms)
✔ C click-sweep Go harness mounts existing Inbox/templates services (STRUCTURE_ONLY, Go NOT_RUN) (0.292291ms)
✔ C click-sweep includes actual-router owner200 empty inbox assertion (STRUCTURE_ONLY, Go NOT_RUN) (0.216959ms)
✔ inbox evidence is covered by the CI upload root (32.210125ms)
✔ failed Playwright closes its log and emits sanitized diagnostics before Fatalf (1.753042ms)
✔ failure diagnostics match INU cases/counts without admitting private text (135.517333ms)
✔ INU04 delayed handler 1 signals completion when fulfillment rejects (65.265125ms)
✔ INU04 delayed handler 2 signals completion when fulfillment rejects (19.334041ms)
✔ Host subset: nested Provider and React19 context shadow defaults without sibling leakage (6.646917ms)
✔ Host subset: provider updates reach stable children and separate roots keep their own values (1.467333ms)
✔ Host subset: render errors restore context and hook ownership (1.985834ms)
✔ Host subset: portal children inherit logical context and retain handlers/state (0.28675ms)
✔ Host subset: portal target/key changes remount children and removal runs cleanup (0.167375ms)
✔ Host subset: createPortal rejects invalid DOM targets rather than swallowing children (0.105458ms)
✔ recoveryDone waits for actual held M7 completion in zh-TW (154.271541ms)
✔ recoveryDone waits for actual held M7 completion in zh-CN (30.145ms)
✔ recoveryDone waits for actual held M7 completion in en (25.582166ms)
✔ Host subset: nested Provider and React19 context shadow defaults without sibling leakage (19.586375ms)
✔ Host subset: provider updates reach stable children and separate roots keep their own values (0.339834ms)
✔ Host subset: render errors restore context and hook ownership (0.624083ms)
✔ Host subset: portal children inherit logical context and retain handlers/state (0.217041ms)
✔ Host subset: portal target/key changes remount children and removal runs cleanup (0.144541ms)
✔ Host subset: createPortal rejects invalid DOM targets rather than swallowing children (0.104416ms)
✔ review2 P1 bundle-only row opens real A13 and issues existing M7 claim link to clipboard (113.535833ms)
✔ review2 P1 clipboard denial recopy reuses cached issued URL without another M7 POST (12.162292ms)
✔ review2 P1 lost M7 ACK retries exact receipt and null replay token never mints a fresh key (25.402208ms)
✔ review2 P1 missing CSRF before cached recopy cannot copy or issue again (6.852291ms)
✔ review2 P1 missing CSRF before uncertain retry rejects preserved receipt dispatch (7.201625ms)
✔ review2 P1 late issued-link completion after hide cannot write clipboard (3.986166ms)
✔ review2 P1 late issued-link completion after selection cannot write clipboard (7.976209ms)
✔ review2 P1 late issued-link completion after unmount cannot write clipboard (3.526625ms)
✔ review2 P1 late issued-link completion after logout cannot write clipboard (2.775583ms)
✔ review2 P1 claim-link issuance denied without both live read/manage (inbox:read,live:read) (2.1685ms)
✔ review2 P1 claim-link issuance denied without both live read/manage (inbox:read,live:manage) (1.993166ms)
✔ review2 P1 missing authoritative recovery identity never guesses generation {"missingSession":true} (1.773ms)
✔ review2 P1 missing authoritative recovery identity never guesses generation {"noBundle":true} (6.293583ms)
✔ review2 P2 exactly one matching binding uses named DM hard gate ok (6.650084ms)
✔ review2 P2 exactly one matching binding uses named DM hard gate review_required (1.855791ms)
✔ review2 P2 exactly one matching binding uses named DM hard gate missing_permission (1.371417ms)
✔ review2 P2 multiple same-provider bindings advisory only (dm_session:ok,dm_session:missing_permission) (0.7335ms)
✔ review2 P2 multiple same-provider bindings advisory only (dm_session:missing_permission,dm_session:reauth_required) (1.469042ms)
✔ review2 P2 multiple same-provider bindings advisory only (dm_session:ok,read_comment:missing_permission) (1.387125ms)
✔ review2 P2 multiple same-provider bindings advisory only (dm_session:review_required,dm_session:ok) (2.725959ms)
✔ review2 P2 actual scoped A12 409 capability refusal remains visible after advisory submit (11.32875ms)
✔ review2 P2 missing health and single binding without named DM remain disabled (4.317209ms)
✔ review2 P2 expired cached issued link cannot be recopied or silently reissued (7.784084ms)
✔ Host subset: nested Provider and React19 context shadow defaults without sibling leakage (1.090833ms)
✔ Host subset: provider updates reach stable children and separate roots keep their own values (0.198042ms)
✔ Host subset: render errors restore context and hook ownership (0.207583ms)
✔ Host subset: portal children inherit logical context and retain handlers/state (0.190291ms)
✔ Host subset: portal target/key changes remount children and removal runs cleanup (0.13975ms)
✔ Host subset: createPortal rejects invalid DOM targets rather than swallowing children (0.087292ms)
✔ P1-1 actual visible focus preserves pending ticket, selection, revision and real retry receipt (2.808792ms)
✔ P1-1 actual unchanged-session pageshow checks without clearing; changed-session focus expires (1.482792ms)
✔ P1-1 actual hide/reveal clears and requests fresh revision, never accepts obsolete completion (0.829833ms)
✔ P1-1 changed-session visible focus expires even with a pending request (0.248916ms)
✔ P1-2 actual A9 refresh 404 removes rendered DM and unsent draft (54.005625ms)
✔ P1-2 actual send-finally A9 404 removes DM, draft and uncertain immutable receipt (2.368166ms)
✔ actual uncertain send still retains exact receipt when A9 authority remains (0ms post-send A9) (6.679583ms)
✔ actual uncertain send still retains exact receipt when A9 authority remains (50ms post-send A9) (110.012917ms)
✔ actual A9 stale held completion cannot paint after component cleanup (4.047125ms)
✔ P2 actual A14 404 clears buyer facts and customer draft (explicit future-version MOCK) (4.923167ms)
✔ safe authority errors remain the actual InboxError transport class (0.080625ms)
✔ actual current A13 without version keeps A14 disabled; future MOCK grants no backend claim (2.39075ms)
✔ P1-2 actual A11 takeover write 404 clears private state despite failing follow-up A9 (1.9405ms)
✔ P1-2 actual A12 send write 404 clears private state despite failing follow-up A9 (2.319625ms)
✔ A13 server orders omission remains distinct from authorized omitted data (0.70625ms)
✔ A13 server orders omission remains distinct from authorized empty data (4.607042ms)
✔ A13 server orders omission remains distinct from authorized populated data (1.97ms)
✔ PR18 host digest hardening sync-throw (329.974583ms)
✔ PR18 host digest hardening never-settles (1647.759042ms)
✔ actual shell-store-selector captures selection before synchronous privacy teardown (allowed=true) (64.016ms)
✔ actual shell-store-selector captures selection before synchronous privacy teardown (allowed=false) (18.95625ms)
✔ actual locale-switch captures selection before synchronous privacy teardown (allowed=true) (23.8715ms)
✔ actual locale-switch captures selection before synchronous privacy teardown (allowed=false) (6.223417ms)
✔ Host subset: nested Provider and React19 context shadow defaults without sibling leakage (1.245416ms)
✔ Host subset: provider updates reach stable children and separate roots keep their own values (0.195584ms)
✔ Host subset: render errors restore context and hook ownership (0.203708ms)
✔ Host subset: portal children inherit logical context and retain handlers/state (0.221292ms)
✔ Host subset: portal target/key changes remount children and removal runs cleanup (3.637125ms)
✔ Host subset: createPortal rejects invalid DOM targets rather than swallowing children (0.435167ms)
✔ persisted A9 UNKNOWN after page entry warns and blocks the real composer in en (35.733333ms)
✔ persisted A9 UNKNOWN after page entry warns and blocks the real composer in zh-TW (1.990959ms)
✔ persisted A9 UNKNOWN after page entry warns and blocks the real composer in zh-CN (2.463625ms)
✔ A12 queued ACK followed by final A9 UNKNOWN overrides the local queued notice and blocks another send (5.432083ms)
✔ a captured previously enabled composer cannot bypass final UNKNOWN learned by Refresh (5.747208ms)
✔ a later A9 page omitting the known UNKNOWN is not delivery reconciliation (3.692417ms)
✔ persisted queued is not mislabeled UNKNOWN and retains ordinary composer eligibility (0.974584ms)
✔ persisted sent is not mislabeled UNKNOWN and retains ordinary composer eligibility (1.511541ms)
✔ persisted failed is not mislabeled UNKNOWN and retains ordinary composer eligibility (0.9205ms)
✔ persisted blocked is not mislabeled UNKNOWN and retains ordinary composer eligibility (0.821458ms)
✔ fresh mount refuses when an old UNKNOWN is beyond 51 newer messages (fact=true) (1.652916ms)
✔ fresh mount refuses when an old UNKNOWN is beyond 51 newer messages (fact=null) (2.400834ms)
✔ fresh mount refuses when an old UNKNOWN is beyond 51 newer messages (fact=undefined) (2.579125ms)
✔ fresh mount refuses when an old UNKNOWN is beyond 51 newer messages (fact=false) (2.741208ms)
✔ a refreshed unknown authority replaces old clear authority even for a captured composer (2.165959ms)
✔ Host subset: nested Provider and React19 context shadow defaults without sibling leakage (75.085333ms)
✔ Host subset: provider updates reach stable children and separate roots keep their own values (1.135875ms)
✔ Host subset: render errors restore context and hook ownership (0.909333ms)
✔ Host subset: portal children inherit logical context and retain handlers/state (0.779292ms)
✔ Host subset: portal target/key changes remount children and removal runs cleanup (0.216167ms)
✔ Host subset: createPortal rejects invalid DOM targets rather than swallowing children (0.123666ms)
✔ window strict eligibility with 300001ms before hard 24h deadline (17.995167ms)
✔ window strict eligibility with 300000ms before hard 24h deadline (1.772208ms)
✔ window strict eligibility with 60000ms before hard 24h deadline (1.025834ms)
✔ window strict eligibility with 0ms before hard 24h deadline (0.829833ms)
✔ window invalid server deadline fails closed without preparing a send (0.809625ms)
✔ window captured enabled form callback cannot POST after crossing safe cutoff (1.206417ms)
✔ window deadline timer closes controls at cutoff and hard end without waiting for 15s poll (0.9085ms)
✔ quota recovery gives exact zh-TW comment-quota and DM-window instructions beside copy only (0.370292ms)
✔ quota recovery gives exact zh-CN comment-quota and DM-window instructions beside copy only (0.096958ms)
✔ quota recovery gives exact en comment-quota and DM-window instructions beside copy only (0.087166ms)
ℹ tests 161
ℹ suites 0
ℹ pass 161
ℹ fail 0
ℹ cancelled 0
ℹ skipped 0
ℹ todo 0
ℹ duration_ms 4528.947334
✔ browser evidence uses unique local runs or the selected harness parent without rewriting history (85.437334ms)
✔ browser evidence rejects labels that escape the harness directory before creating files (27.26525ms)
✔ shell isolates visual fixtures from a click ledger when caller reuses its evidence root (25.904833ms)
✔ ops disk guard allocation isolates its log and child evidence from committed history (11.618125ms)
✔ visual artifact upload selects lint/index/shots and excludes raw unrelated evidence (7.334ms)
✔ visual reviewer discovers nested per-run artifact shots through its real copy loop (57.789334ms)
✔ explicit evidence roots inside a repository must be ignored and untracked (PR #23 review) (596.585083ms)
✔ visual review refuses an incomplete report: every captured page needs exactly one PASS|FIX section (PR #23 review) (252.805875ms)
✔ reject quoted screenshot path (2.994958ms)
✔ reject computed writer (0.325542ms)
✔ reject renamed import (0.454834ms)
✔ reject local writer alias (0.34525ms)
✔ reject quoted reporter (0.171417ms)
✔ reject openSync write (0.211833ms)
✔ reject open write (0.191042ms)
✔ reject URL writer (0.210875ms)
✔ reject bound writer (0.145083ms)
✔ reject bound path (0.192542ms)
✔ reject direct (0.088167ms)
✔ reject alias (0.183875ms)
✔ reject split join (0.128042ms)
✔ reject template (0.277708ms)
✔ reject helper (0.322041ms)
✔ reject copy destination (0.060167ms)
✔ reject reporter (0.133375ms)
✔ reject traversal (0.072416ms)
✔ reject tracked nonoutput (0.056458ms)
✔ allow read-only open (0.389459ms)
✔ allow read-only URL open (0.143833ms)
✔ allow historical read (0.115416ms)
✔ allow copy source (0.058416ms)
✔ allow comment (0.184959ms)
✔ allow string data (0.047917ms)
✔ allow run directory (0.151083ms)
✔ Go Join aliases flag writes but not read-only history or comments (1.943125ms)
✔ producer discovery covers acceptance suites and helpers, not documentation/artifacts (0.196417ms)
✔ synthetic Go historical fixtures stay inside t.TempDir; real CopyFS destinations are audited (0.909ms)
✔ Go OpenFile rejects create/write flags but preserves historical read-only descriptors (0.687708ms)
ℹ tests 38
ℹ suites 0
ℹ pass 38
ℹ fail 0
ℹ cancelled 0
ℹ skipped 0
ℹ todo 0
ℹ duration_ms 1105.32225
