✔ /products/{uuid} redirects permanently to the zh-TW product page (152.009542ms)
✔ non-uuid ids are 404, never redirected (2.167542ms)
✔ AT1: the locale redirect preserves the ad-click query without allowing a redirect target (0.920875ms)
✔ R10: standalone signed signals survive a missing or expired seven-day touch (65.66825ms)
✔ R10: standalone signals reject expiry, bad signature, duplicates and another host (1.654334ms)
✔ AT1 R5: browser identity survives expired touch and rolls for ninety days (1.01625ms)
✔ AT1 R5: missing ad parameters create no cookies; fbclid alone creates no touch (0.667875ms)
✔ AT1 R5: lc_ad alone updates attribution and does not replace fbc (0.59425ms)
✔ AT1: host-only first-party cookies contain no PII and read back exactly (4.910666ms)
✔ AT1: a later valid click replaces the draft but preserves the browser identifier (0.850875ms)
✔ R10: only a different fbclid replaces fbc and its first-seen timestamp (0.9825ms)
✔ AT1: malformed and ambiguous links do not overwrite a valid prior touch (1.031ms)
✔ AT1: host and key binding reject copied cookies (0.258ms)
✔ AT1: duplicates and tampering invalidate the entire envelope (10.536458ms)
✔ AT1: exactly seven days is valid, the next millisecond and future clicks are not (0.862167ms)
✔ catalog list query limits equal the Go v2 parser (internal/buyerhttp/catalogv2.go) (86.737541ms)
✔ collection list cap equals Go maxCollectionsPerStore (17.166667ms)
✔ design caps equal internal/design/schema.go (nav, sections, pages) (3.564583ms)
✔ CVS buyer-entered store bounds and return path equal Go (internal/checkout/cvs.go, migration 0093) (9.565834ms)
✔ transfer view: closed shape and state rules mirror Go validTransferView (0.764625ms)
✔ proof body and result: five digits, positive minor amount, ISO instant (0.18325ms)
✔ minorFromText: major units with at most two decimals, never a float surprise (0.095042ms)
✔ buyer email mirror: one plain address, 254 characters at most (0.104666ms)
✔ countdown: whole hours and minutes, never negative (0.338541ms)
✔ copy: three locales carry every key and every refusal code (0.189208ms)
✔ options: a home row lists modes only with bank_transfer and then needs its window (0.92775ms)
✔ checkoutInput: a home bank_transfer body, the optional trimmed email, and every refusal before any request (1.234167ms)
✔ order: AWAITING_TRANSFER is a valid commercial state without a hold time (0.216875ms)
✔ BFF: exact transfer routes, keyed proof PUT, strict body, validated answers, no generic proxy (124.43975ms)
✔ BFF: transfer refusal codes pass through as definite 422; checkout accepts bank_transfer and a valid email only (10.762625ms)
✔ D06 order heading follows a settled transfer: never 'waiting for transfer' above a confirmed or expired one (0.118875ms)
✔ uncertain prepare blocks all mutations; changed cookie context resolves journal (27.253792ms)
✔ fully parsed local denial clears only its own pending operation (0.798083ms)
✔ malformed journal, unavailable lock and stale context fail before writes (43.039375ms)
✔ BPT05 exact handoff permits absent body/key, one fetch, no form persistence (133.238209ms)
✔ BPT05 wrong handoff form and ordinary writes fail before any fetch (0.582625ms)
✔ BPT05 unresolved cookie journal blocks handoff; lost response is one fetch without persistence (0.170417ms)
✔ SU02 refresh permits absent body/key, one fetch, no persistence (4.354084ms)
✔ SU02 refresh rejects a body, a key or a malformed path before any fetch (0.266583ms)
✔ SU02 cancel permits absent body/key, one fetch, no persistence (4.054ms)
✔ SU02 cancel rejects a body, a key or a malformed path before any fetch (0.369459ms)
✔ BPT01 exact private path, headers, body and three-locale one-fetch transport (95.242875ms)
✔ BPT02 payment routes reject untrusted path, context, headers, key and body before fetch (46.516875ms)
✔ BPT03 hostile upstream success is sanitized, never returned as payment data (6.8675ms)
✔ BPT04 every handoff failure is nonretryable, including pre-route and transport loss (1.090083ms)
✔ SU02 five routes: exact upstream path, method, key, body, one fetch each (0.826792ms)
✔ SU02 refresh and cancel are keyless and pass every CSRF/context denial before fetch (1.403333ms)
✔ SU02 every handoff/refresh/cancel failure is nonretryable and sanitized (29.644ms)
✔ SU02 hostile Stripe bodies become the sanitized 503; PAYUNi and Stripe bodies stay byte-identical (2.970542ms)
✔ SU02 prepare accepts only the two known method codes (1.506958ms)
✔ disabled and invalid configuration fail closed before private fetch (78.597125ms)
✔ private authority, cookie lifecycle and strict local denial (63.502167ms)
✔ bad host, cookie, query and method never reach private API (5.984041ms)
✔ stalled inbound POST body is canceled at its deadline without a cookie or private call (5.27875ms)
✔ R10: Begin forwards independently signed signals; browser attribution and forwarded hosts are not authority (2.538084ms)
✔ CVS BFF: exact routes, keyed open/store, keyless verify, validated answers, no generic proxy (5.893916ms)
✔ CVS BFF: contract refusal codes pass through; pay_at_pickup_limit is a definite (non-retryable) 429 (11.483375ms)
✔ fragment grammar accepts only one canonical token (0.572208ms)
✔ claim projections are closed (0.7385ms)
✔ claim token rides only its header on B1/B2 and is never echoed (194.607167ms)
✔ claim-priced cart edits send only SKU and quantity, keeping server price authority (29.585625ms)
✔ direct-checkout sold-out projection is mandatory, boolean and closed (0.159917ms)
✔ claim redeem shares the purchase lock, guards recovery and never persists the token (10.0425ms)
✔ ClaimLink removal projects live-priced survivors on ready and conflict pages (308.956834ms)
✔ ClaimLink revisit checks out applied A while pending B is sold out or unavailable (7.205334ms)
✔ ClaimLink refreshes a nothing result after a second tab applied the claim (4.428834ms)
✔ ClaimLink does not navigate when a buyable claim target is absent or has changed quantity (5.602583ms)
✔ ClaimLink optional prior-order notice tolerates unreadable storage without bypassing recovery (33.2715ms)
✔ CVS01 map form: only the two ECPay e-map actions, exact fields, top-level-safe values (2.774916ms)
✔ CVS02 return path allowlist excludes /claim and anything but the checkout or product page (0.724167ms)
✔ CVS03 selection projection: VERIFIED<=>pickup, REJECTED<=>reject_code, absent keys read as null (1.898458ms)
✔ CVS04 buyer-entered store answer and request body (0.938792ms)
✔ CVS05 store code table (§16.1) keeps leading zeros and per-chain lengths (0.594917ms)
✔ CVS06 recipient mirror: real-name width 4..10 (CJK=2), no digits/symbols/emoji; 09 mobile (1.711792ms)
✔ CVS07 checkout draft: name, phone and mode only; read once; corrupt/foreign shapes are dropped (0.583292ms)
✔ CVS08 return URL: only ?cvs_selection=<uuid> is accepted (0.284125ms)
✔ CVS09 buyer order projection and copy keys: nothing but PICKED_UP says picked up (0.51475ms)
✔ CVS10 error codes: field mapping, definite refusals, official links are https constants (0.294958ms)
✔ CVS11 client transport: verify is the one new keyless POST; the server refusal code rides BuyerClientError.detail (63.712292ms)
✔ every locale x page has a title, an updated line and at least one section (1.871667ms)
✔ locales share the section count and per-section body count of every page (1.162625ms)
✔ final text is only the owner-confirmed company facts (CR 81215167 name + registered address); nothing else is final (0.222958ms)
✔ a legal page is published only when every text on it is final; buyers see no link to an unpublished one (0.558083ms)
✔ data-deletion path is named in the privacy page of every locale (0.086667ms)
✔ pendingOwnerText lists exactly the texts that keep a page unpublished and is written for the owner (0.772125ms)
✔ a live (claim-origin) price replaces the catalog price and strikes it through (1.737375ms)
✔ without a live price the catalog price and its compare-at are shown unchanged (0.137375ms)
✔ a live price equal to or above the catalog price is shown as set (strike hidden by the UI guard) (0.062416ms)
✔ a live price strikes the catalog price, never the variant sale price (0.0535ms)
✔ order ref: 12 hex (dashes or spaces, any case) or a full id (0.590333ms)
✔ contact: one email or a phone of 6..20 digits (0.153917ms)
✔ body is exactly {order_ref, contact}; the answer is exactly {order_id} (0.346667ms)
✔ BFF lookup: no cookie needed, fresh token goes upstream, cookie only on 200 and it carries that same token (30.544916ms)
✔ BFF lookup: strict local denial before any private fetch (3.606875ms)
✔ copy: three locales carry every key (0.244458ms)
✔ MS4 srcset descriptors use actual decoded widths and deduplicate small renditions (0.378042ms)
✔ MS1 product rendition allowlist preserves trusted Host and never forwards buyer cookies (101.118042ms)
✔ MS2 invalid, duplicate, extra, encoded widths and non-product variants fail before fetch (3.567917ms)
✔ MS3 old-image fallback is never promoted to immutable; committed variants are cacheable (3.916ms)
✔ TWD whole amounts show no decimals in every locale and at every magnitude (line, subtotal, total, zero) (85.204625ms)
✔ cents appear only when there are cents, then always as two digits; the minor-unit arithmetic is untouched (0.19525ms)
✔ digits come from the currency: JPY none, USD two when there are cents (1.786959ms)
✔ one formatter: no component, page or lib builds a currency Intl.NumberFormat outside lib/money.ts (87.962291ms)
✔ locale probe bounds a missing destination head with a route/device diagnostic (7.628334ms)
✔ locale probe clears its deadline when the real head promise completes (0.478875ms)
✔ fragment: exactly #o=<order id>&t=<43-char token>; anything else is null (24.510042ms)
✔ body is exactly {order_id, token, proof}; the answer is exactly the order the link named (16.306875ms)
✔ BFF link: no cookie needed, fresh token upstream, cookie only on a 200 naming the same order, link token never echoed (70.340333ms)
✔ BFF link: strict local denial before any private fetch (5.952291ms)
✔ copy: three locales, one refusal text, a retry and a lookup path (0.118042ms)
✔ BPU01 fresh payment writes exact metadata before prepare, one bodyless Take, no persistent form (56.470833ms)
✔ BPU01 lost prepare response replays original key/body only on explicit next click (5.337417ms)
✔ BPU01 lost handoff is permanently GET-only, even after a second click (5.69775ms)
✔ BPU01 storage, amount, scope and child/screen fences reject before irreversible writes (1.231542ms)
✔ BPU01 document/child loss after prepare but before Take leaves exact replay marker (0.355541ms)
✔ BPU01 malformed server handoff never submits and Take remains nonretryable (0.712541ms)
✔ BPU01 marker replacement before Take and after Take blocks release/form reuse (6.26175ms)
✔ BPU01 context replacement after prepare and after Take closes destination without form (25.525875ms)
✔ BPU01 synchronous destination refuses invalid locale before opening a window (0.147875ms)
✔ SU03 fresh Stripe pay: marker before prepare, one prepare, one handoff, navigate, URL never stored (0.947833ms)
✔ SU03 marker replay: lost prepare response replays key/body, no uncertain on PENDING view with leftover marker (51.002125ms)
✔ SU03 cross-device Continue needs no marker and never prepares (84.276833ms)
✔ SU03 marker/view matrix: PAYUNi marker on Stripe view and Stripe marker on PAYUNi view send nothing (15.733292ms)
✔ SU03 any other view renders without a POST (3.854625ms)
✔ SU03 CREATING: waits on the schedule without the lock, then hands off once when READY (27.244708ms)
✔ SU03 CREATING budget: 10 reads over 30 s, then the blank child is closed, no POST, no throw (61.964959ms)
✔ SU03 cancel_requested seen on the re-GET aborts before the handoff POST (3.490542ms)
✔ SU03 handoff outcomes: CREATING closes child, CLOSED/UNAVAILABLE/error/malformed reject; one POST each, never retried (161.811584ms)
✔ SU03 Stripe prepare errors, amount/currency mismatch and popup loss stop before any handoff (13.10875ms)
✔ SU03 two clicks make two handoff POSTs only because there were two clicks; sequential, none from reads (0.912ms)
✔ SU03 navigate: validates again, needs an owned blank child, sets used before replace, no URL in errors (0.416625ms)
✔ SU03 refresh signal: keyless single POST, validated, throttled 1/10 s and 30 per page life, cancel never throttled (54.371625ms)
✔ SU03 signal failures are single-shot and sanitized: HTTP error, malformed body, wrong order (3.278292ms)
✔ private quote/option authority fields are required; only exact MANUAL home can checkout (1.506667ms)
✔ continue shopping advances only ordered version, clears hint, keeps SQL history authoritative (69.138916ms)
✔ lost next-cart response retries identical key/body and preserves a newer cart (2.809792ms)
✔ continuation never overwrites an already advanced cart (20.495292ms)
✔ unknown checkout blocks continuation without any business request (0.563125ms)
✔ two queued continuation clicks mutate once; stale order ID cannot clear another order (0.575166ms)
✔ CAS conflict resolves only after a newer cart is read (0.827417ms)
✔ locator removal failure retains next-cart journal and recovery survives missing locator (0.560625ms)
✔ order history summary rejects PII/unknown fields and malformed scope IDs (0.081458ms)
✔ native address validation mirrors printable Unicode, limits and phone; journal forbids PII (1.833375ms)
✔ address lost reply replays exact in-memory intent, then confirms current head (0.691709ms)
✔ address reload requires explicit new intent and exact observed CAS; stale head never auto-bumps (26.86625ms)
✔ old address receipt cannot confirm another tab's newer current head (0.289459ms)
✔ a late address CAS winner requires another explicit confirmation, not an automatic version bump (10.167375ms)
✔ checkout lost reply, queued duplicate and current GET reuse one key and one order (4.3625ms)
✔ uncertain checkout retains original journal across later 401/403/404/5xx and malformed success (0.947958ms)
✔ only a fresh definitive denial clears checkout; no order locator is invented (0.561875ms)
✔ locator storage failure after commit retains same key; reload GET failure keeps locator (0.755292ms)
✔ locator persisted but journal removal failed resumes pending receipt, not unrelated pointer (0.405208ms)
✔ unavailable storage, invalid locator and late changed context fail closed (0.209375ms)
✔ order locator readback mismatch and no-op journal removal both retain checkout recovery (0.345625ms)
✔ direct claim continuation refuses a newer ordered cart inside the purchase lock (0.311875ms)
✔ direct claim continuation keeps next-cart recovery after a conflicting clear (0.220291ms)
✔ collector projection: admitted for derived connections, absent/null for primary (2.746875ms)
✔ collector rejects identifiers, extra keys and malformed text (0.474834ms)
✔ disclosure renders the contract §5 line with all three slots substituted (0.232834ms)
✔ the disclosure line exists exactly when the hosted view returns a collector (0.316583ms)
✔ a shop or collector name with a replacement pattern is shown literally (0.362292ms)
✔ OrderPayment renders the disclosure with the view, above every pay button, through the helper only (22.673166ms)
✔ BPT03 exact valid projection and Go nanosecond UTC timestamps (4.978583ms)
✔ BPT03 view rejects private fields, inconsistent state and malformed names (0.723292ms)
✔ BPT03 prepared receipt enforces exact original credit-card amount (0.114125ms)
✔ BPT03 hosted form and replay are exact, bounded and action-allowlisted (0.645958ms)
✔ SU01 Stripe views: fresh, both methods, attempt states, PAYUNi unchanged (0.499542ms)
✔ SU01 Stripe view negatives (0.494541ms)
✔ SU01 prepared amounts follow the corrected per-currency table (0.832583ms)
✔ SU01 Stripe handoff union and every redirect_url negative (1.003791ms)
✔ SU01 payment signal is exactly {order_id, scheduled:boolean} (0.445666ms)
✔ RUI01 refund summary: refunded states, pending money, absent ≡ null (0.817542ms)
✔ RUI01 refund summary negatives (0.489875ms)
✔ BPU03 neutral GET and POST return ignore every callback field and cookie (87.037542ms)
✔ primary origin: exact path/query, same host, and no URL-controlled destination (7.426791ms)
✔ GET and HEAD use trusted Host, private bounded uncached resolver and exact 301 (117.545083ms)
✔ no writes redirected; resolution failures fail closed; unknown hosts keep native 404 (19.615916ms)
✔ policy version is the frozen constant, in the customers-core D4 shape (1.102208ms)
✔ route table: exactly the four buyer privacy routes, methods and body kinds (0.404333ms)
✔ body shapes are closed and mirror the frozen Go inputs (no source, no policy_version) (0.089334ms)
✔ GET privacy validator: closed shape, erased owner holds no consent (0.109417ms)
✔ consent result and erasure summary validators (0.223542ms)
✔ buyer export envelope never carries customer_id (0.078417ms)
✔ failure classification: 410 and erased are the erased state (5.466708ms)
✔ copy: every locale has the same keys, the ads box discloses that sent events cannot be recalled (0.349959ms)
✔ selected option photo uses a main display slot without adding a fifth main image (0.837125ms)
✔ use-cover selection and a main-thumbnail selection restore the original main gallery (0.091625ms)
✔ cart thumbnail uses variant then catalog image_id, including when main images are absent (0.088417ms)
✔ migrated four-main/five-detail images stay separate when the option photo changes (0.110791ms)
✔ real cart-detail composition uses server SKU image_id (v2 detail available) (13.791792ms)
✔ real cart-detail composition uses server SKU image_id (v2 detail unavailable) (0.571625ms)
✔ parity: frontend caps equal the Go constants (1.34975ms)
✔ detail parser: 4 main + 20 detail + option-value images are accepted and mapped (0.643541ms)
✔ detail parser: 5 main, 21 detail, bad ids and over-cap option images are refused (0.134125ms)
✔ detail parser: a backend before product-media-v2 (no new keys) still parses with empty defaults (0.068416ms)
✔ v1 catalog row: images are main-only (<= 4) and image_id is a uuid or null (0.172042ms)
✔ PRO-S1 code mirror: any case and spaces normalise; impossible codes never become a request (4.807917ms)
✔ PRO-S2 promotion object: closed keys, kind/value pairing (0.186833ms)
✔ PRO-S3 quote validator: promotion is optional but never malformed; the discount stays the server's own number (0.286833ms)
✔ PRO-S4 journal grammar: a quote write may carry one canonical promo_code, nothing else (1.61925ms)
✔ PRO-S5 copy: three locales cover every refusal code and the same keys (1.746833ms)
✔ PRO-S6 BFF quote route: promo_code relayed untouched when canonical, refused before the private API otherwise (43.025875ms)
✔ PRO-S7 BFF: every promo_* refusal is a definite, non-retryable 422 with its own code (2.74525ms)
✔ demonstration disclosure is explicit and local-only (0.524208ms)
✔ cart selection preserves unrelated SKUs and the observed CAS version (8.267375ms)
✔ minor amounts are bounded before multiplication, including zero (0.088584ms)
✔ delivery identity includes country for one market and method (0.069084ms)
✔ journal is bound to context and rejects PII/unknown fields (0.259917ms)
✔ lost response replays exact key/body, then clears only after parsed receipt (109.989792ms)
✔ RUI02 buyer order admits MERCHANT_SHIPPED only with a SHIPPED head; absent shipment ≡ null (0.400833ms)
✔ RUI02 shipment shape negatives (incl. unsafe links) (0.216833ms)
✔ RUI02 history summary admits MERCHANT_SHIPPED (a shipped order must not break the list) (0.088458ms)
✔ CVSP01 options: CVS rows carry pickup_selection/payment_modes; unavailable rows are a separate shape (7.553792ms)
✔ CVSP02 CVS destination write: TW only, pickup_id required, empty home address; home unchanged (13.93925ms)
✔ CVSP03 checkoutInput: payment_mode only for CVS rows and only a mode the row offers (0.633041ms)
✔ COD confirmation includes expected fee, enforces collect cap and validates immutable order money (1.281583ms)
✔ CVSP04 buyer order: pay_at_pickup <=> collection_state; cvs_shipment only on a matching CVS destination (5.654209ms)
✔ CVSP05 journal accepts a CVS destination marker and a checkout body with payment_mode, nothing else (5.730416ms)
✔ validProduct accepts up to the Go photo cap and rejects one more (2.215959ms)
✔ design: garbage and hostile documents collapse to the safe default shape (1.1305ms)
✔ design: links, preview token propagation, nav resolution (0.124333ms)
✔ design: any merchant accent yields readable button text and link colour (WCAG AA) (0.253958ms)
✔ variants: resolution, disabled out-of-stock combinations, initial choice, price bounds (0.142833ms)
✔ catalog-v2 parsers accept the frozen shapes and refuse drift (0.495333ms)
✔ free-delivery progress words the hint only when a threshold exists (0.06625ms)
✔ list query: only whitelisted, canonical values survive (0.234625ms)
✔ seo: JSON-LD cannot break out of its script tag; offers reflect stock and price range (8.608625ms)
✔ seo: sitemap escapes and carries hreflang; robots refuses everything for a closed host (0.188834ms)
✔ money: whole amounts drop cents, minor digits come from the currency, filters round-trip (0.378167ms)
✔ cart line write: replaces one line, keeps the others, 0 removes, CAS version is the one shown (0.8205ms)
✔ cart problems map to buyer-facing classes without leaking transport detail (0.084542ms)
✔ checkout options accept the optional free-shipping threshold only as a positive integer or null (0.156583ms)
✔ no-image placeholder copy: exactly the locale label a photo-less card or gallery renders (0.044958ms)
✔ storefront image caps equal the Go catalog caps (internal/catalog MaxMainImages, MaxDetailImages) (7.21175ms)
✔ design text limits count code points like Go, never splitting a surrogate pair (0.345791ms)
✔ G3: same-series cards exclude the current product and never invent absent draft/foreign products (0.564ms)
✔ G5: safety guidance exists in three languages without changing the five merchant policy approval boundaries (3.706583ms)
✔ G4: category chips omit empty collections; hidden collections absent from the public API stay absent (0.114541ms)
✔ OrderHistory renders server order instant in Taipei (10.693541ms)
✔ ClaimLink renders claim expiry in Taipei (2.334291ms)
✔ BankTransfer renders deadline and proof instant in Taipei (2.474333ms)
✔ BankTransfer proof echo labels store time in en (1.608916ms)
✔ BankTransfer proof echo labels store time in zh-TW (15.830959ms)
✔ BankTransfer proof echo labels store time in zh-CN (8.747375ms)
✔ BankTransfer input describes the device zone in en (4.6395ms)
✔ BankTransfer input describes the device zone in zh-TW (6.61575ms)
✔ BankTransfer input describes the device zone in zh-CN (4.289583ms)
✔ BankTransfer input has a generic label when Intl has no zone in en (2.841542ms)
✔ BankTransfer input has a generic label when Intl has no zone in zh-TW (1.571166ms)
✔ BankTransfer input has a generic label when Intl has no zone in zh-CN (11.328333ms)
✔ ShopFooter uses Taipei year across UTC year boundary (68.182667ms)
✔ BankTransfer deadline labels store time in en (4.391125ms)
✔ BankTransfer deadline labels store time in zh-TW (3.957417ms)
✔ BankTransfer deadline labels store time in zh-CN (1.849417ms)
✔ OrderHistory states the Taipei time zone once in en (4.482708ms)
✔ OrderHistory states the Taipei time zone once in zh-TW (1.26225ms)
✔ OrderHistory states the Taipei time zone once in zh-CN (0.996041ms)
✔ dictionaries have exact parity and non-empty values (0.683375ms)
✔ locale precedence and language quality mapping (0.655ms)
✔ localized paths preserve deep links and reject dangerous input (0.36475ms)
✔ path locale only matches a canonical first segment (0.059541ms)
✔ the four constructs render (0.671959ms)
✔ XSS payloads stay inert text (0.47775ms)
✔ fuzz: any string over a hostile alphabet renders only whitelisted tags (13.277209ms)
✔ validator mirrors the Go rules (0.242333ms)
✔ SDN1 allowlist: exactly the contract routes, per method (0.624458ms)
✔ SDN1 allowlist: traversal, case, suffix and prefix tricks never match (0.244334ms)
✔ SDN1 request shape: no query string anywhere, reads carry no body, key, length or transfer-encoding (11.94625ms)
✔ SDN1 cap: 260 KiB = Go's 256 KiB document + 4 KiB envelope, and a body of exactly the cap is still below it (0.065292ms)
✔ SDN2 renderer: every XSS payload comes out as whitelisted tags and escaped text only (5.0735ms)
✔ SDN2 renderer: escape-first means the merchant's text never becomes markup (0.123583ms)
✔ SDN2 renderer: fuzz (seeded) never produces a tag outside the whitelist (21.625416ms)
✔ SDN2 client validator rejects what the server rejects (HTML, non-https links, `<` anywhere) (1.784333ms)
✔ cleanForSave turns cleared fields into null but keeps an empty body (0.485167ms)
✔ localIssues names each missing mandatory value by server path (0.553625ms)
✔ moved swaps neighbours and ignores out-of-range moves (0.071625ms)
✔ parsers accept the exact Go shapes and refuse extra or missing keys (0.374667ms)
✔ BFF allowlist covers exactly the design resources (0.214792ms)
✔ validDesignRequest refuses queries and bodies on reads, ignores other paths (21.806ms)
✔ designDetails forwards only a bounded {path, reason} pair (0.173167ms)
✔ accepts exactly the three locale invite paths with a 20-200 char token (0.477167ms)
✔ rejects anything that is not an exact same-origin relative invite path (0.094791ms)
✔ rejects percent-encoded variants of the exact shape (0.053917ms)
✔ the token is an opaque invite token shape, never a URL (0.048ms)
✔ fragment carrier: round-trips the exact invite path, is never a query string, and rejects hostile fragments (0.200625ms)
✔ dashboard: accepts the frozen shape, rejects drift (7.546875ms)
✔ import result: strict keys, closed error codes, committed never carries errors (0.318667ms)
✔ csv file guard mirrors the Go bounds (0.078667ms)
✔ manual options: a COD home row parses with its offer (D01: the page used to refuse the whole list) (0.716709ms)
✔ manual options: only bank_transfer / pay_at_pickup / cash_on_delivery, key must equal market|country|code (0.131333ms)
✔ manual result: link is https with the order id and a 43-char capability in the fragment only (0.241917ms)
✔ draft: first problem, and the body has no price-like field at all (0.4115ms)
✔ BFF grammar: exactly the seven tools resources (0.07625ms)
✔ regenerate body/result: exactly {order_id, locale} and a fresh https link naming that order (0.190791ms)
✔ copy parity: every locale has every key, import rules and error codes (0.447416ms)
✔ callback redirect target is always a same-origin /<locale>/settings path whatever the cookies, store, code or error say (6.649625ms)
✔ the binding cookie: exactly one canonical store uuid, path-scoped to the callback, HttpOnly, Lax, 10 minutes, Secure (0.127333ms)
✔ callback query: exactly one code and one state within charset/length bounds; Meta's error=… and repeats are not forwarded (0.5865ms)
✔ the dialog URL the BFF hands the browser is https://www.facebook.com only (0.118041ms)
✔ callback error mapping only ever yields fixed codes, never an upstream message (0.116875ms)
✔ selected Page qualifies only a bare Facebook id, never rewrites another Page or external URL (0.610667ms)
✔ status: not connected, connected with and without Instagram, and every deviation throws (1.638875ms)
✔ pick state: closed shape, optional Instagram keys come as a pair, id must match (0.294917ms)
✔ route grammar: only status/states/pick/disconnect; start and callback are dedicated routes; no query; reads carry no body or key (12.493833ms)
✔ connect cookie, body and callback redirect never carry code/state and only fixed codes (0.345208ms)
✔ copy: three locales have the same keys and every Go error code has a message (0.103833ms)
✔ review-required remains restricted; evidence does not promote state (0.691833ms)
✔ legacy omission remains unidentified, independent of array order (0.87ms)
✔ closed shapes reject unknown state/provider/evidence, leaked fields and inconsistent severity (1.685958ms)
✔ duplicate capabilities/pages and unbounded arrays cannot become trusted state (0.273167ms)
✔ worst Page determines advice, no raw upstream reason reaches copy (0.164583ms)
✔ recheck receipt means scheduled; timestamps and closed keys are checked (0.147084ms)
✔ exact keyless route grammar rejects query/key/body confusion (171.630292ms)
✔ recheck takes exactly page_id and no caller-provided scope (0.351292ms)
✔ blocking advice comes from the blocking capability, not a secondary public-reply warning (0.277833ms)
✔ clean health browser mode prepares admin standalone before starting its fixture (9.295ms)
✔ en: expired connection retains its full refusal inside a wrapping badge (10.195625ms)
✔ zh-TW: expired connection retains its full refusal inside a wrapping badge (1.093417ms)
✔ zh-CN: expired connection retains its full refusal inside a wrapping badge (0.725ms)
✔ actual B1 snapshot state remains ok even when a fixture expected review_required (0.082834ms)
✔ D02 TWD input: whole dollars only, x100 on the wire (11.199041ms)
✔ D02 TWD edit text: whole dollars have no decimals; a legacy amount with cents is never shown as another price (0.957958ms)
✔ D02 display: NT$ without decimals in every language, cents only when there are cents (2.853208ms)
✔ D02 live-price input (Studio claims): TWD whole dollars, other currencies their decimals (0.785833ms)
✔ D02 discount code amounts: TWD whole dollars, a decimal is refused before it is sent (1.327583ms)
✔ D02 no admin copy or component says 'minor units' to the merchant (134.737166ms)
✔ M06 time: Asia/Taipei everywhere, labelled, never UTC (10.963792ms)
✔ settings answer: exactly one boolean key (1.0335ms)
✔ PUT body is the frozen single key (0.07275ms)
✔ BFF grammar: GET read, PUT keyed command, nothing else (0.190125ms)
✔ copy: three locales, same keys, no empty text (0.123625ms)
✔ PRM01 parse: exact keys, kind/value pairing and ranges; duplicates and unknown keys are refused (1.992083ms)
✔ PRM02 Taipei wall time: +08:00 on the wire, instant shown back in Taipei, impossible dates refused (10.1615ms)
✔ PRM03 create body: normalised code, major units to minor units, optional fields null, whole body validated (2.430167ms)
✔ PRM04 update + toggle: version CAS key, form round trip, pause keeps every other field (0.3745ms)
✔ PRM05 BFF grammar: exactly list, create and update; nothing generic (0.156125ms)
✔ PRM06 copy: three locales carry the same keys and every refusal code the Go routes can answer (0.113375ms)
✔ G-UI3/G-UI5 architecture constraints pass with shrinking legacy exceptions (1406.27625ms)
✔ G-UI3/G-UI5 negatives: new formatter, component fetch, >800 lines and wider allowance fail (0.507583ms)
✔ Readiness jump controls expose the actual active section, not a click flag (4.028708ms)
✔ Integrator P2: legal CN comment ordering and a distinct three-image recommendation (0.185708ms)
✔ ADM04 and ADM06 explain unavailable SKUs and keep collection vocabulary consistent (1.330041ms)
✔ ADM06 create/detail titles share the route vocabulary without adding a phantom Next page (0.368334ms)
✔ G-UI1 Next pages and route registry are bidirectional, unique, typed, documented (1.83925ms)
✔ G-UI1 copy key parity: no missing or extra key in any locale (0.30275ms)
✔ G-UI2 staff without catalog:read cannot see products/inventory or open a product URL (0.58075ms)
✔ G-UI2 every route permission is a permission Go knows, and /orders/new needs inventory:reserve (327.438625ms)
✔ G-UI1 dynamic and public routes match, details never appear as navigation (0.591417ms)
✔ W6-U2 ledger is a settings in-page route, preserving existing navigation (0.431375ms)
✔ Every browser spec clicks nav-orders: the orders group stays a singleton, so returns/new/print routes are nav: false (0.664125ms)
✔ shell-registry: every routed path has exactly one nonempty shared h1 in all three locales (248.545208ms)
✔ shell-registry: orders stays one actual group button on live and non-live routes (1.316292ms)
✔ shell-registry: loading/expired/unavailable/forbidden keep one safe heading and never leak private content (2.438208ms)
✔ created address is a strict HTTPS origin matching the assigned handle (0.604291ms)
✔ DNS instructions must name the requested origin and a bare hostname target (0.296083ms)
✔ domain kind is authoritative and closed, not inferred from host or token (0.133625ms)
✔ apex DNS retains every concrete IPv4/IPv6 address and rejects malformed values (1.158083ms)
✔ pending domain journal preserves exact action/key/target; legacy or corrupt markers never replay (0.689667ms)
✔ browser-origin gate: every refusal happens before Go is called, for every action (79.213166ms)
✔ only POST exists on the team routes (3.335ms)
✔ unknown action is a local 404 and never reaches Go (0.48775ms)
✔ strict request grammar: wrong keys, types, ids, roles, locales and token shapes are 422 locally (7.784042ms)
✔ what reaches Go: BFF key, bearer from the cookie, no Cookie/Origin, body unchanged, exactly one call per request (59.697625ms)
✔ Go failures are rebuilt locally from allow-listed codes, never retried, and never echo the token (23.478125ms)
✔ team answer: accepts the frozen shape, null role and OIDC member without email (1.894458ms)
✔ team answer: unknown key, unknown role, bad id, bad mail state are rejected (0.802541ms)
✔ invite and accept answers are strict (2.370083ms)
✔ request grammar: every action has an exact key set and rejects junk values (1.470667ms)
✔ copy: three locales carry the same keys and a label for every role (1.354083ms)
✔ role-aware navigation: hides entries the member's permissions cannot use; unknown shows all; Team is owner-only (2.789042ms)
✔ P02 settlements directory rejects missing/link/owner/group/mode with a valid control (811.099084ms)
✔ preflight health permission grammars and API/worker consistency fail closed (7957.884375ms)
✔ merchant alert flag is explicit 0|1 and independently requires SMTP (4835.72625ms)
✔ shared loader makes API/worker LIVE pair file-only before Compose interpolation (1478.546375ms)
✔ export bind accepts omitted JSON false but rejects unsafe source/config mutations (4.625459ms)
✔ sanctioned operator allowlist and fail-closed gates (fake docker, no network) (5097.897792ms)
✔ platform operator custody, export mount and binary are wired (250.290792ms)
✔ actual export bind refuses a missing directory; enabling auto-create is detected (841.569375ms)
✔ R3 preflight rejects cancelled PAYUNi, validates Page app and keeps LIVE pair mandatory (1276.036458ms)
✔ R3 smoke exercises exact denied probes, accepts 404 only for disabled mounts (115.808709ms)
✔ positive control: a complete, valid configuration raises no META_LOGIN finding (1956.117875ms)
✔ feature off (COMMERCE_META_LOGIN_CONFIG_ID empty): no rule applies even with the other keys empty (374.554459ms)
✔ P06: the Page route needs the webhook receiver (404.493125ms)
✔ P06: sessions come from identity (490.841041ms)
✔ P06: without the claims profile nobody sends the private replies (a WARN, not a FAIL) (680.458125ms)
✔ P08: COMMERCE_META_LOGIN_CONFIG_ID must be numeric ("abc") (897.418167ms)
✔ P08: COMMERCE_META_LOGIN_CONFIG_ID must be numeric ("12 34") (957.679167ms)
✔ P08: COMMERCE_META_LOGIN_CONFIG_ID must be numeric ("111111111111") (1948.367125ms)
✔ P08: COMMERCE_META_LOGIN_CONFIG_ID must be numeric ("0x10") (948.957041ms)
✔ P08: COMMERCE_META_LOGIN_CONFIG_ID must be numeric ("-1") (664.885666ms)
✔ P08: COMMERCE_META_LOGIN_REDIRECT_URI must be exactly https://<LC_ADMIN_HOST>/api/meta/callback (wrong host) (603.327167ms)
✔ P08: COMMERCE_META_LOGIN_REDIRECT_URI must be exactly https://<LC_ADMIN_HOST>/api/meta/callback (http scheme) (603.797375ms)
✔ P08: COMMERCE_META_LOGIN_REDIRECT_URI must be exactly https://<LC_ADMIN_HOST>/api/meta/callback (the ads callback path) (361.399416ms)
✔ P08: COMMERCE_META_LOGIN_REDIRECT_URI must be exactly https://<LC_ADMIN_HOST>/api/meta/callback (trailing slash) (363.161083ms)
✔ P08: COMMERCE_META_LOGIN_REDIRECT_URI must be exactly https://<LC_ADMIN_HOST>/api/meta/callback (query string) (360.033209ms)
✔ P08: COMMERCE_META_LOGIN_REDIRECT_URI must be exactly https://<LC_ADMIN_HOST>/api/meta/callback (empty) (643.026125ms)
✔ P08: COMMERCE_META_LOGIN_GRAPH_VERSION grammar vNN.N ("26.0") (1329.023542ms)
✔ P08: COMMERCE_META_LOGIN_GRAPH_VERSION grammar vNN.N ("v26") (552.424208ms)
✔ P08: COMMERCE_META_LOGIN_GRAPH_VERSION grammar vNN.N ("v26.0.1") (918.603084ms)
✔ P08: COMMERCE_META_LOGIN_GRAPH_VERSION grammar vNN.N ("latest") (548.048334ms)
✔ P08: COMMERCE_META_LOGIN_GRAPH_VERSION grammar vNN.N ("") (1139.527083ms)
✔ P08: COMMERCE_META_LOGIN_GRAPH_VERSION grammar vNN.N ("v1000.0") (615.254542ms)
✔ P08: COMMERCE_META_LOGIN_GRAPH_VERSION accepts v26.0 (879.426375ms)
✔ P08: COMMERCE_META_LOGIN_GRAPH_VERSION accepts v22.0 (205.240833ms)
✔ P08: COMMERCE_META_LOGIN_GRAPH_VERSION accepts v99.9 (315.292ms)
✔ production without any alert channel is a FAIL (nobody would hear the next outage) (1905.68475ms)
✔ outside production the same gap is only a WARN (375.112375ms)
✔ a webhook alone satisfies the rule (405.99775ms)
✔ an e-mail target with a complete relay (host, username, secret) satisfies the rule (504.912125ms)
✔ an e-mail target without the relay secret cannot be sent: FAIL in production, WARN elsewhere (1623.202958ms)
✔ the example's CHANGE_ME_SENDER placeholder is not a relay: the e-mail target cannot be sent (1062.910375ms)
✔ LC_ALERT_EMAIL must be one plain address ("not-an-address") (1805.636833ms)
✔ LC_ALERT_EMAIL must be one plain address ("two@fake.invalid,three@fake.invalid") (929.989708ms)
✔ LC_ALERT_EMAIL must be one plain address ("a b@fake.invalid") (676.849125ms)
✔ LC_ALERT_EMAIL must be one plain address ("<owner@fake.invalid>") (613.875959ms)
✔ LC_ALERT_EMAIL must be one plain address ("owner@fake") (611.265917ms)
✔ storefront cart-line removal is reversible: clicked for real, not guarded (2.314958ms)
✔ destructive / irreversible / sign-out classification (owner list, en + zh) (1.546625ms)
✔ alike controls (rows with ids / numbers) share one class key (0.391583ms)
✔ known defects classify, never silence: stale entries are reported (1.116375ms)
✔ the markdown ledger has one row per interaction and names the verdict (0.723583ms)
✔ protocolHrefOK accepts well-formed tel:/mailto: and rejects malformed ones (0.882833ms)
✔ J1 waits for enabled media and clicks a real chooser; the uploaded cover is bound to the main section (1106.443709ms)
✔ J1 cannot credit a detail-image receipt as the main cover (0.662ms)
✔ J1 refuses a failed cover upload rather than continuing to activate (0.265375ms)
✔ thresholds are the named constants of the brief (2.410792ms)
✔ R1: document wider than the viewport, and the outermost element past the edge (0.873167ms)
✔ R2: label tops, control tops and control heights of one visual row (1.890083ms)
✔ R2: what is one row and what is not (0.436167ms)
✔ R2: a button beside a field has to line up with its control (0.513416ms)
✔ R3: a row made tall by stacked controls, a control wider than its cell (1.288125ms)
✔ R3: a matrix whose EVERY row is doubled by a stacked stock cell (the median cannot see it) (0.830417ms)
✔ R4: small text, helper text apart, icons and duplicates excepted (3.610125ms)
✔ R5: tap targets on the 390 viewport only (1.752458ms)
✔ R6: interactive elements and text boxes that overlap (1.290709ms)
✔ R7: text clipped inside a control or label (either side), and select values that do not fit (1.476875ms)
✔ R8: the same visible label twice in one list (0.422708ms)
✔ evaluate() tags severity, selectRecords() keeps distinct groups first and counts every instance (0.9895ms)
✔ R9: text and controls flush to the screen edge at 390 (0.772166ms)
✔ R6/R9 judge the visible (ancestor-clipped) rectangle, not the raw one (integrator ruling 2026-10-05) (0.765333ms)
✔ R10: a fixed or sticky bar covering main content after scrolling (2.65025ms)
✔ R11: controls narrower than a usable width (317.554458ms)
ℹ tests 442
ℹ suites 0
ℹ pass 442
ℹ fail 0
ℹ cancelled 0
ℹ skipped 0
ℹ todo 0
ℹ duration_ms 24265.65025
✔ closed projections reject secret-shaped extras, invalid enums, IDs and contradictory capabilities (0.924375ms)
✔ detail accepts only bounded events and keeps actual server action flags (0.467ms)
✔ BFF exact routes and request grammar forbid keys/body on reads, filters on detail and arbitrary writes (21.910542ms)
✔ copy parity, safe object navigation and UNKNOWN/protective reasons (0.1905ms)
✔ read-only store capability never exposes a command even if the state allows one (0.080167ms)
✔ duplicate escaped keys cannot bypass the exact command grammar (0.052542ms)
✔ query backoff affects only its operation and expires without another action (0.055667ms)
✔ merchant reason text translates ledger events and conceals unknown or prototype codes (0.109708ms)
✔ ledger read navigation requires effective integration:read permission regardless of role (0.111ms)
ℹ tests 9
ℹ suites 0
ℹ pass 9
ℹ fail 0
ℹ cancelled 0
ℹ skipped 0
ℹ todo 0
ℹ duration_ms 122.073584
✔ OrderHistory renders server order instant in Taipei (30.459833ms)
✔ ClaimLink renders claim expiry in Taipei (2.859916ms)
✔ BankTransfer renders deadline and proof instant in Taipei (2.872792ms)
✔ BankTransfer proof echo labels store time in en (2.157375ms)
✔ BankTransfer proof echo labels store time in zh-TW (1.838708ms)
✔ BankTransfer proof echo labels store time in zh-CN (1.714166ms)
✔ BankTransfer input describes the device zone in en (1.711375ms)
✔ BankTransfer input describes the device zone in zh-TW (1.884792ms)
✔ BankTransfer input describes the device zone in zh-CN (1.808541ms)
✔ BankTransfer input has a generic label when Intl has no zone in en (1.47975ms)
✔ BankTransfer input has a generic label when Intl has no zone in zh-TW (1.165708ms)
✔ BankTransfer input has a generic label when Intl has no zone in zh-CN (1.551583ms)
✔ ShopFooter uses Taipei year across UTC year boundary (2.443416ms)
✔ BankTransfer deadline labels store time in en (1.509459ms)
✔ BankTransfer deadline labels store time in zh-TW (1.448625ms)
✔ BankTransfer deadline labels store time in zh-CN (1.839834ms)
✔ OrderHistory states the Taipei time zone once in en (1.25425ms)
✔ OrderHistory states the Taipei time zone once in zh-TW (1.039833ms)
✔ OrderHistory states the Taipei time zone once in zh-CN (0.908458ms)
✔ Meta rejection wording is preserved as bounded Unicode text, never translated (1.437334ms)
✔ frozen error codes: model list equals the frozen list, each is read from both error shapes (0.377875ms)
✔ copy: every code, status, op state and connect error has text in all three locales (0.264166ms)
✔ copy never calls a budget a hard stop and never offers resume (0.268334ms)
✔ draft: every §5.1 status parses; unknown status/template/op state is an error, never guessed (0.63425ms)
✔ draft: optional fields, remote ids and the Ads Manager link (0.205792ms)
✔ action hints: pause whenever a remote id exists and not ENDED; a paused draft is only ever copied (X7) (0.4365ms)
✔ money: whole units to minor with integer math; TWD must be whole (24.151917ms)
✔ Taipei schedule: wall inputs and draft projections ignore the viewer zone (3.42275ms)
✔ Taipei schedule: invalid calendar days are rejected and all copy names UTC+8 (0.662ms)
✔ draft input: exact 11-key body and every local rule (4.031583ms)
✔ draft form round trip and X7 copy (blank schedule, no id, no revision) (0.248167ms)
✔ settings parser: environment enum, connections, identities, capi (0.364416ms)
✔ connect state parser: pick list kinds and id match (0.106708ms)
✔ report: three separate blocks, orders may be null, no combined figure (0.247125ms)
✔ default report window is the Asia/Taipei store day whatever the viewer's zone is (Taipei midnight boundary) (3.908875ms)
✔ capi body and validation (0.140542ms)
✔ W6-06B unbind response: exact keys, account, UUIDs and outcome semantics (0.196042ms)
✔ W6-06B in-flight details preserve bounded items and total, reject unknown shapes (0.206875ms)
✔ W6-06B catalog feed has exact public URL/domain pairs or published-store empty (0.474666ms)
✔ W6-06B copy preserves unbind boundaries and feed recovery in three locales (0.063583ms)
✔ W6-06B feed selection follows origin order, not full feed URL order (0.1225ms)
✔ customer list accepts the frozen row and rejects unknown keys, dup ids, bad cursor, oversize (3.753542ms)
✔ customer row invariants: nulls for bundle-only/erased, counts, money, consents (0.326291ms)
✔ customer detail: bounded lists, order summaries reuse the orders parser, id must match (5.584416ms)
✔ erasure summary is four counts only (0.095167ms)
✔ finance summary: net = captured - refunded (I05), totals carry an empty day, sandbox flag (0.297541ms)
✔ financeDay is the UTC+8 day (0.056083ms)
✔ finance defaults keep Taipei dates across midnight, leap day and year end (0.126875ms)
✔ tags and notes are parsed strictly (W6-01B) (1.212625ms)
✔ TSX seam refuses an unlisted import (4.140125ms)
✔ Ads merchant timestamp uses Taipei at the year boundary (12.224083ms)
✔ Design version published_at cell uses Taipei at the year boundary (2.840917ms)
✔ ManualOrder bank-transfer expiry uses Taipei at the year boundary (3.211833ms)
ℹ tests 53
ℹ suites 0
ℹ pass 53
ℹ fail 0
ℹ cancelled 0
ℹ skipped 0
ℹ todo 0
ℹ duration_ms 198.487958
✔ OrderHistory renders server order instant in Taipei (14.893583ms)
✔ ClaimLink renders claim expiry in Taipei (2.147208ms)
✔ BankTransfer renders deadline and proof instant in Taipei (2.124375ms)
✔ BankTransfer proof echo labels store time in en (1.617875ms)
✔ BankTransfer proof echo labels store time in zh-TW (1.424917ms)
✔ BankTransfer proof echo labels store time in zh-CN (1.438958ms)
✔ BankTransfer input describes the device zone in en (1.650375ms)
✔ BankTransfer input describes the device zone in zh-TW (2.41925ms)
✔ BankTransfer input describes the device zone in zh-CN (2.353167ms)
✔ BankTransfer input has a generic label when Intl has no zone in en (1.674291ms)
✔ BankTransfer input has a generic label when Intl has no zone in zh-TW (1.299875ms)
✔ BankTransfer input has a generic label when Intl has no zone in zh-CN (1.125875ms)
✔ ShopFooter uses Taipei year across UTC year boundary (1.916375ms)
✔ BankTransfer deadline labels store time in en (1.420083ms)
✔ BankTransfer deadline labels store time in zh-TW (1.148708ms)
✔ BankTransfer deadline labels store time in zh-CN (1.154958ms)
✔ OrderHistory states the Taipei time zone once in en (0.738ms)
✔ OrderHistory states the Taipei time zone once in zh-TW (0.615791ms)
✔ OrderHistory states the Taipei time zone once in zh-CN (0.714625ms)
✔ Meta rejection wording is preserved as bounded Unicode text, never translated (2.096334ms)
✔ frozen error codes: model list equals the frozen list, each is read from both error shapes (1.9295ms)
✔ copy: every code, status, op state and connect error has text in all three locales (3.80525ms)
✔ copy never calls a budget a hard stop and never offers resume (0.61475ms)
✔ draft: every §5.1 status parses; unknown status/template/op state is an error, never guessed (4.503166ms)
✔ draft: optional fields, remote ids and the Ads Manager link (0.293416ms)
✔ action hints: pause whenever a remote id exists and not ENDED; a paused draft is only ever copied (X7) (4.690833ms)
✔ money: whole units to minor with integer math; TWD must be whole (8.52775ms)
✔ Taipei schedule: wall inputs and draft projections ignore the viewer zone (3.472292ms)
✔ Taipei schedule: invalid calendar days are rejected and all copy names UTC+8 (0.290542ms)
✔ draft input: exact 11-key body and every local rule (3.609417ms)
✔ draft form round trip and X7 copy (blank schedule, no id, no revision) (0.302417ms)
✔ settings parser: environment enum, connections, identities, capi (0.413042ms)
✔ connect state parser: pick list kinds and id match (0.11525ms)
✔ report: three separate blocks, orders may be null, no combined figure (0.255542ms)
✔ default report window is the Asia/Taipei store day whatever the viewer's zone is (Taipei midnight boundary) (2.384417ms)
✔ capi body and validation (0.129208ms)
✔ W6-06B unbind response: exact keys, account, UUIDs and outcome semantics (0.193833ms)
✔ W6-06B in-flight details preserve bounded items and total, reject unknown shapes (0.175208ms)
✔ W6-06B catalog feed has exact public URL/domain pairs or published-store empty (0.229458ms)
✔ W6-06B copy preserves unbind boundaries and feed recovery in three locales (0.065ms)
✔ W6-06B feed selection follows origin order, not full feed URL order (0.068084ms)
✔ customer list accepts the frozen row and rejects unknown keys, dup ids, bad cursor, oversize (2.640166ms)
✔ customer row invariants: nulls for bundle-only/erased, counts, money, consents (0.238458ms)
✔ customer detail: bounded lists, order summaries reuse the orders parser, id must match (4.164875ms)
✔ erasure summary is four counts only (0.178833ms)
✔ finance summary: net = captured - refunded (I05), totals carry an empty day, sandbox flag (0.34975ms)
✔ financeDay is the UTC+8 day (0.064125ms)
✔ finance defaults keep Taipei dates across midnight, leap day and year end (0.091584ms)
✔ tags and notes are parsed strictly (W6-01B) (0.604791ms)
✔ TSX seam refuses an unlisted import (6.814542ms)
✔ Ads merchant timestamp uses Taipei at the year boundary (15.648167ms)
✔ Design version published_at cell uses Taipei at the year boundary (3.634834ms)
✔ ManualOrder bank-transfer expiry uses Taipei at the year boundary (4.83975ms)
ℹ tests 53
ℹ suites 0
ℹ pass 53
ℹ fail 0
ℹ cancelled 0
ℹ skipped 0
ℹ todo 0
ℹ duration_ms 157.432084
✔ legacy display sentinels preserve a list row without admitting arbitrary or private data (2.12275ms)
✔ orders-v2 accepts bounded filters and Taipei inclusive dates; rejects ambiguity (0.431458ms)
✔ orders-v2 rejects client count approximations, unbounded or extra response data (0.145833ms)
✔ all three locales label every task queue, payment and delivery mode (0.29475ms)
ℹ tests 4
ℹ suites 0
ℹ pass 4
ℹ fail 0
ℹ cancelled 0
ℹ skipped 0
ℹ todo 0
ℹ duration_ms 74.9305
✔ numeric store IDs have no suggestion BFF or browser client (1.244417ms)
ℹ tests 1
ℹ suites 0
ℹ pass 1
ℹ fail 0
ℹ cancelled 0
ℹ skipped 0
ℹ todo 0
ℹ duration_ms 63.474917
✔ ADM10 operator sentence is localized while product and company facts stay authoritative (0.367292ms)
✔ PS review: actual Host matching normalizes case, port and a terminal DNS dot, never forwarded authority (0.214375ms)
✔ PS review: privacy/terms retain Messenger and Instagram purpose disclosure; deletion uses exact UI labels (0.094375ms)
✔ P2-N1 zh-TW/privacy: current comments and private reply, conditional inbound messages (0.070333ms)
✔ P2-N1 zh-TW/terms: current comments and private reply, conditional inbound messages (0.036625ms)
✔ P2-N1 zh-CN/privacy: current comments and private reply, conditional inbound messages (0.030042ms)
✔ P2-N1 zh-CN/terms: current comments and private reply, conditional inbound messages (0.037708ms)
✔ P2-N1 en/privacy: current comments and private reply, conditional inbound messages (0.040375ms)
✔ P2-N1 en/terms: current comments and private reply, conditional inbound messages (0.037792ms)
✔ PS1 legal identity is one untranslated source (0.073916ms)
✔ PS1 contact and hosts come only from configuration; production fails closed (0.303916ms)
✔ PS2 public routes default to zh-TW, restrict page/locale, and never include admin (0.356625ms)
✔ PS4 optional Meta verification value never has a fake default (0.0445ms)
✔ PS1 every locale uses the same product name in auth page titles (0.0355ms)
✔ PS1 public page copy has three complete locales, no invented operator identity or contact (0.180708ms)
✔ PS1 production build validates config; public data is not bundled through NEXT_PUBLIC (0.8005ms)
✔ PS review: admin image installs the manifests for its workspace dependencies before building (0.323833ms)
ℹ tests 17
ℹ suites 0
ℹ pass 17
ℹ fail 0
ℹ cancelled 0
ℹ skipped 0
ℹ todo 0
ℹ duration_ms 71.788875
✔ R11 SQL's exact receipt states are accepted; missing/forged operation/state remains unknown (0.763459ms)
✔ R11 durable receipt journal validates phase against exact operation state (0.345ms)
✔ R11 actual read control distinguishes replay/inflight/unknown/failure in en (4.02525ms)
✔ R11 actual read control distinguishes replay/inflight/unknown/failure in zh-TW (0.612834ms)
✔ R11 actual read control distinguishes replay/inflight/unknown/failure in zh-CN (0.510584ms)
✔ unknown journal retains exact key/boundary and is scoped to store+session; malformed state fails closed (0.13ms)
✔ R12 read hook keeps network UNKNOWN on one key and explicitly refreshes acknowledged UNKNOWN (12.434916ms)
✔ actual POST transport uses CSRF and session fence; 403 independent of response text (14.436209ms)
✔ R10 ROAS has exactly two decimals in en (12.079791ms)
✔ R10 unknown ROAS is never fabricated as zero in en (0.074ms)
✔ R10 ROAS has exactly two decimals in zh-TW (0.150542ms)
✔ R10 unknown ROAS is never fabricated as zero in zh-TW (0.036375ms)
✔ R10 ROAS has exactly two decimals in zh-CN (0.125417ms)
✔ R10 unknown ROAS is never fabricated as zero in zh-CN (0.028916ms)
✔ shared presentation preserves registry title and one empty buyer message in en (24.951375ms)
✔ R11 large linked-draft list is complete but collapsed in en (3.256042ms)
✔ shared presentation preserves registry title and one empty buyer message in zh-TW (5.709125ms)
✔ R11 large linked-draft list is complete but collapsed in zh-TW (2.737125ms)
✔ shared presentation preserves registry title and one empty buyer message in zh-CN (5.568625ms)
✔ R11 large linked-draft list is complete but collapsed in zh-CN (2.550084ms)
✔ R11 timeline distinguishes local unknown spend from explicit Meta zero in en (3.000458ms)
✔ R11 timeline distinguishes local unknown spend from explicit Meta zero in zh-TW (3.03125ms)
✔ R11 timeline distinguishes local unknown spend from explicit Meta zero in zh-CN (1.888667ms)
✔ R11 I12 nullable Meta evidence survives without becoming zero (0.182041ms)
✔ R11 actual panel rendering preserves unknowns and reconnect route in en (10.4245ms)
✔ R11 actual panel rendering preserves unknowns and reconnect route in zh-TW (10.657417ms)
✔ R11 actual panel rendering preserves unknowns and reconnect route in zh-CN (11.538375ms)
✔ D1, D6, R7: exact amounts and sources remain independent, account days stay labelled (0.219125ms)
✔ R12: null stays unknown and unread / unauthorised / insufficient remain different states (0.226125ms)
✔ R12 granted but unread audience offers a read, never reconnect in en (1.592292ms)
✔ R12 granted but unread audience offers a read, never reconnect in zh-TW (1.585042ms)
✔ R12 granted but unread audience offers a read, never reconnect in zh-CN (1.6755ms)
✔ I12 forged / missing frozen fields never silently become zeros (0.868916ms)
✔ only whitelisted aggregates survive: extra identifiers and HTML are never interpreted (0.066917ms)
✔ attribution is a read-only BFF resource with exact bounded query grammar (0.310125ms)
✔ audience-read is exactly the new local intention POST and never a data GET or queried write (0.237ms)
✔ route fails closed without ads:read and is not a duplicate navigation entry; locale keys match (0.0995ms)
ℹ tests 37
ℹ suites 0
ℹ pass 37
ℹ fail 0
ℹ cancelled 0
ℹ skipped 0
ℹ todo 0
ℹ duration_ms 399.205417
✔ card-payments copy: identical key sets in all three locales (1.372292ms)
✔ merchant terms are quoted verbatim (contract §5) in the enable dialog (0.097375ms)
✔ ruling-fixed strings: platform not OPEN and BLOCKED note (0.040709ms)
✔ error map covers every frozen refusal code from migrations/0137 (0.062042ms)
✔ no Stripe account id, key or approval id shape appears in any copy string (0.218917ms)
✔ storefront collector disclosure matches contract §5 templates in three languages (0.053375ms)
✔ the merchant terms in the dialog are the contract §5 sentence, extracted from the contract (0.883792ms)
✔ the storefront templates are the contract §5 lines, extracted from the contract (0.147958ms)
✔ settlement copy: deduction columns are labelled as deductions in every language, with a legend and the net formula (0.349166ms)
✔ there is no separate 'not on the allowlist' message: it reads as not open (review P1-2) (0.103208ms)
✔ card summary accepts the frozen shape incl. all-null platform NONE (5.556917ms)
✔ card summary rejects unknown keys, bad enums, bad money, bad version (0.836667ms)
✔ card result is exactly {state, version, max_minor, currency, descriptor_preview} (0.264209ms)
✔ descriptor suffix rule: charset, 2..10 chars, must contain a letter (0.39125ms)
✔ the suffix length rule is the charset rule's 10; the 22-character descriptor total stays the server's (SANDBOX L=10, LIVE PrefixLength) (0.206042ms)
✔ descriptor preview mirrors the contract projection (base + '* ' + suffix) (0.133709ms)
✔ settlement list accepts statements without payout/lines keys (omitempty) (0.910208ms)
✔ settlement detail carries lines whose count and sums match the totals (0.479584ms)
✔ settlement parsers reject malformed reads (0.936125ms)
✔ fees, refunds and disputes are signed exactly as the ledger stores them (0.639792ms)
✔ a returned fee is a positive line fee; the detail's lines must add up to the statement totals (0.455542ms)
✔ closed_at/paid_at accept the offsets PostgreSQL emits as well as Z (0.362958ms)
✔ a payout reference shaped like a Stripe key or account id is never displayed (0.15175ms)
✔ platform not OPEN: 'not open yet' and no enable control, for every non-OPEN state; the platform badge still tells why (0.442292ms)
✔ allowlisted + OPEN: enable from NONE/DISABLED, disable from ENABLED (0.067583ms)
✔ not allowlisted on an OPEN platform reads exactly like not open: the same message, no 'platform open' badge, no enable (review P1-2) (0.085666ms)
✔ BLOCKED: the suspended note, disable only, never enable (whatever the platform says) (0.074292ms)
✔ without billing:manage nothing can be changed, but the state is still readable (0.074583ms)
✔ enable carries the platform's current terms, the suffix and the version read; NONE starts at 0 (0.068208ms)
✔ disable never sends a suffix and quotes the terms the store accepted (the platform's may have moved on) (0.040833ms)
✔ a retained suffix is recovered from the final preview so a re-enable can keep it (0.044042ms)
✔ the period label shows the last day inside the (exclusive-end) week (1.043833ms)
✔ payout state: paid, pending only when money is due, none when the week nets to zero or less (0.065708ms)
✔ card-payments and settlements are nav:false routes, so no group loses or gains a nav button (0.161542ms)
✔ settlements need billing:manage, the card page integration:read; the owner opens both (0.115667ms)
✔ statement cells: a dispute reversal and a returned fee read as credits (+) and every deduction as -, and the columns add up to the server's net (9.260417ms)
✔ the detail parser requires the lines of a statement that has lines; a quiet week (line_count 0) may omit them (0.123583ms)
✔ route table: exactly the four resources, nothing generic (0.487875ms)
✔ query grammar: card and settlement-detail are exact; settlements takes before/limit only (0.242209ms)
✔ request fence: keyless PUT (CAS), bodyless GETs, no transfer-encoding (19.604917ms)
✔ PUT body is the exact frozen shape {enabled, terms_version, descriptor_suffix, expected_version} (1.025125ms)
✔ the BFF route wires the card grammar: keyless CAS PUT, exact body, no-store, auth required (0.925333ms)
✔ the real card summary parses and drives the display state machine (1.325541ms)
✔ the real statement list parses: newest first, no lines, three payout states (0.747833ms)
✔ every real detail parses with its lines and the lines add up to the statement (1.08625ms)
✔ an empty ledger parses to no statements (0.241958ms)
✔ no account id, key or approval shape is in any real body (0.388583ms)
✔ the real statements display literally as signed contributions that add up to the server's net (12.994375ms)
ℹ tests 48
ℹ suites 0
ℹ pass 48
ℹ fail 0
ℹ cancelled 0
ℹ skipped 0
ℹ todo 0
ℹ duration_ms 113.792166
✔ option/slug/SKU caps equal internal/catalog (options.go, catalog.go) (8.816125ms)
✔ text caps equal the Go validators (name 120, description 8000, SEO 70/160, collection title 80) (1.150041ms)
✔ photo caps equal Go (MaxMainImages, MaxDetailImages, MaxImageBytes) and the SKU code pattern (1.07025ms)
✔ PE13 Cartesian matrix is local, preserves edits and deduplicates values (1.429875ms)
✔ PE13 bulk quantity skips negative rows without modifying them (0.107125ms)
✔ PE12 untracked document uses whole currency and per-order cap, never quantity (7.909583ms)
✔ PE14 missing readback is not guessed or silently cleared by full replacement (0.050958ms)
✔ bulk status accepts explicit per-item results, never empty or duplicated confirmations (0.172042ms)
✔ matrix refuses over 100 SKUs before expansion (0.071125ms)
✔ parity: admin caps equal the Go constants (0.674875ms)
✔ image list: 4 main + 20 detail + 2 sku in role order is accepted (0.301791ms)
✔ image list: 5 main, 21 detail, wrong role order, gaps and extra keys are refused (0.129875ms)
✔ single image: role is required and its position is bounded by the role cap (0.635709ms)
✔ option text limits count Go runes rather than UTF-16 units (0.169167ms)
✔ PE14 new edit SKU carries its own shipping and clears no existing fields (9.59825ms)
✔ PE14 patch changes only price and preserves unmentioned fields (0.172375ms)
✔ PE14 on_hand is not available, zero target is transmitted, ambiguous warehouse refuses (0.275083ms)
✔ PE14 explicit clears and shipping remain per SKU on an active row (0.122417ms)
✔ PE14 archive supersedes every other edit on that SKU (b77eeb11) (0.125916ms)
✔ PE14 no-op has no command fields and changed axes explicitly archive omitted variants (0.091917ms)
ℹ tests 20
ℹ suites 0
ℹ pass 20
ℹ fail 0
ℹ cancelled 0
ℹ skipped 0
ℹ todo 0
ℹ duration_ms 94.160333
(node:65063) ExperimentalWarning: Transform Types is an experimental feature and might change at any time
(Use `node --trace-warnings ...` to show where the warning was created)
✔ UNKNOWN retry client authorization loss requires reconciliation, not a fresh command (3.269333ms)
✔ UNKNOWN retry 401 authorization loss requires reconciliation, not a fresh command (9.435125ms)
✔ UNKNOWN retry 403 authorization loss requires reconciliation, not a fresh command (0.588458ms)
✔ a conclusive command rejection stays distinct from authorization loss (0.763166ms)
ℹ tests 4
ℹ suites 0
ℹ pass 4
ℹ fail 0
ℹ cancelled 0
ℹ skipped 0
ℹ todo 0
ℹ duration_ms 118.684875
(node:65066) ExperimentalWarning: Transform Types is an experimental feature and might change at any time
(Use `node --trace-warnings ...` to show where the warning was created)
✔ offer controls read authoritative limits without parsing unrelated KEYWORD_QTY_CONTAINS window/stats (12.871333ms)
✔ offer controls accept 101 through the backend cap of 200 distinct offers, reject 201 (1.961708ms)
✔ offer toggle preserves exactly the authoritative maximum in the real M4 payload (2.507833ms)
✔ console BFF admits exactly A1/A7/A6 and A5 read/copy methods (0.351459ms)
✔ Next proxy admits the exact console family and results query before the BFF (76.588417ms)
✔ PR18 proxy preserves malformed A2 cursor as 400 invalid_cursor (0.506042ms)
✔ results query is canonical repeated session_id 1..50, everything else queryless (0.086417ms)
✔ real BFF route forwards only exact resources, authenticates scope and returns private scrubbed errors (41.399667ms)
✔ new commands reject unknown keys and preserve frozen copy/lifecycle/recommend body (0.162875ms)
✔ browser commands reuse Studio fences, exact no-comment recommend body and backend refusal codes (1.3775ms)
✔ results client preserves canonical ids/order and rejects invalid list before fetch (0.245375ms)
✔ stock client reuses catalog transport/key/parser and fences a changed login without retries (1.05ms)
✔ journal replay sends the exact original method/path/body/key for all five commands (1.945709ms)
(node:65067) ExperimentalWarning: Transform Types is an experimental feature and might change at any time
(Use `node --trace-warnings ...` to show where the warning was created)
✔ A1 strict MOCK snapshot preserves unavailable counts, capability unknown and server stock (2.298292ms)
✔ A7 returns a separate lifecycle version and closed full KEYWORD_QTY_CONTAINS window (0.127ms)
✔ A5 results retain separate environments/currencies and bind exact requested ids/order (0.151041ms)
✔ A5 copy parses real Go envelope, copied offer prices and KEYWORD_QTY_CONTAINS window (0.341958ms)
✔ A6 accepts optional operation UUID, never guessed send success (0.089084ms)
(node:65068) ExperimentalWarning: Transform Types is an experimental feature and might change at any time
(Use `node --trace-warnings ...` to show where the warning was created)
✔ Live settings navigation accepts a scene picker entry but never a malformed or unscoped deep link (1.956708ms)
✔ LC-B7 stock permission admits live_adjust without inventory:write, not unrelated grants (0.087ms)
✔ Instagram comment total stays unavailable; Facebook observed count is not a platform total (0.064458ms)
✔ LC-U1 one primary action follows lifecycle, never planning or transport state (0.048167ms)
✔ LC-U1 stock target uses sellable delta and rejects fractions, negative and over-limit changes (0.08475ms)
✔ LC-U1 links only explicit FB post identities, never arbitrary URLs or guessed videos (0.073083ms)
✔ LC-U1 Facebook preview keeps the original no-frame CSP and uses a safe external link (0.628416ms)
✔ LC-U1 delayed copy completion cannot navigate after store switch or unmount (0.1085ms)
✔ LC-U1 receipt fence survives cookie rotation; pending replay still has a separate session boundary (0.397833ms)
ℹ tests 27
ℹ suites 0
ℹ pass 27
ℹ fail 0
ℹ cancelled 0
ℹ skipped 0
ℹ todo 0
ℹ duration_ms 288.679958
✔ Host subset: nested Provider and React19 context shadow defaults without sibling leakage (16.691375ms)
✔ Host subset: provider updates reach stable children and separate roots keep their own values (0.387208ms)
✔ Host subset: render errors restore context and hook ownership (22.468875ms)
✔ Host subset: portal children inherit logical context and retain handlers/state (1.230291ms)
✔ Host subset: portal target/key changes remount children and removal runs cleanup (0.40725ms)
✔ Host subset: createPortal rejects invalid DOM targets rather than swallowing children (0.168666ms)
✔ PR18 A8 clears names synchronously and keeps loaded older pages through a head poll (22.088084ms)
✔ PR18 A8 hides clear before effects even without pagination (1.609125ms)
✔ PR18 quiet A2 stream refreshes delayed claim marks without a new sequence or user refresh (2.385542ms)
✔ PR18 late claim automatically exposes keyword view and the reused BuyerPanel (6.138833ms)
✔ K3 A8 private polls every 10s, backs off, resets, pauses hidden and stops off-filter (9.907541ms)
✔ K3 A8 unreplied polls every 10s, backs off, resets, pauses hidden and stops off-filter (8.127959ms)
✔ K3 pasted tab is refused with invalid_text copy before any reply POST (0.967542ms)
✔ real SQL UNKNOWN mark blocks public-mode switching without a local receipt (0.545958ms)
✔ PR18 unknown public receipt has the correct cross-comment fence (1.506ms)
✔ PR18 queued public receipt has the correct cross-comment fence (1.140667ms)
✔ actual A2 hook fake clock: 3/6/12/24/30 backoff, success reset, hide clears and stops, 403 locks (3.604167ms)
✔ actual reset clears selected buyer and rereads without the old epoch cursor (0.824542ms)
✔ reply hints, coded error, UNKNOWN and capability state execute the actual composer (0.976125ms)
✔ PR18 A3 invalid_ref remains a definite 422 refusal (0.343667ms)
✔ PR18 a full history buffer stops paging without discarding rows or advancing its cursor (0.279375ms)
✔ K3 reply text rejects every C0/C1 control except newline (0.29825ms)
✔ SQL operation marks map to every merchant-visible delivery state (0.193291ms)
✔ real bridge sealCursor uses payload.signature rather than plain base64url (10.335166ms)
✔ A2 grammar refuses private/duplicate/ambiguous cursors and keys on reads (0.848833ms)
✔ A3-A5 exact comment ref and bodies; explicit preemption private only (0.141584ms)
✔ A4/A5 preserve frozen refusal codes, never provider/debug text (0.058084ms)
✔ reset invalidates old buffers and cursor before reread; older page cannot advance live cursor (0.108792ms)
✔ filter resources have only authorised opaque ids; backoff is capped and success resets (0.12775ms)
ℹ tests 29
ℹ suites 0
ℹ pass 29
ℹ fail 0
ℹ cancelled 0
ℹ skipped 0
ℹ todo 0
ℹ duration_ms 374.759167
✔ secondary failures preserve A1; only A1 is periodic; IG notice follows the platform/embeddability observation (194.55225ms)
✔ the existing console refresh also explicitly refreshes its parent list; no automatic list read (10.974417ms)
✔ parent forwards only an explicit refresh callback and retains the scene when list is unavailable (6.961458ms)
✔ every explicit browser response/event/navigation waiter has a finite sub-test budget (6.581667ms)
✔ A1 failures back off 3/6/12/24/30 seconds and success resets to five seconds (75.851708ms)
✔ Retry-After is a minimum; hidden tabs cancel polling; forbidden locks and conceals (32.0235ms)
✔ secondary reads are mount/refresh only, independent from A1 and non-fatal (21.4555ms)
✔ UNKNOWN journal restores the exact key/method/path/body and explicit retry after reload (23.464833ms)
✔ first definite 403 clears journal but locks commands; late success after navigation clears only its own key (32.868041ms)
✔ private reads preserve Retry-After seconds and dates, without changing existing error codes (19.438208ms)
✔ a restored in-flight or UNKNOWN request retains its journal after a replay 403 (50.85ms)
✔ restored copy success dispatches completion only in the still-current scene (35.636666ms)
✔ SessionCopy resyncs closed same-ID titles, preserves open edits and cancels to latest draft (22.544584ms)
✔ SessionCopy submit uses latest version; UNKNOWN request survives later draft/input changes (20.241375ms)
ℹ tests 14
ℹ suites 0
ℹ pass 14
ℹ fail 0
ℹ cancelled 0
ℹ skipped 0
ℹ todo 0
ℹ duration_ms 522.80075
✔ claims window modes match Go constants and every SQL match_mode CHECK (6.6525ms)
✔ host prompt stays verbatim at the frozen trunk contract; Japanese is absent (1.65875ms)
✔ bundle parser accepts manual (labelled) and Meta (unlabelled) bundles (1.214875ms)
✔ bundle parser rejects unknown platforms and label/platform mismatches (0.197333ms)
✔ offer parser carries the live price and rejects every out-of-range or missing field (0.270458ms)
✔ library and import parsers are closed; removal receipt is the only version-0 shape (0.196291ms)
✔ price input: exact decimal minor units, never float, bounded to the currency's places (7.828458ms)
✔ live-tools copy exists in all three locales with the same conflict reasons (0.464333ms)
✔ claims BFF allowlist is exactly M1–M7 per method (1.356375ms)
✔ M7 link response shape is closed (0.439541ms)
✔ host prompt copy is the frozen text, verbatim (0.201042ms)
ℹ tests 11
ℹ suites 0
ℹ pass 11
ℹ fail 0
ℹ cancelled 0
ℹ skipped 0
ℹ todo 0
ℹ duration_ms 106.803375
NOT_RUN: tests/media/r04-input-runner.test.mjs (COMMERCE_R04_LIVEKIT_BINARY unset)
✔ main/detail/sku caps use the existing frozen image contract (0.624583ms)
✔ phone and tall dimensions fit2000 without enlarging small assets (0.14575ms)
✔ upload query requires one exact role and sku value; reads/actions carry no query (0.40375ms)
✔ role transport encodes current option values and refuses invalid identities (0.166041ms)
✔ effective image axis follows current options, then falls back to first (0.066667ms)
✔ detail and option photos cannot satisfy the main-photo recommendation (0.059875ms)
✔ PM-U copy has matching keys in ja and all currently routed locales (0.130292ms)
✔ real-upload mode builds both Next applications on a clean CI checkout (6.716125ms)
✔ upload recovery journal survives a new session while remaining product/store scoped (0.125917ms)
✔ an option upload receipt requires its captured axis, value and image id on canonical readback (0.114834ms)
✔ failed durable recovery storage cannot authorize a media write (0.082333ms)
✔ an active product needs a main image after canonical media is known; repair paths stay possible (0.053125ms)
✔ empty media sections render a readable localized placeholder until photos are present (4.998083ms)
✔ real-upload mode never exits through the storefront MOCK shortcut (9.902375ms)
✔ a valid active zero-main product keeps an inline repair hint rather than a page error (5.241916ms)
✔ a new product issues the image-axis stage only for a chosen axis (0.775083ms)
ℹ tests 16
ℹ suites 0
ℹ pass 16
ℹ fail 0
ℹ cancelled 0
ℹ skipped 0
ℹ todo 0
ℹ duration_ms 278.318333
(node:65142) ExperimentalWarning: Transform Types is an experimental feature and might change at any time
(Use `node --trace-warnings ...` to show where the warning was created)
✔ a fitting PNG keeps the exact original File, bytes and alpha-capable format (0.81825ms)
✔ a JPEG exactly at both limits remains original, not a lossy re-encode (0.643042ms)
✔ an oversized phone JPEG is encoded below the cap after oriented scaling (0.545875ms)
✔ a large transparent PNG stays alpha-capable and is never painted with an opaque matte (0.505041ms)
ℹ tests 4
ℹ suites 0
ℹ pass 4
ℹ fail 0
ℹ cancelled 0
ℹ skipped 0
ℹ todo 0
ℹ duration_ms 91.199084
✔ HTTPS picklist fixture carries Secure session cookies automatically while preserving CSRF refusals (99.987333ms)
✔ batch controls stay compact until an order selection or live-session scope exists (0.167083ms)
✔ selection has XOR bodies, canonical unique IDs and separate 500/100 limits (0.368584ms)
✔ cross-page selection retains existing rows, deduplicates and refuses overflow atomically (0.687667ms)
✔ pick projection rejects PII/extra keys, invalid quantities and unmatched order identities (0.520709ms)
✔ batch replies bind one-for-one to confirmed orders and preserve uncertainty code (0.117ms)
✔ pick/export POSTs reject keys and all query variants except one exact template (1.823125ms)
✔ CSV filename binds to selected template and store; no path/header injection (0.196584ms)
✔ MOCK browser fixture list matches the incumbent closed order parser (12.46ms)
✔ recovery never clears an unknown or missing current attempt (0.132417ms)
✔ recovery and order-detail MOCK fixtures satisfy real read parsers (7.502625ms)
✔ order selection can read its session fence during SSR without browser globals (0.958083ms)
✔ MOU keeps native headed checks runnable on a Linux CI worker without DISPLAY (12.466375ms)
✔ pick fixture serves the scoped parcel reads required by the orders page (5.440625ms)
ℹ tests 14
ℹ suites 0
ℹ pass 14
ℹ fail 0
ℹ cancelled 0
ℹ skipped 0
ℹ todo 0
ℹ duration_ms 375.719167
✔ bodyless dissolve DELETE (empty body stream, no content-length) reaches Go with the CAS query, no body, no key (15.891125ms)
✔ every parcel DELETE must carry exactly one expected_version >= 1 (never forwarded without it) (1.561083ms)
✔ a DELETE that declares a body or chunked framing is refused (0.314416ms)
✔ DELETE needs the session, origin and CSRF like every command; other DELETEs stay unsupported (0.858625ms)
✔ GET parcel-groups (open groups read) and merge-suggestions pass with no query; a query or key is refused (8.986333ms)
✔ actual MOU parcel runner selects and collects the real parcel browser case (366.804583ms)
✔ merge suggestions accept the frozen shape (server-masked recipient) and reject drift (2.022125ms)
✔ created group requires the OPEN state and its members (0.143791ms)
✔ dissolved group is exactly id/state/version (0.083459ms)
✔ group shipment carries one SHIPPED version per member (1.338583ms)
✔ open groups (GET parcel-groups) accept the frozen shape and fail closed on drift (2.4215ms)
✔ reconcile: a reload rebuilds OPEN panels, a vanished OPEN group is dropped, history and live versions are kept (0.92075ms)
✔ three locales cover the same keys and every refusal code (0.550666ms)
✔ the owner-ruling sentence is exact in all three locales (0.142958ms)
✔ the in_parcel_group copy is the same sentence in parcels-copy (blocked + errors) and orders-copy, in every locale (0.182209ms)
✔ groupOfOrder prefers the OPEN group over retained SHIPPED/DISSOLVED history (0.374834ms)
✔ parcelOrderNumber is the canonical LC-<32 uppercase hex> order number and matches the open-group parser (0.481917ms)
✔ parcel refresh generation: bumped by every successful poll, whatever the cursor (0.198ms)
✔ parcel refresh generation: an in_parcel_group refusal bumps it, other refusals do not (0.129666ms)
✔ exactly the five W3-07B resources route (0.881917ms)
✔ dissolve carries exactly ?expected_version=N (N >= 1) (0.194292ms)
✔ readMergeSuggestions 401 immediately purges parent scope and refuses late sibling 200 (19.05875ms)
✔ readMergeSuggestions 403 immediately purges parent scope and refuses late sibling 200 (4.213ms)
✔ readMergeSuggestions 404 immediately purges parent scope and refuses late sibling 200 (3.548958ms)
✔ readOpenParcelGroups 401 immediately purges parent scope and refuses late sibling 200 (3.656709ms)
✔ readOpenParcelGroups 403 immediately purges parent scope and refuses late sibling 200 (3.3235ms)
✔ readOpenParcelGroups 404 immediately purges parent scope and refuses late sibling 200 (5.379666ms)
✔ readMergeSuggestions 503 preserves parent and local retry recovers actual DTOs (4.291625ms)
✔ readOpenParcelGroups 503 preserves parent and local retry recovers actual DTOs (5.837291ms)
✔ captured parent groups callback refuses hidden scope (6.760208ms)
ℹ tests 30
ℹ suites 0
ℹ pass 30
ℹ fail 0
ℹ cancelled 0
ℹ skipped 0
ℹ todo 0
ℹ duration_ms 442.696042
✔ exactly the nine W6-01B resources are admitted, each only under its own method (4.353708ms)
✔ the customer list is claimed only when a tag filter is present (customers-request.ts stays the owner otherwise) (0.363667ms)
✔ near misses are refused (no generic proxying) (0.240083ms)
✔ reads: no body, no key, no transfer-encoding; tag-list takes no query at all (23.303459ms)
✔ customer-list query: closed keys, tag must be a canonical uuid, list bounds identical to customers-request (0.664833ms)
✔ note-list query: only limit and after, with the customers-list bounds (0.148917ms)
✔ writes: exactly one well-formed Idempotency-Key; the two DELETEs carry no body but still need the key (1.322084ms)
✔ validTagName mirrors Go (NFC first, 1..20, trimmed, no control/Cf) (0.619209ms)
✔ validNoteBody mirrors Go (1..1000, not blank, only \n \r \t controls) (0.269542ms)
✔ tag-create body: closed keys, valid name and one of the eight colors (0.216125ms)
✔ tag-patch body: at least one of name/color, nothing else (0.084584ms)
✔ owner-tags body: tag_ids (<=100 canonical uuids) + 64-hex revision, exact keys (0.189875ms)
✔ note bodies: create {body}; patch {body, version>=1}; deletes and reads carry no body at all (1.1465ms)
✔ parseTagCatalog decodes {items: TagRecord[]} with the store-catalogue bounds (3.612125ms)
✔ parseTagSet / parseDeletedTag / parseDeletedNote decode the frozen write receipts (0.585708ms)
✔ parseNoteRecord / parseNotePage decode notes with the Go note rules (1.970417ms)
✔ customer-tags copy: three locales, identical key sets, the integrator's ruled note-privacy text verbatim (0.259333ms)
✔ components wire the ruled copy and the tag/note controls the specs click (1.099834ms)
✔ tag read names must already be trimmed NFC and Unicode code-point bounded (0.126667ms)
✔ session change before network sends nothing (7.871625ms)
✔ session changes after network or during body parse drop the response (10.050333ms)
✔ transient session digest failure is settled only before dispatch (1.608041ms)
✔ lost response followed by a changed session is UNKNOWN after dispatch (1.128291ms)
✔ lost response does not auto-retry; explicit replay keeps method/key/payload/scope (2.304584ms)
✔ 5xx or malformed success is uncertain, coded refusal is settled (2.574209ms)
✔ passive tag/detail refresh preserves an unsaved new-note draft (12.996166ms)
✔ passive refresh updates visible notes but preserves edit draft and original CAS version (0.997959ms)
✔ explicit refresh signal clears old edit draft while passive array changes do not (0.649125ms)
✔ an unauthorized note read clears private note bodies and the draft (1.858792ms)
✔ a transient note read failure keeps the notes already shown (2.429ms)
✔ an unauthorized note read signals the global logout once; a transient failure does not (3.989208ms)
✔ non-privacy writer: own notes keep Edit and Delete on a fresh mount, others' notes do not (1.309041ms)
✔ notes forbidden/not_found signals scope loss exactly once per mount, never on transient failure (43.86675ms)
✔ bad path/store/method/query/header is refused without authority or backend calls (24.543042ms)
✔ the actual proxy admits a tagged customer list with scoped search/cursor and rejects malformed tag authority (5.429458ms)
✔ signed-out/cross-store/Origin-CSRF denials short circuit before body or forwarding (2.294041ms)
✔ closed bodies and DELETE payloads cannot reach Go (4.476833ms)
✔ all write methods preserve exact key/body/store and private success status (27.37075ms)
✔ note pagination preserved and hostile backend errors/bodies sanitized (5.931292ms)
✔ a catalogue forbidden or not_found asks the parent to re-run its guarded reads, with no logout (192.459417ms)
✔ transient catalogue failures stay local; unauthorized logs out but is not a scope loss (85.420125ms)
✔ after a tag write the manager stays mounted: the catalogue refreshes in place, never reloads (15.562208ms)
✔ a manager-reported scope loss reloads the customer list and catalogue guarded reads (10.435459ms)
✔ CustomerDetail forwards a scope-lost signal to the guarded read once per page (12.250834ms)
✔ badges are escaped server tag facts with human-readable names (3.090584ms)
✔ actual customer notes render privacy notice, safe content, author fallback and read-only permissions (25.523542ms)
✔ unknown permissions and erased customer never offer note mutations (3.14575ms)
✔ write-only notes permit add but not edit/delete of notes the server does not mark own; privacy permission permits both (1.669083ms)
✔ manager trigger and all three localized buyer-export notices render through actual components (2.764667ms)
✔ UNKNOWN survives settled unauthorized retry until trusted success; fresh run ignored (1.907666ms)
✔ UNKNOWN survives settled forbidden retry until trusted success; fresh run ignored (0.429584ms)
✔ UNKNOWN survives settled version_changed retry until trusted success; fresh run ignored (8.150042ms)
✔ first-attempt preflight refusal is settled and permits a fresh action (1.131667ms)
✔ UNKNOWN and in-flight retries prevent duplicate dispatch; unmount discards stale outcome (0.442084ms)
✔ an unauthorized write signals the global logout; forbidden does not (0.539916ms)
✔ UNKNOWN command survives unmount/remount: still locked, same-key retry, cleared by trusted success (0.491916ms)
✔ a command unmounted while in flight is treated as UNKNOWN on remount (0.349916ms)
✔ a session boundary change drops the remembered UNKNOWN command (2.965875ms)
✔ a guarded read that ends signed-out signals the global logout once (2.880375ms)
✔ forbidden/unavailable failures and a successful read signal no logout (6.001709ms)
✔ refresh ending signed-out clears the view, blocks and signals the global logout once (4.363ms)
✔ refresh ending forbidden or not-found clears the data without a logout (8.968375ms)
✔ a transient refresh failure keeps the ready view and signals nothing (8.3565ms)
✔ exactly the eight report GETs are admitted; every other method or path is refused (0.593042ms)
✔ report reads: query required, no body, no key, no transfer-encoding (15.353542ms)
✔ from/to: exactly once each, calendar-valid days, 0..91 apart (1.30675ms)
✔ session_id: only on the funnel (json and csv), a canonical uuid, once (0.7375ms)
✔ parseProductReport: echoed range/zone, <=1000 rows sorted by net desc, net = captured - refunded (6.397125ms)
✔ parseChannelReport: closed vocabulary order, money per environment strictly ascending, I05 inside every bucket (0.970542ms)
✔ parseFunnelReport: nested counts, session echo, ordered_without_link bound (0.759375ms)
✔ parseManualReport: nullable principal/session ids, bucketed money like channels (0.326708ms)
✔ reports copy: three locales, identical key sets, the integrator's ruled money annotation verbatim (0.189542ms)
✔ Reports.tsx: four tabs, CSV per tab, ruled annotation, CSS/SVG charts only (no new dependencies) (1.085417ms)
✔ report CSV closed headers use actual Go slug, echoed dates and private no-store (0.313292ms)
✔ report response projection rejects unknown keys, mismatched range and non-private responses (1.403791ms)
✔ manual buckets follow Go's uncapped row count rather than a made-up 500-row limit (1.07925ms)
✔ display sorts only inside currency/environment groups, never sums money or mutates server rows (9.348875ms)
✔ page report query accepts exactly the four report names and defaults to products (0.062834ms)
✔ actual product table renders offline separately, both modes, no UUID copy and sortable headers (14.951917ms)
✔ actual channel chart exposes exact numbers and both money modes using SVG (0.813416ms)
✔ actual funnel has four stages, nested widths and truthful zero-denominator text (1.106917ms)
✔ manual table resolves authorized labels, has honest fallback, and never presents UUIDs (1.429917ms)
✔ all report views render localized empty states (0.511417ms)
✔ actual BFF refuses malformed query, unknown store/session, disabled auth and missing CSV fences before Go (47.907167ms)
✔ actual BFF closed JSON projection and CSV scope/query preserve trusted token; no forwarded client authority (14.696334ms)
✔ actual BFF permission and malformed CSV response fences do not masquerade as a download (9.207292ms)
✔ audited browser GET accepts same-origin Fetch Metadata plus CSRF, never cross-site or forwarded Host (27.968292ms)
✔ actual CSV client preflight sends nothing after session change, and a lost audit response is uncertain with no retry (11.287041ms)
✔ actual CSV client refuses stale-session bytes and downloads only a closed private response (6.032667ms)
✔ report leaf gives the actual trusted fetch 65 seconds, rejects redirects and forwards only server bearer (5.350833ms)
✔ incoming request cancellation aborts the real report fetch once, returns safe unavailable and never retries (6.846458ms)
✔ CSV final synchronous fence conceals bytes when cancellation, hide or cookie rotation happens inside final await (20.214209ms)
✔ CSV end-to-end deadline covers store lookup and report budget; aborted preflight sends no audited request (8.776166ms)
✔ an uncertain export stays locked for its scope after another scope's export (5.264334ms)
✔ an uncertain export scope persists per store in tab storage and re-locks a fresh render (30.141958ms)
✔ unavailable tab storage fails closed to the in-memory lock without throwing (3.181667ms)
✔ export lock is stored before dispatch; refused/delivered outcomes release it, uncertain and cut-short keep it (37.783917ms)
✔ releasing one scope keeps the other uncertain scopes of the store (6.943ms)
✔ export is refused and nothing is dispatched when the lock cannot be saved (denied, full or no storage) (6.005833ms)
✔ copy for an unsaved export lock exists in every locale (0.089916ms)
✔ product sort query parses strictly and defaults to net_minor descending (0.176167ms)
✔ legacy-store permission probe: forbidden/not-found/signed-out fail the read closed, transient falls back (10.17575ms)
✔ channel and funnel data retain their applied dates while draft dates wait for Show (140.52275ms)
✔ an uncertain export lock is bound to the session boundary, so a different user does not inherit it (21.416708ms)
✔ Finance landing links to reports under the same canSeeReports rule (9.368083ms)
✔ selected tag survives searches and cursor pagination while an empty filter is omitted (34.135333ms)
✔ customer list dispatch preserves legacy requests and sends every tag query to the closed W6 authority (264.023791ms)
✔ customers reports link is hidden only when permissions are present and lack orders:read (0.135416ms)
✔ reports are a finance subpage and preserve the existing single finance navigation entry (0.110959ms)
✔ an authoritative erased customer immediately unmounts the cached private tags/notes subtree (19.407208ms)
✔ the actual customer row shows manual tags and imported status without changing consent (4.416625ms)
✔ P1 actual tag DELETE accepts an empty Next-style stream without JSON MIME (326.862875ms)
✔ P1 actual note DELETE accepts an empty Next-style stream without JSON MIME (1.141958ms)
✔ P1 body-carrying tag writes still require JSON MIME through the real BFF (0.272958ms)
✔ P2 customer bare/encoded tag keys are invalid422 through the actual leaf before any backend (3.60875ms)
✔ P2 report products real session/CSRF response is private and Vary Cookie (2.3065ms)
✔ P2 report products.csv real session/CSRF response is private and Vary Cookie (0.421ms)
✔ P2 report malformed query and wrong CSRF are rejected by actual helpers before upstream (0.249292ms)
ℹ tests 118
ℹ suites 0
ℹ pass 118
ℹ fail 0
ℹ cancelled 0
ℹ skipped 0
ℹ todo 0
ℹ duration_ms 1186.176625
✔ real coded errors retain baseline classification and normalize import leaf cache to private,no-store (20.617792ms)
✔ preflight missing CSRF is definite and sends nothing; actual route CSRF and session refusals stay definite (1.087417ms)
✔ actual route uses real cookies/store membership and method/error envelopes, no helper substitutions (5.944375ms)
✔ actual client/route preserves original Blob bytes, trusted transport and privacy projection on200/409 (1.280917ms)
✔ success or stale preview must remain private; malformed/unknown/mismatched coded errors are uncertain after commit (2.116ms)
✔ lost/unreadable/session-changed dispatched commit remains UNKNOWN; no automatic retry (0.795167ms)
✔ actual failed-only result route strips IDs and real final session/cancel fence exposes no download (1.3515ms)
✔ actual route refuses unknown resource/query and duplicate session cookies before any upstream call (0.326875ms)
✔ actual route incoming cancellation aborts one dispatched transport and preserves client UNKNOWN (0.510334ms)
✔ real coded error cache may not be public, and closed payload may not acquire data-bearing fields (1.079292ms)
✔ copy still exposes specific merchant field reasons across three locales (3.122916ms)
✔ all real local and upstream import refusals including HEAD/unsupported are exact private,no-store (0.47425ms)
✔ fresh mismatched receipt stays UNKNOWN, exact manual replay mismatch becomes terminal without a third send (1.1525ms)
✔ terminal is impossible for malformed replay receipts or matching replayed counts (1.187958ms)
✔ Big5 bytes pass unchanged to upstream and real422 import envelope surfaces encoding_not_utf8 (0.703875ms)
✔ oversize file uses the actual header guard and specific size guidance in all locales without dispatch (10.6375ms)
✔ commit uses the original requested mapping, including an empty optional field, not resolved preview metadata (3.695459ms)
✔ an UNKNOWN commit remains locked through a later forbidden retry and only explicit same-file success unlocks (4.098292ms)
✔ leaving during a dispatched commit drops its payload and keeps an unconfirmed boolean without replay (3.16925ms)
✔ a definite first preflight refusal clears pending before sign-out and does not invent an unconfirmed import (3.152875ms)
✔ a replayed mismatched receipt ends UNKNOWN without offering another retry or unlocking historical orders (2.125875ms)
✔ real cookie and CSRF helpers generate and validate the actual host-cookie pair (1.171125ms)
✔ exact route rejects methods/keys/body/query/scope before any upstream request using real localError (4.752291ms)
✔ missing/duplicate session cookies reject and real clearAuthCookies expires session and CSRF (0.647875ms)
✔ actual authenticatedStores denies a store absent from the server projection (0.627875ms)
✔ private success routes server cookie token and exact canonical after, never caller bearer/cookie to Go (0.932458ms)
✔ actual safeError/localError preserve coded status with no-store and redact upstream diagnostics (1.627709ms)
✔ actual readBody and strict projection refuse MIME/oversize/extra private fields/city; network loss stays private (1.782959ms)
✔ actual client issues GET50/after through real route/private successful projection (7.63225ms)
✔ actual helper-issued browser fence rejects changed parent before dispatch (1.339333ms)
✔ private success from real route is discarded when the browser session changes during upstream read (1.779542ms)
✔ real localError no-store 401/403/404/503 preserves correct read category with no retry (2.670625ms)
✔ malformed sensitive backend projection becomes real unavailable, never a fake BFF success (0.746083ms)
✔ strict archive rows decode external order text, safe minor units and public keys (1.977625ms)
✔ PII-shaped city and extra sensitive fields never pass the safe projection (0.334417ms)
✔ all canonical Go cities pass; malformed types/bounds/order/time/money/cursor fail (0.759ms)
✔ read grammar is exact limit/after, not the stale brief's cursor name (37.280458ms)
✔ three locales retain truthful history-not-revenue basis and copy parity (0.185875ms)
✔ SSR renders actual safe rows, shared money/time, total count and read-only three-locale basis (43.444083ms)
✔ SSR distinguishes empty archive, 403, session loss and unavailable without stale rows/count (5.390791ms)
✔ actual pagination callbacks use opaque trail; double click cannot skip; refresh/scope reset page1 (4.789417ms)
✔ the static import subpage wins over customer detail and leaves the single customers nav intact (0.362959ms)
✔ the actual list offers import only to privacy holders and carries the current authorized store (181.122041ms)
✔ the actual detail mounts archive only for an active imported customer and passes its fenced identity (48.9125ms)
✔ MIUI-READY-VISIBLE-STORE actual signed helper waits on the visible selector and retains cookie/wizard assertions (143.791084ms)
✔ MIUI-READY-DENIED read-only staff reaches the real shell refusal instead of waiting for a private wizard (86.994792ms)
✔ failure verdicts precede successful rows, by source row number, without mutating the input (0.586667ms)
✔ the failure download contains only failed row metadata, with no source cell or success identifier (0.194458ms)
✔ reads quoted/BOM header only, without decoding malformed bytes from data rows (4.156042ms)
✔ guess only unique metadata aliases with explicit unmapped values (0.268167ms)
✔ shared dynamic leaf admits only exact import methods/actions and bounded mapping/count (18.953333ms)
✔ failed CSV emits only row/outcome/code, refusing any unexpected identifier or raw cell (0.282416ms)
✔ raw-byte cap does not decode/rebuild uploads and cancels oversized chunks (4.667167ms)
✔ backend privacy projection strips all source IDs on successful and failed rows (0.87325ms)
✔ closed preview parser refuses data-bearing rows, unknown keys and inconsistent counts (0.220875ms)
✔ order preview counts units while first CSV record numbers can exceed rows_total (0.071958ms)
✔ commit receipt has exactly five keys and no extra customer cells (0.09ms)
ℹ tests 57
ℹ suites 0
ℹ pass 57
ℹ fail 0
ℹ cancelled 0
ℹ skipped 0
ℹ todo 0
ℹ duration_ms 787.020292
✔ parseShard: i/N, empty means unsharded, anything malformed throws (0.770708ms)
✔ assignShards: deterministic, every key owned once, near-balanced (LPT bound) (0.963208ms)
✔ planClick: for every N the shards partition the whole universe (every registry route x variant, storefront walk, journey) (1.531041ms)
✔ planClick at N=10 keeps every shard within ~1.3x of the mean planned cost (0.130667ms)
✔ aggregate click: honest shards pass for several N (2.665166ms)
✔ aggregate click: a missing shard, a dropped page row, a lost journey, a failing row, a stale known defect and a missing platform marker are each a failure (3.715041ms)
✔ aggregate click: a route added to the registry after the shards ran cannot pass (the registry is re-read) (0.381042ms)
✔ aggregate visual: honest shards pass; a missing shard, a missing shot, a blocking verdict and a registry route outside the universe each fail (4.727375ms)
ℹ tests 8
ℹ suites 0
ℹ pass 8
ℹ fail 0
ℹ cancelled 0
ℹ skipped 0
ℹ todo 0
ℹ duration_ms 86.392333
ci-plan: 10 job(s); click-sweep x10 (aggregate)
  --browser-click-sweep@1/10  -> artifact gate-browser-click-sweep_1_10
  --browser-click-sweep@2/10  -> artifact gate-browser-click-sweep_2_10
  --browser-click-sweep@3/10  -> artifact gate-browser-click-sweep_3_10
  --browser-click-sweep@4/10  -> artifact gate-browser-click-sweep_4_10
  --browser-click-sweep@5/10  -> artifact gate-browser-click-sweep_5_10
  --browser-click-sweep@6/10  -> artifact gate-browser-click-sweep_6_10
  --browser-click-sweep@7/10  -> artifact gate-browser-click-sweep_7_10
  --browser-click-sweep@8/10  -> artifact gate-browser-click-sweep_8_10
  --browser-click-sweep@9/10  -> artifact gate-browser-click-sweep_9_10
  --browser-click-sweep@10/10  -> artifact gate-browser-click-sweep_10_10
✔ the full sweep and the full visual lint fan out into every shard and ask for the aggregate (0.9325ms)
✔ foundation-shards = the unit shard + every plan group; the serial `foundation` mode is untouched (0.636416ms)
✔ an explicit shard re-run (or a partial list) never claims the whole-run aggregate (0.101292ms)
✔ duplicates collapse, artifact names are safe and unique, bad input is refused (0.328459ms)
✔ main writes matrix / sweep_n / visual_n to GITHUB_OUTPUT (1.394208ms)
✔ backend-only paths run foundation-shards only (1.097583ms)
✔ node tests of deploy scripts and of the CI planner are backend-only (they cannot change a browser) (0.343875ms)
✔ a UI path adds the whole browser set, including click-sweep and visual-lint (1.73475ms)
✔ docs-only and output-only diffs keep the single required check (foundation-shards) (0.2935ms)
✔ tests/foundation/browser_* is a browser path, other tests/foundation files are not (0.2895ms)
✔ deploy flag: deploy/ and scripts/deploy* only (1.044167ms)
✔ the browser set is release-gate's browser-mode universe minus the documented exclusions (10.950084ms)
✔ parser: only compiled, correctly-shaped Test functions of untagged _test.go files (1.081ms)
✔ the real plan: every top-level test of tests/foundation runs in exactly one group (586.195292ms)
✔ a new test (in no list) still runs, exactly once, in the catch-all group; the same name with no catch-all is red (885.855166ms)
✔ a test listed in two groups is red; drift beyond the limit is red (873.425791ms)
✔ regexes: anchored explicit lists; the catch-all skips exactly everyone else's tests (0.447625ms)
✔ pack: deterministic, balanced to within the longest test, every name once (4.0725ms)
✔ parseDurations: top-level lines only (0.166667ms)
ℹ tests 19
ℹ suites 0
ℹ pass 19
ℹ fail 0
ℹ cancelled 0
ℹ skipped 0
ℹ todo 0
ℹ duration_ms 2526.808833
✔ PR18 real BFF preserves invalid_ref and cursor errors without upstream retry (17.09325ms)
✔ PR18 valid A2 Unicode/escaped pages exceed 1 MiB but A8 cap stays unchanged (124.554458ms)
✔ K3 comment-only no_source cannot widen the existing inbox error seam (3.167208ms)
✔ LC-U2a real BFF seam A2-A5 exact grammar, privacy, denial and no diagnostic reflection (5.458291ms)
✔ A8/A9/A13 and published templates: exact reads forward once with no-store (2.386417ms)
✔ real streamed POST bodies: A10-A14 exact keys reach upstream (3.828625ms)
✔ query, read headers, methods and body allowlists refuse before upstream (3.76975ms)
✔ session, CSRF and store authority precede content forwarding (0.9245ms)
✔ A12 fixed codes preserved; arbitrary upstream diagnostics stripped (4.672291ms)
✔ client preserves codes and receipt; changed/aborted session cannot publish private response (3.14825ms)
✔ A9 admits a full page of valid Unicode replies while bounding private response bytes (3.572667ms)
✔ non-JSON upstream 401 still expires both authentication cookies without diagnostic leakage (0.756625ms)
✔ real M7 response keeps no-referrer after matching Next production header rules (16.195625ms)
✔ three unit languages cover identical fixed labels and delivery states (0.944708ms)
✔ hiding aborts requests and rejects late responses, even after reveal (0.418166ms)
✔ switching selection invalidates both reads and write completions (0.066084ms)
✔ owner and explicit inbox permissions only; viewer fails closed (0.059792ms)
✔ Messenger counts Unicode codepoints; Instagram counts NFC UTF8 bytes (1.107791ms)
✔ uncertain transport retries retain the exact submission; definitive conflicts retire it (0.465417ms)
✔ privacy calibration cannot activate with production origin or ordinary caller env (0.141208ms)
✔ late focus/pageshow while native document remains hidden cannot reveal requests (0.097333ms)
✔ terminal navigation revocation cannot be undone by focus or refresh until a new page fence (0.055333ms)
✔ a ticket from another store/page fence is never accepted (0.044792ms)
✔ focus while already visible preserves the active epoch and the uncertain reply receipt (0.084167ms)
ℹ tests 24
ℹ suites 0
ℹ pass 24
ℹ fail 0
ℹ cancelled 0
ℹ skipped 0
ℹ todo 0
ℹ duration_ms 307.105125
✔ installed APIRequestContext cookie rules exclude Secure cookie from HTTP127 but retain HTTPS/localhost (0.46275ms)
✔ actual INU02 cross uses browser auth and retains exact 404/DM absence (50.999291ms)
✔ actual INU02 cross still rejects wrong authority 401 (3.460875ms)
✔ actual INU02 cross still rejects wrong authority 200 (3.254208ms)
✔ actual INU02 cross still rejects DM in denied response (2.7905ms)
✔ actual INU02 denied uses browser auth and retains exact 403/DM absence (1.509541ms)
✔ actual INU02 denied still rejects wrong authority 401 (1.179875ms)
✔ actual INU02 denied still rejects wrong authority 200 (0.963375ms)
✔ actual INU02 denied still rejects DM in denied response (0.94025ms)
✔ actual login settles /en and fixture store (real switch, scoped=false) (25.155ms)
✔ actual login settles /en and fixture store (real switch, scoped=true) (7.974375ms)
✔ actual login settles /en/inventory and fixture store (real switch, scoped=false) (4.8605ms)
✔ actual login settles /en/inventory and fixture store (real switch, scoped=true) (1.976ms)
✔ actual login settles /en/messages and fixture store (real switch, scoped=false) (1.69225ms)
✔ actual login settles /en/messages and fixture store (real switch, scoped=true) (4.218417ms)
✔ actual login settles /en and fixture store (already selected, scoped=false) (5.8845ms)
✔ actual login settles /en and fixture store (already selected, scoped=true) (6.982125ms)
✔ actual login settles /en/inventory and fixture store (already selected, scoped=false) (1.527042ms)
✔ actual login settles /en/inventory and fixture store (already selected, scoped=true) (1.900875ms)
✔ actual login settles /en/messages and fixture store (already selected, scoped=false) (11.014417ms)
✔ actual login settles /en/messages and fixture store (already selected, scoped=true) (2.202208ms)
✔ bundle fixture uses real claim commands and mounts existing M6/M7 without issuing early (7.450084ms)
✔ sensitive bundle scenario clicks native clipboard with trace/video disabled and no token body reads (0.477916ms)
✔ persisted link and token-free command receipt are compared without disclosing credentials (0.426792ms)
✔ actual clipboard evaluator exports only safe summary and detects malformed or retained synthetic credentials (251.001875ms)
✔ claim-window fixture isolates recovery after the current migration permits multiple OPEN windows (2.139834ms)
✔ ordinary Playwright diagnostics still capture failed-page ARIA when private guard is absent (12.158083ms)
✔ sensitive worker lifecycle prevents actual installed snapshot capture without masking the failure (67.319791ms)
✔ worker restores prior environment even when use rejects (absent) (2.384625ms)
✔ worker restores prior environment even when use rejects (empty) (6.629666ms)
✔ worker restores prior environment even when use rejects (existing-policy) (2.523709ms)
✔ fixture is worker-auto and module collection does not suppress ordinary diagnostics (57.542334ms)
✔ ordinary matcher ARIA context bypasses fallback flag and remains in actual installed diagnostics (3.953292ms)
✔ private test teardown removes only matcher page context while preserving failure (failed status) (4.752334ms)
✔ private test teardown removes only matcher page context while preserving failure (rejected use) (1.62425ms)
✔ matcher guard is test-auto without replacing the installed artifact auto fixture (1.17875ms)
✔ real Playwright --list collects each original INU case and isolated INU09 exactly once (1163.400542ms)
✔ Host subset: nested Provider and React19 context shadow defaults without sibling leakage (0.894667ms)
✔ Host subset: provider updates reach stable children and separate roots keep their own values (0.283417ms)
✔ Host subset: render errors restore context and hook ownership (0.404917ms)
✔ Host subset: portal children inherit logical context and retain handlers/state (0.180167ms)
✔ Host subset: portal target/key changes remount children and removal runs cleanup (0.138459ms)
✔ Host subset: createPortal rejects invalid DOM targets rather than swallowing children (0.090375ms)
✔ A real Inbox selection admits Go A9 attachments null without losing thread (48.188208ms)
✔ A real Inbox selection admits Go A9 attachments empty array without losing thread (27.702709ms)
✔ A malformed non-array A9 attachments is refused without painting DM or crashing selected entry (8.071083ms)
✔ C A8 HTTP200 empty list is ordinary data with no alert, selection or focus request storm (3.964916ms)
✔ C A8 list404 is scoped inbox unavailable in en, never an empty list or conversation denial (1.194709ms)
✔ C A8 list404 is scoped inbox unavailable in zh-TW, never an empty list or conversation denial (5.205208ms)
✔ C A8 list404 is scoped inbox unavailable in zh-CN, never an empty list or conversation denial (6.208209ms)
✔ C click-sweep Go harness mounts existing Inbox/templates services (STRUCTURE_ONLY, Go NOT_RUN) (0.7035ms)
✔ C click-sweep includes actual-router owner200 empty inbox assertion (STRUCTURE_ONLY, Go NOT_RUN) (0.441333ms)
✔ inbox evidence is covered by the CI upload root (2.53975ms)
✔ failed Playwright closes its log and emits sanitized diagnostics before Fatalf (0.111459ms)
✔ failure diagnostics match INU cases/counts without admitting private text (0.685ms)
✔ INU04 delayed handler 1 signals completion when fulfillment rejects (19.340125ms)
✔ INU04 delayed handler 2 signals completion when fulfillment rejects (1.534125ms)
✔ Host subset: nested Provider and React19 context shadow defaults without sibling leakage (0.891333ms)
✔ Host subset: provider updates reach stable children and separate roots keep their own values (0.278041ms)
✔ Host subset: render errors restore context and hook ownership (0.31875ms)
✔ Host subset: portal children inherit logical context and retain handlers/state (0.183708ms)
✔ Host subset: portal target/key changes remount children and removal runs cleanup (0.150833ms)
✔ Host subset: createPortal rejects invalid DOM targets rather than swallowing children (0.087125ms)
✔ recoveryDone waits for actual held M7 completion in zh-TW (67.64325ms)
✔ recoveryDone waits for actual held M7 completion in zh-CN (3.782583ms)
✔ recoveryDone waits for actual held M7 completion in en (3.385ms)
✔ Host subset: nested Provider and React19 context shadow defaults without sibling leakage (0.897625ms)
✔ Host subset: provider updates reach stable children and separate roots keep their own values (0.270334ms)
✔ Host subset: render errors restore context and hook ownership (0.553416ms)
✔ Host subset: portal children inherit logical context and retain handlers/state (0.185416ms)
✔ Host subset: portal target/key changes remount children and removal runs cleanup (0.146667ms)
✔ Host subset: createPortal rejects invalid DOM targets rather than swallowing children (0.099625ms)
✔ review2 P1 bundle-only row opens real A13 and issues existing M7 claim link to clipboard (43.073459ms)
✔ review2 P1 clipboard denial recopy reuses cached issued URL without another M7 POST (3.550541ms)
✔ review2 P1 lost M7 ACK retries exact receipt and null replay token never mints a fresh key (6.479791ms)
✔ review2 P1 missing CSRF before cached recopy cannot copy or issue again (7.565875ms)
✔ review2 P1 missing CSRF before uncertain retry rejects preserved receipt dispatch (5.19ms)
✔ review2 P1 late issued-link completion after hide cannot write clipboard (15.569875ms)
✔ review2 P1 late issued-link completion after selection cannot write clipboard (5.259917ms)
✔ review2 P1 late issued-link completion after unmount cannot write clipboard (2.846083ms)
✔ review2 P1 late issued-link completion after logout cannot write clipboard (5.549792ms)
✔ review2 P1 claim-link issuance denied without both live read/manage (inbox:read,live:read) (4.225375ms)
✔ review2 P1 claim-link issuance denied without both live read/manage (inbox:read,live:manage) (3.193667ms)
✔ review2 P1 missing authoritative recovery identity never guesses generation {"missingSession":true} (2.778334ms)
✔ review2 P1 missing authoritative recovery identity never guesses generation {"noBundle":true} (3.657458ms)
✔ review2 P2 exactly one matching binding uses named DM hard gate ok (6.276375ms)
✔ review2 P2 exactly one matching binding uses named DM hard gate review_required (3.2035ms)
✔ review2 P2 exactly one matching binding uses named DM hard gate missing_permission (4.176125ms)
✔ review2 P2 multiple same-provider bindings advisory only (dm_session:ok,dm_session:missing_permission) (4.640708ms)
✔ review2 P2 multiple same-provider bindings advisory only (dm_session:missing_permission,dm_session:reauth_required) (1.427417ms)
✔ review2 P2 multiple same-provider bindings advisory only (dm_session:ok,read_comment:missing_permission) (2.80075ms)
✔ review2 P2 multiple same-provider bindings advisory only (dm_session:review_required,dm_session:ok) (2.261625ms)
✔ review2 P2 actual scoped A12 409 capability refusal remains visible after advisory submit (6.588ms)
✔ review2 P2 missing health and single binding without named DM remain disabled (2.741458ms)
✔ review2 P2 expired cached issued link cannot be recopied or silently reissued (32.024417ms)
✔ Host subset: nested Provider and React19 context shadow defaults without sibling leakage (2.0715ms)
✔ Host subset: provider updates reach stable children and separate roots keep their own values (0.207792ms)
✔ Host subset: render errors restore context and hook ownership (0.228958ms)
✔ Host subset: portal children inherit logical context and retain handlers/state (0.191125ms)
✔ Host subset: portal target/key changes remount children and removal runs cleanup (0.167583ms)
✔ Host subset: createPortal rejects invalid DOM targets rather than swallowing children (0.0965ms)
✔ P1-1 actual visible focus preserves pending ticket, selection, revision and real retry receipt (1.586667ms)
✔ P1-1 actual unchanged-session pageshow checks without clearing; changed-session focus expires (0.298375ms)
✔ P1-1 actual hide/reveal clears and requests fresh revision, never accepts obsolete completion (0.245791ms)
✔ P1-1 changed-session visible focus expires even with a pending request (0.160875ms)
✔ P1-2 actual A9 refresh 404 removes rendered DM and unsent draft (24.973083ms)
✔ P1-2 actual send-finally A9 404 removes DM, draft and uncertain immutable receipt (3.484375ms)
✔ actual uncertain send still retains exact receipt when A9 authority remains (0ms post-send A9) (11.009125ms)
✔ actual uncertain send still retains exact receipt when A9 authority remains (50ms post-send A9) (107.60125ms)
✔ actual A9 stale held completion cannot paint after component cleanup (1.229208ms)
✔ P2 actual A14 404 clears buyer facts and customer draft (explicit future-version MOCK) (1.706292ms)
✔ safe authority errors remain the actual InboxError transport class (0.058792ms)
✔ actual current A13 without version keeps A14 disabled; future MOCK grants no backend claim (0.690166ms)
✔ P1-2 actual A11 takeover write 404 clears private state despite failing follow-up A9 (1.409083ms)
✔ P1-2 actual A12 send write 404 clears private state despite failing follow-up A9 (2.1505ms)
✔ A13 server orders omission remains distinct from authorized omitted data (1.206125ms)
✔ A13 server orders omission remains distinct from authorized empty data (0.655416ms)
✔ A13 server orders omission remains distinct from authorized populated data (0.573625ms)
✔ actual shell-store-selector captures selection before synchronous privacy teardown (allowed=true) (38.320459ms)
✔ actual shell-store-selector captures selection before synchronous privacy teardown (allowed=false) (10.890291ms)
✔ actual locale-switch captures selection before synchronous privacy teardown (allowed=true) (3.347ms)
✔ actual locale-switch captures selection before synchronous privacy teardown (allowed=false) (1.36425ms)
✔ Host subset: nested Provider and React19 context shadow defaults without sibling leakage (1.227209ms)
✔ Host subset: provider updates reach stable children and separate roots keep their own values (0.217541ms)
✔ Host subset: render errors restore context and hook ownership (1.460375ms)
✔ Host subset: portal children inherit logical context and retain handlers/state (0.2435ms)
✔ Host subset: portal target/key changes remount children and removal runs cleanup (0.160083ms)
✔ Host subset: createPortal rejects invalid DOM targets rather than swallowing children (0.098583ms)
✔ persisted A9 UNKNOWN after page entry warns and blocks the real composer in en (24.654375ms)
✔ persisted A9 UNKNOWN after page entry warns and blocks the real composer in zh-TW (1.447333ms)
✔ persisted A9 UNKNOWN after page entry warns and blocks the real composer in zh-CN (2.849167ms)
✔ A12 queued ACK followed by final A9 UNKNOWN overrides the local queued notice and blocks another send (3.047333ms)
✔ a captured previously enabled composer cannot bypass final UNKNOWN learned by Refresh (4.053875ms)
✔ a later A9 page omitting the known UNKNOWN is not delivery reconciliation (2.668625ms)
✔ persisted queued is not mislabeled UNKNOWN and retains ordinary composer eligibility (0.887875ms)
✔ persisted sent is not mislabeled UNKNOWN and retains ordinary composer eligibility (1.570375ms)
✔ persisted failed is not mislabeled UNKNOWN and retains ordinary composer eligibility (1.115833ms)
✔ persisted blocked is not mislabeled UNKNOWN and retains ordinary composer eligibility (2.875792ms)
✔ fresh mount refuses when an old UNKNOWN is beyond 51 newer messages (fact=true) (1.348916ms)
✔ fresh mount refuses when an old UNKNOWN is beyond 51 newer messages (fact=null) (1.060417ms)
✔ fresh mount refuses when an old UNKNOWN is beyond 51 newer messages (fact=undefined) (1.293292ms)
✔ fresh mount refuses when an old UNKNOWN is beyond 51 newer messages (fact=false) (1.492125ms)
✔ a refreshed unknown authority replaces old clear authority even for a captured composer (1.728708ms)
✔ Host subset: nested Provider and React19 context shadow defaults without sibling leakage (50.662917ms)
✔ Host subset: provider updates reach stable children and separate roots keep their own values (0.231708ms)
✔ Host subset: render errors restore context and hook ownership (0.299542ms)
✔ Host subset: portal children inherit logical context and retain handlers/state (0.396208ms)
✔ Host subset: portal target/key changes remount children and removal runs cleanup (0.151833ms)
✔ Host subset: createPortal rejects invalid DOM targets rather than swallowing children (0.092542ms)
✔ window strict eligibility with 300001ms before hard 24h deadline (16.111958ms)
✔ window strict eligibility with 300000ms before hard 24h deadline (1.534209ms)
✔ window strict eligibility with 60000ms before hard 24h deadline (1.024334ms)
✔ window strict eligibility with 0ms before hard 24h deadline (1.076083ms)
✔ window invalid server deadline fails closed without preparing a send (0.949375ms)
✔ window captured enabled form callback cannot POST after crossing safe cutoff (0.758958ms)
✔ window deadline timer closes controls at cutoff and hard end without waiting for 15s poll (0.709625ms)
✔ quota recovery gives exact zh-TW comment-quota and DM-window instructions beside copy only (0.30725ms)
✔ quota recovery gives exact zh-CN comment-quota and DM-window instructions beside copy only (0.083625ms)
✔ quota recovery gives exact en comment-quota and DM-window instructions beside copy only (0.081708ms)
ℹ tests 159
ℹ suites 0
ℹ pass 159
ℹ fail 0
ℹ cancelled 0
ℹ skipped 0
ℹ todo 0
ℹ duration_ms 1272.173584
