✔ /products/{uuid} redirects permanently to the zh-TW product page (22.421791ms)
✔ non-uuid ids are 404, never redirected (3.164333ms)
✔ AT1: the locale redirect preserves the ad-click query without allowing a redirect target (0.166042ms)
✔ R10: standalone signed signals survive a missing or expired seven-day touch (12.325167ms)
✔ R10: standalone signals reject expiry, bad signature, duplicates and another host (0.225417ms)
✔ AT1 R5: browser identity survives expired touch and rolls for ninety days (0.162875ms)
✔ AT1 R5: missing ad parameters create no cookies; fbclid alone creates no touch (0.869709ms)
✔ AT1 R5: lc_ad alone updates attribution and does not replace fbc (1.034458ms)
✔ AT1: host-only first-party cookies contain no PII and read back exactly (0.80375ms)
✔ AT1: a later valid click replaces the draft but preserves the browser identifier (0.530334ms)
✔ R10: only a different fbclid replaces fbc and its first-seen timestamp (0.662584ms)
✔ AT1: malformed and ambiguous links do not overwrite a valid prior touch (1.397875ms)
✔ AT1: host and key binding reject copied cookies (0.544667ms)
✔ AT1: duplicates and tampering invalidate the entire envelope (0.790959ms)
✔ AT1: exactly seven days is valid, the next millisecond and future clicks are not (0.553708ms)
✔ catalog list query limits equal the Go v2 parser (internal/buyerhttp/catalogv2.go) (8.763542ms)
✔ collection list cap equals Go maxCollectionsPerStore (0.953417ms)
✔ design caps equal internal/design/schema.go (nav, sections, pages) (1.351708ms)
✔ CVS buyer-entered store bounds and return path equal Go (internal/checkout/cvs.go, migration 0093) (3.796209ms)
✔ transfer view: closed shape and state rules mirror Go validTransferView (0.781875ms)
✔ proof body and result: five digits, positive minor amount, ISO instant (0.175958ms)
✔ minorFromText: major units with at most two decimals, never a float surprise (0.09175ms)
✔ buyer email mirror: one plain address, 254 characters at most (0.098917ms)
✔ countdown: whole hours and minutes, never negative (0.335334ms)
✔ copy: three locales carry every key and every refusal code (1.335916ms)
✔ options: a home row lists modes only with bank_transfer and then needs its window (0.823ms)
✔ checkoutInput: a home bank_transfer body, the optional trimmed email, and every refusal before any request (1.195292ms)
✔ order: AWAITING_TRANSFER is a valid commercial state without a hold time (0.213917ms)
✔ BFF: exact transfer routes, keyed proof PUT, strict body, validated answers, no generic proxy (30.429ms)
✔ BFF: transfer refusal codes pass through as definite 422; checkout accepts bank_transfer and a valid email only (3.159917ms)
✔ D06 order heading follows a settled transfer: never 'waiting for transfer' above a confirmed or expired one (0.081833ms)
✔ uncertain prepare blocks all mutations; changed cookie context resolves journal (33.189875ms)
✔ fully parsed local denial clears only its own pending operation (1.002667ms)
✔ malformed journal, unavailable lock and stale context fail before writes (1.985542ms)
✔ BPT05 exact handoff permits absent body/key, one fetch, no form persistence (57.969417ms)
✔ BPT05 wrong handoff form and ordinary writes fail before any fetch (0.539583ms)
✔ BPT05 unresolved cookie journal blocks handoff; lost response is one fetch without persistence (0.149417ms)
✔ SU02 refresh permits absent body/key, one fetch, no persistence (0.1705ms)
✔ SU02 refresh rejects a body, a key or a malformed path before any fetch (0.145667ms)
✔ SU02 cancel permits absent body/key, one fetch, no persistence (0.115708ms)
✔ SU02 cancel rejects a body, a key or a malformed path before any fetch (0.118666ms)
✔ BPT01 exact private path, headers, body and three-locale one-fetch transport (65.773916ms)
✔ BPT02 payment routes reject untrusted path, context, headers, key and body before fetch (9.588875ms)
✔ BPT03 hostile upstream success is sanitized, never returned as payment data (3.5685ms)
✔ BPT04 every handoff failure is nonretryable, including pre-route and transport loss (1.028708ms)
✔ SU02 five routes: exact upstream path, method, key, body, one fetch each (0.769ms)
✔ SU02 refresh and cancel are keyless and pass every CSRF/context denial before fetch (5.8215ms)
✔ SU02 every handoff/refresh/cancel failure is nonretryable and sanitized (10.751833ms)
✔ SU02 hostile Stripe bodies become the sanitized 503; PAYUNi and Stripe bodies stay byte-identical (6.495542ms)
✔ SU02 prepare accepts only the two known method codes (0.4285ms)
✔ disabled and invalid configuration fail closed before private fetch (65.131792ms)
✔ private authority, cookie lifecycle and strict local denial (34.81525ms)
✔ bad host, cookie, query and method never reach private API (1.457625ms)
✔ stalled inbound POST body is canceled at its deadline without a cookie or private call (3.197458ms)
✔ R10: Begin forwards independently signed signals; browser attribution and forwarded hosts are not authority (10.858666ms)
✔ CVS BFF: exact routes, keyed open/store, keyless verify, validated answers, no generic proxy (9.888625ms)
✔ CVS BFF: contract refusal codes pass through; pay_at_pickup_limit is a definite (non-retryable) 429 (9.187459ms)
✔ fragment grammar accepts only one canonical token (1.384666ms)
✔ claim projections are closed (0.784375ms)
✔ claim token rides only its header on B1/B2 and is never echoed (34.989334ms)
✔ claim-priced cart edits send only SKU and quantity, keeping server price authority (8.408083ms)
✔ direct-checkout sold-out projection is mandatory, boolean and closed (0.140541ms)
✔ claim redeem shares the purchase lock, guards recovery and never persists the token (1.643834ms)
✔ ClaimLink removal projects live-priced survivors on ready and conflict pages (213.353834ms)
✔ ClaimLink revisit checks out applied A while pending B is sold out or unavailable (10.743334ms)
✔ ClaimLink refreshes a nothing result after a second tab applied the claim (6.059291ms)
✔ ClaimLink does not navigate when a buyable claim target is absent or has changed quantity (6.974625ms)
✔ ClaimLink optional prior-order notice tolerates unreadable storage without bypassing recovery (12.484334ms)
✔ CVS01 map form: only the two ECPay e-map actions, exact fields, top-level-safe values (1.724ms)
✔ CVS02 return path allowlist excludes /claim and anything but the checkout or product page (0.155542ms)
✔ CVS03 selection projection: VERIFIED<=>pickup, REJECTED<=>reject_code, absent keys read as null (0.499542ms)
✔ CVS04 buyer-entered store answer and request body (0.301458ms)
✔ CVS05 store code table (§16.1) keeps leading zeros and per-chain lengths (0.196666ms)
✔ CVS06 recipient mirror: real-name width 4..10 (CJK=2), no digits/symbols/emoji; 09 mobile (1.048167ms)
✔ CVS07 checkout draft: name, phone and mode only; read once; corrupt/foreign shapes are dropped (0.673291ms)
✔ CVS08 return URL: only ?cvs_selection=<uuid> is accepted (0.174959ms)
✔ CVS09 buyer order projection and copy keys: nothing but PICKED_UP says picked up (0.137958ms)
✔ CVS10 error codes: field mapping, definite refusals, official links are https constants (0.233458ms)
✔ CVS11 client transport: verify is the one new keyless POST; the server refusal code rides BuyerClientError.detail (26.08275ms)
✔ every locale x page has a title, an updated line and at least one section (0.626417ms)
✔ locales share the section count and per-section body count of every page (0.813417ms)
✔ final text is only the owner-confirmed company facts (CR 81215167 name + registered address); nothing else is final (0.206709ms)
✔ a legal page is published only when every text on it is final; buyers see no link to an unpublished one (0.568167ms)
✔ data-deletion path is named in the privacy page of every locale (0.077834ms)
✔ pendingOwnerText lists exactly the texts that keep a page unpublished and is written for the owner (0.871625ms)
✔ a live (claim-origin) price replaces the catalog price and strikes it through (0.620667ms)
✔ without a live price the catalog price and its compare-at are shown unchanged (0.060833ms)
✔ a live price equal to or above the catalog price is shown as set (strike hidden by the UI guard) (0.047875ms)
✔ a live price strikes the catalog price, never the variant sale price (0.042459ms)
✔ order ref: 12 hex (dashes or spaces, any case) or a full id (0.484542ms)
✔ contact: one email or a phone of 6..20 digits (0.14575ms)
✔ body is exactly {order_ref, contact}; the answer is exactly {order_id} (0.175583ms)
✔ BFF lookup: no cookie needed, fresh token goes upstream, cookie only on 200 and it carries that same token (51.888208ms)
✔ BFF lookup: strict local denial before any private fetch (14.4065ms)
✔ copy: three locales carry every key (0.489333ms)
✔ MS4 srcset descriptors use actual decoded widths and deduplicate small renditions (1.008833ms)
✔ MS1 product rendition allowlist preserves trusted Host and never forwards buyer cookies (30.766459ms)
✔ MS2 invalid, duplicate, extra, encoded widths and non-product variants fail before fetch (0.8815ms)
✔ MS3 old-image fallback is never promoted to immutable; committed variants are cacheable (1.280583ms)
✔ TWD whole amounts show no decimals in every locale and at every magnitude (line, subtotal, total, zero) (34.732042ms)
✔ cents appear only when there are cents, then always as two digits; the minor-unit arithmetic is untouched (0.200458ms)
✔ digits come from the currency: JPY none, USD two when there are cents (1.329167ms)
✔ one formatter: no component, page or lib builds a currency Intl.NumberFormat outside lib/money.ts (8.929917ms)
✔ fragment: exactly #o=<order id>&t=<43-char token>; anything else is null (1.870833ms)
✔ body is exactly {order_id, token, proof}; the answer is exactly the order the link named (0.45025ms)
✔ BFF link: no cookie needed, fresh token upstream, cookie only on a 200 naming the same order, link token never echoed (91.855791ms)
✔ BFF link: strict local denial before any private fetch (7.768584ms)
✔ copy: three locales, one refusal text, a retry and a lookup path (0.11325ms)
✔ BPU01 fresh payment writes exact metadata before prepare, one bodyless Take, no persistent form (32.438375ms)
✔ BPU01 lost prepare response replays original key/body only on explicit next click (4.960209ms)
✔ BPU01 lost handoff is permanently GET-only, even after a second click (1.479709ms)
✔ BPU01 storage, amount, scope and child/screen fences reject before irreversible writes (1.5085ms)
✔ BPU01 document/child loss after prepare but before Take leaves exact replay marker (1.860959ms)
✔ BPU01 malformed server handoff never submits and Take remains nonretryable (19.104584ms)
✔ BPU01 marker replacement before Take and after Take blocks release/form reuse (3.57225ms)
✔ BPU01 context replacement after prepare and after Take closes destination without form (2.774292ms)
✔ BPU01 synchronous destination refuses invalid locale before opening a window (0.4845ms)
✔ SU03 fresh Stripe pay: marker before prepare, one prepare, one handoff, navigate, URL never stored (5.684625ms)
✔ SU03 marker replay: lost prepare response replays key/body, no uncertain on PENDING view with leftover marker (1.39775ms)
✔ SU03 cross-device Continue needs no marker and never prepares (0.410334ms)
✔ SU03 marker/view matrix: PAYUNi marker on Stripe view and Stripe marker on PAYUNi view send nothing (3.261167ms)
✔ SU03 any other view renders without a POST (0.607041ms)
✔ SU03 CREATING: waits on the schedule without the lock, then hands off once when READY (18.725709ms)
✔ SU03 CREATING budget: 10 reads over 30 s, then the blank child is closed, no POST, no throw (83.264209ms)
✔ SU03 cancel_requested seen on the re-GET aborts before the handoff POST (0.430291ms)
✔ SU03 handoff outcomes: CREATING closes child, CLOSED/UNAVAILABLE/error/malformed reject; one POST each, never retried (79.956667ms)
✔ SU03 Stripe prepare errors, amount/currency mismatch and popup loss stop before any handoff (4.576167ms)
✔ SU03 two clicks make two handoff POSTs only because there were two clicks; sequential, none from reads (2.749833ms)
✔ SU03 navigate: validates again, needs an owned blank child, sets used before replace, no URL in errors (1.988583ms)
✔ SU03 refresh signal: keyless single POST, validated, throttled 1/10 s and 30 per page life, cancel never throttled (11.419541ms)
✔ SU03 signal failures are single-shot and sanitized: HTTP error, malformed body, wrong order (1.332291ms)
✔ private quote/option authority fields are required; only exact MANUAL home can checkout (1.562083ms)
✔ continue shopping advances only ordered version, clears hint, keeps SQL history authoritative (27.2375ms)
✔ lost next-cart response retries identical key/body and preserves a newer cart (5.713542ms)
✔ continuation never overwrites an already advanced cart (0.433083ms)
✔ unknown checkout blocks continuation without any business request (1.935791ms)
✔ two queued continuation clicks mutate once; stale order ID cannot clear another order (2.709625ms)
✔ CAS conflict resolves only after a newer cart is read (3.860333ms)
✔ locator removal failure retains next-cart journal and recovery survives missing locator (0.639875ms)
✔ order history summary rejects PII/unknown fields and malformed scope IDs (0.094208ms)
✔ native address validation mirrors printable Unicode, limits and phone; journal forbids PII (3.7455ms)
✔ address lost reply replays exact in-memory intent, then confirms current head (0.857375ms)
✔ address reload requires explicit new intent and exact observed CAS; stale head never auto-bumps (3.306125ms)
✔ old address receipt cannot confirm another tab's newer current head (0.285458ms)
✔ a late address CAS winner requires another explicit confirmation, not an automatic version bump (1.633083ms)
✔ checkout lost reply, queued duplicate and current GET reuse one key and one order (4.193666ms)
✔ uncertain checkout retains original journal across later 401/403/404/5xx and malformed success (1.372333ms)
✔ only a fresh definitive denial clears checkout; no order locator is invented (0.19ms)
✔ locator storage failure after commit retains same key; reload GET failure keeps locator (0.485833ms)
✔ locator persisted but journal removal failed resumes pending receipt, not unrelated pointer (0.360416ms)
✔ unavailable storage, invalid locator and late changed context fail closed (0.206917ms)
✔ order locator readback mismatch and no-op journal removal both retain checkout recovery (0.346333ms)
✔ direct claim continuation refuses a newer ordered cart inside the purchase lock (0.254125ms)
✔ direct claim continuation keeps next-cart recovery after a conflicting clear (0.213292ms)
✔ collector projection: admitted for derived connections, absent/null for primary (0.868125ms)
✔ collector rejects identifiers, extra keys and malformed text (0.542459ms)
✔ disclosure renders the contract §5 line with all three slots substituted (0.344917ms)
✔ the disclosure line exists exactly when the hosted view returns a collector (0.148708ms)
✔ a shop or collector name with a replacement pattern is shown literally (0.711958ms)
✔ OrderPayment renders the disclosure with the view, above every pay button, through the helper only (0.351542ms)
✔ BPT03 exact valid projection and Go nanosecond UTC timestamps (4.193292ms)
✔ BPT03 view rejects private fields, inconsistent state and malformed names (0.617291ms)
✔ BPT03 prepared receipt enforces exact original credit-card amount (0.351166ms)
✔ BPT03 hosted form and replay are exact, bounded and action-allowlisted (3.569292ms)
✔ SU01 Stripe views: fresh, both methods, attempt states, PAYUNi unchanged (0.230292ms)
✔ SU01 Stripe view negatives (0.13975ms)
✔ SU01 prepared amounts follow the corrected per-currency table (0.120209ms)
✔ SU01 Stripe handoff union and every redirect_url negative (0.501417ms)
✔ SU01 payment signal is exactly {order_id, scheduled:boolean} (1.97875ms)
✔ RUI01 refund summary: refunded states, pending money, absent ≡ null (0.955ms)
✔ RUI01 refund summary negatives (0.321917ms)
✔ BPU03 neutral GET and POST return ignore every callback field and cookie (37.227084ms)
✔ primary origin: exact path/query, same host, and no URL-controlled destination (3.536334ms)
✔ GET and HEAD use trusted Host, private bounded uncached resolver and exact 301 (28.413042ms)
✔ no writes redirected; resolution failures fail closed; unknown hosts keep native 404 (0.687458ms)
✔ policy version is the frozen constant, in the customers-core D4 shape (1.013084ms)
✔ route table: exactly the four buyer privacy routes, methods and body kinds (0.986834ms)
✔ body shapes are closed and mirror the frozen Go inputs (no source, no policy_version) (0.278583ms)
✔ GET privacy validator: closed shape, erased owner holds no consent (0.34475ms)
✔ consent result and erasure summary validators (0.941ms)
✔ buyer export envelope never carries customer_id (0.285209ms)
✔ failure classification: 410 and erased are the erased state (1.206125ms)
✔ copy: every locale has the same keys, the ads box discloses that sent events cannot be recalled (0.337083ms)
✔ selected option photo uses a main display slot without adding a fifth main image (0.695083ms)
✔ use-cover selection and a main-thumbnail selection restore the original main gallery (0.080208ms)
✔ cart thumbnail uses variant then catalog image_id, including when main images are absent (0.086958ms)
✔ migrated four-main/five-detail images stay separate when the option photo changes (0.114167ms)
✔ real cart-detail composition uses server SKU image_id (v2 detail available) (110.237458ms)
✔ real cart-detail composition uses server SKU image_id (v2 detail unavailable) (1.14425ms)
✔ parity: frontend caps equal the Go constants (0.676708ms)
✔ detail parser: 4 main + 20 detail + option-value images are accepted and mapped (24.814042ms)
✔ detail parser: 5 main, 21 detail, bad ids and over-cap option images are refused (0.267459ms)
✔ detail parser: a backend before product-media-v2 (no new keys) still parses with empty defaults (0.098125ms)
✔ v1 catalog row: images are main-only (<= 4) and image_id is a uuid or null (0.219ms)
✔ PRO-S1 code mirror: any case and spaces normalise; impossible codes never become a request (0.417958ms)
✔ PRO-S2 promotion object: closed keys, kind/value pairing (0.1915ms)
✔ PRO-S3 quote validator: promotion is optional but never malformed; the discount stays the server's own number (0.264292ms)
✔ PRO-S4 journal grammar: a quote write may carry one canonical promo_code, nothing else (0.395541ms)
✔ PRO-S5 copy: three locales cover every refusal code and the same keys (0.489708ms)
✔ PRO-S6 BFF quote route: promo_code relayed untouched when canonical, refused before the private API otherwise (24.204917ms)
✔ PRO-S7 BFF: every promo_* refusal is a definite, non-retryable 422 with its own code (6.937417ms)
✔ demonstration disclosure is explicit and local-only (0.45175ms)
✔ cart selection preserves unrelated SKUs and the observed CAS version (20.59225ms)
✔ minor amounts are bounded before multiplication, including zero (0.242333ms)
✔ delivery identity includes country for one market and method (0.251875ms)
✔ journal is bound to context and rejects PII/unknown fields (0.830958ms)
✔ lost response replays exact key/body, then clears only after parsed receipt (24.988583ms)
✔ RUI02 buyer order admits MERCHANT_SHIPPED only with a SHIPPED head; absent shipment ≡ null (0.491917ms)
✔ RUI02 shipment shape negatives (incl. unsafe links) (0.243ms)
✔ RUI02 history summary admits MERCHANT_SHIPPED (a shipped order must not break the list) (0.078125ms)
✔ CVSP01 options: CVS rows carry pickup_selection/payment_modes; unavailable rows are a separate shape (0.3635ms)
✔ CVSP02 CVS destination write: TW only, pickup_id required, empty home address; home unchanged (3.78ms)
✔ CVSP03 checkoutInput: payment_mode only for CVS rows and only a mode the row offers (0.349ms)
✔ COD confirmation includes expected fee, enforces collect cap and validates immutable order money (0.272625ms)
✔ CVSP04 buyer order: pay_at_pickup <=> collection_state; cvs_shipment only on a matching CVS destination (0.235667ms)
✔ CVSP05 journal accepts a CVS destination marker and a checkout body with payment_mode, nothing else (0.175333ms)
✔ validProduct accepts up to the Go photo cap and rejects one more (6.456375ms)
✔ design: garbage and hostile documents collapse to the safe default shape (1.82375ms)
✔ design: links, preview token propagation, nav resolution (8.264375ms)
✔ design: any merchant accent yields readable button text and link colour (WCAG AA) (1.13175ms)
✔ variants: resolution, disabled out-of-stock combinations, initial choice, price bounds (4.846375ms)
✔ catalog-v2 parsers accept the frozen shapes and refuse drift (4.200541ms)
✔ free-delivery progress words the hint only when a threshold exists (0.090209ms)
✔ list query: only whitelisted, canonical values survive (0.249125ms)
✔ seo: JSON-LD cannot break out of its script tag; offers reflect stock and price range (13.041ms)
✔ seo: sitemap escapes and carries hreflang; robots refuses everything for a closed host (0.434375ms)
✔ money: whole amounts drop cents, minor digits come from the currency, filters round-trip (0.933ms)
✔ cart line write: replaces one line, keeps the others, 0 removes, CAS version is the one shown (1.851959ms)
✔ cart problems map to buyer-facing classes without leaking transport detail (0.184709ms)
✔ checkout options accept the optional free-shipping threshold only as a positive integer or null (0.58425ms)
✔ no-image placeholder copy: exactly the locale label a photo-less card or gallery renders (0.529875ms)
✔ storefront image caps equal the Go catalog caps (internal/catalog MaxMainImages, MaxDetailImages) (11.656458ms)
✔ design text limits count code points like Go, never splitting a surrogate pair (0.238042ms)
✔ G3: same-series cards exclude the current product and never invent absent draft/foreign products (0.583125ms)
✔ G5: safety guidance exists in three languages without changing the five merchant policy approval boundaries (2.278458ms)
✔ G4: category chips omit empty collections; hidden collections absent from the public API stay absent (0.212792ms)
✔ OrderHistory renders server order instant in Taipei (12.388959ms)
✔ ClaimLink renders claim expiry in Taipei (5.090125ms)
✔ BankTransfer renders deadline and proof instant in Taipei (4.930084ms)
✔ BankTransfer proof echo labels store time in en (28.912708ms)
✔ BankTransfer proof echo labels store time in zh-TW (2.673ms)
✔ BankTransfer proof echo labels store time in zh-CN (5.369084ms)
✔ BankTransfer input describes the device zone in en (2.187167ms)
✔ BankTransfer input describes the device zone in zh-TW (12.181042ms)
✔ BankTransfer input describes the device zone in zh-CN (32.63025ms)
✔ ShopFooter uses Taipei year across UTC year boundary (2.972625ms)
✔ BankTransfer deadline labels store time in en (1.831542ms)
✔ BankTransfer deadline labels store time in zh-TW (1.659416ms)
✔ BankTransfer deadline labels store time in zh-CN (1.421917ms)
✔ OrderHistory states the Taipei time zone once in en (1.00225ms)
✔ OrderHistory states the Taipei time zone once in zh-TW (0.818333ms)
✔ OrderHistory states the Taipei time zone once in zh-CN (0.741459ms)
✔ dictionaries have exact parity and non-empty values (3.303542ms)
✔ locale precedence and language quality mapping (1.787709ms)
✔ localized paths preserve deep links and reject dangerous input (0.527375ms)
✔ path locale only matches a canonical first segment (0.073292ms)
✔ the four constructs render (1.723125ms)
✔ XSS payloads stay inert text (1.166041ms)
✔ fuzz: any string over a hostile alphabet renders only whitelisted tags (21.572ms)
✔ validator mirrors the Go rules (0.214833ms)
✔ SDN1 allowlist: exactly the contract routes, per method (0.560875ms)
✔ SDN1 allowlist: traversal, case, suffix and prefix tricks never match (0.235541ms)
✔ SDN1 request shape: no query string anywhere, reads carry no body, key, length or transfer-encoding (33.3425ms)
✔ SDN1 cap: 260 KiB = Go's 256 KiB document + 4 KiB envelope, and a body of exactly the cap is still below it (0.062292ms)
✔ SDN2 renderer: every XSS payload comes out as whitelisted tags and escaped text only (4.541917ms)
✔ SDN2 renderer: escape-first means the merchant's text never becomes markup (0.117084ms)
✔ SDN2 renderer: fuzz (seeded) never produces a tag outside the whitelist (50.631917ms)
✔ SDN2 client validator rejects what the server rejects (HTML, non-https links, `<` anywhere) (0.271791ms)
✔ cleanForSave turns cleared fields into null but keeps an empty body (4.308541ms)
✔ localIssues names each missing mandatory value by server path (2.03675ms)
✔ moved swaps neighbours and ignores out-of-range moves (0.118208ms)
✔ parsers accept the exact Go shapes and refuse extra or missing keys (4.96225ms)
✔ BFF allowlist covers exactly the design resources (0.350625ms)
✔ validDesignRequest refuses queries and bodies on reads, ignores other paths (11.226708ms)
✔ designDetails forwards only a bounded {path, reason} pair (0.16575ms)
✔ accepts exactly the three locale invite paths with a 20-200 char token (1.838417ms)
✔ rejects anything that is not an exact same-origin relative invite path (0.098417ms)
✔ rejects percent-encoded variants of the exact shape (0.051916ms)
✔ the token is an opaque invite token shape, never a URL (0.050416ms)
✔ fragment carrier: round-trips the exact invite path, is never a query string, and rejects hostile fragments (0.198042ms)
✔ dashboard: accepts the frozen shape, rejects drift (12.320042ms)
✔ import result: strict keys, closed error codes, committed never carries errors (5.946958ms)
✔ csv file guard mirrors the Go bounds (0.354875ms)
✔ manual options: a COD home row parses with its offer (D01: the page used to refuse the whole list) (1.064875ms)
✔ manual options: only bank_transfer / pay_at_pickup / cash_on_delivery, key must equal market|country|code (0.159792ms)
✔ manual result: link is https with the order id and a 43-char capability in the fragment only (0.272166ms)
✔ draft: first problem, and the body has no price-like field at all (0.445125ms)
✔ BFF grammar: exactly the seven tools resources (0.085042ms)
✔ regenerate body/result: exactly {order_id, locale} and a fresh https link naming that order (0.137375ms)
✔ copy parity: every locale has every key, import rules and error codes (0.425667ms)
✔ callback redirect target is always a same-origin /<locale>/settings path whatever the cookies, store, code or error say (2.22625ms)
✔ the binding cookie: exactly one canonical store uuid, path-scoped to the callback, HttpOnly, Lax, 10 minutes, Secure (0.111375ms)
✔ callback query: exactly one code and one state within charset/length bounds; Meta's error=… and repeats are not forwarded (0.604792ms)
✔ the dialog URL the BFF hands the browser is https://www.facebook.com only (0.120166ms)
✔ callback error mapping only ever yields fixed codes, never an upstream message (0.118083ms)
✔ selected Page qualifies only a bare Facebook id, never rewrites another Page or external URL (9.611166ms)
✔ status: not connected, connected with and without Instagram, and every deviation throws (8.683042ms)
✔ pick state: closed shape, optional Instagram keys come as a pair, id must match (4.674167ms)
✔ route grammar: only status/states/pick/disconnect; start and callback are dedicated routes; no query; reads carry no body or key (23.107208ms)
✔ connect cookie, body and callback redirect never carry code/state and only fixed codes (0.3085ms)
✔ copy: three locales have the same keys and every Go error code has a message (0.106834ms)
✔ review-required remains restricted; evidence does not promote state (2.184458ms)
✔ legacy omission remains unidentified, independent of array order (0.536375ms)
✔ closed shapes reject unknown state/provider/evidence, leaked fields and inconsistent severity (1.312583ms)
✔ duplicate capabilities/pages and unbounded arrays cannot become trusted state (0.140666ms)
✔ worst Page determines advice, no raw upstream reason reaches copy (2.027333ms)
✔ recheck receipt means scheduled; timestamps and closed keys are checked (0.7655ms)
✔ exact keyless route grammar rejects query/key/body confusion (16.123959ms)
✔ recheck takes exactly page_id and no caller-provided scope (0.332084ms)
✔ blocking advice comes from the blocking capability, not a secondary public-reply warning (0.333709ms)
✔ clean health browser mode prepares admin standalone before starting its fixture (12.766583ms)
✔ en: expired connection retains its full refusal inside a wrapping badge (7.512291ms)
✔ zh-TW: expired connection retains its full refusal inside a wrapping badge (1.855583ms)
✔ zh-CN: expired connection retains its full refusal inside a wrapping badge (1.615084ms)
✔ actual B1 snapshot state remains ok even when a fixture expected review_required (0.153625ms)
✔ D02 TWD input: whole dollars only, x100 on the wire (14.610041ms)
✔ D02 TWD edit text: whole dollars have no decimals; a legacy amount with cents is never shown as another price (0.24775ms)
✔ D02 display: NT$ without decimals in every language, cents only when there are cents (1.178167ms)
✔ D02 live-price input (Studio claims): TWD whole dollars, other currencies their decimals (0.167708ms)
✔ D02 discount code amounts: TWD whole dollars, a decimal is refused before it is sent (0.2765ms)
✔ D02 no admin copy or component says 'minor units' to the merchant (55.217167ms)
✔ M06 time: Asia/Taipei everywhere, labelled, never UTC (38.911875ms)
✔ settings answer: exactly one boolean key (0.758792ms)
✔ PUT body is the frozen single key (0.082583ms)
✔ BFF grammar: GET read, PUT keyed command, nothing else (0.215041ms)
✔ copy: three locales, same keys, no empty text (0.127708ms)
✔ PRM01 parse: exact keys, kind/value pairing and ranges; duplicates and unknown keys are refused (1.400542ms)
✔ PRM02 Taipei wall time: +08:00 on the wire, instant shown back in Taipei, impossible dates refused (9.691208ms)
✔ PRM03 create body: normalised code, major units to minor units, optional fields null, whole body validated (12.608958ms)
✔ PRM04 update + toggle: version CAS key, form round trip, pause keeps every other field (1.16525ms)
✔ PRM05 BFF grammar: exactly list, create and update; nothing generic (0.842917ms)
✔ PRM06 copy: three locales carry the same keys and every refusal code the Go routes can answer (0.361ms)
✔ G-UI3/G-UI5 architecture constraints pass with shrinking legacy exceptions (896.04525ms)
✔ G-UI3/G-UI5 negatives: new formatter, component fetch, >800 lines and wider allowance fail (0.427458ms)
✔ Readiness jump controls expose the actual active section, not a click flag (1.315958ms)
✔ Integrator P2: legal CN comment ordering and a distinct three-image recommendation (0.2175ms)
✔ ADM04 and ADM06 explain unavailable SKUs and keep collection vocabulary consistent (0.253125ms)
✔ ADM06 create/detail titles share the route vocabulary without adding a phantom Next page (0.333458ms)
✔ G-UI1 Next pages and route registry are bidirectional, unique, typed, documented (1.461ms)
✔ G-UI1 copy key parity: no missing or extra key in any locale (0.081958ms)
✔ G-UI2 staff without catalog:read cannot see products/inventory or open a product URL (0.14875ms)
✔ G-UI2 every route permission is a permission Go knows, and /orders/new needs inventory:reserve (75.346ms)
✔ G-UI1 dynamic and public routes match, details never appear as navigation (0.251209ms)
✔ W6-U2 ledger is a settings in-page route, preserving existing navigation (0.131ms)
✔ Every browser spec clicks nav-orders: the orders group stays a singleton, so returns/new/print routes are nav: false (1.310792ms)
✔ shell-registry: every routed path has exactly one nonempty shared h1 in all three locales (240.929417ms)
✔ shell-registry: orders stays one actual group button on live and non-live routes (9.651083ms)
✔ shell-registry: loading/expired/unavailable/forbidden keep one safe heading and never leak private content (11.400667ms)
✔ created address is a strict HTTPS origin matching the assigned handle (1.451208ms)
✔ DNS instructions must name the requested origin and a bare hostname target (0.8335ms)
✔ domain kind is authoritative and closed, not inferred from host or token (0.766833ms)
✔ apex DNS retains every concrete IPv4/IPv6 address and rejects malformed values (1.383125ms)
✔ pending domain journal preserves exact action/key/target; legacy or corrupt markers never replay (0.477459ms)
✔ browser-origin gate: every refusal happens before Go is called, for every action (19.8355ms)
✔ only POST exists on the team routes (2.414875ms)
✔ unknown action is a local 404 and never reaches Go (1.157125ms)
✔ strict request grammar: wrong keys, types, ids, roles, locales and token shapes are 422 locally (12.533541ms)
✔ what reaches Go: BFF key, bearer from the cookie, no Cookie/Origin, body unchanged, exactly one call per request (42.060917ms)
✔ Go failures are rebuilt locally from allow-listed codes, never retried, and never echo the token (36.292791ms)
✔ team answer: accepts the frozen shape, null role and OIDC member without email (0.539ms)
✔ team answer: unknown key, unknown role, bad id, bad mail state are rejected (0.673458ms)
✔ invite and accept answers are strict (0.706083ms)
✔ request grammar: every action has an exact key set and rejects junk values (0.62775ms)
✔ copy: three locales carry the same keys and a label for every role (0.935167ms)
✔ role-aware navigation: hides entries the member's permissions cannot use; unknown shows all; Team is owner-only (0.443958ms)
✔ P02 settlements directory rejects missing/link/owner/group/mode with a valid control (557.272042ms)
✔ preflight health permission grammars and API/worker consistency fail closed (3033.337792ms)
✔ merchant alert flag is explicit 0|1 and independently requires SMTP (1992.385875ms)
✔ shared loader makes API/worker LIVE pair file-only before Compose interpolation (363.822291ms)
✔ export bind accepts omitted JSON false but rejects unsafe source/config mutations (1.10225ms)
✔ sanctioned operator allowlist and fail-closed gates (fake docker, no network) (1946.033875ms)
✔ platform operator custody, export mount and binary are wired (156.116959ms)
✔ actual export bind refuses a missing directory; enabling auto-create is detected (384.431458ms)
✔ R3 preflight rejects cancelled PAYUNi, validates Page app and keeps LIVE pair mandatory (956.831708ms)
✔ R3 smoke exercises exact denied probes, accepts 404 only for disabled mounts (107.50375ms)
✔ positive control: a complete, valid configuration raises no META_LOGIN finding (1227.292584ms)
✔ feature off (COMMERCE_META_LOGIN_CONFIG_ID empty): no rule applies even with the other keys empty (295.895375ms)
✔ P06: the Page route needs the webhook receiver (305.852958ms)
✔ P06: sessions come from identity (297.468708ms)
✔ P06: without the claims profile nobody sends the private replies (a WARN, not a FAIL) (297.371042ms)
✔ P08: COMMERCE_META_LOGIN_CONFIG_ID must be numeric ("abc") (294.940125ms)
✔ P08: COMMERCE_META_LOGIN_CONFIG_ID must be numeric ("12 34") (283.157625ms)
✔ P08: COMMERCE_META_LOGIN_CONFIG_ID must be numeric ("111111111111") (269.770958ms)
✔ P08: COMMERCE_META_LOGIN_CONFIG_ID must be numeric ("0x10") (308.496708ms)
✔ P08: COMMERCE_META_LOGIN_CONFIG_ID must be numeric ("-1") (273.40475ms)
✔ P08: COMMERCE_META_LOGIN_REDIRECT_URI must be exactly https://<LC_ADMIN_HOST>/api/meta/callback (wrong host) (270.648541ms)
✔ P08: COMMERCE_META_LOGIN_REDIRECT_URI must be exactly https://<LC_ADMIN_HOST>/api/meta/callback (http scheme) (289.323791ms)
✔ P08: COMMERCE_META_LOGIN_REDIRECT_URI must be exactly https://<LC_ADMIN_HOST>/api/meta/callback (the ads callback path) (242.726625ms)
✔ P08: COMMERCE_META_LOGIN_REDIRECT_URI must be exactly https://<LC_ADMIN_HOST>/api/meta/callback (trailing slash) (214.1635ms)
✔ P08: COMMERCE_META_LOGIN_REDIRECT_URI must be exactly https://<LC_ADMIN_HOST>/api/meta/callback (query string) (208.129375ms)
✔ P08: COMMERCE_META_LOGIN_REDIRECT_URI must be exactly https://<LC_ADMIN_HOST>/api/meta/callback (empty) (221.493541ms)
✔ P08: COMMERCE_META_LOGIN_GRAPH_VERSION grammar vNN.N ("26.0") (259.767625ms)
✔ P08: COMMERCE_META_LOGIN_GRAPH_VERSION grammar vNN.N ("v26") (166.792875ms)
✔ P08: COMMERCE_META_LOGIN_GRAPH_VERSION grammar vNN.N ("v26.0.1") (178.719709ms)
✔ P08: COMMERCE_META_LOGIN_GRAPH_VERSION grammar vNN.N ("latest") (282.461417ms)
✔ P08: COMMERCE_META_LOGIN_GRAPH_VERSION grammar vNN.N ("") (258.417917ms)
✔ P08: COMMERCE_META_LOGIN_GRAPH_VERSION grammar vNN.N ("v1000.0") (219.030625ms)
✔ P08: COMMERCE_META_LOGIN_GRAPH_VERSION accepts v26.0 (184.287291ms)
✔ P08: COMMERCE_META_LOGIN_GRAPH_VERSION accepts v22.0 (166.362542ms)
✔ P08: COMMERCE_META_LOGIN_GRAPH_VERSION accepts v99.9 (160.191208ms)
✔ production without any alert channel is a FAIL (nobody would hear the next outage) (1221.360084ms)
✔ outside production the same gap is only a WARN (295.285166ms)
✔ a webhook alone satisfies the rule (287.511667ms)
✔ an e-mail target with a complete relay (host, username, secret) satisfies the rule (307.358875ms)
✔ an e-mail target without the relay secret cannot be sent: FAIL in production, WARN elsewhere (596.101ms)
✔ the example's CHANGE_ME_SENDER placeholder is not a relay: the e-mail target cannot be sent (279.553042ms)
✔ LC_ALERT_EMAIL must be one plain address ("not-an-address") (272.828875ms)
✔ LC_ALERT_EMAIL must be one plain address ("two@fake.invalid,three@fake.invalid") (303.519416ms)
✔ LC_ALERT_EMAIL must be one plain address ("a b@fake.invalid") (284.304792ms)
✔ LC_ALERT_EMAIL must be one plain address ("<owner@fake.invalid>") (279.297417ms)
✔ LC_ALERT_EMAIL must be one plain address ("owner@fake") (305.931334ms)
✔ storefront cart-line removal is reversible: clicked for real, not guarded (3.353ms)
✔ destructive / irreversible / sign-out classification (owner list, en + zh) (1.097791ms)
✔ alike controls (rows with ids / numbers) share one class key (0.213958ms)
✔ known defects classify, never silence: stale entries are reported (0.429083ms)
✔ the markdown ledger has one row per interaction and names the verdict (0.259875ms)
✔ protocolHrefOK accepts well-formed tel:/mailto: and rejects malformed ones (0.210084ms)
✔ J1 waits for enabled media and clicks a real chooser; the uploaded cover is bound to the main section (533.753667ms)
✔ J1 cannot credit a detail-image receipt as the main cover (0.689958ms)
✔ J1 refuses a failed cover upload rather than continuing to activate (0.38775ms)
✔ thresholds are the named constants of the brief (3.451084ms)
✔ R1: document wider than the viewport, and the outermost element past the edge (0.411208ms)
✔ R2: label tops, control tops and control heights of one visual row (0.476ms)
✔ R2: what is one row and what is not (0.136583ms)
✔ R2: a button beside a field has to line up with its control (0.144666ms)
✔ R3: a row made tall by stacked controls, a control wider than its cell (0.808333ms)
✔ R3: a matrix whose EVERY row is doubled by a stacked stock cell (the median cannot see it) (1.230166ms)
✔ R4: small text, helper text apart, icons and duplicates excepted (0.191541ms)
✔ R5: tap targets on the 390 viewport only (1.243958ms)
✔ R6: interactive elements and text boxes that overlap (0.29175ms)
✔ R7: text clipped inside a control or label (either side), and select values that do not fit (0.329625ms)
✔ R8: the same visible label twice in one list (0.111292ms)
✔ evaluate() tags severity, selectRecords() keeps distinct groups first and counts every instance (0.33825ms)
✔ R9: text and controls flush to the screen edge at 390 (0.2805ms)
✔ R6/R9 judge the visible (ancestor-clipped) rectangle, not the raw one (integrator ruling 2026-10-05) (0.146875ms)
✔ R10: a fixed or sticky bar covering main content after scrolling (1.649625ms)
✔ R11: controls narrower than a usable width (1.349542ms)
ℹ tests 437
ℹ suites 0
ℹ pass 437
ℹ fail 0
ℹ cancelled 0
ℹ skipped 0
ℹ todo 0
ℹ duration_ms 10530.264959
✔ closed projections reject secret-shaped extras, invalid enums, IDs and contradictory capabilities (0.793625ms)
✔ detail accepts only bounded events and keeps actual server action flags (0.441083ms)
✔ BFF exact routes and request grammar forbid keys/body on reads, filters on detail and arbitrary writes (9.517ms)
✔ copy parity, safe object navigation and UNKNOWN/protective reasons (0.165542ms)
✔ read-only store capability never exposes a command even if the state allows one (0.056458ms)
✔ duplicate escaped keys cannot bypass the exact command grammar (0.046833ms)
✔ query backoff affects only its operation and expires without another action (0.046916ms)
✔ merchant reason text translates ledger events and conceals unknown or prototype codes (0.096875ms)
✔ ledger read navigation requires effective integration:read permission regardless of role (0.070542ms)
ℹ tests 9
ℹ suites 0
ℹ pass 9
ℹ fail 0
ℹ cancelled 0
ℹ skipped 0
ℹ todo 0
ℹ duration_ms 82.090417
✔ OrderHistory renders server order instant in Taipei (40.13275ms)
✔ ClaimLink renders claim expiry in Taipei (2.774208ms)
✔ BankTransfer renders deadline and proof instant in Taipei (2.476667ms)
✔ BankTransfer proof echo labels store time in en (1.680084ms)
✔ BankTransfer proof echo labels store time in zh-TW (1.919167ms)
✔ BankTransfer proof echo labels store time in zh-CN (2.062583ms)
✔ BankTransfer input describes the device zone in en (1.8925ms)
✔ BankTransfer input describes the device zone in zh-TW (1.717833ms)
✔ BankTransfer input describes the device zone in zh-CN (2.013375ms)
✔ ShopFooter uses Taipei year across UTC year boundary (2.30175ms)
✔ BankTransfer deadline labels store time in en (1.213833ms)
✔ BankTransfer deadline labels store time in zh-TW (1.104083ms)
✔ BankTransfer deadline labels store time in zh-CN (1.007625ms)
✔ OrderHistory states the Taipei time zone once in en (0.769167ms)
✔ OrderHistory states the Taipei time zone once in zh-TW (0.7805ms)
✔ OrderHistory states the Taipei time zone once in zh-CN (0.732042ms)
✔ Meta rejection wording is preserved as bounded Unicode text, never translated (1.973708ms)
✔ frozen error codes: model list equals the frozen list, each is read from both error shapes (0.45425ms)
✔ copy: every code, status, op state and connect error has text in all three locales (0.6865ms)
✔ copy never calls a budget a hard stop and never offers resume (0.558333ms)
✔ draft: every §5.1 status parses; unknown status/template/op state is an error, never guessed (0.726875ms)
✔ draft: optional fields, remote ids and the Ads Manager link (0.283333ms)
✔ action hints: pause whenever a remote id exists and not ENDED; a paused draft is only ever copied (X7) (0.244125ms)
✔ money: whole units to minor with integer math; TWD must be whole (11.5395ms)
✔ Taipei schedule: wall inputs and draft projections ignore the viewer zone (4.036ms)
✔ Taipei schedule: invalid calendar days are rejected and all copy names UTC+8 (0.331917ms)
✔ draft input: exact 11-key body and every local rule (3.797542ms)
✔ draft form round trip and X7 copy (blank schedule, no id, no revision) (0.27275ms)
✔ settings parser: environment enum, connections, identities, capi (0.453166ms)
✔ connect state parser: pick list kinds and id match (0.139791ms)
✔ report: three separate blocks, orders may be null, no combined figure (0.304625ms)
✔ default report window is the Asia/Taipei store day whatever the viewer's zone is (Taipei midnight boundary) (4.137ms)
✔ capi body and validation (0.138458ms)
✔ W6-06B unbind response: exact keys, account, UUIDs and outcome semantics (0.197834ms)
✔ W6-06B in-flight details preserve bounded items and total, reject unknown shapes (0.18925ms)
✔ W6-06B catalog feed has exact public URL/domain pairs or published-store empty (0.194875ms)
✔ W6-06B copy preserves unbind boundaries and feed recovery in three locales (0.37975ms)
✔ W6-06B feed selection follows origin order, not full feed URL order (0.091583ms)
✔ customer list accepts the frozen row and rejects unknown keys, dup ids, bad cursor, oversize (3.796459ms)
✔ customer row invariants: nulls for bundle-only/erased, counts, money, consents (0.370334ms)
✔ customer detail: bounded lists, order summaries reuse the orders parser, id must match (2.426375ms)
✔ erasure summary is four counts only (0.090625ms)
✔ finance summary: net = captured - refunded (I05), totals carry an empty day, sandbox flag (0.366625ms)
✔ financeDay is the UTC+8 day (0.063708ms)
✔ finance defaults keep Taipei dates across midnight, leap day and year end (0.162625ms)
✔ tags and notes are parsed strictly (W6-01B) (1.06425ms)
✔ TSX seam refuses an unlisted import (3.596333ms)
✔ Ads merchant timestamp uses Taipei at the year boundary (11.845375ms)
✔ Design version published_at cell uses Taipei at the year boundary (2.681583ms)
✔ ManualOrder bank-transfer expiry uses Taipei at the year boundary (2.768333ms)
ℹ tests 50
ℹ suites 0
ℹ pass 50
ℹ fail 0
ℹ cancelled 0
ℹ skipped 0
ℹ todo 0
ℹ duration_ms 184.571667
✔ OrderHistory renders server order instant in Taipei (8.569833ms)
✔ ClaimLink renders claim expiry in Taipei (2.221416ms)
✔ BankTransfer renders deadline and proof instant in Taipei (1.90875ms)
✔ BankTransfer proof echo labels store time in en (1.328125ms)
✔ BankTransfer proof echo labels store time in zh-TW (1.309834ms)
✔ BankTransfer proof echo labels store time in zh-CN (1.448833ms)
✔ BankTransfer input describes the device zone in en (1.532708ms)
✔ BankTransfer input describes the device zone in zh-TW (1.780584ms)
✔ BankTransfer input describes the device zone in zh-CN (1.518083ms)
✔ ShopFooter uses Taipei year across UTC year boundary (1.783ms)
✔ BankTransfer deadline labels store time in en (1.32675ms)
✔ BankTransfer deadline labels store time in zh-TW (1.097875ms)
✔ BankTransfer deadline labels store time in zh-CN (1.313625ms)
✔ OrderHistory states the Taipei time zone once in en (0.85325ms)
✔ OrderHistory states the Taipei time zone once in zh-TW (0.809333ms)
✔ OrderHistory states the Taipei time zone once in zh-CN (0.949958ms)
✔ Meta rejection wording is preserved as bounded Unicode text, never translated (1.62425ms)
✔ frozen error codes: model list equals the frozen list, each is read from both error shapes (0.654125ms)
✔ copy: every code, status, op state and connect error has text in all three locales (0.378583ms)
✔ copy never calls a budget a hard stop and never offers resume (0.262875ms)
✔ draft: every §5.1 status parses; unknown status/template/op state is an error, never guessed (0.751792ms)
✔ draft: optional fields, remote ids and the Ads Manager link (0.201875ms)
✔ action hints: pause whenever a remote id exists and not ENDED; a paused draft is only ever copied (X7) (0.206125ms)
✔ money: whole units to minor with integer math; TWD must be whole (10.776958ms)
✔ Taipei schedule: wall inputs and draft projections ignore the viewer zone (3.47025ms)
✔ Taipei schedule: invalid calendar days are rejected and all copy names UTC+8 (0.357917ms)
✔ draft input: exact 11-key body and every local rule (3.198542ms)
✔ draft form round trip and X7 copy (blank schedule, no id, no revision) (0.197542ms)
✔ settings parser: environment enum, connections, identities, capi (0.329625ms)
✔ connect state parser: pick list kinds and id match (0.1095ms)
✔ report: three separate blocks, orders may be null, no combined figure (0.362375ms)
✔ default report window is the Asia/Taipei store day whatever the viewer's zone is (Taipei midnight boundary) (2.047167ms)
✔ capi body and validation (0.118209ms)
✔ W6-06B unbind response: exact keys, account, UUIDs and outcome semantics (0.190791ms)
✔ W6-06B in-flight details preserve bounded items and total, reject unknown shapes (0.175333ms)
✔ W6-06B catalog feed has exact public URL/domain pairs or published-store empty (0.201125ms)
✔ W6-06B copy preserves unbind boundaries and feed recovery in three locales (0.299083ms)
✔ W6-06B feed selection follows origin order, not full feed URL order (0.068959ms)
✔ customer list accepts the frozen row and rejects unknown keys, dup ids, bad cursor, oversize (3.08475ms)
✔ customer row invariants: nulls for bundle-only/erased, counts, money, consents (0.291208ms)
✔ customer detail: bounded lists, order summaries reuse the orders parser, id must match (1.774334ms)
✔ erasure summary is four counts only (0.084292ms)
✔ finance summary: net = captured - refunded (I05), totals carry an empty day, sandbox flag (0.399958ms)
✔ financeDay is the UTC+8 day (0.06775ms)
✔ finance defaults keep Taipei dates across midnight, leap day and year end (0.083583ms)
✔ tags and notes are parsed strictly (W6-01B) (0.56ms)
✔ TSX seam refuses an unlisted import (4.268333ms)
✔ Ads merchant timestamp uses Taipei at the year boundary (15.855291ms)
✔ Design version published_at cell uses Taipei at the year boundary (3.200375ms)
✔ ManualOrder bank-transfer expiry uses Taipei at the year boundary (4.15775ms)
ℹ tests 50
ℹ suites 0
ℹ pass 50
ℹ fail 0
ℹ cancelled 0
ℹ skipped 0
ℹ todo 0
ℹ duration_ms 128.464541
✔ legacy display sentinels preserve a list row without admitting arbitrary or private data (1.617083ms)
✔ orders-v2 accepts bounded filters and Taipei inclusive dates; rejects ambiguity (0.424916ms)
✔ orders-v2 rejects client count approximations, unbounded or extra response data (0.143834ms)
✔ all three locales label every task queue, payment and delivery mode (0.281792ms)
ℹ tests 4
ℹ suites 0
ℹ pass 4
ℹ fail 0
ℹ cancelled 0
ℹ skipped 0
ℹ todo 0
ℹ duration_ms 70.572292
✔ numeric store IDs have no suggestion BFF or browser client (1.264ms)
ℹ tests 1
ℹ suites 0
ℹ pass 1
ℹ fail 0
ℹ cancelled 0
ℹ skipped 0
ℹ todo 0
ℹ duration_ms 59.928208
✔ ADM10 operator sentence is localized while product and company facts stay authoritative (0.382292ms)
✔ PS review: actual Host matching normalizes case, port and a terminal DNS dot, never forwarded authority (0.219167ms)
✔ PS review: privacy/terms retain Messenger and Instagram purpose disclosure; deletion uses exact UI labels (0.088792ms)
✔ P2-N1 zh-TW/privacy: current comments and private reply, conditional inbound messages (0.065625ms)
✔ P2-N1 zh-TW/terms: current comments and private reply, conditional inbound messages (0.035208ms)
✔ P2-N1 zh-CN/privacy: current comments and private reply, conditional inbound messages (0.033084ms)
✔ P2-N1 zh-CN/terms: current comments and private reply, conditional inbound messages (0.0395ms)
✔ P2-N1 en/privacy: current comments and private reply, conditional inbound messages (0.039584ms)
✔ P2-N1 en/terms: current comments and private reply, conditional inbound messages (0.08325ms)
✔ PS1 legal identity is one untranslated source (0.075ms)
✔ PS1 contact and hosts come only from configuration; production fails closed (0.3165ms)
✔ PS2 public routes default to zh-TW, restrict page/locale, and never include admin (0.358167ms)
✔ PS4 optional Meta verification value never has a fake default (0.043708ms)
✔ PS1 every locale uses the same product name in auth page titles (0.036792ms)
✔ PS1 public page copy has three complete locales, no invented operator identity or contact (0.17525ms)
✔ PS1 production build validates config; public data is not bundled through NEXT_PUBLIC (0.732375ms)
✔ PS review: admin image installs the manifests for its workspace dependencies before building (0.377209ms)
ℹ tests 17
ℹ suites 0
ℹ pass 17
ℹ fail 0
ℹ cancelled 0
ℹ skipped 0
ℹ todo 0
ℹ duration_ms 69.317042
✔ R11 SQL's exact receipt states are accepted; missing/forged operation/state remains unknown (0.741ms)
✔ R11 durable receipt journal validates phase against exact operation state (0.336333ms)
✔ R11 actual read control distinguishes replay/inflight/unknown/failure in en (3.826667ms)
✔ R11 actual read control distinguishes replay/inflight/unknown/failure in zh-TW (0.611791ms)
✔ R11 actual read control distinguishes replay/inflight/unknown/failure in zh-CN (0.506125ms)
✔ unknown journal retains exact key/boundary and is scoped to store+session; malformed state fails closed (0.114041ms)
✔ R12 read hook keeps network UNKNOWN on one key and explicitly refreshes acknowledged UNKNOWN (9.874875ms)
✔ actual POST transport uses CSRF and session fence; 403 independent of response text (13.375208ms)
✔ R10 ROAS has exactly two decimals in en (8.575458ms)
✔ R10 unknown ROAS is never fabricated as zero in en (0.071917ms)
✔ R10 ROAS has exactly two decimals in zh-TW (0.137208ms)
✔ R10 unknown ROAS is never fabricated as zero in zh-TW (0.032333ms)
✔ R10 ROAS has exactly two decimals in zh-CN (0.110583ms)
✔ R10 unknown ROAS is never fabricated as zero in zh-CN (0.026792ms)
✔ shared presentation preserves registry title and one empty buyer message in en (23.050458ms)
✔ R11 large linked-draft list is complete but collapsed in en (3.054792ms)
✔ shared presentation preserves registry title and one empty buyer message in zh-TW (5.203625ms)
✔ R11 large linked-draft list is complete but collapsed in zh-TW (2.41825ms)
✔ shared presentation preserves registry title and one empty buyer message in zh-CN (5.030834ms)
✔ R11 large linked-draft list is complete but collapsed in zh-CN (2.374625ms)
✔ R11 timeline distinguishes local unknown spend from explicit Meta zero in en (2.690792ms)
✔ R11 timeline distinguishes local unknown spend from explicit Meta zero in zh-TW (2.833792ms)
✔ R11 timeline distinguishes local unknown spend from explicit Meta zero in zh-CN (1.733792ms)
✔ R11 I12 nullable Meta evidence survives without becoming zero (0.174916ms)
✔ R11 actual panel rendering preserves unknowns and reconnect route in en (9.510708ms)
✔ R11 actual panel rendering preserves unknowns and reconnect route in zh-TW (10.173375ms)
✔ R11 actual panel rendering preserves unknowns and reconnect route in zh-CN (11.129917ms)
✔ D1, D6, R7: exact amounts and sources remain independent, account days stay labelled (0.211709ms)
✔ R12: null stays unknown and unread / unauthorised / insufficient remain different states (0.230375ms)
✔ R12 granted but unread audience offers a read, never reconnect in en (1.684417ms)
✔ R12 granted but unread audience offers a read, never reconnect in zh-TW (1.711875ms)
✔ R12 granted but unread audience offers a read, never reconnect in zh-CN (1.62525ms)
✔ I12 forged / missing frozen fields never silently become zeros (0.915959ms)
✔ only whitelisted aggregates survive: extra identifiers and HTML are never interpreted (0.073167ms)
✔ attribution is a read-only BFF resource with exact bounded query grammar (0.331291ms)
✔ audience-read is exactly the new local intention POST and never a data GET or queried write (0.245375ms)
✔ route fails closed without ads:read and is not a duplicate navigation entry; locale keys match (0.100792ms)
ℹ tests 37
ℹ suites 0
ℹ pass 37
ℹ fail 0
ℹ cancelled 0
ℹ skipped 0
ℹ todo 0
ℹ duration_ms 378.064125
✔ card-payments copy: identical key sets in all three locales (0.779083ms)
✔ merchant terms are quoted verbatim (contract §5) in the enable dialog (0.1ms)
✔ ruling-fixed strings: platform not OPEN and BLOCKED note (0.04625ms)
✔ error map covers every frozen refusal code from migrations/0137 (0.067584ms)
✔ no Stripe account id, key or approval id shape appears in any copy string (0.292709ms)
✔ storefront collector disclosure matches contract §5 templates in three languages (0.063125ms)
✔ the merchant terms in the dialog are the contract §5 sentence, extracted from the contract (0.892833ms)
✔ the storefront templates are the contract §5 lines, extracted from the contract (0.138875ms)
✔ settlement copy: deduction columns are labelled as deductions in every language, with a legend and the net formula (0.272875ms)
✔ there is no separate 'not on the allowlist' message: it reads as not open (review P1-2) (0.089375ms)
✔ card summary accepts the frozen shape incl. all-null platform NONE (1.82725ms)
✔ card summary rejects unknown keys, bad enums, bad money, bad version (0.466834ms)
✔ card result is exactly {state, version, max_minor, currency, descriptor_preview} (0.1105ms)
✔ descriptor suffix rule: charset, 2..10 chars, must contain a letter (0.138ms)
✔ the suffix length rule is the charset rule's 10; the 22-character descriptor total stays the server's (SANDBOX L=10, LIVE PrefixLength) (0.056708ms)
✔ descriptor preview mirrors the contract projection (base + '* ' + suffix) (0.065041ms)
✔ settlement list accepts statements without payout/lines keys (omitempty) (0.391083ms)
✔ settlement detail carries lines whose count and sums match the totals (0.328084ms)
✔ settlement parsers reject malformed reads (0.631375ms)
✔ fees, refunds and disputes are signed exactly as the ledger stores them (0.641792ms)
✔ a returned fee is a positive line fee; the detail's lines must add up to the statement totals (0.528167ms)
✔ closed_at/paid_at accept the offsets PostgreSQL emits as well as Z (0.2545ms)
✔ a payout reference shaped like a Stripe key or account id is never displayed (0.444125ms)
✔ platform not OPEN: 'not open yet' and no enable control, for every non-OPEN state; the platform badge still tells why (1.052667ms)
✔ allowlisted + OPEN: enable from NONE/DISABLED, disable from ENABLED (0.113875ms)
✔ not allowlisted on an OPEN platform reads exactly like not open: the same message, no 'platform open' badge, no enable (review P1-2) (0.09225ms)
✔ BLOCKED: the suspended note, disable only, never enable (whatever the platform says) (0.066875ms)
✔ without billing:manage nothing can be changed, but the state is still readable (0.044208ms)
✔ enable carries the platform's current terms, the suffix and the version read; NONE starts at 0 (0.058458ms)
✔ disable never sends a suffix and quotes the terms the store accepted (the platform's may have moved on) (0.035416ms)
✔ a retained suffix is recovered from the final preview so a re-enable can keep it (0.03725ms)
✔ the period label shows the last day inside the (exclusive-end) week (1.078042ms)
✔ payout state: paid, pending only when money is due, none when the week nets to zero or less (0.157083ms)
✔ card-payments and settlements are nav:false routes, so no group loses or gains a nav button (0.321875ms)
✔ settlements need billing:manage, the card page integration:read; the owner opens both (0.338ms)
✔ statement cells: a dispute reversal and a returned fee read as credits (+) and every deduction as -, and the columns add up to the server's net (11.088666ms)
✔ the detail parser requires the lines of a statement that has lines; a quiet week (line_count 0) may omit them (0.138875ms)
✔ route table: exactly the four resources, nothing generic (1.135375ms)
✔ query grammar: card and settlement-detail are exact; settlements takes before/limit only (0.3105ms)
✔ request fence: keyless PUT (CAS), bodyless GETs, no transfer-encoding (18.312708ms)
✔ PUT body is the exact frozen shape {enabled, terms_version, descriptor_suffix, expected_version} (0.511166ms)
✔ the BFF route wires the card grammar: keyless CAS PUT, exact body, no-store, auth required (1.184959ms)
✔ the real card summary parses and drives the display state machine (1.308542ms)
✔ the real statement list parses: newest first, no lines, three payout states (0.764709ms)
✔ every real detail parses with its lines and the lines add up to the statement (0.915292ms)
✔ an empty ledger parses to no statements (0.243416ms)
✔ no account id, key or approval shape is in any real body (0.370042ms)
✔ the real statements display literally as signed contributions that add up to the server's net (10.309042ms)
ℹ tests 48
ℹ suites 0
ℹ pass 48
ℹ fail 0
ℹ cancelled 0
ℹ skipped 0
ℹ todo 0
ℹ duration_ms 109.105541
✔ option/slug/SKU caps equal internal/catalog (options.go, catalog.go) (9.386542ms)
✔ text caps equal the Go validators (name 120, description 8000, SEO 70/160, collection title 80) (2.071042ms)
✔ photo caps equal Go (MaxMainImages, MaxDetailImages, MaxImageBytes) and the SKU code pattern (1.156709ms)
✔ PE13 Cartesian matrix is local, preserves edits and deduplicates values (1.010375ms)
✔ PE13 bulk quantity skips negative rows without modifying them (0.103292ms)
✔ PE12 untracked document uses whole currency and per-order cap, never quantity (7.854333ms)
✔ PE14 missing readback is not guessed or silently cleared by full replacement (0.057167ms)
✔ bulk status accepts explicit per-item results, never empty or duplicated confirmations (0.165083ms)
✔ matrix refuses over 100 SKUs before expansion (0.075917ms)
✔ parity: admin caps equal the Go constants (1.216208ms)
✔ image list: 4 main + 20 detail + 2 sku in role order is accepted (0.3085ms)
✔ image list: 5 main, 21 detail, wrong role order, gaps and extra keys are refused (0.133167ms)
✔ single image: role is required and its position is bounded by the role cap (0.434166ms)
✔ option text limits count Go runes rather than UTF-16 units (0.189917ms)
✔ PE14 new edit SKU carries its own shipping and clears no existing fields (9.147208ms)
✔ PE14 patch changes only price and preserves unmentioned fields (0.157958ms)
✔ PE14 on_hand is not available, zero target is transmitted, ambiguous warehouse refuses (0.27275ms)
✔ PE14 explicit clears and shipping remain per SKU on an active row (0.126875ms)
✔ PE14 archive supersedes every other edit on that SKU (b77eeb11) (0.128125ms)
✔ PE14 no-op has no command fields and changed axes explicitly archive omitted variants (0.083792ms)
ℹ tests 20
ℹ suites 0
ℹ pass 20
ℹ fail 0
ℹ cancelled 0
ℹ skipped 0
ℹ todo 0
ℹ duration_ms 99.30925
(node:8405) ExperimentalWarning: Transform Types is an experimental feature and might change at any time
(Use `node --trace-warnings ...` to show where the warning was created)
✔ UNKNOWN retry client authorization loss requires reconciliation, not a fresh command (3.213541ms)
✔ UNKNOWN retry 401 authorization loss requires reconciliation, not a fresh command (8.08425ms)
✔ UNKNOWN retry 403 authorization loss requires reconciliation, not a fresh command (0.543458ms)
✔ a conclusive command rejection stays distinct from authorization loss (0.687416ms)
ℹ tests 4
ℹ suites 0
ℹ pass 4
ℹ fail 0
ℹ cancelled 0
ℹ skipped 0
ℹ todo 0
ℹ duration_ms 107.415083
(node:8408) ExperimentalWarning: Transform Types is an experimental feature and might change at any time
(Use `node --trace-warnings ...` to show where the warning was created)
✔ offer controls read authoritative limits without parsing unrelated KEYWORD_QTY_CONTAINS window/stats (11.759625ms)
✔ offer controls accept 101 through the backend cap of 200 distinct offers, reject 201 (1.775584ms)
✔ offer toggle preserves exactly the authoritative maximum in the real M4 payload (2.284916ms)
✔ console BFF admits exactly A1/A7/A6 and A5 read/copy methods (0.335125ms)
✔ Next proxy admits the exact console family and results query before the BFF (82.0825ms)
✔ results query is canonical repeated session_id 1..50, everything else queryless (0.115833ms)
✔ real BFF route forwards only exact resources, authenticates scope and returns private scrubbed errors (39.984042ms)
✔ new commands reject unknown keys and preserve frozen copy/lifecycle/recommend body (0.133208ms)
✔ browser commands reuse Studio fences, exact no-comment recommend body and backend refusal codes (1.333625ms)
✔ results client preserves canonical ids/order and rejects invalid list before fetch (0.26975ms)
✔ stock client reuses catalog transport/key/parser and fences a changed login without retries (0.944459ms)
✔ journal replay sends the exact original method/path/body/key for all five commands (2.150083ms)
(node:8409) ExperimentalWarning: Transform Types is an experimental feature and might change at any time
(Use `node --trace-warnings ...` to show where the warning was created)
✔ A1 strict MOCK snapshot preserves unavailable counts, capability unknown and server stock (1.969791ms)
✔ A7 returns a separate lifecycle version and closed full KEYWORD_QTY_CONTAINS window (0.120084ms)
✔ A5 results retain separate environments/currencies and bind exact requested ids/order (0.142583ms)
✔ A5 copy parses real Go envelope, copied offer prices and KEYWORD_QTY_CONTAINS window (0.335ms)
✔ A6 accepts optional operation UUID, never guessed send success (0.082792ms)
(node:8410) ExperimentalWarning: Transform Types is an experimental feature and might change at any time
(Use `node --trace-warnings ...` to show where the warning was created)
✔ Live settings navigation accepts a scene picker entry but never a malformed or unscoped deep link (0.715917ms)
✔ LC-B7 stock permission admits live_adjust without inventory:write, not unrelated grants (0.079375ms)
✔ Instagram comment total stays unavailable; Facebook observed count is not a platform total (0.071167ms)
✔ LC-U1 one primary action follows lifecycle, never planning or transport state (0.048459ms)
✔ LC-U1 stock target uses sellable delta and rejects fractions, negative and over-limit changes (0.081291ms)
✔ LC-U1 links only explicit FB post identities, never arbitrary URLs or guessed videos (0.073875ms)
✔ LC-U1 Facebook preview keeps the original no-frame CSP and uses a safe external link (0.5045ms)
✔ LC-U1 delayed copy completion cannot navigate after store switch or unmount (0.107ms)
✔ LC-U1 receipt fence survives cookie rotation; pending replay still has a separate session boundary (0.353583ms)
ℹ tests 26
ℹ suites 0
ℹ pass 26
ℹ fail 0
ℹ cancelled 0
ℹ skipped 0
ℹ todo 0
ℹ duration_ms 282.360833
✔ secondary failures preserve A1; only A1 is periodic; IG notice follows the platform/embeddability observation (201.798666ms)
✔ the existing console refresh also explicitly refreshes its parent list; no automatic list read (11.828375ms)
✔ parent forwards only an explicit refresh callback and retains the scene when list is unavailable (7.534792ms)
✔ every explicit browser response/event/navigation waiter has a finite sub-test budget (6.118375ms)
✔ A1 failures back off 3/6/12/24/30 seconds and success resets to five seconds (75.570583ms)
✔ Retry-After is a minimum; hidden tabs cancel polling; forbidden locks and conceals (31.517291ms)
✔ secondary reads are mount/refresh only, independent from A1 and non-fatal (38.258917ms)
✔ UNKNOWN journal restores the exact key/method/path/body and explicit retry after reload (25.743375ms)
✔ first definite 403 clears journal but locks commands; late success after navigation clears only its own key (30.004209ms)
✔ private reads preserve Retry-After seconds and dates, without changing existing error codes (18.656042ms)
✔ a restored in-flight or UNKNOWN request retains its journal after a replay 403 (51.928833ms)
✔ restored copy success dispatches completion only in the still-current scene (37.288459ms)
✔ SessionCopy resyncs closed same-ID titles, preserves open edits and cancels to latest draft (24.724167ms)
✔ SessionCopy submit uses latest version; UNKNOWN request survives later draft/input changes (17.866583ms)
ℹ tests 14
ℹ suites 0
ℹ pass 14
ℹ fail 0
ℹ cancelled 0
ℹ skipped 0
ℹ todo 0
ℹ duration_ms 530.238292
✔ claims window modes match Go constants and every SQL match_mode CHECK (4.548709ms)
✔ host prompt stays verbatim at the frozen trunk contract; Japanese is absent (0.895917ms)
✔ bundle parser accepts manual (labelled) and Meta (unlabelled) bundles (0.624458ms)
✔ bundle parser rejects unknown platforms and label/platform mismatches (0.1585ms)
✔ offer parser carries the live price and rejects every out-of-range or missing field (0.236417ms)
✔ library and import parsers are closed; removal receipt is the only version-0 shape (0.5235ms)
✔ price input: exact decimal minor units, never float, bounded to the currency's places (10.377625ms)
✔ live-tools copy exists in all three locales with the same conflict reasons (0.458ms)
✔ claims BFF allowlist is exactly M1–M7 per method (2.459875ms)
✔ M7 link response shape is closed (0.249917ms)
✔ host prompt copy is the frozen text, verbatim (0.087459ms)
ℹ tests 11
ℹ suites 0
ℹ pass 11
ℹ fail 0
ℹ cancelled 0
ℹ skipped 0
ℹ todo 0
ℹ duration_ms 101.85825
NOT_RUN: tests/media/r04-input-runner.test.mjs (COMMERCE_R04_LIVEKIT_BINARY unset)
✔ main/detail/sku caps use the existing frozen image contract (0.548583ms)
✔ phone and tall dimensions fit2000 without enlarging small assets (0.134792ms)
✔ upload query requires one exact role and sku value; reads/actions carry no query (0.329709ms)
✔ role transport encodes current option values and refuses invalid identities (0.150333ms)
✔ effective image axis follows current options, then falls back to first (0.086ms)
✔ detail and option photos cannot satisfy the main-photo recommendation (0.087167ms)
✔ PM-U copy has matching keys in ja and all currently routed locales (0.131917ms)
✔ real-upload mode builds both Next applications on a clean CI checkout (6.318875ms)
✔ upload recovery journal survives a new session while remaining product/store scoped (0.109625ms)
✔ an option upload receipt requires its captured axis, value and image id on canonical readback (0.115375ms)
✔ failed durable recovery storage cannot authorize a media write (0.077875ms)
✔ an active product needs a main image after canonical media is known; repair paths stay possible (0.059125ms)
✔ empty media sections render a readable localized placeholder until photos are present (4.82075ms)
✔ real-upload mode never exits through the storefront MOCK shortcut (7.631584ms)
✔ a valid active zero-main product keeps an inline repair hint rather than a page error (3.887959ms)
✔ a new product issues the image-axis stage only for a chosen axis (0.913916ms)
ℹ tests 16
ℹ suites 0
ℹ pass 16
ℹ fail 0
ℹ cancelled 0
ℹ skipped 0
ℹ todo 0
ℹ duration_ms 228.968292
(node:8462) ExperimentalWarning: Transform Types is an experimental feature and might change at any time
(Use `node --trace-warnings ...` to show where the warning was created)
✔ a fitting PNG keeps the exact original File, bytes and alpha-capable format (0.813292ms)
✔ a JPEG exactly at both limits remains original, not a lossy re-encode (0.236333ms)
✔ an oversized phone JPEG is encoded below the cap after oriented scaling (0.54825ms)
✔ a large transparent PNG stays alpha-capable and is never painted with an opaque matte (0.477666ms)
ℹ tests 4
ℹ suites 0
ℹ pass 4
ℹ fail 0
ℹ cancelled 0
ℹ skipped 0
ℹ todo 0
ℹ duration_ms 86.668417
✔ HTTPS picklist fixture carries Secure session cookies automatically while preserving CSRF refusals (81.08625ms)
✔ batch controls stay compact until an order selection or live-session scope exists (0.127416ms)
✔ selection has XOR bodies, canonical unique IDs and separate 500/100 limits (0.356583ms)
✔ cross-page selection retains existing rows, deduplicates and refuses overflow atomically (0.703917ms)
✔ pick projection rejects PII/extra keys, invalid quantities and unmatched order identities (0.480083ms)
✔ batch replies bind one-for-one to confirmed orders and preserve uncertainty code (0.108666ms)
✔ pick/export POSTs reject keys and all query variants except one exact template (1.622458ms)
✔ CSV filename binds to selected template and store; no path/header injection (0.175791ms)
✔ MOCK browser fixture list matches the incumbent closed order parser (10.623917ms)
✔ recovery never clears an unknown or missing current attempt (0.126792ms)
✔ recovery and order-detail MOCK fixtures satisfy real read parsers (8.934167ms)
✔ order selection can read its session fence during SSR without browser globals (1.0475ms)
✔ MOU keeps native headed checks runnable on a Linux CI worker without DISPLAY (11.176334ms)
✔ pick fixture serves the scoped parcel reads required by the orders page (4.739916ms)
ℹ tests 14
ℹ suites 0
ℹ pass 14
ℹ fail 0
ℹ cancelled 0
ℹ skipped 0
ℹ todo 0
ℹ duration_ms 312.048542
✔ bodyless dissolve DELETE (empty body stream, no content-length) reaches Go with the CAS query, no body, no key (14.116541ms)
✔ every parcel DELETE must carry exactly one expected_version >= 1 (never forwarded without it) (1.688125ms)
✔ a DELETE that declares a body or chunked framing is refused (0.280459ms)
✔ DELETE needs the session, origin and CSRF like every command; other DELETEs stay unsupported (0.7985ms)
✔ GET parcel-groups (open groups read) and merge-suggestions pass with no query; a query or key is refused (6.3655ms)
✔ actual MOU parcel runner selects and collects the real parcel browser case (342.991541ms)
✔ merge suggestions accept the frozen shape (server-masked recipient) and reject drift (1.043708ms)
✔ created group requires the OPEN state and its members (0.12275ms)
✔ dissolved group is exactly id/state/version (0.076042ms)
✔ group shipment carries one SHIPPED version per member (1.466791ms)
✔ open groups (GET parcel-groups) accept the frozen shape and fail closed on drift (1.934541ms)
✔ reconcile: a reload rebuilds OPEN panels, a vanished OPEN group is dropped, history and live versions are kept (0.239ms)
✔ three locales cover the same keys and every refusal code (0.230084ms)
✔ the owner-ruling sentence is exact in all three locales (0.051917ms)
✔ the in_parcel_group copy is the same sentence in parcels-copy (blocked + errors) and orders-copy, in every locale (0.088125ms)
✔ groupOfOrder prefers the OPEN group over retained SHIPPED/DISSOLVED history (0.128167ms)
✔ parcelOrderNumber is the canonical LC-<32 uppercase hex> order number and matches the open-group parser (0.11525ms)
✔ parcel refresh generation: bumped by every successful poll, whatever the cursor (0.04375ms)
✔ parcel refresh generation: an in_parcel_group refusal bumps it, other refusals do not (0.048208ms)
✔ exactly the five W3-07B resources route (0.615334ms)
✔ dissolve carries exactly ?expected_version=N (N >= 1) (0.103875ms)
✔ readMergeSuggestions 401 immediately purges parent scope and refuses late sibling 200 (20.329ms)
✔ readMergeSuggestions 403 immediately purges parent scope and refuses late sibling 200 (13.267083ms)
✔ readMergeSuggestions 404 immediately purges parent scope and refuses late sibling 200 (6.154ms)
✔ readOpenParcelGroups 401 immediately purges parent scope and refuses late sibling 200 (4.879709ms)
✔ readOpenParcelGroups 403 immediately purges parent scope and refuses late sibling 200 (5.322125ms)
✔ readOpenParcelGroups 404 immediately purges parent scope and refuses late sibling 200 (3.527375ms)
✔ readMergeSuggestions 503 preserves parent and local retry recovers actual DTOs (10.689958ms)
✔ readOpenParcelGroups 503 preserves parent and local retry recovers actual DTOs (4.7425ms)
✔ captured parent groups callback refuses hidden scope (2.031542ms)
ℹ tests 30
ℹ suites 0
ℹ pass 30
ℹ fail 0
ℹ cancelled 0
ℹ skipped 0
ℹ todo 0
ℹ duration_ms 418.311375
✔ exactly the nine W6-01B resources are admitted, each only under its own method (5.952542ms)
✔ the customer list is claimed only when a tag filter is present (customers-request.ts stays the owner otherwise) (0.106834ms)
✔ near misses are refused (no generic proxying) (0.077125ms)
✔ reads: no body, no key, no transfer-encoding; tag-list takes no query at all (42.035416ms)
✔ customer-list query: closed keys, tag must be a canonical uuid, list bounds identical to customers-request (0.634708ms)
✔ note-list query: only limit and after, with the customers-list bounds (0.146292ms)
✔ writes: exactly one well-formed Idempotency-Key; the two DELETEs carry no body but still need the key (1.342ms)
✔ validTagName mirrors Go (NFC first, 1..20, trimmed, no control/Cf) (1.983292ms)
✔ validNoteBody mirrors Go (1..1000, not blank, only \n \r \t controls) (0.258375ms)
✔ tag-create body: closed keys, valid name and one of the eight colors (0.205334ms)
✔ tag-patch body: at least one of name/color, nothing else (0.084667ms)
✔ owner-tags body: tag_ids (<=100 canonical uuids) + 64-hex revision, exact keys (0.141458ms)
✔ note bodies: create {body}; patch {body, version>=1}; deletes and reads carry no body at all (0.131792ms)
✔ parseTagCatalog decodes {items: TagRecord[]} with the store-catalogue bounds (0.688167ms)
✔ parseTagSet / parseDeletedTag / parseDeletedNote decode the frozen write receipts (0.204584ms)
✔ parseNoteRecord / parseNotePage decode notes with the Go note rules (1.086709ms)
✔ customer-tags copy: three locales, identical key sets, the integrator's ruled note-privacy text verbatim (0.443125ms)
✔ components wire the ruled copy and the tag/note controls the specs click (1.141041ms)
✔ tag read names must already be trimmed NFC and Unicode code-point bounded (0.123958ms)
✔ session change before network sends nothing (14.745292ms)
✔ session changes after network or during body parse drop the response (30.163917ms)
✔ transient session digest failure is settled only before dispatch (3.988333ms)
✔ lost response followed by a changed session is UNKNOWN after dispatch (1.454458ms)
✔ lost response does not auto-retry; explicit replay keeps method/key/payload/scope (11.424166ms)
✔ 5xx or malformed success is uncertain, coded refusal is settled (7.377791ms)
✔ passive tag/detail refresh preserves an unsaved new-note draft (21.526125ms)
✔ passive refresh updates visible notes but preserves edit draft and original CAS version (0.72725ms)
✔ explicit refresh signal clears old edit draft while passive array changes do not (0.534875ms)
✔ an unauthorized note read clears private note bodies and the draft (9.535792ms)
✔ a transient note read failure keeps the notes already shown (3.383292ms)
✔ an unauthorized note read signals the global logout once; a transient failure does not (7.878ms)
✔ non-privacy writer: own notes keep Edit and Delete on a fresh mount, others' notes do not (2.09825ms)
✔ notes forbidden/not_found signals scope loss exactly once per mount, never on transient failure (16.954542ms)
✔ bad path/store/method/query/header is refused without authority or backend calls (22.649583ms)
✔ the actual proxy admits a tagged customer list with scoped search/cursor and rejects malformed tag authority (4.434583ms)
✔ signed-out/cross-store/Origin-CSRF denials short circuit before body or forwarding (0.360375ms)
✔ closed bodies and DELETE payloads cannot reach Go (2.423459ms)
✔ all write methods preserve exact key/body/store and private success status (2.046916ms)
✔ note pagination preserved and hostile backend errors/bodies sanitized (5.538375ms)
✔ a catalogue forbidden or not_found asks the parent to re-run its guarded reads, with no logout (161.899791ms)
✔ transient catalogue failures stay local; unauthorized logs out but is not a scope loss (56.795041ms)
✔ after a tag write the manager stays mounted: the catalogue refreshes in place, never reloads (13.238334ms)
✔ a manager-reported scope loss reloads the customer list and catalogue guarded reads (14.221917ms)
✔ CustomerDetail forwards a scope-lost signal to the guarded read once per page (15.909791ms)
✔ badges are escaped server tag facts with human-readable names (3.223542ms)
✔ actual customer notes render privacy notice, safe content, author fallback and read-only permissions (25.483417ms)
✔ unknown permissions and erased customer never offer note mutations (5.308333ms)
✔ write-only notes permit add but not edit/delete of notes the server does not mark own; privacy permission permits both (4.2035ms)
✔ manager trigger and all three localized buyer-export notices render through actual components (1.979375ms)
✔ UNKNOWN survives settled unauthorized retry until trusted success; fresh run ignored (3.440875ms)
✔ UNKNOWN survives settled forbidden retry until trusted success; fresh run ignored (0.503625ms)
✔ UNKNOWN survives settled version_changed retry until trusted success; fresh run ignored (8.099291ms)
✔ first-attempt preflight refusal is settled and permits a fresh action (4.925125ms)
✔ UNKNOWN and in-flight retries prevent duplicate dispatch; unmount discards stale outcome (0.406292ms)
✔ an unauthorized write signals the global logout; forbidden does not (0.505375ms)
✔ UNKNOWN command survives unmount/remount: still locked, same-key retry, cleared by trusted success (0.359209ms)
✔ a command unmounted while in flight is treated as UNKNOWN on remount (0.302917ms)
✔ a session boundary change drops the remembered UNKNOWN command (9.461584ms)
✔ a guarded read that ends signed-out signals the global logout once (2.664083ms)
✔ forbidden/unavailable failures and a successful read signal no logout (27.207583ms)
✔ refresh ending signed-out clears the view, blocks and signals the global logout once (11.47ms)
✔ refresh ending forbidden or not-found clears the data without a logout (10.935583ms)
✔ a transient refresh failure keeps the ready view and signals nothing (14.208709ms)
✔ exactly the eight report GETs are admitted; every other method or path is refused (0.922917ms)
✔ report reads: query required, no body, no key, no transfer-encoding (13.528ms)
✔ from/to: exactly once each, calendar-valid days, 0..91 apart (1.39925ms)
✔ session_id: only on the funnel (json and csv), a canonical uuid, once (1.063125ms)
✔ parseProductReport: echoed range/zone, <=1000 rows sorted by net desc, net = captured - refunded (6.249833ms)
✔ parseChannelReport: closed vocabulary order, money per environment strictly ascending, I05 inside every bucket (1.230041ms)
✔ parseFunnelReport: nested counts, session echo, ordered_without_link bound (1.339083ms)
✔ parseManualReport: nullable principal/session ids, bucketed money like channels (0.412292ms)
✔ reports copy: three locales, identical key sets, the integrator's ruled money annotation verbatim (0.199666ms)
✔ Reports.tsx: four tabs, CSV per tab, ruled annotation, CSS/SVG charts only (no new dependencies) (1.649458ms)
✔ report CSV closed headers use actual Go slug, echoed dates and private no-store (0.380625ms)
✔ report response projection rejects unknown keys, mismatched range and non-private responses (1.471667ms)
✔ manual buckets follow Go's uncapped row count rather than a made-up 500-row limit (2.450667ms)
✔ display sorts only inside currency/environment groups, never sums money or mutates server rows (15.5255ms)
✔ page report query accepts exactly the four report names and defaults to products (0.132125ms)
✔ actual product table renders offline separately, both modes, no UUID copy and sortable headers (19.665167ms)
✔ actual channel chart exposes exact numbers and both money modes using SVG (1.06425ms)
✔ actual funnel has four stages, nested widths and truthful zero-denominator text (1.327625ms)
✔ manual table resolves authorized labels, has honest fallback, and never presents UUIDs (3.448584ms)
✔ all report views render localized empty states (1.872333ms)
✔ actual BFF refuses malformed query, unknown store/session, disabled auth and missing CSV fences before Go (74.823416ms)
✔ actual BFF closed JSON projection and CSV scope/query preserve trusted token; no forwarded client authority (27.874708ms)
✔ actual BFF permission and malformed CSV response fences do not masquerade as a download (17.821708ms)
✔ audited browser GET accepts same-origin Fetch Metadata plus CSRF, never cross-site or forwarded Host (29.586042ms)
✔ actual CSV client preflight sends nothing after session change, and a lost audit response is uncertain with no retry (8.918459ms)
✔ actual CSV client refuses stale-session bytes and downloads only a closed private response (7.463167ms)
✔ report leaf gives the actual trusted fetch 65 seconds, rejects redirects and forwards only server bearer (4.425625ms)
✔ incoming request cancellation aborts the real report fetch once, returns safe unavailable and never retries (7.455708ms)
✔ CSV final synchronous fence conceals bytes when cancellation, hide or cookie rotation happens inside final await (20.581875ms)
✔ CSV end-to-end deadline covers store lookup and report budget; aborted preflight sends no audited request (10.546042ms)
✔ an uncertain export stays locked for its scope after another scope's export (4.058458ms)
✔ an uncertain export scope persists per store in tab storage and re-locks a fresh render (29.848583ms)
✔ unavailable tab storage fails closed to the in-memory lock without throwing (4.689958ms)
✔ export lock is stored before dispatch; refused/delivered outcomes release it, uncertain and cut-short keep it (39.019958ms)
✔ releasing one scope keeps the other uncertain scopes of the store (8.645625ms)
✔ export is refused and nothing is dispatched when the lock cannot be saved (denied, full or no storage) (6.8275ms)
✔ copy for an unsaved export lock exists in every locale (0.122ms)
✔ product sort query parses strictly and defaults to net_minor descending (0.173875ms)
✔ legacy-store permission probe: forbidden/not-found/signed-out fail the read closed, transient falls back (9.58175ms)
✔ channel and funnel data retain their applied dates while draft dates wait for Show (90.127125ms)
✔ an uncertain export lock is bound to the session boundary, so a different user does not inherit it (19.58225ms)
✔ Finance landing links to reports under the same canSeeReports rule (11.721166ms)
✔ selected tag survives searches and cursor pagination while an empty filter is omitted (42.023292ms)
✔ customer list dispatch preserves legacy requests and sends every tag query to the closed W6 authority (340.382709ms)
✔ customers reports link is hidden only when permissions are present and lack orders:read (0.116167ms)
✔ reports are a finance subpage and preserve the existing single finance navigation entry (0.118416ms)
✔ an authoritative erased customer immediately unmounts the cached private tags/notes subtree (20.380375ms)
✔ the actual customer row shows manual tags and imported status without changing consent (6.0405ms)
✔ P1 actual tag DELETE accepts an empty Next-style stream without JSON MIME (448.300208ms)
✔ P1 actual note DELETE accepts an empty Next-style stream without JSON MIME (1.260083ms)
✔ P1 body-carrying tag writes still require JSON MIME through the real BFF (0.293625ms)
✔ P2 customer bare/encoded tag keys are invalid422 through the actual leaf before any backend (2.694083ms)
✔ P2 report products real session/CSRF response is private and Vary Cookie (0.976ms)
✔ P2 report products.csv real session/CSRF response is private and Vary Cookie (0.319958ms)
✔ P2 report malformed query and wrong CSRF are rejected by actual helpers before upstream (0.235959ms)
ℹ tests 118
ℹ suites 0
ℹ pass 118
ℹ fail 0
ℹ cancelled 0
ℹ skipped 0
ℹ todo 0
ℹ duration_ms 1144.244042
✔ real coded errors retain baseline classification and normalize import leaf cache to private,no-store (34.678833ms)
✔ preflight missing CSRF is definite and sends nothing; actual route CSRF and session refusals stay definite (4.025625ms)
✔ actual route uses real cookies/store membership and method/error envelopes, no helper substitutions (3.25ms)
✔ actual client/route preserves original Blob bytes, trusted transport and privacy projection on200/409 (2.524083ms)
✔ success or stale preview must remain private; malformed/unknown/mismatched coded errors are uncertain after commit (3.174542ms)
✔ lost/unreadable/session-changed dispatched commit remains UNKNOWN; no automatic retry (1.984416ms)
✔ actual failed-only result route strips IDs and real final session/cancel fence exposes no download (2.665291ms)
✔ actual route refuses unknown resource/query and duplicate session cookies before any upstream call (0.386042ms)
✔ actual route incoming cancellation aborts one dispatched transport and preserves client UNKNOWN (1.179958ms)
✔ real coded error cache may not be public, and closed payload may not acquire data-bearing fields (1.270292ms)
✔ copy still exposes specific merchant field reasons across three locales (4.303625ms)
✔ all real local and upstream import refusals including HEAD/unsupported are exact private,no-store (0.672041ms)
✔ fresh mismatched receipt stays UNKNOWN, exact manual replay mismatch becomes terminal without a third send (1.838708ms)
✔ terminal is impossible for malformed replay receipts or matching replayed counts (0.993ms)
✔ Big5 bytes pass unchanged to upstream and real422 import envelope surfaces encoding_not_utf8 (0.630792ms)
✔ oversize file uses the actual header guard and specific size guidance in all locales without dispatch (28.487208ms)
✔ commit uses the original requested mapping, including an empty optional field, not resolved preview metadata (3.606833ms)
✔ an UNKNOWN commit remains locked through a later forbidden retry and only explicit same-file success unlocks (3.1225ms)
✔ leaving during a dispatched commit drops its payload and keeps an unconfirmed boolean without replay (1.711167ms)
✔ a definite first preflight refusal clears pending before sign-out and does not invent an unconfirmed import (2.353084ms)
✔ a replayed mismatched receipt ends UNKNOWN without offering another retry or unlocking historical orders (1.266625ms)
✔ real cookie and CSRF helpers generate and validate the actual host-cookie pair (1.183042ms)
✔ exact route rejects methods/keys/body/query/scope before any upstream request using real localError (4.028584ms)
✔ missing/duplicate session cookies reject and real clearAuthCookies expires session and CSRF (2.196667ms)
✔ actual authenticatedStores denies a store absent from the server projection (2.773833ms)
✔ private success routes server cookie token and exact canonical after, never caller bearer/cookie to Go (5.386083ms)
✔ actual safeError/localError preserve coded status with no-store and redact upstream diagnostics (2.375958ms)
✔ actual readBody and strict projection refuse MIME/oversize/extra private fields/city; network loss stays private (1.592708ms)
✔ actual client issues GET50/after through real route/private successful projection (9.690042ms)
✔ actual helper-issued browser fence rejects changed parent before dispatch (0.601417ms)
✔ private success from real route is discarded when the browser session changes during upstream read (2.054792ms)
✔ real localError no-store 401/403/404/503 preserves correct read category with no retry (4.042916ms)
✔ malformed sensitive backend projection becomes real unavailable, never a fake BFF success (1.062166ms)
✔ strict archive rows decode external order text, safe minor units and public keys (3.233375ms)
✔ PII-shaped city and extra sensitive fields never pass the safe projection (0.603709ms)
✔ all canonical Go cities pass; malformed types/bounds/order/time/money/cursor fail (1.219167ms)
✔ read grammar is exact limit/after, not the stale brief's cursor name (11.015625ms)
✔ three locales retain truthful history-not-revenue basis and copy parity (0.173417ms)
✔ SSR renders actual safe rows, shared money/time, total count and read-only three-locale basis (28.11275ms)
✔ SSR distinguishes empty archive, 403, session loss and unavailable without stale rows/count (3.46525ms)
✔ actual pagination callbacks use opaque trail; double click cannot skip; refresh/scope reset page1 (1.275208ms)
✔ the static import subpage wins over customer detail and leaves the single customers nav intact (0.4295ms)
✔ the actual list offers import only to privacy holders and carries the current authorized store (157.445417ms)
✔ the actual detail mounts archive only for an active imported customer and passes its fenced identity (21.914583ms)
✔ MIUI-READY-VISIBLE-STORE actual signed helper waits on the visible selector and retains cookie/wizard assertions (173.789083ms)
✔ MIUI-READY-DENIED read-only staff reaches the real shell refusal instead of waiting for a private wizard (20.100708ms)
✔ failure verdicts precede successful rows, by source row number, without mutating the input (1.870583ms)
✔ the failure download contains only failed row metadata, with no source cell or success identifier (0.895875ms)
✔ reads quoted/BOM header only, without decoding malformed bytes from data rows (1.908916ms)
✔ guess only unique metadata aliases with explicit unmapped values (0.215958ms)
✔ shared dynamic leaf admits only exact import methods/actions and bounded mapping/count (20.850709ms)
✔ failed CSV emits only row/outcome/code, refusing any unexpected identifier or raw cell (0.194834ms)
✔ raw-byte cap does not decode/rebuild uploads and cancels oversized chunks (7.147625ms)
✔ backend privacy projection strips all source IDs on successful and failed rows (0.854125ms)
✔ closed preview parser refuses data-bearing rows, unknown keys and inconsistent counts (0.234917ms)
✔ order preview counts units while first CSV record numbers can exceed rows_total (0.107834ms)
✔ commit receipt has exactly five keys and no extra customer cells (0.10075ms)
ℹ tests 57
ℹ suites 0
ℹ pass 57
ℹ fail 0
ℹ cancelled 0
ℹ skipped 0
ℹ todo 0
ℹ duration_ms 577.441166
✔ parseShard: i/N, empty means unsharded, anything malformed throws (0.722791ms)
✔ assignShards: deterministic, every key owned once, near-balanced (LPT bound) (0.950083ms)
✔ planClick: for every N the shards partition the whole universe (every registry route x variant, storefront walk, journey) (1.268334ms)
✔ planClick at N=10 keeps every shard within ~1.3x of the mean planned cost (0.122084ms)
✔ aggregate click: honest shards pass for several N (2.375042ms)
✔ aggregate click: a missing shard, a dropped page row, a lost journey, a failing row, a stale known defect and a missing platform marker are each a failure (3.599959ms)
✔ aggregate click: a route added to the registry after the shards ran cannot pass (the registry is re-read) (0.385541ms)
✔ aggregate visual: honest shards pass; a missing shard, a missing shot, a blocking verdict and a registry route outside the universe each fail (4.806166ms)
ℹ tests 8
ℹ suites 0
ℹ pass 8
ℹ fail 0
ℹ cancelled 0
ℹ skipped 0
ℹ todo 0
ℹ duration_ms 84.501916
ci-plan: 10 job(s); click-sweep x10 (aggregate)
  --browser-click-sweep@1/10  -> artifact gate-browser-click-sweep_1_10
  --browser-click-sweep@2/10  -> artifact gate-browser-click-sweep_2_10
  --browser-click-sweep@3/10  -> artifact gate-browser-click-sweep_3_10
  --browser-click-sweep@4/10  -> artifact gate-browser-click-sweep_4_10
  --browser-click-sweep@5/10  -> artifact gate-browser-click-sweep_5_10
  --browser-click-sweep@6/10  -> artifact gate-browser-click-sweep_6_10
  --browser-click-sweep@7/10  -> artifact gate-browser-click-sweep_7_10
  --browser-click-sweep@8/10  -> artifact gate-browser-click-sweep_8_10
  --browser-click-sweep@9/10  -> artifact gate-browser-click-sweep_9_10
  --browser-click-sweep@10/10  -> artifact gate-browser-click-sweep_10_10
✔ the full sweep and the full visual lint fan out into every shard and ask for the aggregate (1.021208ms)
✔ foundation-shards = the unit shard + every plan group; the serial `foundation` mode is untouched (0.585167ms)
✔ an explicit shard re-run (or a partial list) never claims the whole-run aggregate (0.169292ms)
✔ duplicates collapse, artifact names are safe and unique, bad input is refused (0.344625ms)
✔ main writes matrix / sweep_n / visual_n to GITHUB_OUTPUT (1.442125ms)
✔ backend-only paths run foundation-shards only (0.980709ms)
✔ node tests of deploy scripts and of the CI planner are backend-only (they cannot change a browser) (0.311167ms)
✔ a UI path adds the whole browser set, including click-sweep and visual-lint (2.278125ms)
✔ docs-only and output-only diffs keep the single required check (foundation-shards) (0.405375ms)
✔ tests/foundation/browser_* is a browser path, other tests/foundation files are not (0.309625ms)
✔ deploy flag: deploy/ and scripts/deploy* only (1.069834ms)
✔ the browser set is release-gate's browser-mode universe minus the documented exclusions (12.388167ms)
✔ parser: only compiled, correctly-shaped Test functions of untagged _test.go files (0.999125ms)
✔ the real plan: every top-level test of tests/foundation runs in exactly one group (567.124792ms)
✔ a new test (in no list) still runs, exactly once, in the catch-all group; the same name with no catch-all is red (815.084667ms)
✔ a test listed in two groups is red; drift beyond the limit is red (798.352125ms)
✔ regexes: anchored explicit lists; the catch-all skips exactly everyone else's tests (0.387417ms)
✔ pack: deterministic, balanced to within the longest test, every name once (3.669625ms)
✔ parseDurations: top-level lines only (0.16425ms)
ℹ tests 19
ℹ suites 0
ℹ pass 19
ℹ fail 0
ℹ cancelled 0
ℹ skipped 0
ℹ todo 0
ℹ duration_ms 2358.493917
✔ A8/A9/A13 and published templates: exact reads forward once with no-store (19.246958ms)
✔ real streamed POST bodies: A10-A14 exact keys reach upstream (8.999458ms)
✔ query, read headers, methods and body allowlists refuse before upstream (5.502709ms)
✔ session, CSRF and store authority precede content forwarding (1.234625ms)
✔ A12 fixed codes preserved; arbitrary upstream diagnostics stripped (6.569ms)
✔ client preserves codes and receipt; changed/aborted session cannot publish private response (5.958875ms)
✔ A9 admits a full page of valid Unicode replies while bounding private response bytes (3.96175ms)
✔ non-JSON upstream 401 still expires both authentication cookies without diagnostic leakage (1.391959ms)
✔ real M7 response keeps no-referrer after matching Next production header rules (15.105834ms)
✔ three unit languages cover identical fixed labels and delivery states (0.7945ms)
✔ hiding aborts requests and rejects late responses, even after reveal (0.392083ms)
✔ switching selection invalidates both reads and write completions (0.071875ms)
✔ owner and explicit inbox permissions only; viewer fails closed (0.058875ms)
✔ Messenger counts Unicode codepoints; Instagram counts NFC UTF8 bytes (0.657208ms)
✔ uncertain transport retries retain the exact submission; definitive conflicts retire it (0.423958ms)
✔ privacy calibration cannot activate with production origin or ordinary caller env (0.158167ms)
✔ late focus/pageshow while native document remains hidden cannot reveal requests (0.097375ms)
✔ terminal navigation revocation cannot be undone by focus or refresh until a new page fence (0.060459ms)
✔ a ticket from another store/page fence is never accepted (0.04125ms)
✔ focus while already visible preserves the active epoch and the uncertain reply receipt (0.253375ms)
ℹ tests 20
ℹ suites 0
ℹ pass 20
ℹ fail 0
ℹ cancelled 0
ℹ skipped 0
ℹ todo 0
ℹ duration_ms 173.515666
✔ installed APIRequestContext cookie rules exclude Secure cookie from HTTP127 but retain HTTPS/localhost (1.32825ms)
✔ actual INU02 cross uses browser auth and retains exact 404/DM absence (51.425542ms)
✔ actual INU02 cross still rejects wrong authority 401 (8.91575ms)
✔ actual INU02 cross still rejects wrong authority 200 (2.012ms)
✔ actual INU02 cross still rejects DM in denied response (3.887167ms)
✔ actual INU02 denied uses browser auth and retains exact 403/DM absence (2.200416ms)
✔ actual INU02 denied still rejects wrong authority 401 (2.459958ms)
✔ actual INU02 denied still rejects wrong authority 200 (1.443041ms)
✔ actual INU02 denied still rejects DM in denied response (1.804625ms)
✔ actual login settles /en and fixture store (real switch, scoped=false) (50.555291ms)
✔ actual login settles /en and fixture store (real switch, scoped=true) (4.502542ms)
✔ actual login settles /en/inventory and fixture store (real switch, scoped=false) (7.280042ms)
✔ actual login settles /en/inventory and fixture store (real switch, scoped=true) (2.891917ms)
✔ actual login settles /en/messages and fixture store (real switch, scoped=false) (2.138125ms)
✔ actual login settles /en/messages and fixture store (real switch, scoped=true) (45.232875ms)
✔ actual login settles /en and fixture store (already selected, scoped=false) (38.6165ms)
✔ actual login settles /en and fixture store (already selected, scoped=true) (1.8335ms)
✔ actual login settles /en/inventory and fixture store (already selected, scoped=false) (1.630625ms)
✔ actual login settles /en/inventory and fixture store (already selected, scoped=true) (8.199417ms)
✔ actual login settles /en/messages and fixture store (already selected, scoped=false) (7.239875ms)
✔ actual login settles /en/messages and fixture store (already selected, scoped=true) (5.282208ms)
✔ bundle fixture uses real claim commands and mounts existing M6/M7 without issuing early (2.074417ms)
✔ sensitive bundle scenario clicks native clipboard with trace/video disabled and no token body reads (0.186917ms)
✔ persisted link and token-free command receipt are compared without disclosing credentials (0.134334ms)
✔ actual clipboard evaluator exports only safe summary and detects malformed or retained synthetic credentials (283.850792ms)
✔ claim-window fixture isolates recovery after the current migration permits multiple OPEN windows (5.2525ms)
✔ ordinary Playwright diagnostics still capture failed-page ARIA when private guard is absent (0.825959ms)
✔ sensitive worker lifecycle prevents actual installed snapshot capture without masking the failure (58.975917ms)
✔ worker restores prior environment even when use rejects (absent) (13.509958ms)
✔ worker restores prior environment even when use rejects (empty) (2.057542ms)
✔ worker restores prior environment even when use rejects (existing-policy) (2.570042ms)
✔ fixture is worker-auto and module collection does not suppress ordinary diagnostics (65.733792ms)
✔ ordinary matcher ARIA context bypasses fallback flag and remains in actual installed diagnostics (1.457ms)
✔ private test teardown removes only matcher page context while preserving failure (failed status) (8.473541ms)
✔ private test teardown removes only matcher page context while preserving failure (rejected use) (2.509042ms)
✔ matcher guard is test-auto without replacing the installed artifact auto fixture (1.93675ms)
✔ real Playwright --list collects each original INU case and isolated INU09 exactly once (1211.6195ms)
✔ A real Inbox selection admits Go A9 attachments null without losing thread (88.354167ms)
✔ A real Inbox selection admits Go A9 attachments empty array without losing thread (3.194708ms)
✔ A malformed non-array A9 attachments is refused without painting DM or crashing selected entry (3.924042ms)
✔ C A8 HTTP200 empty list is ordinary data with no alert, selection or focus request storm (5.633417ms)
✔ C A8 list404 is scoped inbox unavailable in en, never an empty list or conversation denial (1.256958ms)
✔ C A8 list404 is scoped inbox unavailable in zh-TW, never an empty list or conversation denial (11.665458ms)
✔ C A8 list404 is scoped inbox unavailable in zh-CN, never an empty list or conversation denial (1.75325ms)
✔ C click-sweep Go harness mounts existing Inbox/templates services (STRUCTURE_ONLY, Go NOT_RUN) (0.6765ms)
✔ C click-sweep includes actual-router owner200 empty inbox assertion (STRUCTURE_ONLY, Go NOT_RUN) (0.326167ms)
✔ inbox evidence is covered by the CI upload root (14.142917ms)
✔ failed Playwright closes its log and emits sanitized diagnostics before Fatalf (0.3155ms)
✔ failure diagnostics match INU cases/counts without admitting private text (2.949833ms)
✔ INU04 delayed handler 1 signals completion when fulfillment rejects (19.10375ms)
✔ INU04 delayed handler 2 signals completion when fulfillment rejects (9.614625ms)
✔ recoveryDone waits for actual held M7 completion in zh-TW (27.25325ms)
✔ recoveryDone waits for actual held M7 completion in zh-CN (2.227125ms)
✔ recoveryDone waits for actual held M7 completion in en (2.29425ms)
✔ review2 P1 bundle-only row opens real A13 and issues existing M7 claim link to clipboard (57.430958ms)
✔ review2 P1 clipboard denial recopy reuses cached issued URL without another M7 POST (11.918666ms)
✔ review2 P1 lost M7 ACK retries exact receipt and null replay token never mints a fresh key (14.151291ms)
✔ review2 P1 missing CSRF before cached recopy cannot copy or issue again (5.924542ms)
✔ review2 P1 missing CSRF before uncertain retry rejects preserved receipt dispatch (5.760209ms)
✔ review2 P1 late issued-link completion after hide cannot write clipboard (8.904791ms)
✔ review2 P1 late issued-link completion after selection cannot write clipboard (5.041667ms)
✔ review2 P1 late issued-link completion after unmount cannot write clipboard (4.987625ms)
✔ review2 P1 late issued-link completion after logout cannot write clipboard (5.67775ms)
✔ review2 P1 claim-link issuance denied without both live read/manage (inbox:read,live:read) (4.064542ms)
✔ review2 P1 claim-link issuance denied without both live read/manage (inbox:read,live:manage) (3.171583ms)
✔ review2 P1 missing authoritative recovery identity never guesses generation {"missingSession":true} (2.756ms)
✔ review2 P1 missing authoritative recovery identity never guesses generation {"noBundle":true} (2.205375ms)
✔ review2 P2 exactly one matching binding uses named DM hard gate ok (4.594583ms)
✔ review2 P2 exactly one matching binding uses named DM hard gate review_required (2.421625ms)
✔ review2 P2 exactly one matching binding uses named DM hard gate missing_permission (2.856584ms)
✔ review2 P2 multiple same-provider bindings advisory only (dm_session:ok,dm_session:missing_permission) (0.848167ms)
✔ review2 P2 multiple same-provider bindings advisory only (dm_session:missing_permission,dm_session:reauth_required) (1.912083ms)
✔ review2 P2 multiple same-provider bindings advisory only (dm_session:ok,read_comment:missing_permission) (7.157125ms)
✔ review2 P2 multiple same-provider bindings advisory only (dm_session:review_required,dm_session:ok) (0.6935ms)
✔ review2 P2 actual scoped A12 409 capability refusal remains visible after advisory submit (2.654875ms)
✔ review2 P2 missing health and single binding without named DM remain disabled (3.610083ms)
✔ review2 P2 expired cached issued link cannot be recopied or silently reissued (12.828458ms)
✔ P1-1 actual visible focus preserves pending ticket, selection, revision and real retry receipt (11.618334ms)
✔ P1-1 actual unchanged-session pageshow checks without clearing; changed-session focus expires (0.4205ms)
✔ P1-1 actual hide/reveal clears and requests fresh revision, never accepts obsolete completion (0.304458ms)
✔ P1-1 changed-session visible focus expires even with a pending request (0.183166ms)
✔ P1-2 actual A9 refresh 404 removes rendered DM and unsent draft (23.357708ms)
✔ P1-2 actual send-finally A9 404 removes DM, draft and uncertain immutable receipt (5.192084ms)
✔ actual uncertain send still retains exact receipt when A9 authority remains (0ms post-send A9) (9.298333ms)
✔ actual uncertain send still retains exact receipt when A9 authority remains (50ms post-send A9) (113.021042ms)
✔ actual A9 stale held completion cannot paint after component cleanup (3.540875ms)
✔ P2 actual A14 404 clears buyer facts and customer draft (explicit future-version MOCK) (5.8535ms)
✔ safe authority errors remain the actual InboxError transport class (0.07175ms)
✔ actual current A13 without version keeps A14 disabled; future MOCK grants no backend claim (1.0975ms)
✔ P1-2 actual A11 takeover write 404 clears private state despite failing follow-up A9 (2.034667ms)
✔ P1-2 actual A12 send write 404 clears private state despite failing follow-up A9 (2.465042ms)
✔ A13 server orders omission remains distinct from authorized omitted data (1.62175ms)
✔ A13 server orders omission remains distinct from authorized empty data (0.970667ms)
✔ A13 server orders omission remains distinct from authorized populated data (1.933042ms)
✔ actual shell-store-selector captures selection before synchronous privacy teardown (allowed=true) (59.073584ms)
✔ actual shell-store-selector captures selection before synchronous privacy teardown (allowed=false) (1.721333ms)
✔ actual locale-switch captures selection before synchronous privacy teardown (allowed=true) (5.525ms)
✔ actual locale-switch captures selection before synchronous privacy teardown (allowed=false) (1.669458ms)
✔ persisted A9 UNKNOWN after page entry warns and blocks the real composer in en (37.705458ms)
✔ persisted A9 UNKNOWN after page entry warns and blocks the real composer in zh-TW (2.075708ms)
✔ persisted A9 UNKNOWN after page entry warns and blocks the real composer in zh-CN (5.577875ms)
✔ A12 queued ACK followed by final A9 UNKNOWN overrides the local queued notice and blocks another send (4.754708ms)
✔ a captured previously enabled composer cannot bypass final UNKNOWN learned by Refresh (2.257ms)
✔ a later A9 page omitting the known UNKNOWN is not delivery reconciliation (3.972375ms)
✔ persisted queued is not mislabeled UNKNOWN and retains ordinary composer eligibility (2.5725ms)
✔ persisted sent is not mislabeled UNKNOWN and retains ordinary composer eligibility (1.832042ms)
✔ persisted failed is not mislabeled UNKNOWN and retains ordinary composer eligibility (1.146209ms)
✔ persisted blocked is not mislabeled UNKNOWN and retains ordinary composer eligibility (1.083625ms)
✔ fresh mount refuses when an old UNKNOWN is beyond 51 newer messages (fact=true) (2.140459ms)
✔ fresh mount refuses when an old UNKNOWN is beyond 51 newer messages (fact=null) (3.087666ms)
✔ fresh mount refuses when an old UNKNOWN is beyond 51 newer messages (fact=undefined) (2.897917ms)
✔ fresh mount refuses when an old UNKNOWN is beyond 51 newer messages (fact=false) (5.368917ms)
✔ a refreshed unknown authority replaces old clear authority even for a captured composer (1.664458ms)
✔ window strict eligibility with 300001ms before hard 24h deadline (15.590375ms)
✔ window strict eligibility with 300000ms before hard 24h deadline (1.933583ms)
✔ window strict eligibility with 60000ms before hard 24h deadline (1.345041ms)
✔ window strict eligibility with 0ms before hard 24h deadline (1.1045ms)
✔ window invalid server deadline fails closed without preparing a send (0.70625ms)
✔ window captured enabled form callback cannot POST after crossing safe cutoff (0.702ms)
✔ window deadline timer closes controls at cutoff and hard end without waiting for 15s poll (0.693042ms)
✔ quota recovery gives exact zh-TW comment-quota and DM-window instructions beside copy only (0.415667ms)
✔ quota recovery gives exact zh-CN comment-quota and DM-window instructions beside copy only (0.137666ms)
✔ quota recovery gives exact en comment-quota and DM-window instructions beside copy only (0.100042ms)
ℹ tests 123
ℹ suites 0
ℹ pass 123
ℹ fail 0
ℹ cancelled 0
ℹ skipped 0
ℹ todo 0
ℹ duration_ms 1321.376458
