✔ /products/{uuid} redirects permanently to the zh-TW product page (37.607209ms)
✔ non-uuid ids are 404, never redirected (0.941833ms)
✔ AT1: the locale redirect preserves the ad-click query without allowing a redirect target (0.130041ms)
✔ R10: standalone signed signals survive a missing or expired seven-day touch (2.507875ms)
✔ R10: standalone signals reject expiry, bad signature, duplicates and another host (0.213041ms)
✔ AT1 R5: browser identity survives expired touch and rolls for ninety days (0.163667ms)
✔ AT1 R5: missing ad parameters create no cookies; fbclid alone creates no touch (0.437041ms)
✔ AT1 R5: lc_ad alone updates attribution and does not replace fbc (0.176542ms)
✔ AT1: host-only first-party cookies contain no PII and read back exactly (0.272709ms)
✔ AT1: a later valid click replaces the draft but preserves the browser identifier (0.116042ms)
✔ R10: only a different fbclid replaces fbc and its first-seen timestamp (0.203542ms)
✔ AT1: malformed and ambiguous links do not overwrite a valid prior touch (0.33225ms)
✔ AT1: host and key binding reject copied cookies (0.167417ms)
✔ AT1: duplicates and tampering invalidate the entire envelope (0.143959ms)
✔ AT1: exactly seven days is valid, the next millisecond and future clicks are not (0.135875ms)
✔ catalog list query limits equal the Go v2 parser (internal/buyerhttp/catalogv2.go) (10.324458ms)
✔ collection list cap equals Go maxCollectionsPerStore (7.384083ms)
✔ design caps equal internal/design/schema.go (nav, sections, pages) (8.571083ms)
✔ CVS buyer-entered store bounds and return path equal Go (internal/checkout/cvs.go, migration 0093) (20.851084ms)
✔ transfer view: closed shape and state rules mirror Go validTransferView (2.111084ms)
✔ proof body and result: five digits, positive minor amount, ISO instant (0.464417ms)
✔ minorFromText: major units with at most two decimals, never a float surprise (0.260333ms)
✔ buyer email mirror: one plain address, 254 characters at most (0.245417ms)
✔ countdown: whole hours and minutes, never negative (3.318167ms)
✔ copy: three locales carry every key and every refusal code (0.24625ms)
✔ options: a home row lists modes only with bank_transfer and then needs its window (0.28325ms)
✔ checkoutInput: a home bank_transfer body, the optional trimmed email, and every refusal before any request (0.407167ms)
✔ order: AWAITING_TRANSFER is a valid commercial state without a hold time (0.188042ms)
✔ BFF: exact transfer routes, keyed proof PUT, strict body, validated answers, no generic proxy (52.888667ms)
✔ BFF: transfer refusal codes pass through as definite 422; checkout accepts bank_transfer and a valid email only (6.052209ms)
✔ D06 order heading follows a settled transfer: never 'waiting for transfer' above a confirmed or expired one (0.105459ms)
✔ uncertain prepare blocks all mutations; changed cookie context resolves journal (25.200375ms)
✔ fully parsed local denial clears only its own pending operation (1.619667ms)
✔ malformed journal, unavailable lock and stale context fail before writes (23.053125ms)
✔ BPT05 exact handoff permits absent body/key, one fetch, no form persistence (39.300833ms)
✔ BPT05 wrong handoff form and ordinary writes fail before any fetch (0.523167ms)
✔ BPT05 unresolved cookie journal blocks handoff; lost response is one fetch without persistence (0.146125ms)
✔ SU02 refresh permits absent body/key, one fetch, no persistence (0.150375ms)
✔ SU02 refresh rejects a body, a key or a malformed path before any fetch (0.117833ms)
✔ SU02 cancel permits absent body/key, one fetch, no persistence (0.10175ms)
✔ SU02 cancel rejects a body, a key or a malformed path before any fetch (0.087167ms)
✔ BPT01 exact private path, headers, body and three-locale one-fetch transport (77.458042ms)
✔ BPT02 payment routes reject untrusted path, context, headers, key and body before fetch (23.570791ms)
✔ BPT03 hostile upstream success is sanitized, never returned as payment data (9.312083ms)
✔ BPT04 every handoff failure is nonretryable, including pre-route and transport loss (3.742084ms)
✔ SU02 five routes: exact upstream path, method, key, body, one fetch each (23.051ms)
✔ SU02 refresh and cancel are keyless and pass every CSRF/context denial before fetch (46.351083ms)
✔ SU02 every handoff/refresh/cancel failure is nonretryable and sanitized (53.752542ms)
✔ SU02 hostile Stripe bodies become the sanitized 503; PAYUNi and Stripe bodies stay byte-identical (10.75525ms)
✔ SU02 prepare accepts only the two known method codes (0.532709ms)
✔ disabled and invalid configuration fail closed before private fetch (26.367958ms)
✔ private authority, cookie lifecycle and strict local denial (17.461042ms)
✔ bad host, cookie, query and method never reach private API (0.994625ms)
✔ stalled inbound POST body is canceled at its deadline without a cookie or private call (1.019334ms)
✔ R10: Begin forwards independently signed signals; browser attribution and forwarded hosts are not authority (19.994583ms)
✔ CVS BFF: exact routes, keyed open/store, keyless verify, validated answers, no generic proxy (10.787125ms)
✔ CVS BFF: contract refusal codes pass through; pay_at_pickup_limit is a definite (non-retryable) 429 (7.386084ms)
✔ fragment grammar accepts only one canonical token (0.457084ms)
✔ claim projections are closed (0.24775ms)
✔ claim token rides only its header on B1/B2 and is never echoed (69.872083ms)
✔ claim-priced cart edits send only SKU and quantity, keeping server price authority (19.844333ms)
✔ direct-checkout sold-out projection is mandatory, boolean and closed (0.128209ms)
✔ claim redeem shares the purchase lock, guards recovery and never persists the token (2.294958ms)
✔ ClaimLink removal projects live-priced survivors on ready and conflict pages (175.68725ms)
✔ ClaimLink revisit checks out applied A while pending B is sold out or unavailable (5.42ms)
✔ ClaimLink refreshes a nothing result after a second tab applied the claim (4.190792ms)
✔ ClaimLink does not navigate when a buyable claim target is absent or has changed quantity (3.561959ms)
✔ ClaimLink optional prior-order notice tolerates unreadable storage without bypassing recovery (34.388417ms)
✔ CVS01 map form: only the two ECPay e-map actions, exact fields, top-level-safe values (4.648333ms)
✔ CVS02 return path allowlist excludes /claim and anything but the checkout or product page (0.345417ms)
✔ CVS03 selection projection: VERIFIED<=>pickup, REJECTED<=>reject_code, absent keys read as null (1.087583ms)
✔ CVS04 buyer-entered store answer and request body (0.801709ms)
✔ CVS05 store code table (§16.1) keeps leading zeros and per-chain lengths (0.333875ms)
✔ CVS06 recipient mirror: real-name width 4..10 (CJK=2), no digits/symbols/emoji; 09 mobile (0.590458ms)
✔ CVS07 checkout draft: name, phone and mode only; read once; corrupt/foreign shapes are dropped (0.219916ms)
✔ CVS08 return URL: only ?cvs_selection=<uuid> is accepted (0.095375ms)
✔ CVS09 buyer order projection and copy keys: nothing but PICKED_UP says picked up (0.110291ms)
✔ CVS10 error codes: field mapping, definite refusals, official links are https constants (0.212125ms)
✔ CVS11 client transport: verify is the one new keyless POST; the server refusal code rides BuyerClientError.detail (45.772125ms)
✔ every locale x page has a title, an updated line and at least one section (0.611375ms)
✔ locales share the section count and per-section body count of every page (1.355542ms)
✔ final text is only the owner-confirmed company facts (CR 81215167 name + registered address); nothing else is final (0.495208ms)
✔ a legal page is published only when every text on it is final; buyers see no link to an unpublished one (1.310458ms)
✔ data-deletion path is named in the privacy page of every locale (0.205042ms)
✔ pendingOwnerText lists exactly the texts that keep a page unpublished and is written for the owner (1.455458ms)
✔ a live (claim-origin) price replaces the catalog price and strikes it through (0.643416ms)
✔ without a live price the catalog price and its compare-at are shown unchanged (0.228667ms)
✔ a live price equal to or above the catalog price is shown as set (strike hidden by the UI guard) (0.522542ms)
✔ a live price strikes the catalog price, never the variant sale price (0.069125ms)
✔ order ref: 12 hex (dashes or spaces, any case) or a full id (0.466458ms)
✔ contact: one email or a phone of 6..20 digits (0.147958ms)
✔ body is exactly {order_ref, contact}; the answer is exactly {order_id} (0.130542ms)
✔ BFF lookup: no cookie needed, fresh token goes upstream, cookie only on 200 and it carries that same token (28.712917ms)
✔ BFF lookup: strict local denial before any private fetch (77.931375ms)
✔ copy: three locales carry every key (0.307667ms)
✔ MS4 srcset descriptors use actual decoded widths and deduplicate small renditions (0.373791ms)
✔ MS1 product rendition allowlist preserves trusted Host and never forwards buyer cookies (106.236166ms)
✔ MS2 invalid, duplicate, extra, encoded widths and non-product variants fail before fetch (4.893167ms)
✔ MS3 old-image fallback is never promoted to immutable; committed variants are cacheable (12.992292ms)
✔ TWD whole amounts show no decimals in every locale and at every magnitude (line, subtotal, total, zero) (39.080167ms)
✔ cents appear only when there are cents, then always as two digits; the minor-unit arithmetic is untouched (0.247083ms)
✔ digits come from the currency: JPY none, USD two when there are cents (2.275208ms)
✔ one formatter: no component, page or lib builds a currency Intl.NumberFormat outside lib/money.ts (45.627542ms)
✔ locale probe bounds a missing destination head with a route/device diagnostic (4.732167ms)
✔ locale probe clears its deadline when the real head promise completes (0.61825ms)
✔ fragment: exactly #o=<order id>&t=<43-char token>; anything else is null (0.731083ms)
✔ body is exactly {order_id, token, proof}; the answer is exactly the order the link named (0.139709ms)
✔ BFF link: no cookie needed, fresh token upstream, cookie only on a 200 naming the same order, link token never echoed (97.383375ms)
✔ BFF link: strict local denial before any private fetch (2.484917ms)
✔ copy: three locales, one refusal text, a retry and a lookup path (0.106125ms)
✔ BPU01 fresh payment writes exact metadata before prepare, one bodyless Take, no persistent form (31.7115ms)
✔ BPU01 lost prepare response replays original key/body only on explicit next click (2.801583ms)
✔ BPU01 lost handoff is permanently GET-only, even after a second click (2.397125ms)
✔ BPU01 storage, amount, scope and child/screen fences reject before irreversible writes (0.77825ms)
✔ BPU01 document/child loss after prepare but before Take leaves exact replay marker (0.392125ms)
✔ BPU01 malformed server handoff never submits and Take remains nonretryable (0.728166ms)
✔ BPU01 marker replacement before Take and after Take blocks release/form reuse (1.150417ms)
✔ BPU01 context replacement after prepare and after Take closes destination without form (20.839917ms)
✔ BPU01 synchronous destination refuses invalid locale before opening a window (1.425333ms)
✔ SU03 fresh Stripe pay: marker before prepare, one prepare, one handoff, navigate, URL never stored (5.347875ms)
✔ SU03 marker replay: lost prepare response replays key/body, no uncertain on PENDING view with leftover marker (2.146375ms)
✔ SU03 cross-device Continue needs no marker and never prepares (6.844625ms)
✔ SU03 marker/view matrix: PAYUNi marker on Stripe view and Stripe marker on PAYUNi view send nothing (0.928291ms)
✔ SU03 any other view renders without a POST (92.734875ms)
✔ SU03 CREATING: waits on the schedule without the lock, then hands off once when READY (25.314125ms)
✔ SU03 CREATING budget: 10 reads over 30 s, then the blank child is closed, no POST, no throw (16.968167ms)
✔ SU03 cancel_requested seen on the re-GET aborts before the handoff POST (0.9825ms)
✔ SU03 handoff outcomes: CREATING closes child, CLOSED/UNAVAILABLE/error/malformed reject; one POST each, never retried (4.9645ms)
✔ SU03 Stripe prepare errors, amount/currency mismatch and popup loss stop before any handoff (4.798583ms)
✔ SU03 two clicks make two handoff POSTs only because there were two clicks; sequential, none from reads (0.841375ms)
✔ SU03 navigate: validates again, needs an owned blank child, sets used before replace, no URL in errors (0.398542ms)
✔ SU03 refresh signal: keyless single POST, validated, throttled 1/10 s and 30 per page life, cancel never throttled (13.632125ms)
✔ SU03 signal failures are single-shot and sanitized: HTTP error, malformed body, wrong order (0.87675ms)
✔ private quote/option authority fields are required; only exact MANUAL home can checkout (1.517875ms)
✔ continue shopping advances only ordered version, clears hint, keeps SQL history authoritative (25.618833ms)
✔ lost next-cart response retries identical key/body and preserves a newer cart (3.704208ms)
✔ continuation never overwrites an already advanced cart (0.568958ms)
✔ unknown checkout blocks continuation without any business request (1.692625ms)
✔ two queued continuation clicks mutate once; stale order ID cannot clear another order (0.449333ms)
✔ CAS conflict resolves only after a newer cart is read (0.826125ms)
✔ locator removal failure retains next-cart journal and recovery survives missing locator (0.53125ms)
✔ order history summary rejects PII/unknown fields and malformed scope IDs (0.08175ms)
✔ native address validation mirrors printable Unicode, limits and phone; journal forbids PII (1.755625ms)
✔ address lost reply replays exact in-memory intent, then confirms current head (1.139125ms)
✔ address reload requires explicit new intent and exact observed CAS; stale head never auto-bumps (0.579916ms)
✔ old address receipt cannot confirm another tab's newer current head (4.417458ms)
✔ a late address CAS winner requires another explicit confirmation, not an automatic version bump (0.523416ms)
✔ checkout lost reply, queued duplicate and current GET reuse one key and one order (0.700958ms)
✔ uncertain checkout retains original journal across later 401/403/404/5xx and malformed success (0.544042ms)
✔ only a fresh definitive denial clears checkout; no order locator is invented (0.135375ms)
✔ locator storage failure after commit retains same key; reload GET failure keeps locator (0.344792ms)
✔ locator persisted but journal removal failed resumes pending receipt, not unrelated pointer (0.319334ms)
✔ unavailable storage, invalid locator and late changed context fail closed (0.18175ms)
✔ order locator readback mismatch and no-op journal removal both retain checkout recovery (0.326375ms)
✔ direct claim continuation refuses a newer ordered cart inside the purchase lock (0.22225ms)
✔ direct claim continuation keeps next-cart recovery after a conflicting clear (0.179625ms)
✔ collector projection: admitted for derived connections, absent/null for primary (0.871083ms)
✔ collector rejects identifiers, extra keys and malformed text (0.112417ms)
✔ disclosure renders the contract §5 line with all three slots substituted (0.0905ms)
✔ the disclosure line exists exactly when the hosted view returns a collector (0.075ms)
✔ a shop or collector name with a replacement pattern is shown literally (0.047333ms)
✔ OrderPayment renders the disclosure with the view, above every pay button, through the helper only (1.02825ms)
✔ BPT03 exact valid projection and Go nanosecond UTC timestamps (3.843459ms)
✔ BPT03 view rejects private fields, inconsistent state and malformed names (0.2405ms)
✔ BPT03 prepared receipt enforces exact original credit-card amount (1.38975ms)
✔ BPT03 hosted form and replay are exact, bounded and action-allowlisted (0.57875ms)
✔ SU01 Stripe views: fresh, both methods, attempt states, PAYUNi unchanged (0.159625ms)
✔ SU01 Stripe view negatives (0.119833ms)
✔ SU01 prepared amounts follow the corrected per-currency table (0.108083ms)
✔ SU01 Stripe handoff union and every redirect_url negative (0.238042ms)
✔ SU01 payment signal is exactly {order_id, scheduled:boolean} (0.085583ms)
✔ RUI01 refund summary: refunded states, pending money, absent ≡ null (0.153417ms)
✔ RUI01 refund summary negatives (0.172833ms)
✔ BPU03 neutral GET and POST return ignore every callback field and cookie (19.315417ms)
✔ primary origin: exact path/query, same host, and no URL-controlled destination (9.032459ms)
✔ GET and HEAD use trusted Host, private bounded uncached resolver and exact 301 (24.78575ms)
✔ no writes redirected; resolution failures fail closed; unknown hosts keep native 404 (1.583708ms)
✔ policy version is the frozen constant, in the customers-core D4 shape (0.440291ms)
✔ route table: exactly the four buyer privacy routes, methods and body kinds (0.372042ms)
✔ body shapes are closed and mirror the frozen Go inputs (no source, no policy_version) (0.088ms)
✔ GET privacy validator: closed shape, erased owner holds no consent (0.114292ms)
✔ consent result and erasure summary validators (0.210125ms)
✔ buyer export envelope never carries customer_id (0.079208ms)
✔ failure classification: 410 and erased are the erased state (0.048292ms)
✔ copy: every locale has the same keys, the ads box discloses that sent events cannot be recalled (0.610375ms)
✔ selected option photo uses a main display slot without adding a fifth main image (0.684333ms)
✔ use-cover selection and a main-thumbnail selection restore the original main gallery (0.074917ms)
✔ cart thumbnail uses variant then catalog image_id, including when main images are absent (0.08925ms)
✔ migrated four-main/five-detail images stay separate when the option photo changes (0.106917ms)
✔ real cart-detail composition uses server SKU image_id (v2 detail available) (22.481375ms)
✔ real cart-detail composition uses server SKU image_id (v2 detail unavailable) (56.850625ms)
✔ parity: frontend caps equal the Go constants (4.850042ms)
✔ detail parser: 4 main + 20 detail + option-value images are accepted and mapped (1.173458ms)
✔ detail parser: 5 main, 21 detail, bad ids and over-cap option images are refused (0.375667ms)
✔ detail parser: a backend before product-media-v2 (no new keys) still parses with empty defaults (0.195084ms)
✔ v1 catalog row: images are main-only (<= 4) and image_id is a uuid or null (0.416083ms)
✔ PRO-S1 code mirror: any case and spaces normalise; impossible codes never become a request (0.448291ms)
✔ PRO-S2 promotion object: closed keys, kind/value pairing (0.164166ms)
✔ PRO-S3 quote validator: promotion is optional but never malformed; the discount stays the server's own number (0.262541ms)
✔ PRO-S4 journal grammar: a quote write may carry one canonical promo_code, nothing else (0.342375ms)
✔ PRO-S5 copy: three locales cover every refusal code and the same keys (0.406541ms)
✔ PRO-S6 BFF quote route: promo_code relayed untouched when canonical, refused before the private API otherwise (48.409333ms)
✔ PRO-S7 BFF: every promo_* refusal is a definite, non-retryable 422 with its own code (3.333375ms)
✔ demonstration disclosure is explicit and local-only (0.897667ms)
✔ cart selection preserves unrelated SKUs and the observed CAS version (7.342041ms)
✔ minor amounts are bounded before multiplication, including zero (0.082375ms)
✔ delivery identity includes country for one market and method (0.067ms)
✔ journal is bound to context and rejects PII/unknown fields (0.215875ms)
✔ lost response replays exact key/body, then clears only after parsed receipt (21.177041ms)
✔ RUI02 buyer order admits MERCHANT_SHIPPED only with a SHIPPED head; absent shipment ≡ null (1.346209ms)
✔ RUI02 shipment shape negatives (incl. unsafe links) (0.270791ms)
✔ RUI02 history summary admits MERCHANT_SHIPPED (a shipped order must not break the list) (0.091917ms)
✔ CVSP01 options: CVS rows carry pickup_selection/payment_modes; unavailable rows are a separate shape (0.352583ms)
✔ CVSP02 CVS destination write: TW only, pickup_id required, empty home address; home unchanged (1.896917ms)
✔ CVSP03 checkoutInput: payment_mode only for CVS rows and only a mode the row offers (0.32525ms)
✔ COD confirmation includes expected fee, enforces collect cap and validates immutable order money (0.240333ms)
✔ CVSP04 buyer order: pay_at_pickup <=> collection_state; cvs_shipment only on a matching CVS destination (0.187959ms)
✔ CVSP05 journal accepts a CVS destination marker and a checkout body with payment_mode, nothing else (0.159875ms)
✔ validProduct accepts up to the Go photo cap and rejects one more (0.288125ms)
✔ design: garbage and hostile documents collapse to the safe default shape (1.040291ms)
✔ design: links, preview token propagation, nav resolution (0.114875ms)
✔ design: any merchant accent yields readable button text and link colour (WCAG AA) (0.230625ms)
✔ variants: resolution, disabled out-of-stock combinations, initial choice, price bounds (0.145625ms)
✔ catalog-v2 parsers accept the frozen shapes and refuse drift (0.471042ms)
✔ free-delivery progress words the hint only when a threshold exists (0.058291ms)
✔ list query: only whitelisted, canonical values survive (0.210958ms)
✔ seo: JSON-LD cannot break out of its script tag; offers reflect stock and price range (7.82925ms)
✔ seo: sitemap escapes and carries hreflang; robots refuses everything for a closed host (0.132375ms)
✔ money: whole amounts drop cents, minor digits come from the currency, filters round-trip (0.318959ms)
✔ cart line write: replaces one line, keeps the others, 0 removes, CAS version is the one shown (0.710958ms)
✔ cart problems map to buyer-facing classes without leaking transport detail (0.0675ms)
✔ checkout options accept the optional free-shipping threshold only as a positive integer or null (0.143416ms)
✔ no-image placeholder copy: exactly the locale label a photo-less card or gallery renders (0.044625ms)
✔ storefront image caps equal the Go catalog caps (internal/catalog MaxMainImages, MaxDetailImages) (14.635792ms)
✔ design text limits count code points like Go, never splitting a surrogate pair (2.20675ms)
✔ G3: same-series cards exclude the current product and never invent absent draft/foreign products (0.587416ms)
✔ G5: safety guidance exists in three languages without changing the five merchant policy approval boundaries (0.947042ms)
✔ G4: category chips omit empty collections; hidden collections absent from the public API stay absent (0.085792ms)
✔ OrderHistory renders server order instant in Taipei (9.958333ms)
✔ ClaimLink renders claim expiry in Taipei (3.407792ms)
✔ BankTransfer renders deadline and proof instant in Taipei (3.585542ms)
✔ BankTransfer proof echo labels store time in en (1.86175ms)
✔ BankTransfer proof echo labels store time in zh-TW (1.633208ms)
✔ BankTransfer proof echo labels store time in zh-CN (1.758875ms)
✔ BankTransfer input describes the device zone in en (1.539083ms)
✔ BankTransfer input describes the device zone in zh-TW (2.4185ms)
✔ BankTransfer input describes the device zone in zh-CN (3.364708ms)
✔ BankTransfer input has a generic label when Intl has no zone in en (3.444625ms)
✔ BankTransfer input has a generic label when Intl has no zone in zh-TW (1.553458ms)
✔ BankTransfer input has a generic label when Intl has no zone in zh-CN (1.735792ms)
✔ ShopFooter uses Taipei year across UTC year boundary (5.651833ms)
✔ BankTransfer deadline labels store time in en (1.4555ms)
✔ BankTransfer deadline labels store time in zh-TW (1.237166ms)
✔ BankTransfer deadline labels store time in zh-CN (1.102208ms)
✔ OrderHistory states the Taipei time zone once in en (0.771333ms)
✔ OrderHistory states the Taipei time zone once in zh-TW (0.67025ms)
✔ OrderHistory states the Taipei time zone once in zh-CN (0.73875ms)
✔ dictionaries have exact parity and non-empty values (0.638ms)
✔ locale precedence and language quality mapping (0.615042ms)
✔ localized paths preserve deep links and reject dangerous input (0.348ms)
✔ path locale only matches a canonical first segment (0.048709ms)
✔ the four constructs render (0.610542ms)
✔ XSS payloads stay inert text (0.448792ms)
✔ fuzz: any string over a hostile alphabet renders only whitelisted tags (12.476083ms)
✔ validator mirrors the Go rules (0.203208ms)
✔ SDN1 allowlist: exactly the contract routes, per method (0.520708ms)
✔ SDN1 allowlist: traversal, case, suffix and prefix tricks never match (0.234333ms)
✔ SDN1 request shape: no query string anywhere, reads carry no body, key, length or transfer-encoding (21.940167ms)
✔ SDN1 cap: 260 KiB = Go's 256 KiB document + 4 KiB envelope, and a body of exactly the cap is still below it (0.120417ms)
✔ SDN2 renderer: every XSS payload comes out as whitelisted tags and escaped text only (1.673083ms)
✔ SDN2 renderer: escape-first means the merchant's text never becomes markup (0.399083ms)
✔ SDN2 renderer: fuzz (seeded) never produces a tag outside the whitelist (24.075375ms)
✔ SDN2 client validator rejects what the server rejects (HTML, non-https links, `<` anywhere) (18.273833ms)
✔ cleanForSave turns cleared fields into null but keeps an empty body (0.406583ms)
✔ localIssues names each missing mandatory value by server path (0.499625ms)
✔ moved swaps neighbours and ignores out-of-range moves (0.071041ms)
✔ parsers accept the exact Go shapes and refuse extra or missing keys (0.374292ms)
✔ BFF allowlist covers exactly the design resources (0.219375ms)
✔ validDesignRequest refuses queries and bodies on reads, ignores other paths (33.172875ms)
✔ designDetails forwards only a bounded {path, reason} pair (0.192917ms)
✔ accepts exactly the three locale invite paths with a 20-200 char token (0.9785ms)
✔ rejects anything that is not an exact same-origin relative invite path (0.209708ms)
✔ rejects percent-encoded variants of the exact shape (0.110958ms)
✔ the token is an opaque invite token shape, never a URL (0.10925ms)
✔ fragment carrier: round-trips the exact invite path, is never a query string, and rejects hostile fragments (0.3945ms)
✔ dashboard: accepts the frozen shape, rejects drift (2.98775ms)
✔ import result: strict keys, closed error codes, committed never carries errors (0.609917ms)
✔ csv file guard mirrors the Go bounds (0.164ms)
✔ manual options: a COD home row parses with its offer (D01: the page used to refuse the whole list) (1.506875ms)
✔ manual options: only bank_transfer / pay_at_pickup / cash_on_delivery, key must equal market|country|code (0.305792ms)
✔ manual result: link is https with the order id and a 43-char capability in the fragment only (0.547959ms)
✔ draft: first problem, and the body has no price-like field at all (0.838167ms)
✔ BFF grammar: exactly the seven tools resources (0.169167ms)
✔ regenerate body/result: exactly {order_id, locale} and a fresh https link naming that order (0.330584ms)
✔ copy parity: every locale has every key, import rules and error codes (1.045458ms)
✔ callback redirect target is always a same-origin /<locale>/settings path whatever the cookies, store, code or error say (3.848417ms)
✔ the binding cookie: exactly one canonical store uuid, path-scoped to the callback, HttpOnly, Lax, 10 minutes, Secure (0.114084ms)
✔ callback query: exactly one code and one state within charset/length bounds; Meta's error=… and repeats are not forwarded (0.579459ms)
✔ the dialog URL the BFF hands the browser is https://www.facebook.com only (0.117584ms)
✔ callback error mapping only ever yields fixed codes, never an upstream message (0.119709ms)
✔ selected Page qualifies only a bare Facebook id, never rewrites another Page or external URL (1.243042ms)
✔ status: not connected, connected with and without Instagram, and every deviation throws (2.09625ms)
✔ pick state: closed shape, optional Instagram keys come as a pair, id must match (0.26175ms)
✔ route grammar: only status/states/pick/disconnect; start and callback are dedicated routes; no query; reads carry no body or key (14.049459ms)
✔ connect cookie, body and callback redirect never carry code/state and only fixed codes (0.333959ms)
✔ copy: three locales have the same keys and every Go error code has a message (0.101666ms)
✔ review-required remains restricted; evidence does not promote state (3.031083ms)
✔ legacy omission remains unidentified, independent of array order (2.716833ms)
✔ closed shapes reject unknown state/provider/evidence, leaked fields and inconsistent severity (1.048792ms)
✔ duplicate capabilities/pages and unbounded arrays cannot become trusted state (0.258792ms)
✔ worst Page determines advice, no raw upstream reason reaches copy (2.169417ms)
✔ recheck receipt means scheduled; timestamps and closed keys are checked (0.296625ms)
✔ exact keyless route grammar rejects query/key/body confusion (85.394833ms)
✔ recheck takes exactly page_id and no caller-provided scope (0.1065ms)
✔ blocking advice comes from the blocking capability, not a secondary public-reply warning (0.095ms)
✔ clean health browser mode prepares admin standalone before starting its fixture (55.859084ms)
✔ en: expired connection retains its full refusal inside a wrapping badge (14.709125ms)
✔ zh-TW: expired connection retains its full refusal inside a wrapping badge (1.577084ms)
✔ zh-CN: expired connection retains its full refusal inside a wrapping badge (1.279292ms)
✔ actual B1 snapshot state remains ok even when a fixture expected review_required (0.245292ms)
✔ D02 TWD input: whole dollars only, x100 on the wire (21.821458ms)
✔ D02 TWD edit text: whole dollars have no decimals; a legacy amount with cents is never shown as another price (0.547667ms)
✔ D02 display: NT$ without decimals in every language, cents only when there are cents (4.380459ms)
✔ D02 live-price input (Studio claims): TWD whole dollars, other currencies their decimals (0.248625ms)
✔ D02 discount code amounts: TWD whole dollars, a decimal is refused before it is sent (0.278709ms)
✔ D02 no admin copy or component says 'minor units' to the merchant (116.535625ms)
✔ M06 time: Asia/Taipei everywhere, labelled, never UTC (9.796ms)
✔ settings answer: exactly one boolean key (1.633625ms)
✔ PUT body is the frozen single key (0.163792ms)
✔ BFF grammar: GET read, PUT keyed command, nothing else (0.367625ms)
✔ copy: three locales, same keys, no empty text (0.2515ms)
✔ PRM01 parse: exact keys, kind/value pairing and ranges; duplicates and unknown keys are refused (1.207959ms)
✔ PRM02 Taipei wall time: +08:00 on the wire, instant shown back in Taipei, impossible dates refused (9.448667ms)
✔ PRM03 create body: normalised code, major units to minor units, optional fields null, whole body validated (2.64725ms)
✔ PRM04 update + toggle: version CAS key, form round trip, pause keeps every other field (3.794458ms)
✔ PRM05 BFF grammar: exactly list, create and update; nothing generic (0.38725ms)
✔ PRM06 copy: three locales carry the same keys and every refusal code the Go routes can answer (0.243791ms)
✔ G-UI3/G-UI5 architecture constraints pass with shrinking legacy exceptions (1030.405833ms)
✔ G-UI3/G-UI5 negatives: new formatter, component fetch, >800 lines and wider allowance fail (0.347709ms)
✔ Readiness jump controls expose the actual active section, not a click flag (2.709208ms)
✔ Integrator P2: legal CN comment ordering and a distinct three-image recommendation (0.635917ms)
✔ ADM04 and ADM06 explain unavailable SKUs and keep collection vocabulary consistent (2.435542ms)
✔ ADM06 create/detail titles share the route vocabulary without adding a phantom Next page (0.400875ms)
✔ G-UI1 Next pages and route registry are bidirectional, unique, typed, documented (3.899875ms)
✔ G-UI1 copy key parity: no missing or extra key in any locale (0.114625ms)
✔ G-UI2 staff without catalog:read cannot see products/inventory or open a product URL (0.38325ms)
✔ G-UI2 every route permission is a permission Go knows, and /orders/new needs inventory:reserve (190.622417ms)
✔ G-UI1 dynamic and public routes match, details never appear as navigation (0.5495ms)
✔ W6-U2 ledger is a settings in-page route, preserving existing navigation (0.586792ms)
✔ Every browser spec clicks nav-orders: the orders group stays a singleton, so returns/new/print routes are nav: false (1.350417ms)
✔ shell-registry: every routed path has exactly one nonempty shared h1 in all three locales (265.26625ms)
✔ shell-registry: orders stays one actual group button on live and non-live routes (5.5315ms)
✔ shell-registry: loading/expired/unavailable/forbidden keep one safe heading and never leak private content (6.061333ms)
✔ created address is a strict HTTPS origin matching the assigned handle (0.451875ms)
✔ DNS instructions must name the requested origin and a bare hostname target (0.243833ms)
✔ domain kind is authoritative and closed, not inferred from host or token (0.203417ms)
✔ apex DNS retains every concrete IPv4/IPv6 address and rejects malformed values (1.584125ms)
✔ pending domain journal preserves exact action/key/target; legacy or corrupt markers never replay (0.8885ms)
✔ browser-origin gate: every refusal happens before Go is called, for every action (18.308666ms)
✔ only POST exists on the team routes (2.047833ms)
✔ unknown action is a local 404 and never reaches Go (0.740542ms)
✔ strict request grammar: wrong keys, types, ids, roles, locales and token shapes are 422 locally (9.923166ms)
✔ what reaches Go: BFF key, bearer from the cookie, no Cookie/Origin, body unchanged, exactly one call per request (29.09425ms)
✔ Go failures are rebuilt locally from allow-listed codes, never retried, and never echo the token (13.793875ms)
✔ team answer: accepts the frozen shape, null role and OIDC member without email (1.152667ms)
✔ team answer: unknown key, unknown role, bad id, bad mail state are rejected (0.689541ms)
✔ invite and accept answers are strict (0.883208ms)
✔ request grammar: every action has an exact key set and rejects junk values (0.566916ms)
✔ copy: three locales carry the same keys and a label for every role (0.95675ms)
✔ role-aware navigation: hides entries the member's permissions cannot use; unknown shows all; Team is owner-only (0.4855ms)
✔ P02 settlements directory rejects missing/link/owner/group/mode with a valid control (706.187542ms)
✔ preflight health permission grammars and API/worker consistency fail closed (2935.104333ms)
✔ merchant alert flag is explicit 0|1 and independently requires SMTP (1471.127667ms)
✔ shared loader makes API/worker LIVE pair file-only before Compose interpolation (303.166458ms)
✔ export bind accepts omitted JSON false but rejects unsafe source/config mutations (1.122625ms)
✔ sanctioned operator allowlist and fail-closed gates (fake docker, no network) (1517.007375ms)
✔ platform operator custody, export mount and binary are wired (148.532583ms)
✔ actual export bind refuses a missing directory; enabling auto-create is detected (362.142167ms)
✔ R3 preflight rejects cancelled PAYUNi, validates Page app and keeps LIVE pair mandatory (786.45525ms)
✔ R3 smoke exercises exact denied probes, accepts 404 only for disabled mounts (97.470125ms)
✔ positive control: a complete, valid configuration raises no META_LOGIN finding (1777.407875ms)
✔ feature off (COMMERCE_META_LOGIN_CONFIG_ID empty): no rule applies even with the other keys empty (243.864667ms)
✔ P06: the Page route needs the webhook receiver (252.090209ms)
✔ P06: sessions come from identity (215.252708ms)
✔ P06: without the claims profile nobody sends the private replies (a WARN, not a FAIL) (216.761708ms)
✔ P08: COMMERCE_META_LOGIN_CONFIG_ID must be numeric ("abc") (230.039583ms)
✔ P08: COMMERCE_META_LOGIN_CONFIG_ID must be numeric ("12 34") (214.919959ms)
✔ P08: COMMERCE_META_LOGIN_CONFIG_ID must be numeric ("111111111111") (204.636791ms)
✔ P08: COMMERCE_META_LOGIN_CONFIG_ID must be numeric ("0x10") (222.248209ms)
✔ P08: COMMERCE_META_LOGIN_CONFIG_ID must be numeric ("-1") (211.729917ms)
✔ P08: COMMERCE_META_LOGIN_REDIRECT_URI must be exactly https://<LC_ADMIN_HOST>/api/meta/callback (wrong host) (206.814542ms)
✔ P08: COMMERCE_META_LOGIN_REDIRECT_URI must be exactly https://<LC_ADMIN_HOST>/api/meta/callback (http scheme) (194.813083ms)
✔ P08: COMMERCE_META_LOGIN_REDIRECT_URI must be exactly https://<LC_ADMIN_HOST>/api/meta/callback (the ads callback path) (169.727917ms)
✔ P08: COMMERCE_META_LOGIN_REDIRECT_URI must be exactly https://<LC_ADMIN_HOST>/api/meta/callback (trailing slash) (165.665458ms)
✔ P08: COMMERCE_META_LOGIN_REDIRECT_URI must be exactly https://<LC_ADMIN_HOST>/api/meta/callback (query string) (164.701666ms)
✔ P08: COMMERCE_META_LOGIN_REDIRECT_URI must be exactly https://<LC_ADMIN_HOST>/api/meta/callback (empty) (169.516375ms)
✔ P08: COMMERCE_META_LOGIN_GRAPH_VERSION grammar vNN.N ("26.0") (175.822583ms)
✔ P08: COMMERCE_META_LOGIN_GRAPH_VERSION grammar vNN.N ("v26") (140.462916ms)
✔ P08: COMMERCE_META_LOGIN_GRAPH_VERSION grammar vNN.N ("v26.0.1") (142.397417ms)
✔ P08: COMMERCE_META_LOGIN_GRAPH_VERSION grammar vNN.N ("latest") (140.132958ms)
✔ P08: COMMERCE_META_LOGIN_GRAPH_VERSION grammar vNN.N ("") (192.607417ms)
✔ P08: COMMERCE_META_LOGIN_GRAPH_VERSION grammar vNN.N ("v1000.0") (184.445292ms)
✔ P08: COMMERCE_META_LOGIN_GRAPH_VERSION accepts v26.0 (158.983542ms)
✔ P08: COMMERCE_META_LOGIN_GRAPH_VERSION accepts v22.0 (153.81125ms)
✔ P08: COMMERCE_META_LOGIN_GRAPH_VERSION accepts v99.9 (143.250084ms)
✔ production without any alert channel is a FAIL (nobody would hear the next outage) (1745.12475ms)
✔ outside production the same gap is only a WARN (243.991875ms)
✔ a webhook alone satisfies the rule (245.187708ms)
✔ an e-mail target with a complete relay (host, username, secret) satisfies the rule (209.746042ms)
✔ an e-mail target without the relay secret cannot be sent: FAIL in production, WARN elsewhere (451.055458ms)
✔ the example's CHANGE_ME_SENDER placeholder is not a relay: the e-mail target cannot be sent (221.758916ms)
✔ LC_ALERT_EMAIL must be one plain address ("not-an-address") (204.891291ms)
✔ LC_ALERT_EMAIL must be one plain address ("two@fake.invalid,three@fake.invalid") (223.1585ms)
✔ LC_ALERT_EMAIL must be one plain address ("a b@fake.invalid") (219.0715ms)
✔ LC_ALERT_EMAIL must be one plain address ("<owner@fake.invalid>") (211.611459ms)
✔ LC_ALERT_EMAIL must be one plain address ("owner@fake") (209.367292ms)
✔ storefront cart-line removal is reversible: clicked for real, not guarded (2.152833ms)
✔ destructive / irreversible / sign-out classification (owner list, en + zh) (1.447ms)
✔ alike controls (rows with ids / numbers) share one class key (0.270792ms)
✔ known defects classify, never silence: stale entries are reported (0.544375ms)
✔ the markdown ledger has one row per interaction and names the verdict (0.271ms)
✔ protocolHrefOK accepts well-formed tel:/mailto: and rejects malformed ones (0.182375ms)
✔ J1 waits for enabled media and clicks a real chooser; the uploaded cover is bound to the main section (763.982375ms)
✔ J1 cannot credit a detail-image receipt as the main cover (2.388833ms)
✔ J1 refuses a failed cover upload rather than continuing to activate (0.51925ms)
✔ thresholds are the named constants of the brief (0.879625ms)
✔ R1: document wider than the viewport, and the outermost element past the edge (0.882417ms)
✔ R2: label tops, control tops and control heights of one visual row (1.031625ms)
✔ R2: what is one row and what is not (0.517292ms)
✔ R2: a button beside a field has to line up with its control (0.460084ms)
✔ R3: a row made tall by stacked controls, a control wider than its cell (1.274792ms)
✔ R3: a matrix whose EVERY row is doubled by a stacked stock cell (the median cannot see it) (0.548708ms)
✔ R4: small text, helper text apart, icons and duplicates excepted (0.167625ms)
✔ R5: tap targets on the 390 viewport only (0.818583ms)
✔ R6: interactive elements and text boxes that overlap (0.306167ms)
✔ R7: text clipped inside a control or label (either side), and select values that do not fit (0.281917ms)
✔ R8: the same visible label twice in one list (0.113459ms)
✔ evaluate() tags severity, selectRecords() keeps distinct groups first and counts every instance (0.297292ms)
✔ R9: text and controls flush to the screen edge at 390 (0.235625ms)
✔ R6/R9 judge the visible (ancestor-clipped) rectangle, not the raw one (integrator ruling 2026-10-05) (0.147583ms)
✔ R10: a fixed or sticky bar covering main content after scrolling (0.264209ms)
✔ R11: controls narrower than a usable width (0.182834ms)
ℹ tests 442
ℹ suites 0
ℹ pass 442
ℹ fail 0
ℹ cancelled 0
ℹ skipped 0
ℹ todo 0
ℹ duration_ms 9271.235584
✔ closed projections reject secret-shaped extras, invalid enums, IDs and contradictory capabilities (0.742541ms)
✔ detail accepts only bounded events and keeps actual server action flags (0.382542ms)
✔ BFF exact routes and request grammar forbid keys/body on reads, filters on detail and arbitrary writes (9.807208ms)
✔ copy parity, safe object navigation and UNKNOWN/protective reasons (0.175125ms)
✔ read-only store capability never exposes a command even if the state allows one (0.060459ms)
✔ duplicate escaped keys cannot bypass the exact command grammar (0.048083ms)
✔ query backoff affects only its operation and expires without another action (0.049666ms)
✔ merchant reason text translates ledger events and conceals unknown or prototype codes (0.134084ms)
✔ ledger read navigation requires effective integration:read permission regardless of role (0.117083ms)
ℹ tests 9
ℹ suites 0
ℹ pass 9
ℹ fail 0
ℹ cancelled 0
ℹ skipped 0
ℹ todo 0
ℹ duration_ms 87.55375
✔ OrderHistory renders server order instant in Taipei (8.422209ms)
✔ ClaimLink renders claim expiry in Taipei (2.439375ms)
✔ BankTransfer renders deadline and proof instant in Taipei (1.949375ms)
✔ BankTransfer proof echo labels store time in en (1.51725ms)
✔ BankTransfer proof echo labels store time in zh-TW (1.682208ms)
✔ BankTransfer proof echo labels store time in zh-CN (1.554334ms)
✔ BankTransfer input describes the device zone in en (1.645792ms)
✔ BankTransfer input describes the device zone in zh-TW (1.868958ms)
✔ BankTransfer input describes the device zone in zh-CN (1.41225ms)
✔ BankTransfer input has a generic label when Intl has no zone in en (1.213125ms)
✔ BankTransfer input has a generic label when Intl has no zone in zh-TW (1.109042ms)
✔ BankTransfer input has a generic label when Intl has no zone in zh-CN (1.168916ms)
✔ ShopFooter uses Taipei year across UTC year boundary (1.509667ms)
✔ BankTransfer deadline labels store time in en (1.169667ms)
✔ BankTransfer deadline labels store time in zh-TW (1.024833ms)
✔ BankTransfer deadline labels store time in zh-CN (0.940083ms)
✔ OrderHistory states the Taipei time zone once in en (0.686291ms)
✔ OrderHistory states the Taipei time zone once in zh-TW (0.609916ms)
✔ OrderHistory states the Taipei time zone once in zh-CN (0.581667ms)
✔ Meta rejection wording is preserved as bounded Unicode text, never translated (1.359583ms)
✔ frozen error codes: model list equals the frozen list, each is read from both error shapes (0.409708ms)
✔ copy: every code, status, op state and connect error has text in all three locales (0.300833ms)
✔ copy never calls a budget a hard stop and never offers resume (0.336375ms)
✔ draft: every §5.1 status parses; unknown status/template/op state is an error, never guessed (0.435042ms)
✔ draft: optional fields, remote ids and the Ads Manager link (0.185083ms)
✔ action hints: pause whenever a remote id exists and not ENDED; a paused draft is only ever copied (X7) (0.210625ms)
✔ money: whole units to minor with integer math; TWD must be whole (8.52675ms)
✔ Taipei schedule: wall inputs and draft projections ignore the viewer zone (3.216667ms)
✔ Taipei schedule: invalid calendar days are rejected and all copy names UTC+8 (0.276417ms)
✔ draft input: exact 11-key body and every local rule (3.106791ms)
✔ draft form round trip and X7 copy (blank schedule, no id, no revision) (0.225416ms)
✔ settings parser: environment enum, connections, identities, capi (0.362542ms)
✔ connect state parser: pick list kinds and id match (0.109042ms)
✔ report: three separate blocks, orders may be null, no combined figure (0.252209ms)
✔ default report window is the Asia/Taipei store day whatever the viewer's zone is (Taipei midnight boundary) (4.644667ms)
✔ capi body and validation (0.131458ms)
✔ W6-06B unbind response: exact keys, account, UUIDs and outcome semantics (0.191125ms)
✔ W6-06B in-flight details preserve bounded items and total, reject unknown shapes (0.173ms)
✔ W6-06B catalog feed has exact public URL/domain pairs or published-store empty (0.163667ms)
✔ W6-06B copy preserves unbind boundaries and feed recovery in three locales (0.063833ms)
✔ W6-06B feed selection follows origin order, not full feed URL order (0.3135ms)
✔ customer list accepts the frozen row and rejects unknown keys, dup ids, bad cursor, oversize (3.086958ms)
✔ customer row invariants: nulls for bundle-only/erased, counts, money, consents (0.251959ms)
✔ customer detail: bounded lists, order summaries reuse the orders parser, id must match (1.978583ms)
✔ erasure summary is four counts only (0.124833ms)
✔ finance summary: net = captured - refunded (I05), totals carry an empty day, sandbox flag (0.299667ms)
✔ financeDay is the UTC+8 day (0.058708ms)
✔ finance defaults keep Taipei dates across midnight, leap day and year end (0.076208ms)
✔ tags and notes are parsed strictly (W6-01B) (0.509667ms)
✔ TSX seam refuses an unlisted import (3.329542ms)
✔ Ads merchant timestamp uses Taipei at the year boundary (24.475917ms)
✔ Design version published_at cell uses Taipei at the year boundary (3.14ms)
✔ ManualOrder bank-transfer expiry uses Taipei at the year boundary (3.225875ms)
ℹ tests 53
ℹ suites 0
ℹ pass 53
ℹ fail 0
ℹ cancelled 0
ℹ skipped 0
ℹ todo 0
ℹ duration_ms 122.782083
✔ OrderHistory renders server order instant in Taipei (7.06575ms)
✔ ClaimLink renders claim expiry in Taipei (1.914833ms)
✔ BankTransfer renders deadline and proof instant in Taipei (1.921291ms)
✔ BankTransfer proof echo labels store time in en (1.24275ms)
✔ BankTransfer proof echo labels store time in zh-TW (1.388167ms)
✔ BankTransfer proof echo labels store time in zh-CN (1.558083ms)
✔ BankTransfer input describes the device zone in en (1.33525ms)
✔ BankTransfer input describes the device zone in zh-TW (1.635875ms)
✔ BankTransfer input describes the device zone in zh-CN (1.397333ms)
✔ BankTransfer input has a generic label when Intl has no zone in en (1.274083ms)
✔ BankTransfer input has a generic label when Intl has no zone in zh-TW (1.010583ms)
✔ BankTransfer input has a generic label when Intl has no zone in zh-CN (1.171125ms)
✔ ShopFooter uses Taipei year across UTC year boundary (1.623ms)
✔ BankTransfer deadline labels store time in en (1.136584ms)
✔ BankTransfer deadline labels store time in zh-TW (0.964125ms)
✔ BankTransfer deadline labels store time in zh-CN (0.921625ms)
✔ OrderHistory states the Taipei time zone once in en (0.726417ms)
✔ OrderHistory states the Taipei time zone once in zh-TW (0.623833ms)
✔ OrderHistory states the Taipei time zone once in zh-CN (0.599208ms)
✔ Meta rejection wording is preserved as bounded Unicode text, never translated (1.361333ms)
✔ frozen error codes: model list equals the frozen list, each is read from both error shapes (0.350334ms)
✔ copy: every code, status, op state and connect error has text in all three locales (0.259375ms)
✔ copy never calls a budget a hard stop and never offers resume (0.216041ms)
✔ draft: every §5.1 status parses; unknown status/template/op state is an error, never guessed (0.347583ms)
✔ draft: optional fields, remote ids and the Ads Manager link (0.162792ms)
✔ action hints: pause whenever a remote id exists and not ENDED; a paused draft is only ever copied (X7) (0.238625ms)
✔ money: whole units to minor with integer math; TWD must be whole (9.887ms)
✔ Taipei schedule: wall inputs and draft projections ignore the viewer zone (3.272208ms)
✔ Taipei schedule: invalid calendar days are rejected and all copy names UTC+8 (0.272875ms)
✔ draft input: exact 11-key body and every local rule (3.095458ms)
✔ draft form round trip and X7 copy (blank schedule, no id, no revision) (0.282916ms)
✔ settings parser: environment enum, connections, identities, capi (0.36925ms)
✔ connect state parser: pick list kinds and id match (0.108625ms)
✔ report: three separate blocks, orders may be null, no combined figure (0.250167ms)
✔ default report window is the Asia/Taipei store day whatever the viewer's zone is (Taipei midnight boundary) (1.942583ms)
✔ capi body and validation (0.127666ms)
✔ W6-06B unbind response: exact keys, account, UUIDs and outcome semantics (0.207166ms)
✔ W6-06B in-flight details preserve bounded items and total, reject unknown shapes (0.175875ms)
✔ W6-06B catalog feed has exact public URL/domain pairs or published-store empty (0.168042ms)
✔ W6-06B copy preserves unbind boundaries and feed recovery in three locales (0.068459ms)
✔ W6-06B feed selection follows origin order, not full feed URL order (0.064458ms)
✔ customer list accepts the frozen row and rejects unknown keys, dup ids, bad cursor, oversize (2.02425ms)
✔ customer row invariants: nulls for bundle-only/erased, counts, money, consents (0.243041ms)
✔ customer detail: bounded lists, order summaries reuse the orders parser, id must match (1.993166ms)
✔ erasure summary is four counts only (0.176875ms)
✔ finance summary: net = captured - refunded (I05), totals carry an empty day, sandbox flag (0.508709ms)
✔ financeDay is the UTC+8 day (0.101875ms)
✔ finance defaults keep Taipei dates across midnight, leap day and year end (0.163625ms)
✔ tags and notes are parsed strictly (W6-01B) (0.634542ms)
✔ TSX seam refuses an unlisted import (4.418209ms)
✔ Ads merchant timestamp uses Taipei at the year boundary (18.212166ms)
✔ Design version published_at cell uses Taipei at the year boundary (4.442792ms)
✔ ManualOrder bank-transfer expiry uses Taipei at the year boundary (3.105292ms)
ℹ tests 53
ℹ suites 0
ℹ pass 53
ℹ fail 0
ℹ cancelled 0
ℹ skipped 0
ℹ todo 0
ℹ duration_ms 126.778125
✔ legacy display sentinels preserve a list row without admitting arbitrary or private data (4.099708ms)
✔ orders-v2 accepts bounded filters and Taipei inclusive dates; rejects ambiguity (1.932042ms)
✔ orders-v2 rejects client count approximations, unbounded or extra response data (0.317583ms)
✔ all three locales label every task queue, payment and delivery mode (0.437875ms)
ℹ tests 4
ℹ suites 0
ℹ pass 4
ℹ fail 0
ℹ cancelled 0
ℹ skipped 0
ℹ todo 0
ℹ duration_ms 230.843208
✔ numeric store IDs have no suggestion BFF or browser client (1.409875ms)
ℹ tests 1
ℹ suites 0
ℹ pass 1
ℹ fail 0
ℹ cancelled 0
ℹ skipped 0
ℹ todo 0
ℹ duration_ms 109.299
✔ ADM10 operator sentence is localized while product and company facts stay authoritative (0.905541ms)
✔ PS review: actual Host matching normalizes case, port and a terminal DNS dot, never forwarded authority (0.416084ms)
✔ PS review: privacy/terms retain Messenger and Instagram purpose disclosure; deletion uses exact UI labels (0.1935ms)
✔ P2-N1 zh-TW/privacy: current comments and private reply, conditional inbound messages (0.147167ms)
✔ P2-N1 zh-TW/terms: current comments and private reply, conditional inbound messages (0.08175ms)
✔ P2-N1 zh-CN/privacy: current comments and private reply, conditional inbound messages (0.064916ms)
✔ P2-N1 zh-CN/terms: current comments and private reply, conditional inbound messages (0.089792ms)
✔ P2-N1 en/privacy: current comments and private reply, conditional inbound messages (0.091333ms)
✔ P2-N1 en/terms: current comments and private reply, conditional inbound messages (0.078333ms)
✔ PS1 legal identity is one untranslated source (0.160125ms)
✔ PS1 contact and hosts come only from configuration; production fails closed (0.646333ms)
✔ PS2 public routes default to zh-TW, restrict page/locale, and never include admin (0.801875ms)
✔ PS4 optional Meta verification value never has a fake default (0.123708ms)
✔ PS1 every locale uses the same product name in auth page titles (0.098625ms)
✔ PS1 public page copy has three complete locales, no invented operator identity or contact (0.389375ms)
✔ PS1 production build validates config; public data is not bundled through NEXT_PUBLIC (0.488209ms)
✔ PS review: admin image installs the manifests for its workspace dependencies before building (0.594667ms)
ℹ tests 17
ℹ suites 0
ℹ pass 17
ℹ fail 0
ℹ cancelled 0
ℹ skipped 0
ℹ todo 0
ℹ duration_ms 124.028792
✔ R11 SQL's exact receipt states are accepted; missing/forged operation/state remains unknown (0.706667ms)
✔ R11 durable receipt journal validates phase against exact operation state (0.3315ms)
✔ R11 actual read control distinguishes replay/inflight/unknown/failure in en (3.849291ms)
✔ R11 actual read control distinguishes replay/inflight/unknown/failure in zh-TW (0.619834ms)
✔ R11 actual read control distinguishes replay/inflight/unknown/failure in zh-CN (0.500792ms)
✔ unknown journal retains exact key/boundary and is scoped to store+session; malformed state fails closed (0.112791ms)
✔ R12 read hook keeps network UNKNOWN on one key and explicitly refreshes acknowledged UNKNOWN (9.906084ms)
✔ actual POST transport uses CSRF and session fence; 403 independent of response text (13.121791ms)
✔ R10 ROAS has exactly two decimals in en (8.343417ms)
✔ R10 unknown ROAS is never fabricated as zero in en (0.094792ms)
✔ R10 ROAS has exactly two decimals in zh-TW (0.180959ms)
✔ R10 unknown ROAS is never fabricated as zero in zh-TW (0.037667ms)
✔ R10 ROAS has exactly two decimals in zh-CN (0.128042ms)
✔ R10 unknown ROAS is never fabricated as zero in zh-CN (0.031583ms)
✔ shared presentation preserves registry title and one empty buyer message in en (22.149875ms)
✔ R11 large linked-draft list is complete but collapsed in en (3.018458ms)
✔ shared presentation preserves registry title and one empty buyer message in zh-TW (5.166458ms)
✔ R11 large linked-draft list is complete but collapsed in zh-TW (2.35925ms)
✔ shared presentation preserves registry title and one empty buyer message in zh-CN (4.957334ms)
✔ R11 large linked-draft list is complete but collapsed in zh-CN (2.372625ms)
✔ R11 timeline distinguishes local unknown spend from explicit Meta zero in en (2.72725ms)
✔ R11 timeline distinguishes local unknown spend from explicit Meta zero in zh-TW (2.837209ms)
✔ R11 timeline distinguishes local unknown spend from explicit Meta zero in zh-CN (1.931666ms)
✔ R11 I12 nullable Meta evidence survives without becoming zero (0.1965ms)
✔ R11 actual panel rendering preserves unknowns and reconnect route in en (9.524375ms)
✔ R11 actual panel rendering preserves unknowns and reconnect route in zh-TW (9.812334ms)
✔ R11 actual panel rendering preserves unknowns and reconnect route in zh-CN (10.637417ms)
✔ D1, D6, R7: exact amounts and sources remain independent, account days stay labelled (0.144292ms)
✔ R12: null stays unknown and unread / unauthorised / insufficient remain different states (0.19325ms)
✔ R12 granted but unread audience offers a read, never reconnect in en (1.505417ms)
✔ R12 granted but unread audience offers a read, never reconnect in zh-TW (1.537708ms)
✔ R12 granted but unread audience offers a read, never reconnect in zh-CN (1.492625ms)
✔ I12 forged / missing frozen fields never silently become zeros (0.839459ms)
✔ only whitelisted aggregates survive: extra identifiers and HTML are never interpreted (0.057125ms)
✔ attribution is a read-only BFF resource with exact bounded query grammar (0.277084ms)
✔ audience-read is exactly the new local intention POST and never a data GET or queried write (0.227ms)
✔ route fails closed without ads:read and is not a duplicate navigation entry; locale keys match (0.087125ms)
ℹ tests 37
ℹ suites 0
ℹ pass 37
ℹ fail 0
ℹ cancelled 0
ℹ skipped 0
ℹ todo 0
ℹ duration_ms 348.546625
✔ card-payments copy: identical key sets in all three locales (0.736083ms)
✔ merchant terms are quoted verbatim (contract §5) in the enable dialog (0.090917ms)
✔ ruling-fixed strings: platform not OPEN and BLOCKED note (0.038875ms)
✔ error map covers every frozen refusal code from migrations/0137 (0.057166ms)
✔ no Stripe account id, key or approval id shape appears in any copy string (0.206959ms)
✔ storefront collector disclosure matches contract §5 templates in three languages (0.051792ms)
✔ the merchant terms in the dialog are the contract §5 sentence, extracted from the contract (0.0845ms)
✔ the storefront templates are the contract §5 lines, extracted from the contract (0.103208ms)
✔ settlement copy: deduction columns are labelled as deductions in every language, with a legend and the net formula (0.223375ms)
✔ there is no separate 'not on the allowlist' message: it reads as not open (review P1-2) (0.076167ms)
✔ card summary accepts the frozen shape incl. all-null platform NONE (0.771541ms)
✔ card summary rejects unknown keys, bad enums, bad money, bad version (0.270667ms)
✔ card result is exactly {state, version, max_minor, currency, descriptor_preview} (0.10825ms)
✔ descriptor suffix rule: charset, 2..10 chars, must contain a letter (0.127833ms)
✔ the suffix length rule is the charset rule's 10; the 22-character descriptor total stays the server's (SANDBOX L=10, LIVE PrefixLength) (0.058125ms)
✔ descriptor preview mirrors the contract projection (base + '* ' + suffix) (0.052917ms)
✔ settlement list accepts statements without payout/lines keys (omitempty) (0.395042ms)
✔ settlement detail carries lines whose count and sums match the totals (0.325708ms)
✔ settlement parsers reject malformed reads (0.659208ms)
✔ fees, refunds and disputes are signed exactly as the ledger stores them (0.430208ms)
✔ a returned fee is a positive line fee; the detail's lines must add up to the statement totals (0.135916ms)
✔ closed_at/paid_at accept the offsets PostgreSQL emits as well as Z (0.109417ms)
✔ a payout reference shaped like a Stripe key or account id is never displayed (0.099542ms)
✔ platform not OPEN: 'not open yet' and no enable control, for every non-OPEN state; the platform badge still tells why (0.379042ms)
✔ allowlisted + OPEN: enable from NONE/DISABLED, disable from ENABLED (0.062083ms)
✔ not allowlisted on an OPEN platform reads exactly like not open: the same message, no 'platform open' badge, no enable (review P1-2) (0.075542ms)
✔ BLOCKED: the suspended note, disable only, never enable (whatever the platform says) (0.04775ms)
✔ without billing:manage nothing can be changed, but the state is still readable (0.037584ms)
✔ enable carries the platform's current terms, the suffix and the version read; NONE starts at 0 (0.058167ms)
✔ disable never sends a suffix and quotes the terms the store accepted (the platform's may have moved on) (0.034208ms)
✔ a retained suffix is recovered from the final preview so a re-enable can keep it (0.033917ms)
✔ the period label shows the last day inside the (exclusive-end) week (0.558792ms)
✔ payout state: paid, pending only when money is due, none when the week nets to zero or less (0.060334ms)
✔ card-payments and settlements are nav:false routes, so no group loses or gains a nav button (0.165167ms)
✔ settlements need billing:manage, the card page integration:read; the owner opens both (0.109042ms)
✔ statement cells: a dispute reversal and a returned fee read as credits (+) and every deduction as -, and the columns add up to the server's net (9.125583ms)
✔ the detail parser requires the lines of a statement that has lines; a quiet week (line_count 0) may omit them (0.142084ms)
✔ route table: exactly the four resources, nothing generic (0.996083ms)
✔ query grammar: card and settlement-detail are exact; settlements takes before/limit only (0.42175ms)
✔ request fence: keyless PUT (CAS), bodyless GETs, no transfer-encoding (16.510584ms)
✔ PUT body is the exact frozen shape {enabled, terms_version, descriptor_suffix, expected_version} (0.464458ms)
✔ the BFF route wires the card grammar: keyless CAS PUT, exact body, no-store, auth required (0.31025ms)
✔ the real card summary parses and drives the display state machine (1.592167ms)
✔ the real statement list parses: newest first, no lines, three payout states (0.858834ms)
✔ every real detail parses with its lines and the lines add up to the statement (1.047ms)
✔ an empty ledger parses to no statements (0.228917ms)
✔ no account id, key or approval shape is in any real body (0.403875ms)
✔ the real statements display literally as signed contributions that add up to the server's net (15.373334ms)
ℹ tests 48
ℹ suites 0
ℹ pass 48
ℹ fail 0
ℹ cancelled 0
ℹ skipped 0
ℹ todo 0
ℹ duration_ms 104.357583
✔ option/slug/SKU caps equal internal/catalog (options.go, catalog.go) (7.333792ms)
✔ text caps equal the Go validators (name 120, description 8000, SEO 70/160, collection title 80) (1.676791ms)
✔ photo caps equal Go (MaxMainImages, MaxDetailImages, MaxImageBytes) and the SKU code pattern (1.533666ms)
✔ PE13 Cartesian matrix is local, preserves edits and deduplicates values (1.32775ms)
✔ PE13 bulk quantity skips negative rows without modifying them (0.186416ms)
✔ PE12 untracked document uses whole currency and per-order cap, never quantity (7.785ms)
✔ PE14 missing readback is not guessed or silently cleared by full replacement (0.05325ms)
✔ bulk status accepts explicit per-item results, never empty or duplicated confirmations (0.175375ms)
✔ matrix refuses over 100 SKUs before expansion (0.077792ms)
✔ parity: admin caps equal the Go constants (1.48775ms)
✔ image list: 4 main + 20 detail + 2 sku in role order is accepted (0.622125ms)
✔ image list: 5 main, 21 detail, wrong role order, gaps and extra keys are refused (0.301417ms)
✔ single image: role is required and its position is bounded by the role cap (1.073083ms)
✔ option text limits count Go runes rather than UTF-16 units (0.275459ms)
✔ PE14 new edit SKU carries its own shipping and clears no existing fields (10.019958ms)
✔ PE14 patch changes only price and preserves unmentioned fields (0.166417ms)
✔ PE14 on_hand is not available, zero target is transmitted, ambiguous warehouse refuses (0.281375ms)
✔ PE14 explicit clears and shipping remain per SKU on an active row (0.124792ms)
✔ PE14 archive supersedes every other edit on that SKU (b77eeb11) (0.134958ms)
✔ PE14 no-op has no command fields and changed axes explicitly archive omitted variants (0.089916ms)
ℹ tests 20
ℹ suites 0
ℹ pass 20
ℹ fail 0
ℹ cancelled 0
ℹ skipped 0
ℹ todo 0
ℹ duration_ms 93.6285
(node:20089) ExperimentalWarning: Transform Types is an experimental feature and might change at any time
(Use `node --trace-warnings ...` to show where the warning was created)
✔ UNKNOWN retry client authorization loss requires reconciliation, not a fresh command (2.933458ms)
✔ UNKNOWN retry 401 authorization loss requires reconciliation, not a fresh command (8.674625ms)
✔ UNKNOWN retry 403 authorization loss requires reconciliation, not a fresh command (0.598334ms)
✔ a conclusive command rejection stays distinct from authorization loss (0.706375ms)
ℹ tests 4
ℹ suites 0
ℹ pass 4
ℹ fail 0
ℹ cancelled 0
ℹ skipped 0
ℹ todo 0
ℹ duration_ms 106.593708
(node:20091) ExperimentalWarning: Transform Types is an experimental feature and might change at any time
(Use `node --trace-warnings ...` to show where the warning was created)
✔ offer controls read authoritative limits without parsing unrelated KEYWORD_QTY_CONTAINS window/stats (11.442084ms)
✔ offer controls accept 101 through the backend cap of 200 distinct offers, reject 201 (1.899292ms)
✔ offer toggle preserves exactly the authoritative maximum in the real M4 payload (2.317667ms)
✔ console BFF admits exactly A1/A7/A6 and A5 read/copy methods (0.351917ms)
✔ Next proxy admits the exact console family and results query before the BFF (102.439542ms)
✔ PR18 proxy preserves malformed A2 cursor as 400 invalid_cursor (0.454333ms)
✔ results query is canonical repeated session_id 1..50, everything else queryless (0.084333ms)
✔ real BFF route forwards only exact resources, authenticates scope and returns private scrubbed errors (34.581292ms)
✔ new commands reject unknown keys and preserve frozen copy/lifecycle/recommend body (0.137458ms)
✔ browser commands reuse Studio fences, exact no-comment recommend body and backend refusal codes (1.285875ms)
✔ results client preserves canonical ids/order and rejects invalid list before fetch (0.204334ms)
✔ stock client reuses catalog transport/key/parser and fences a changed login without retries (0.914459ms)
✔ journal replay sends the exact original method/path/body/key for all five commands (2.101791ms)
(node:20092) ExperimentalWarning: Transform Types is an experimental feature and might change at any time
(Use `node --trace-warnings ...` to show where the warning was created)
✔ A1 strict MOCK snapshot preserves unavailable counts, capability unknown and server stock (2.20275ms)
✔ A7 returns a separate lifecycle version and closed full KEYWORD_QTY_CONTAINS window (0.12825ms)
✔ A5 results retain separate environments/currencies and bind exact requested ids/order (0.154458ms)
✔ A5 copy parses real Go envelope, copied offer prices and KEYWORD_QTY_CONTAINS window (0.346ms)
✔ A6 accepts optional operation UUID, never guessed send success (0.087458ms)
(node:20093) ExperimentalWarning: Transform Types is an experimental feature and might change at any time
(Use `node --trace-warnings ...` to show where the warning was created)
✔ Live settings navigation accepts a scene picker entry but never a malformed or unscoped deep link (0.696541ms)
✔ LC-B7 stock permission admits live_adjust without inventory:write, not unrelated grants (0.073208ms)
✔ Instagram comment total stays unavailable; Facebook observed count is not a platform total (0.063208ms)
✔ LC-U1 one primary action follows lifecycle, never planning or transport state (0.046ms)
✔ LC-U1 stock target uses sellable delta and rejects fractions, negative and over-limit changes (0.078834ms)
✔ LC-U1 links only explicit FB post identities, never arbitrary URLs or guessed videos (0.070958ms)
✔ LC-U1 Facebook preview keeps the original no-frame CSP and uses a safe external link (0.203334ms)
✔ LC-U1 delayed copy completion cannot navigate after store switch or unmount (0.100208ms)
✔ LC-U1 receipt fence survives cookie rotation; pending replay still has a separate session boundary (0.094042ms)
ℹ tests 27
ℹ suites 0
ℹ pass 27
ℹ fail 0
ℹ cancelled 0
ℹ skipped 0
ℹ todo 0
ℹ duration_ms 286.92625
✔ PR18 R2 scoped404 a2 clears both private views and stops recovery reads (15.776042ms)
✔ PR18 R2 scoped404 a8 clears both private views and stops recovery reads (3.977458ms)
✔ PR18 R2 scoped404 older clears both private views and stops recovery reads (2.140125ms)
✔ PR18 A8 clears names synchronously and keeps loaded older pages through a head poll (2.037625ms)
✔ PR18 A8 hides clear before effects even without pagination (1.012042ms)
✔ PR18 quiet A2 stream refreshes delayed claim marks without a new sequence or user refresh (1.812125ms)
✔ PR18 late claim automatically exposes keyword view and the reused BuyerPanel (3.279292ms)
✔ K3 A8 private polls every 10s, backs off, resets, pauses hidden and stops off-filter (7.830583ms)
✔ K3 A8 unreplied polls every 10s, backs off, resets, pauses hidden and stops off-filter (5.666541ms)
✔ K3 pasted tab is refused with invalid_text copy before any reply POST (0.892041ms)
✔ real SQL UNKNOWN mark blocks public-mode switching without a local receipt (0.487292ms)
✔ PR18 unknown public receipt has the correct cross-comment fence (1.343834ms)
✔ PR18 queued public receipt has the correct cross-comment fence (0.972292ms)
✔ actual A2 hook fake clock: 3/6/12/24/30 backoff, success reset, hide clears and stops, 403 locks (3.238208ms)
✔ actual reset clears selected buyer and rereads without the old epoch cursor (1.022375ms)
✔ reply hints, coded error, UNKNOWN and capability state execute the actual composer (0.996083ms)
✔ PR18 R2 templates read 404 denies the composer (0.474459ms)
✔ PR18 R2 buyer-panel read 404 expires the panel and reports unauthorized (0.432792ms)
✔ PR18 A3 invalid_ref remains a definite 422 refusal (0.373375ms)
✔ PR18 a full history buffer stops paging without discarding rows or advancing its cursor (0.291834ms)
✔ K3 reply text rejects every C0/C1 control except newline (0.307042ms)
✔ SQL operation marks map to every merchant-visible delivery state (0.619917ms)
✔ real bridge sealCursor uses payload.signature rather than plain base64url (8.402292ms)
✔ A2 grammar refuses private/duplicate/ambiguous cursors and keys on reads (0.836959ms)
✔ A3-A5 exact comment ref and bodies; explicit preemption private only (0.137333ms)
✔ A4/A5 preserve frozen refusal codes, never provider/debug text (0.058166ms)
✔ reset invalidates old buffers and cursor before reread; older page cannot advance live cursor (0.108709ms)
✔ filter resources have only authorised opaque ids; backoff is capped and success resets (0.100375ms)
ℹ tests 28
ℹ suites 0
ℹ pass 28
ℹ fail 0
ℹ cancelled 0
ℹ skipped 0
ℹ todo 0
ℹ duration_ms 294.870125
✔ secondary failures preserve A1; only A1 is periodic; IG notice follows the platform/embeddability observation (173.758542ms)
✔ the existing console refresh also explicitly refreshes its parent list; no automatic list read (12.348084ms)
✔ parent forwards only an explicit refresh callback and retains the scene when list is unavailable (9.535666ms)
✔ every explicit browser response/event/navigation waiter has a finite sub-test budget (6.768209ms)
✔ A1 failures back off 3/6/12/24/30 seconds and success resets to five seconds (70.2495ms)
✔ Retry-After is a minimum; hidden tabs cancel polling; forbidden locks and conceals (28.445959ms)
✔ secondary reads are mount/refresh only, independent from A1 and non-fatal (17.297458ms)
✔ UNKNOWN journal restores the exact key/method/path/body and explicit retry after reload (21.902916ms)
✔ first definite 403 clears journal but locks commands; late success after navigation clears only its own key (20.156417ms)
✔ private reads preserve Retry-After seconds and dates, without changing existing error codes (14.941708ms)
✔ a restored in-flight or UNKNOWN request retains its journal after a replay 403 (49.119375ms)
✔ restored copy success dispatches completion only in the still-current scene (31.433166ms)
✔ SessionCopy resyncs closed same-ID titles, preserves open edits and cancels to latest draft (20.508583ms)
✔ SessionCopy submit uses latest version; UNKNOWN request survives later draft/input changes (17.184417ms)
ℹ tests 14
ℹ suites 0
ℹ pass 14
ℹ fail 0
ℹ cancelled 0
ℹ skipped 0
ℹ todo 0
ℹ duration_ms 468.055917
✔ claims window modes match Go constants and every SQL match_mode CHECK (5.000958ms)
✔ host prompt stays verbatim at the frozen trunk contract; Japanese is absent (0.761083ms)
✔ bundle parser accepts manual (labelled) and Meta (unlabelled) bundles (0.588875ms)
✔ bundle parser rejects unknown platforms and label/platform mismatches (0.142125ms)
✔ offer parser carries the live price and rejects every out-of-range or missing field (0.225291ms)
✔ library and import parsers are closed; removal receipt is the only version-0 shape (0.187208ms)
✔ price input: exact decimal minor units, never float, bounded to the currency's places (7.670875ms)
✔ live-tools copy exists in all three locales with the same conflict reasons (0.406375ms)
✔ claims BFF allowlist is exactly M1–M7 per method (2.014083ms)
✔ M7 link response shape is closed (0.365125ms)
✔ host prompt copy is the frozen text, verbatim (0.23325ms)
ℹ tests 11
ℹ suites 0
ℹ pass 11
ℹ fail 0
ℹ cancelled 0
ℹ skipped 0
ℹ todo 0
ℹ duration_ms 95.728333
NOT_RUN: tests/media/r04-input-runner.test.mjs (COMMERCE_R04_LIVEKIT_BINARY unset)
✔ main/detail/sku caps use the existing frozen image contract (0.566875ms)
✔ phone and tall dimensions fit2000 without enlarging small assets (0.138875ms)
✔ upload query requires one exact role and sku value; reads/actions carry no query (0.349583ms)
✔ role transport encodes current option values and refuses invalid identities (0.153666ms)
✔ effective image axis follows current options, then falls back to first (0.065041ms)
✔ detail and option photos cannot satisfy the main-photo recommendation (0.058375ms)
✔ PM-U copy has matching keys in ja and all currently routed locales (0.123084ms)
✔ real-upload mode builds both Next applications on a clean CI checkout (8.116625ms)
✔ upload recovery journal survives a new session while remaining product/store scoped (0.076416ms)
✔ an option upload receipt requires its captured axis, value and image id on canonical readback (0.087667ms)
✔ failed durable recovery storage cannot authorize a media write (0.074958ms)
✔ an active product needs a main image after canonical media is known; repair paths stay possible (0.048334ms)
✔ empty media sections render a readable localized placeholder until photos are present (4.556208ms)
✔ real-upload mode never exits through the storefront MOCK shortcut (6.459291ms)
✔ a valid active zero-main product keeps an inline repair hint rather than a page error (3.874667ms)
✔ a new product issues the image-axis stage only for a chosen axis (0.882084ms)
ℹ tests 16
ℹ suites 0
ℹ pass 16
ℹ fail 0
ℹ cancelled 0
ℹ skipped 0
ℹ todo 0
ℹ duration_ms 231.405584
(node:20173) ExperimentalWarning: Transform Types is an experimental feature and might change at any time
(Use `node --trace-warnings ...` to show where the warning was created)
✔ a fitting PNG keeps the exact original File, bytes and alpha-capable format (0.801792ms)
✔ a JPEG exactly at both limits remains original, not a lossy re-encode (0.229ms)
✔ an oversized phone JPEG is encoded below the cap after oriented scaling (0.520125ms)
✔ a large transparent PNG stays alpha-capable and is never painted with an opaque matte (0.414459ms)
ℹ tests 4
ℹ suites 0
ℹ pass 4
ℹ fail 0
ℹ cancelled 0
ℹ skipped 0
ℹ todo 0
ℹ duration_ms 83.935333
✔ HTTPS picklist fixture carries Secure session cookies automatically while preserving CSRF refusals (96.682375ms)
✔ batch controls stay compact until an order selection or live-session scope exists (0.123959ms)
✔ selection has XOR bodies, canonical unique IDs and separate 500/100 limits (0.331625ms)
✔ cross-page selection retains existing rows, deduplicates and refuses overflow atomically (0.677459ms)
✔ pick projection rejects PII/extra keys, invalid quantities and unmatched order identities (0.496375ms)
✔ batch replies bind one-for-one to confirmed orders and preserve uncertainty code (0.118833ms)
✔ pick/export POSTs reject keys and all query variants except one exact template (1.711875ms)
✔ CSV filename binds to selected template and store; no path/header injection (0.171625ms)
✔ MOCK browser fixture list matches the incumbent closed order parser (10.608833ms)
✔ recovery never clears an unknown or missing current attempt (0.122666ms)
✔ recovery and order-detail MOCK fixtures satisfy real read parsers (8.729ms)
✔ order selection can read its session fence during SSR without browser globals (0.809667ms)
✔ MOU keeps native headed checks runnable on a Linux CI worker without DISPLAY (9.488125ms)
✔ pick fixture serves the scoped parcel reads required by the orders page (4.856667ms)
ℹ tests 14
ℹ suites 0
ℹ pass 14
ℹ fail 0
ℹ cancelled 0
ℹ skipped 0
ℹ todo 0
ℹ duration_ms 346.714791
✔ bodyless dissolve DELETE (empty body stream, no content-length) reaches Go with the CAS query, no body, no key (13.05625ms)
✔ every parcel DELETE must carry exactly one expected_version >= 1 (never forwarded without it) (1.566ms)
✔ a DELETE that declares a body or chunked framing is refused (0.290292ms)
✔ DELETE needs the session, origin and CSRF like every command; other DELETEs stay unsupported (0.78125ms)
✔ GET parcel-groups (open groups read) and merge-suggestions pass with no query; a query or key is refused (5.721166ms)
✔ actual MOU parcel runner selects and collects the real parcel browser case (278.504541ms)
✔ merge suggestions accept the frozen shape (server-masked recipient) and reject drift (1.055292ms)
✔ created group requires the OPEN state and its members (0.119125ms)
✔ dissolved group is exactly id/state/version (0.078709ms)
✔ group shipment carries one SHIPPED version per member (1.760958ms)
✔ open groups (GET parcel-groups) accept the frozen shape and fail closed on drift (2.290333ms)
✔ reconcile: a reload rebuilds OPEN panels, a vanished OPEN group is dropped, history and live versions are kept (0.560917ms)
✔ three locales cover the same keys and every refusal code (0.489916ms)
✔ the owner-ruling sentence is exact in all three locales (0.111458ms)
✔ the in_parcel_group copy is the same sentence in parcels-copy (blocked + errors) and orders-copy, in every locale (0.144917ms)
✔ groupOfOrder prefers the OPEN group over retained SHIPPED/DISSOLVED history (0.270292ms)
✔ parcelOrderNumber is the canonical LC-<32 uppercase hex> order number and matches the open-group parser (0.494875ms)
✔ parcel refresh generation: bumped by every successful poll, whatever the cursor (0.106375ms)
✔ parcel refresh generation: an in_parcel_group refusal bumps it, other refusals do not (0.109666ms)
✔ exactly the five W3-07B resources route (0.492959ms)
✔ dissolve carries exactly ?expected_version=N (N >= 1) (0.101083ms)
✔ readMergeSuggestions 401 immediately purges parent scope and refuses late sibling 200 (15.296ms)
✔ readMergeSuggestions 403 immediately purges parent scope and refuses late sibling 200 (3.823042ms)
✔ readMergeSuggestions 404 immediately purges parent scope and refuses late sibling 200 (2.995209ms)
✔ readOpenParcelGroups 401 immediately purges parent scope and refuses late sibling 200 (2.78675ms)
✔ readOpenParcelGroups 403 immediately purges parent scope and refuses late sibling 200 (2.668042ms)
✔ readOpenParcelGroups 404 immediately purges parent scope and refuses late sibling 200 (4.364625ms)
✔ readMergeSuggestions 503 preserves parent and local retry recovers actual DTOs (3.901958ms)
✔ readOpenParcelGroups 503 preserves parent and local retry recovers actual DTOs (3.207208ms)
✔ captured parent groups callback refuses hidden scope (1.532542ms)
ℹ tests 30
ℹ suites 0
ℹ pass 30
ℹ fail 0
ℹ cancelled 0
ℹ skipped 0
ℹ todo 0
ℹ duration_ms 342.659291
✔ exactly the nine W6-01B resources are admitted, each only under its own method (0.786709ms)
✔ the customer list is claimed only when a tag filter is present (customers-request.ts stays the owner otherwise) (0.091583ms)
✔ near misses are refused (no generic proxying) (0.070875ms)
✔ reads: no body, no key, no transfer-encoding; tag-list takes no query at all (19.654375ms)
✔ customer-list query: closed keys, tag must be a canonical uuid, list bounds identical to customers-request (1.308917ms)
✔ note-list query: only limit and after, with the customers-list bounds (0.3045ms)
✔ writes: exactly one well-formed Idempotency-Key; the two DELETEs carry no body but still need the key (6.916291ms)
✔ validTagName mirrors Go (NFC first, 1..20, trimmed, no control/Cf) (1.122833ms)
✔ validNoteBody mirrors Go (1..1000, not blank, only \n \r \t controls) (0.247417ms)
✔ tag-create body: closed keys, valid name and one of the eight colors (0.2055ms)
✔ tag-patch body: at least one of name/color, nothing else (0.084542ms)
✔ owner-tags body: tag_ids (<=100 canonical uuids) + 64-hex revision, exact keys (0.142458ms)
✔ note bodies: create {body}; patch {body, version>=1}; deletes and reads carry no body at all (0.12425ms)
✔ parseTagCatalog decodes {items: TagRecord[]} with the store-catalogue bounds (0.700125ms)
✔ parseTagSet / parseDeletedTag / parseDeletedNote decode the frozen write receipts (0.207625ms)
✔ parseNoteRecord / parseNotePage decode notes with the Go note rules (1.554958ms)
✔ customer-tags copy: three locales, identical key sets, the integrator's ruled note-privacy text verbatim (0.252625ms)
✔ components wire the ruled copy and the tag/note controls the specs click (1.1245ms)
✔ tag read names must already be trimmed NFC and Unicode code-point bounded (0.107958ms)
✔ session change before network sends nothing (9.877333ms)
✔ session changes after network or during body parse drop the response (24.684917ms)
✔ transient session digest failure is settled only before dispatch (1.148ms)
✔ lost response followed by a changed session is UNKNOWN after dispatch (0.456958ms)
✔ lost response does not auto-retry; explicit replay keeps method/key/payload/scope (2.820625ms)
✔ 5xx or malformed success is uncertain, coded refusal is settled (2.135167ms)
✔ passive tag/detail refresh preserves an unsaved new-note draft (29.05075ms)
✔ passive refresh updates visible notes but preserves edit draft and original CAS version (0.718292ms)
✔ explicit refresh signal clears old edit draft while passive array changes do not (0.549625ms)
✔ an unauthorized note read clears private note bodies and the draft (1.874459ms)
✔ a transient note read failure keeps the notes already shown (0.627208ms)
✔ an unauthorized note read signals the global logout once; a transient failure does not (6.098416ms)
✔ non-privacy writer: own notes keep Edit and Delete on a fresh mount, others' notes do not (6.861792ms)
✔ notes forbidden/not_found signals scope loss exactly once per mount, never on transient failure (13.871083ms)
✔ bad path/store/method/query/header is refused without authority or backend calls (33.473958ms)
✔ the actual proxy admits a tagged customer list with scoped search/cursor and rejects malformed tag authority (24.046209ms)
✔ signed-out/cross-store/Origin-CSRF denials short circuit before body or forwarding (0.511834ms)
✔ closed bodies and DELETE payloads cannot reach Go (0.949917ms)
✔ all write methods preserve exact key/body/store and private success status (3.214708ms)
✔ note pagination preserved and hostile backend errors/bodies sanitized (8.957625ms)
✔ a catalogue forbidden or not_found asks the parent to re-run its guarded reads, with no logout (135.892292ms)
✔ transient catalogue failures stay local; unauthorized logs out but is not a scope loss (59.974417ms)
✔ after a tag write the manager stays mounted: the catalogue refreshes in place, never reloads (20.662167ms)
✔ a manager-reported scope loss reloads the customer list and catalogue guarded reads (17.852ms)
✔ CustomerDetail forwards a scope-lost signal to the guarded read once per page (19.973583ms)
✔ badges are escaped server tag facts with human-readable names (3.10575ms)
✔ actual customer notes render privacy notice, safe content, author fallback and read-only permissions (18.083625ms)
✔ unknown permissions and erased customer never offer note mutations (1.418792ms)
✔ write-only notes permit add but not edit/delete of notes the server does not mark own; privacy permission permits both (3.741208ms)
✔ manager trigger and all three localized buyer-export notices render through actual components (1.94675ms)
✔ UNKNOWN survives settled unauthorized retry until trusted success; fresh run ignored (11.973541ms)
✔ UNKNOWN survives settled forbidden retry until trusted success; fresh run ignored (0.4665ms)
✔ UNKNOWN survives settled version_changed retry until trusted success; fresh run ignored (0.377042ms)
✔ first-attempt preflight refusal is settled and permits a fresh action (0.360875ms)
✔ UNKNOWN and in-flight retries prevent duplicate dispatch; unmount discards stale outcome (0.336541ms)
✔ an unauthorized write signals the global logout; forbidden does not (0.456958ms)
✔ UNKNOWN command survives unmount/remount: still locked, same-key retry, cleared by trusted success (0.357083ms)
✔ a command unmounted while in flight is treated as UNKNOWN on remount (1.454ms)
✔ a session boundary change drops the remembered UNKNOWN command (0.599708ms)
✔ a guarded read that ends signed-out signals the global logout once (6.057375ms)
✔ forbidden/unavailable failures and a successful read signal no logout (11.881458ms)
✔ refresh ending signed-out clears the view, blocks and signals the global logout once (7.963208ms)
✔ refresh ending forbidden or not-found clears the data without a logout (9.486125ms)
✔ a transient refresh failure keeps the ready view and signals nothing (8.581792ms)
✔ exactly the eight report GETs are admitted; every other method or path is refused (0.579208ms)
✔ report reads: query required, no body, no key, no transfer-encoding (11.246583ms)
✔ from/to: exactly once each, calendar-valid days, 0..91 apart (1.030958ms)
✔ session_id: only on the funnel (json and csv), a canonical uuid, once (2.977ms)
✔ parseProductReport: echoed range/zone, <=1000 rows sorted by net desc, net = captured - refunded (5.805958ms)
✔ parseChannelReport: closed vocabulary order, money per environment strictly ascending, I05 inside every bucket (0.945459ms)
✔ parseFunnelReport: nested counts, session echo, ordered_without_link bound (0.679459ms)
✔ parseManualReport: nullable principal/session ids, bucketed money like channels (0.514666ms)
✔ reports copy: three locales, identical key sets, the integrator's ruled money annotation verbatim (0.471208ms)
✔ Reports.tsx: four tabs, CSV per tab, ruled annotation, CSS/SVG charts only (no new dependencies) (1.991875ms)
✔ report CSV closed headers use actual Go slug, echoed dates and private no-store (0.333458ms)
✔ report response projection rejects unknown keys, mismatched range and non-private responses (1.453291ms)
✔ manual buckets follow Go's uncapped row count rather than a made-up 500-row limit (0.877042ms)
✔ display sorts only inside currency/environment groups, never sums money or mutates server rows (14.04775ms)
✔ page report query accepts exactly the four report names and defaults to products (0.094ms)
✔ actual product table renders offline separately, both modes, no UUID copy and sortable headers (21.22125ms)
✔ actual channel chart exposes exact numbers and both money modes using SVG (0.9555ms)
✔ actual funnel has four stages, nested widths and truthful zero-denominator text (1.221666ms)
✔ manual table resolves authorized labels, has honest fallback, and never presents UUIDs (1.433375ms)
✔ all report views render localized empty states (0.484ms)
✔ actual BFF refuses malformed query, unknown store/session, disabled auth and missing CSV fences before Go (63.621458ms)
✔ actual BFF closed JSON projection and CSV scope/query preserve trusted token; no forwarded client authority (24.028833ms)
✔ actual BFF permission and malformed CSV response fences do not masquerade as a download (6.662625ms)
✔ audited browser GET accepts same-origin Fetch Metadata plus CSRF, never cross-site or forwarded Host (15.098667ms)
✔ actual CSV client preflight sends nothing after session change, and a lost audit response is uncertain with no retry (8.22225ms)
✔ actual CSV client refuses stale-session bytes and downloads only a closed private response (9.051375ms)
✔ report leaf gives the actual trusted fetch 65 seconds, rejects redirects and forwards only server bearer (3.135541ms)
✔ incoming request cancellation aborts the real report fetch once, returns safe unavailable and never retries (2.988291ms)
✔ CSV final synchronous fence conceals bytes when cancellation, hide or cookie rotation happens inside final await (19.788375ms)
✔ CSV end-to-end deadline covers store lookup and report budget; aborted preflight sends no audited request (7.895584ms)
✔ an uncertain export stays locked for its scope after another scope's export (3.365875ms)
✔ an uncertain export scope persists per store in tab storage and re-locks a fresh render (18.289042ms)
✔ unavailable tab storage fails closed to the in-memory lock without throwing (5.2035ms)
✔ export lock is stored before dispatch; refused/delivered outcomes release it, uncertain and cut-short keep it (31.819333ms)
✔ releasing one scope keeps the other uncertain scopes of the store (7.155583ms)
✔ export is refused and nothing is dispatched when the lock cannot be saved (denied, full or no storage) (5.541042ms)
✔ copy for an unsaved export lock exists in every locale (0.083708ms)
✔ product sort query parses strictly and defaults to net_minor descending (0.16075ms)
✔ legacy-store permission probe: forbidden/not-found/signed-out fail the read closed, transient falls back (9.663125ms)
✔ channel and funnel data retain their applied dates while draft dates wait for Show (82.809916ms)
✔ an uncertain export lock is bound to the session boundary, so a different user does not inherit it (18.135542ms)
✔ Finance landing links to reports under the same canSeeReports rule (10.258208ms)
✔ selected tag survives searches and cursor pagination while an empty filter is omitted (26.539041ms)
✔ customer list dispatch preserves legacy requests and sends every tag query to the closed W6 authority (271.673458ms)
✔ customers reports link is hidden only when permissions are present and lack orders:read (0.121916ms)
✔ reports are a finance subpage and preserve the existing single finance navigation entry (0.108084ms)
✔ an authoritative erased customer immediately unmounts the cached private tags/notes subtree (21.490458ms)
✔ the actual customer row shows manual tags and imported status without changing consent (3.862958ms)
✔ P1 actual tag DELETE accepts an empty Next-style stream without JSON MIME (312.03575ms)
✔ P1 actual note DELETE accepts an empty Next-style stream without JSON MIME (1.13125ms)
✔ P1 body-carrying tag writes still require JSON MIME through the real BFF (0.367458ms)
✔ P2 customer bare/encoded tag keys are invalid422 through the actual leaf before any backend (2.81125ms)
✔ P2 report products real session/CSRF response is private and Vary Cookie (0.97325ms)
✔ P2 report products.csv real session/CSRF response is private and Vary Cookie (0.304208ms)
✔ P2 report malformed query and wrong CSRF are rejected by actual helpers before upstream (0.215875ms)
ℹ tests 118
ℹ suites 0
ℹ pass 118
ℹ fail 0
ℹ cancelled 0
ℹ skipped 0
ℹ todo 0
ℹ duration_ms 930.743416
✔ real coded errors retain baseline classification and normalize import leaf cache to private,no-store (22.632916ms)
✔ preflight missing CSRF is definite and sends nothing; actual route CSRF and session refusals stay definite (1.035166ms)
✔ actual route uses real cookies/store membership and method/error envelopes, no helper substitutions (2.029042ms)
✔ actual client/route preserves original Blob bytes, trusted transport and privacy projection on200/409 (1.09525ms)
✔ success or stale preview must remain private; malformed/unknown/mismatched coded errors are uncertain after commit (1.813959ms)
✔ lost/unreadable/session-changed dispatched commit remains UNKNOWN; no automatic retry (0.796542ms)
✔ actual failed-only result route strips IDs and real final session/cancel fence exposes no download (1.164167ms)
✔ actual route refuses unknown resource/query and duplicate session cookies before any upstream call (0.262292ms)
✔ actual route incoming cancellation aborts one dispatched transport and preserves client UNKNOWN (0.441916ms)
✔ real coded error cache may not be public, and closed payload may not acquire data-bearing fields (0.940625ms)
✔ copy still exposes specific merchant field reasons across three locales (2.9095ms)
✔ all real local and upstream import refusals including HEAD/unsupported are exact private,no-store (0.449ms)
✔ fresh mismatched receipt stays UNKNOWN, exact manual replay mismatch becomes terminal without a third send (0.934916ms)
✔ terminal is impossible for malformed replay receipts or matching replayed counts (0.746916ms)
✔ Big5 bytes pass unchanged to upstream and real422 import envelope surfaces encoding_not_utf8 (0.366542ms)
✔ oversize file uses the actual header guard and specific size guidance in all locales without dispatch (21.609042ms)
✔ commit uses the original requested mapping, including an empty optional field, not resolved preview metadata (2.566209ms)
✔ an UNKNOWN commit remains locked through a later forbidden retry and only explicit same-file success unlocks (3.326792ms)
✔ leaving during a dispatched commit drops its payload and keeps an unconfirmed boolean without replay (5.644417ms)
✔ a definite first preflight refusal clears pending before sign-out and does not invent an unconfirmed import (3.490334ms)
✔ a replayed mismatched receipt ends UNKNOWN without offering another retry or unlocking historical orders (2.164666ms)
✔ real cookie and CSRF helpers generate and validate the actual host-cookie pair (1.763375ms)
✔ exact route rejects methods/keys/body/query/scope before any upstream request using real localError (2.99375ms)
✔ missing/duplicate session cookies reject and real clearAuthCookies expires session and CSRF (0.608166ms)
✔ actual authenticatedStores denies a store absent from the server projection (0.593ms)
✔ private success routes server cookie token and exact canonical after, never caller bearer/cookie to Go (1.031834ms)
✔ actual safeError/localError preserve coded status with no-store and redact upstream diagnostics (1.650708ms)
✔ actual readBody and strict projection refuse MIME/oversize/extra private fields/city; network loss stays private (1.437333ms)
✔ actual client issues GET50/after through real route/private successful projection (6.335125ms)
✔ actual helper-issued browser fence rejects changed parent before dispatch (0.585791ms)
✔ private success from real route is discarded when the browser session changes during upstream read (1.223ms)
✔ real localError no-store 401/403/404/503 preserves correct read category with no retry (3.422959ms)
✔ malformed sensitive backend projection becomes real unavailable, never a fake BFF success (0.661167ms)
✔ strict archive rows decode external order text, safe minor units and public keys (2.315125ms)
✔ PII-shaped city and extra sensitive fields never pass the safe projection (0.272459ms)
✔ all canonical Go cities pass; malformed types/bounds/order/time/money/cursor fail (0.648ms)
✔ read grammar is exact limit/after, not the stale brief's cursor name (17.079416ms)
✔ three locales retain truthful history-not-revenue basis and copy parity (0.366625ms)
✔ SSR renders actual safe rows, shared money/time, total count and read-only three-locale basis (43.450667ms)
✔ SSR distinguishes empty archive, 403, session loss and unavailable without stale rows/count (7.358667ms)
✔ actual pagination callbacks use opaque trail; double click cannot skip; refresh/scope reset page1 (2.820625ms)
✔ the static import subpage wins over customer detail and leaves the single customers nav intact (0.367875ms)
✔ the actual list offers import only to privacy holders and carries the current authorized store (115.910917ms)
✔ the actual detail mounts archive only for an active imported customer and passes its fenced identity (19.922875ms)
✔ MIUI-READY-VISIBLE-STORE actual signed helper waits on the visible selector and retains cookie/wizard assertions (130.149125ms)
✔ MIUI-READY-DENIED read-only staff reaches the real shell refusal instead of waiting for a private wizard (12.495417ms)
✔ failure verdicts precede successful rows, by source row number, without mutating the input (1.169917ms)
✔ the failure download contains only failed row metadata, with no source cell or success identifier (0.357916ms)
✔ reads quoted/BOM header only, without decoding malformed bytes from data rows (3.266042ms)
✔ guess only unique metadata aliases with explicit unmapped values (0.815333ms)
✔ shared dynamic leaf admits only exact import methods/actions and bounded mapping/count (28.671334ms)
✔ failed CSV emits only row/outcome/code, refusing any unexpected identifier or raw cell (0.58925ms)
✔ raw-byte cap does not decode/rebuild uploads and cancels oversized chunks (21.641917ms)
✔ backend privacy projection strips all source IDs on successful and failed rows (1.657042ms)
✔ closed preview parser refuses data-bearing rows, unknown keys and inconsistent counts (3.292417ms)
✔ order preview counts units while first CSV record numbers can exceed rows_total (0.489ms)
✔ commit receipt has exactly five keys and no extra customer cells (0.372459ms)
ℹ tests 57
ℹ suites 0
ℹ pass 57
ℹ fail 0
ℹ cancelled 0
ℹ skipped 0
ℹ todo 0
ℹ duration_ms 509.114709
✔ parseShard: i/N, empty means unsharded, anything malformed throws (0.707875ms)
✔ assignShards: deterministic, every key owned once, near-balanced (LPT bound) (0.913958ms)
✔ planClick: for every N the shards partition the whole universe (every registry route x variant, storefront walk, journey) (1.454417ms)
✔ planClick at N=10 keeps every shard within ~1.3x of the mean planned cost (0.12425ms)
✔ aggregate click: honest shards pass for several N (2.365459ms)
✔ aggregate click: a missing shard, a dropped page row, a lost journey, a failing row, a stale known defect and a missing platform marker are each a failure (3.101584ms)
✔ aggregate click: a route added to the registry after the shards ran cannot pass (the registry is re-read) (0.439ms)
✔ aggregate visual: honest shards pass; a missing shard, a missing shot, a blocking verdict and a registry route outside the universe each fail (4.787875ms)
ℹ tests 8
ℹ suites 0
ℹ pass 8
ℹ fail 0
ℹ cancelled 0
ℹ skipped 0
ℹ todo 0
ℹ duration_ms 83.623334
ci-plan: 10 job(s); click-sweep x10 (aggregate)
  --browser-click-sweep@1/10  -> artifact gate-browser-click-sweep_1_10
  --browser-click-sweep@2/10  -> artifact gate-browser-click-sweep_2_10
  --browser-click-sweep@3/10  -> artifact gate-browser-click-sweep_3_10
  --browser-click-sweep@4/10  -> artifact gate-browser-click-sweep_4_10
  --browser-click-sweep@5/10  -> artifact gate-browser-click-sweep_5_10
  --browser-click-sweep@6/10  -> artifact gate-browser-click-sweep_6_10
  --browser-click-sweep@7/10  -> artifact gate-browser-click-sweep_7_10
  --browser-click-sweep@8/10  -> artifact gate-browser-click-sweep_8_10
  --browser-click-sweep@9/10  -> artifact gate-browser-click-sweep_9_10
  --browser-click-sweep@10/10  -> artifact gate-browser-click-sweep_10_10
✔ the full sweep and the full visual lint fan out into every shard and ask for the aggregate (0.88125ms)
✔ foundation-shards = the unit shard + every plan group; the serial `foundation` mode is untouched (0.275917ms)
✔ an explicit shard re-run (or a partial list) never claims the whole-run aggregate (0.100167ms)
✔ duplicates collapse, artifact names are safe and unique, bad input is refused (0.333ms)
✔ main writes matrix / sweep_n / visual_n to GITHUB_OUTPUT (2.072125ms)
✔ backend-only paths run foundation-shards only (0.978417ms)
✔ node tests of deploy scripts and of the CI planner are backend-only (they cannot change a browser) (0.304459ms)
✔ a UI path adds the whole browser set, including click-sweep and visual-lint (1.557916ms)
✔ docs-only and output-only diffs keep the single required check (foundation-shards) (0.258375ms)
✔ tests/foundation/browser_* is a browser path, other tests/foundation files are not (0.281417ms)
✔ deploy flag: deploy/ and scripts/deploy* only (0.765833ms)
✔ the browser set is release-gate's browser-mode universe minus the documented exclusions (10.239375ms)
✔ parser: only compiled, correctly-shaped Test functions of untagged _test.go files (1.068167ms)
✔ the real plan: every top-level test of tests/foundation runs in exactly one group (537.49675ms)
✔ a new test (in no list) still runs, exactly once, in the catch-all group; the same name with no catch-all is red (768.073708ms)
✔ a test listed in two groups is red; drift beyond the limit is red (773.05825ms)
✔ regexes: anchored explicit lists; the catch-all skips exactly everyone else's tests (0.402625ms)
✔ pack: deterministic, balanced to within the longest test, every name once (3.543875ms)
✔ parseDurations: top-level lines only (0.156584ms)
ℹ tests 19
ℹ suites 0
ℹ pass 19
ℹ fail 0
ℹ cancelled 0
ℹ skipped 0
ℹ todo 0
ℹ duration_ms 2251.915917
✔ PR18 real BFF preserves invalid_ref and cursor errors without upstream retry (15.052834ms)
✔ PR18 valid A2 Unicode/escaped pages exceed 1 MiB but A8 cap stays unchanged (92.512125ms)
✔ K3 comment-only no_source cannot widen the existing inbox error seam (1.901167ms)
✔ LC-U2a real BFF seam A2-A5 exact grammar, privacy, denial and no diagnostic reflection (4.878208ms)
✔ A8/A9/A13 and published templates: exact reads forward once with no-store (2.375292ms)
✔ real streamed POST bodies: A10-A14 exact keys reach upstream (3.952959ms)
✔ query, read headers, methods and body allowlists refuse before upstream (4.207125ms)
✔ session, CSRF and store authority precede content forwarding (0.958792ms)
✔ A12 fixed codes preserved; arbitrary upstream diagnostics stripped (5.266375ms)
✔ client preserves codes and receipt; changed/aborted session cannot publish private response (2.886542ms)
✔ A9 admits a full page of valid Unicode replies while bounding private response bytes (3.134083ms)
✔ non-JSON upstream 401 still expires both authentication cookies without diagnostic leakage (1.026ms)
✔ real M7 response keeps no-referrer after matching Next production header rules (17.898916ms)
✔ three unit languages cover identical fixed labels and delivery states (0.67075ms)
✔ hiding aborts requests and rejects late responses, even after reveal (0.379833ms)
✔ switching selection invalidates both reads and write completions (0.061541ms)
✔ owner and explicit inbox permissions only; viewer fails closed (0.055ms)
✔ Messenger counts Unicode codepoints; Instagram counts NFC UTF8 bytes (0.703291ms)
✔ uncertain transport retries retain the exact submission; definitive conflicts retire it (0.4385ms)
✔ privacy calibration cannot activate with production origin or ordinary caller env (0.126083ms)
✔ late focus/pageshow while native document remains hidden cannot reveal requests (0.082958ms)
✔ terminal navigation revocation cannot be undone by focus or refresh until a new page fence (0.0555ms)
✔ a ticket from another store/page fence is never accepted (0.045375ms)
✔ focus while already visible preserves the active epoch and the uncertain reply receipt (0.079583ms)
ℹ tests 24
ℹ suites 0
ℹ pass 24
ℹ fail 0
ℹ cancelled 0
ℹ skipped 0
ℹ todo 0
ℹ duration_ms 261.716333
✔ installed APIRequestContext cookie rules exclude Secure cookie from HTTP127 but retain HTTPS/localhost (0.430042ms)
✔ actual INU02 cross uses browser auth and retains exact 404/DM absence (30.627917ms)
✔ actual INU02 cross still rejects wrong authority 401 (5.950583ms)
✔ actual INU02 cross still rejects wrong authority 200 (1.68825ms)
✔ actual INU02 cross still rejects DM in denied response (1.343167ms)
✔ actual INU02 denied uses browser auth and retains exact 403/DM absence (1.436042ms)
✔ actual INU02 denied still rejects wrong authority 401 (1.190584ms)
✔ actual INU02 denied still rejects wrong authority 200 (0.991ms)
✔ actual INU02 denied still rejects DM in denied response (1.226042ms)
✔ actual login settles /en and fixture store (real switch, scoped=false) (36.149959ms)
✔ actual login settles /en and fixture store (real switch, scoped=true) (12.553375ms)
✔ actual login settles /en/inventory and fixture store (real switch, scoped=false) (6.650958ms)
✔ actual login settles /en/inventory and fixture store (real switch, scoped=true) (1.878792ms)
✔ actual login settles /en/messages and fixture store (real switch, scoped=false) (4.239334ms)
✔ actual login settles /en/messages and fixture store (real switch, scoped=true) (4.460541ms)
✔ actual login settles /en and fixture store (already selected, scoped=false) (1.905291ms)
✔ actual login settles /en and fixture store (already selected, scoped=true) (4.516916ms)
✔ actual login settles /en/inventory and fixture store (already selected, scoped=false) (6.802667ms)
✔ actual login settles /en/inventory and fixture store (already selected, scoped=true) (2.678375ms)
✔ actual login settles /en/messages and fixture store (already selected, scoped=false) (1.180208ms)
✔ actual login settles /en/messages and fixture store (already selected, scoped=true) (0.973667ms)
✔ bundle fixture uses real claim commands and mounts existing M6/M7 without issuing early (1.97025ms)
✔ sensitive bundle scenario clicks native clipboard with trace/video disabled and no token body reads (0.287542ms)
✔ persisted link and token-free command receipt are compared without disclosing credentials (0.215542ms)
✔ actual clipboard evaluator exports only safe summary and detects malformed or retained synthetic credentials (232.057542ms)
✔ claim-window fixture isolates recovery after the current migration permits multiple OPEN windows (1.914667ms)
✔ ordinary Playwright diagnostics still capture failed-page ARIA when private guard is absent (0.617959ms)
✔ sensitive worker lifecycle prevents actual installed snapshot capture without masking the failure (41.868417ms)
✔ worker restores prior environment even when use rejects (absent) (2.203ms)
✔ worker restores prior environment even when use rejects (empty) (1.295125ms)
✔ worker restores prior environment even when use rejects (existing-policy) (1.265958ms)
✔ fixture is worker-auto and module collection does not suppress ordinary diagnostics (68.898459ms)
✔ ordinary matcher ARIA context bypasses fallback flag and remains in actual installed diagnostics (0.757ms)
✔ private test teardown removes only matcher page context while preserving failure (failed status) (3.451875ms)
✔ private test teardown removes only matcher page context while preserving failure (rejected use) (4.601416ms)
✔ matcher guard is test-auto without replacing the installed artifact auto fixture (4.172375ms)
✔ real Playwright --list collects each original INU case and isolated INU09 exactly once (925.797791ms)
✔ A real Inbox selection admits Go A9 attachments null without losing thread (37.525083ms)
✔ A real Inbox selection admits Go A9 attachments empty array without losing thread (5.876459ms)
✔ A malformed non-array A9 attachments is refused without painting DM or crashing selected entry (3.16775ms)
✔ C A8 HTTP200 empty list is ordinary data with no alert, selection or focus request storm (13.229333ms)
✔ C A8 list404 is scoped inbox unavailable in en, never an empty list or conversation denial (19.278ms)
✔ C A8 list404 is scoped inbox unavailable in zh-TW, never an empty list or conversation denial (4.063791ms)
✔ C A8 list404 is scoped inbox unavailable in zh-CN, never an empty list or conversation denial (1.880917ms)
✔ C click-sweep Go harness mounts existing Inbox/templates services (STRUCTURE_ONLY, Go NOT_RUN) (0.375292ms)
✔ C click-sweep includes actual-router owner200 empty inbox assertion (STRUCTURE_ONLY, Go NOT_RUN) (0.290334ms)
✔ inbox evidence is covered by the CI upload root (1.48175ms)
✔ failed Playwright closes its log and emits sanitized diagnostics before Fatalf (0.225041ms)
✔ failure diagnostics match INU cases/counts without admitting private text (1.621ms)
✔ INU04 delayed handler 1 signals completion when fulfillment rejects (27.831875ms)
✔ INU04 delayed handler 2 signals completion when fulfillment rejects (1.397709ms)
✔ recoveryDone waits for actual held M7 completion in zh-TW (46.511834ms)
✔ recoveryDone waits for actual held M7 completion in zh-CN (3.4295ms)
✔ recoveryDone waits for actual held M7 completion in en (3.020167ms)
✔ review2 P1 bundle-only row opens real A13 and issues existing M7 claim link to clipboard (37.060542ms)
✔ review2 P1 clipboard denial recopy reuses cached issued URL without another M7 POST (38.621459ms)
✔ review2 P1 lost M7 ACK retries exact receipt and null replay token never mints a fresh key (9.5965ms)
✔ review2 P1 missing CSRF before cached recopy cannot copy or issue again (4.516291ms)
✔ review2 P1 missing CSRF before uncertain retry rejects preserved receipt dispatch (2.528334ms)
✔ review2 P1 late issued-link completion after hide cannot write clipboard (3.47625ms)
✔ review2 P1 late issued-link completion after selection cannot write clipboard (2.555875ms)
✔ review2 P1 late issued-link completion after unmount cannot write clipboard (6.23025ms)
✔ review2 P1 late issued-link completion after logout cannot write clipboard (3.192625ms)
✔ review2 P1 claim-link issuance denied without both live read/manage (inbox:read,live:read) (5.237458ms)
✔ review2 P1 claim-link issuance denied without both live read/manage (inbox:read,live:manage) (2.818708ms)
✔ review2 P1 missing authoritative recovery identity never guesses generation {"missingSession":true} (5.760542ms)
✔ review2 P1 missing authoritative recovery identity never guesses generation {"noBundle":true} (1.832208ms)
✔ review2 P2 exactly one matching binding uses named DM hard gate ok (6.075583ms)
✔ review2 P2 exactly one matching binding uses named DM hard gate review_required (1.499666ms)
✔ review2 P2 exactly one matching binding uses named DM hard gate missing_permission (2.390833ms)
✔ review2 P2 multiple same-provider bindings advisory only (dm_session:ok,dm_session:missing_permission) (2.97175ms)
✔ review2 P2 multiple same-provider bindings advisory only (dm_session:missing_permission,dm_session:reauth_required) (6.142458ms)
✔ review2 P2 multiple same-provider bindings advisory only (dm_session:ok,read_comment:missing_permission) (1.311917ms)
✔ review2 P2 multiple same-provider bindings advisory only (dm_session:review_required,dm_session:ok) (5.812667ms)
✔ review2 P2 actual scoped A12 409 capability refusal remains visible after advisory submit (11.377083ms)
✔ review2 P2 missing health and single binding without named DM remain disabled (20.033708ms)
✔ review2 P2 expired cached issued link cannot be recopied or silently reissued (5.679ms)
✔ P1-1 actual visible focus preserves pending ticket, selection, revision and real retry receipt (3.278167ms)
✔ P1-1 actual unchanged-session pageshow checks without clearing; changed-session focus expires (0.916125ms)
✔ P1-1 actual hide/reveal clears and requests fresh revision, never accepts obsolete completion (0.710375ms)
✔ P1-1 changed-session visible focus expires even with a pending request (0.448917ms)
✔ P1-2 actual A9 refresh 404 removes rendered DM and unsent draft (30.157125ms)
✔ P1-2 actual send-finally A9 404 removes DM, draft and uncertain immutable receipt (4.078125ms)
✔ actual uncertain send still retains exact receipt when A9 authority remains (0ms post-send A9) (2.621792ms)
✔ actual uncertain send still retains exact receipt when A9 authority remains (50ms post-send A9) (107.289958ms)
✔ actual A9 stale held completion cannot paint after component cleanup (0.840917ms)
✔ P2 actual A14 404 clears buyer facts and customer draft (explicit future-version MOCK) (1.337375ms)
✔ safe authority errors remain the actual InboxError transport class (0.044042ms)
✔ actual current A13 without version keeps A14 disabled; future MOCK grants no backend claim (0.518125ms)
✔ P1-2 actual A11 takeover write 404 clears private state despite failing follow-up A9 (0.873459ms)
✔ P1-2 actual A12 send write 404 clears private state despite failing follow-up A9 (0.711375ms)
✔ A13 server orders omission remains distinct from authorized omitted data (0.497291ms)
✔ A13 server orders omission remains distinct from authorized empty data (0.320375ms)
✔ A13 server orders omission remains distinct from authorized populated data (0.370125ms)
✔ actual shell-store-selector captures selection before synchronous privacy teardown (allowed=true) (27.042333ms)
✔ actual shell-store-selector captures selection before synchronous privacy teardown (allowed=false) (1.595ms)
✔ actual locale-switch captures selection before synchronous privacy teardown (allowed=true) (11.161041ms)
✔ actual locale-switch captures selection before synchronous privacy teardown (allowed=false) (1.333792ms)
✔ persisted A9 UNKNOWN after page entry warns and blocks the real composer in en (31.278625ms)
✔ persisted A9 UNKNOWN after page entry warns and blocks the real composer in zh-TW (1.559375ms)
✔ persisted A9 UNKNOWN after page entry warns and blocks the real composer in zh-CN (0.974625ms)
✔ A12 queued ACK followed by final A9 UNKNOWN overrides the local queued notice and blocks another send (2.892584ms)
✔ a captured previously enabled composer cannot bypass final UNKNOWN learned by Refresh (1.248875ms)
✔ a later A9 page omitting the known UNKNOWN is not delivery reconciliation (5.046625ms)
✔ persisted queued is not mislabeled UNKNOWN and retains ordinary composer eligibility (0.717417ms)
✔ persisted sent is not mislabeled UNKNOWN and retains ordinary composer eligibility (0.790792ms)
✔ persisted failed is not mislabeled UNKNOWN and retains ordinary composer eligibility (1.504208ms)
✔ persisted blocked is not mislabeled UNKNOWN and retains ordinary composer eligibility (1.170583ms)
✔ fresh mount refuses when an old UNKNOWN is beyond 51 newer messages (fact=true) (1.00825ms)
✔ fresh mount refuses when an old UNKNOWN is beyond 51 newer messages (fact=null) (1.7095ms)
✔ fresh mount refuses when an old UNKNOWN is beyond 51 newer messages (fact=undefined) (2.830209ms)
✔ fresh mount refuses when an old UNKNOWN is beyond 51 newer messages (fact=false) (1.861083ms)
✔ a refreshed unknown authority replaces old clear authority even for a captured composer (1.917584ms)
✔ window strict eligibility with 300001ms before hard 24h deadline (13.750917ms)
✔ window strict eligibility with 300000ms before hard 24h deadline (1.524291ms)
✔ window strict eligibility with 60000ms before hard 24h deadline (1.070333ms)
✔ window strict eligibility with 0ms before hard 24h deadline (0.951083ms)
✔ window invalid server deadline fails closed without preparing a send (0.739ms)
✔ window captured enabled form callback cannot POST after crossing safe cutoff (0.773958ms)
✔ window deadline timer closes controls at cutoff and hard end without waiting for 15s poll (0.7ms)
✔ quota recovery gives exact zh-TW comment-quota and DM-window instructions beside copy only (0.331167ms)
✔ quota recovery gives exact zh-CN comment-quota and DM-window instructions beside copy only (0.090625ms)
✔ quota recovery gives exact en comment-quota and DM-window instructions beside copy only (0.091ms)
ℹ tests 123
ℹ suites 0
ℹ pass 123
ℹ fail 0
ℹ cancelled 0
ℹ skipped 0
ℹ todo 0
ℹ duration_ms 1036.01075
