✔ /products/{uuid} redirects permanently to the zh-TW product page (16.687917ms)
✔ non-uuid ids are 404, never redirected (7.531958ms)
✔ AT1: the locale redirect preserves the ad-click query without allowing a redirect target (0.51175ms)
✔ R10: standalone signed signals survive a missing or expired seven-day touch (4.389458ms)
✔ R10: standalone signals reject expiry, bad signature, duplicates and another host (0.223125ms)
✔ AT1 R5: browser identity survives expired touch and rolls for ninety days (0.174667ms)
✔ AT1 R5: missing ad parameters create no cookies; fbclid alone creates no touch (0.187166ms)
✔ AT1 R5: lc_ad alone updates attribution and does not replace fbc (0.127458ms)
✔ AT1: host-only first-party cookies contain no PII and read back exactly (0.220167ms)
✔ AT1: a later valid click replaces the draft but preserves the browser identifier (0.102833ms)
✔ R10: only a different fbclid replaces fbc and its first-seen timestamp (0.176084ms)
✔ AT1: malformed and ambiguous links do not overwrite a valid prior touch (0.294958ms)
✔ AT1: host and key binding reject copied cookies (0.160875ms)
✔ AT1: duplicates and tampering invalidate the entire envelope (0.128583ms)
✔ AT1: exactly seven days is valid, the next millisecond and future clicks are not (0.128292ms)
✔ catalog list query limits equal the Go v2 parser (internal/buyerhttp/catalogv2.go) (28.660417ms)
✔ collection list cap equals Go maxCollectionsPerStore (2.216875ms)
✔ design caps equal internal/design/schema.go (nav, sections, pages) (5.079375ms)
✔ CVS buyer-entered store bounds and return path equal Go (internal/checkout/cvs.go, migration 0093) (8.591208ms)
✔ transfer view: closed shape and state rules mirror Go validTransferView (0.795875ms)
✔ proof body and result: five digits, positive minor amount, ISO instant (0.185167ms)
✔ minorFromText: major units with at most two decimals, never a float surprise (0.095ms)
✔ buyer email mirror: one plain address, 254 characters at most (0.101167ms)
✔ countdown: whole hours and minutes, never negative (0.338084ms)
✔ copy: three locales carry every key and every refusal code (0.19ms)
✔ options: a home row lists modes only with bank_transfer and then needs its window (0.244833ms)
✔ checkoutInput: a home bank_transfer body, the optional trimmed email, and every refusal before any request (0.4615ms)
✔ order: AWAITING_TRANSFER is a valid commercial state without a hold time (1.985167ms)
✔ BFF: exact transfer routes, keyed proof PUT, strict body, validated answers, no generic proxy (219.894625ms)
✔ BFF: transfer refusal codes pass through as definite 422; checkout accepts bank_transfer and a valid email only (6.849917ms)
✔ D06 order heading follows a settled transfer: never 'waiting for transfer' above a confirmed or expired one (0.090458ms)
✔ uncertain prepare blocks all mutations; changed cookie context resolves journal (25.947917ms)
✔ fully parsed local denial clears only its own pending operation (3.005667ms)
✔ malformed journal, unavailable lock and stale context fail before writes (1.712958ms)
✔ BPT05 exact handoff permits absent body/key, one fetch, no form persistence (129.793791ms)
✔ BPT05 wrong handoff form and ordinary writes fail before any fetch (1.874458ms)
✔ BPT05 unresolved cookie journal blocks handoff; lost response is one fetch without persistence (0.175208ms)
✔ SU02 refresh permits absent body/key, one fetch, no persistence (0.201833ms)
✔ SU02 refresh rejects a body, a key or a malformed path before any fetch (0.151459ms)
✔ SU02 cancel permits absent body/key, one fetch, no persistence (0.116125ms)
✔ SU02 cancel rejects a body, a key or a malformed path before any fetch (0.102625ms)
✔ BPT01 exact private path, headers, body and three-locale one-fetch transport (140.473292ms)
✔ BPT02 payment routes reject untrusted path, context, headers, key and body before fetch (25.924417ms)
✔ BPT03 hostile upstream success is sanitized, never returned as payment data (36.9815ms)
✔ BPT04 every handoff failure is nonretryable, including pre-route and transport loss (9.884375ms)
✔ SU02 five routes: exact upstream path, method, key, body, one fetch each (15.179833ms)
✔ SU02 refresh and cancel are keyless and pass every CSRF/context denial before fetch (8.4505ms)
✔ SU02 every handoff/refresh/cancel failure is nonretryable and sanitized (24.171958ms)
✔ SU02 hostile Stripe bodies become the sanitized 503; PAYUNi and Stripe bodies stay byte-identical (28.002625ms)
✔ SU02 prepare accepts only the two known method codes (2.708625ms)
✔ disabled and invalid configuration fail closed before private fetch (89.4595ms)
✔ private authority, cookie lifecycle and strict local denial (148.812958ms)
✔ bad host, cookie, query and method never reach private API (1.141625ms)
✔ stalled inbound POST body is canceled at its deadline without a cookie or private call (0.691833ms)
✔ R10: Begin forwards independently signed signals; browser attribution and forwarded hosts are not authority (8.022208ms)
✔ CVS BFF: exact routes, keyed open/store, keyless verify, validated answers, no generic proxy (41.3525ms)
✔ CVS BFF: contract refusal codes pass through; pay_at_pickup_limit is a definite (non-retryable) 429 (15.501166ms)
✔ fragment grammar accepts only one canonical token (1.060458ms)
✔ claim projections are closed (0.632041ms)
✔ claim token rides only its header on B1/B2 and is never echoed (171.076208ms)
✔ claim-priced cart edits send only SKU and quantity, keeping server price authority (7.428708ms)
✔ direct-checkout sold-out projection is mandatory, boolean and closed (0.340792ms)
✔ claim redeem shares the purchase lock, guards recovery and never persists the token (1.657417ms)
✔ ClaimLink removal projects live-priced survivors on ready and conflict pages (36.682792ms)
✔ ClaimLink revisit checks out applied A while pending B is sold out or unavailable (35.697875ms)
✔ ClaimLink refreshes a nothing result after a second tab applied the claim (44.29125ms)
✔ ClaimLink does not navigate when a buyable claim target is absent or has changed quantity (10.826875ms)
✔ ClaimLink optional prior-order notice tolerates unreadable storage without bypassing recovery (12.151583ms)
✔ CVS01 map form: only the two ECPay e-map actions, exact fields, top-level-safe values (3.467334ms)
✔ CVS02 return path allowlist excludes /claim and anything but the checkout or product page (0.153458ms)
✔ CVS03 selection projection: VERIFIED<=>pickup, REJECTED<=>reject_code, absent keys read as null (0.485209ms)
✔ CVS04 buyer-entered store answer and request body (0.287375ms)
✔ CVS05 store code table (§16.1) keeps leading zeros and per-chain lengths (0.144625ms)
✔ CVS06 recipient mirror: real-name width 4..10 (CJK=2), no digits/symbols/emoji; 09 mobile (0.533875ms)
✔ CVS07 checkout draft: name, phone and mode only; read once; corrupt/foreign shapes are dropped (0.186875ms)
✔ CVS08 return URL: only ?cvs_selection=<uuid> is accepted (0.080542ms)
✔ CVS09 buyer order projection and copy keys: nothing but PICKED_UP says picked up (0.094167ms)
✔ CVS10 error codes: field mapping, definite refusals, official links are https constants (0.183ms)
✔ CVS11 client transport: verify is the one new keyless POST; the server refusal code rides BuyerClientError.detail (24.781834ms)
✔ every locale x page has a title, an updated line and at least one section (2.216334ms)
✔ locales share the section count and per-section body count of every page (2.865042ms)
✔ final text is only the owner-confirmed company facts (CR 81215167 name + registered address); nothing else is final (0.809708ms)
✔ a legal page is published only when every text on it is final; buyers see no link to an unpublished one (1.251417ms)
✔ data-deletion path is named in the privacy page of every locale (0.411791ms)
✔ pendingOwnerText lists exactly the texts that keep a page unpublished and is written for the owner (1.7815ms)
✔ a live (claim-origin) price replaces the catalog price and strikes it through (0.747875ms)
✔ without a live price the catalog price and its compare-at are shown unchanged (0.079125ms)
✔ a live price equal to or above the catalog price is shown as set (strike hidden by the UI guard) (0.058875ms)
✔ a live price strikes the catalog price, never the variant sale price (0.05075ms)
✔ order ref: 12 hex (dashes or spaces, any case) or a full id (0.441875ms)
✔ contact: one email or a phone of 6..20 digits (0.144ms)
✔ body is exactly {order_ref, contact}; the answer is exactly {order_id} (0.12725ms)
✔ BFF lookup: no cookie needed, fresh token goes upstream, cookie only on 200 and it carries that same token (61.464333ms)
✔ BFF lookup: strict local denial before any private fetch (4.308625ms)
✔ copy: three locales carry every key (0.224584ms)
✔ MS4 srcset descriptors use actual decoded widths and deduplicate small renditions (0.95575ms)
✔ MS1 product rendition allowlist preserves trusted Host and never forwards buyer cookies (35.00575ms)
✔ MS2 invalid, duplicate, extra, encoded widths and non-product variants fail before fetch (3.905125ms)
✔ MS3 old-image fallback is never promoted to immutable; committed variants are cacheable (15.445541ms)
✔ TWD whole amounts show no decimals in every locale and at every magnitude (line, subtotal, total, zero) (15.787584ms)
✔ cents appear only when there are cents, then always as two digits; the minor-unit arithmetic is untouched (0.198292ms)
✔ digits come from the currency: JPY none, USD two when there are cents (0.953417ms)
✔ one formatter: no component, page or lib builds a currency Intl.NumberFormat outside lib/money.ts (27.17325ms)
✔ locale probe bounds a missing destination head with a route/device diagnostic (5.025375ms)
✔ locale probe clears its deadline when the real head promise completes (0.949917ms)
✔ fragment: exactly #o=<order id>&t=<43-char token>; anything else is null (2.956ms)
✔ body is exactly {order_id, token, proof}; the answer is exactly the order the link named (2.461708ms)
✔ BFF link: no cookie needed, fresh token upstream, cookie only on a 200 naming the same order, link token never echoed (23.633375ms)
✔ BFF link: strict local denial before any private fetch (12.902292ms)
✔ copy: three locales, one refusal text, a retry and a lookup path (0.123834ms)
✔ BPU01 fresh payment writes exact metadata before prepare, one bodyless Take, no persistent form (22.421792ms)
✔ BPU01 lost prepare response replays original key/body only on explicit next click (3.950584ms)
✔ BPU01 lost handoff is permanently GET-only, even after a second click (3.111334ms)
✔ BPU01 storage, amount, scope and child/screen fences reject before irreversible writes (11.351583ms)
✔ BPU01 document/child loss after prepare but before Take leaves exact replay marker (2.242916ms)
✔ BPU01 malformed server handoff never submits and Take remains nonretryable (2.198417ms)
✔ BPU01 marker replacement before Take and after Take blocks release/form reuse (1.271ms)
✔ BPU01 context replacement after prepare and after Take closes destination without form (2.481416ms)
✔ BPU01 synchronous destination refuses invalid locale before opening a window (0.74775ms)
✔ SU03 fresh Stripe pay: marker before prepare, one prepare, one handoff, navigate, URL never stored (1.412083ms)
✔ SU03 marker replay: lost prepare response replays key/body, no uncertain on PENDING view with leftover marker (11.691542ms)
✔ SU03 cross-device Continue needs no marker and never prepares (4.211167ms)
✔ SU03 marker/view matrix: PAYUNi marker on Stripe view and Stripe marker on PAYUNi view send nothing (1.676209ms)
✔ SU03 any other view renders without a POST (0.913792ms)
✔ SU03 CREATING: waits on the schedule without the lock, then hands off once when READY (33.999583ms)
✔ SU03 CREATING budget: 10 reads over 30 s, then the blank child is closed, no POST, no throw (129.300666ms)
✔ SU03 cancel_requested seen on the re-GET aborts before the handoff POST (11.594542ms)
✔ SU03 handoff outcomes: CREATING closes child, CLOSED/UNAVAILABLE/error/malformed reject; one POST each, never retried (11.947625ms)
✔ SU03 Stripe prepare errors, amount/currency mismatch and popup loss stop before any handoff (18.067958ms)
✔ SU03 two clicks make two handoff POSTs only because there were two clicks; sequential, none from reads (0.84075ms)
✔ SU03 navigate: validates again, needs an owned blank child, sets used before replace, no URL in errors (0.3955ms)
✔ SU03 refresh signal: keyless single POST, validated, throttled 1/10 s and 30 per page life, cancel never throttled (10.52875ms)
✔ SU03 signal failures are single-shot and sanitized: HTTP error, malformed body, wrong order (0.420833ms)
✔ private quote/option authority fields are required; only exact MANUAL home can checkout (1.60175ms)
✔ continue shopping advances only ordered version, clears hint, keeps SQL history authoritative (13.24175ms)
✔ lost next-cart response retries identical key/body and preserves a newer cart (0.9525ms)
✔ continuation never overwrites an already advanced cart (2.412458ms)
✔ unknown checkout blocks continuation without any business request (0.826667ms)
✔ two queued continuation clicks mutate once; stale order ID cannot clear another order (1.58325ms)
✔ CAS conflict resolves only after a newer cart is read (2.339667ms)
✔ locator removal failure retains next-cart journal and recovery survives missing locator (2.940709ms)
✔ order history summary rejects PII/unknown fields and malformed scope IDs (0.287333ms)
✔ native address validation mirrors printable Unicode, limits and phone; journal forbids PII (7.773583ms)
✔ address lost reply replays exact in-memory intent, then confirms current head (0.758292ms)
✔ address reload requires explicit new intent and exact observed CAS; stale head never auto-bumps (0.586292ms)
✔ old address receipt cannot confirm another tab's newer current head (1.344125ms)
✔ a late address CAS winner requires another explicit confirmation, not an automatic version bump (2.261ms)
✔ checkout lost reply, queued duplicate and current GET reuse one key and one order (4.862875ms)
✔ uncertain checkout retains original journal across later 401/403/404/5xx and malformed success (0.695ms)
✔ only a fresh definitive denial clears checkout; no order locator is invented (2.081209ms)
✔ locator storage failure after commit retains same key; reload GET failure keeps locator (2.437542ms)
✔ locator persisted but journal removal failed resumes pending receipt, not unrelated pointer (15.057833ms)
✔ unavailable storage, invalid locator and late changed context fail closed (0.323917ms)
✔ order locator readback mismatch and no-op journal removal both retain checkout recovery (0.423542ms)
✔ direct claim continuation refuses a newer ordered cart inside the purchase lock (1.493333ms)
✔ direct claim continuation keeps next-cart recovery after a conflicting clear (4.05425ms)
✔ collector projection: admitted for derived connections, absent/null for primary (0.645958ms)
✔ collector rejects identifiers, extra keys and malformed text (0.1745ms)
✔ disclosure renders the contract §5 line with all three slots substituted (0.104041ms)
✔ the disclosure line exists exactly when the hosted view returns a collector (0.081584ms)
✔ a shop or collector name with a replacement pattern is shown literally (0.04975ms)
✔ OrderPayment renders the disclosure with the view, above every pay button, through the helper only (13.260916ms)
✔ BPT03 exact valid projection and Go nanosecond UTC timestamps (2.871416ms)
✔ BPT03 view rejects private fields, inconsistent state and malformed names (0.52325ms)
✔ BPT03 prepared receipt enforces exact original credit-card amount (0.216416ms)
✔ BPT03 hosted form and replay are exact, bounded and action-allowlisted (1.297125ms)
✔ SU01 Stripe views: fresh, both methods, attempt states, PAYUNi unchanged (0.434666ms)
✔ SU01 Stripe view negatives (0.367166ms)
✔ SU01 prepared amounts follow the corrected per-currency table (0.297667ms)
✔ SU01 Stripe handoff union and every redirect_url negative (0.5975ms)
✔ SU01 payment signal is exactly {order_id, scheduled:boolean} (0.2755ms)
✔ RUI01 refund summary: refunded states, pending money, absent ≡ null (0.404375ms)
✔ RUI01 refund summary negatives (0.341625ms)
✔ BPU03 neutral GET and POST return ignore every callback field and cookie (29.125333ms)
✔ primary origin: exact path/query, same host, and no URL-controlled destination (3.625542ms)
✔ GET and HEAD use trusted Host, private bounded uncached resolver and exact 301 (31.334959ms)
✔ no writes redirected; resolution failures fail closed; unknown hosts keep native 404 (2.837333ms)
✔ policy version is the frozen constant, in the customers-core D4 shape (0.891083ms)
✔ route table: exactly the four buyer privacy routes, methods and body kinds (0.858833ms)
✔ body shapes are closed and mirror the frozen Go inputs (no source, no policy_version) (0.236125ms)
✔ GET privacy validator: closed shape, erased owner holds no consent (0.301667ms)
✔ consent result and erasure summary validators (4.749875ms)
✔ buyer export envelope never carries customer_id (0.149ms)
✔ failure classification: 410 and erased are the erased state (41.180541ms)
✔ copy: every locale has the same keys, the ads box discloses that sent events cannot be recalled (0.159541ms)
✔ selected option photo uses a main display slot without adding a fifth main image (0.697458ms)
✔ use-cover selection and a main-thumbnail selection restore the original main gallery (0.087583ms)
✔ cart thumbnail uses variant then catalog image_id, including when main images are absent (0.093125ms)
✔ migrated four-main/five-detail images stay separate when the option photo changes (0.116ms)
✔ real cart-detail composition uses server SKU image_id (v2 detail available) (25.77875ms)
✔ real cart-detail composition uses server SKU image_id (v2 detail unavailable) (2.404ms)
✔ parity: frontend caps equal the Go constants (1.977209ms)
✔ detail parser: 4 main + 20 detail + option-value images are accepted and mapped (1.411708ms)
✔ detail parser: 5 main, 21 detail, bad ids and over-cap option images are refused (0.373084ms)
✔ detail parser: a backend before product-media-v2 (no new keys) still parses with empty defaults (0.205958ms)
✔ v1 catalog row: images are main-only (<= 4) and image_id is a uuid or null (0.467875ms)
✔ PRO-S1 code mirror: any case and spaces normalise; impossible codes never become a request (6.53125ms)
✔ PRO-S2 promotion object: closed keys, kind/value pairing (3.104125ms)
✔ PRO-S3 quote validator: promotion is optional but never malformed; the discount stays the server's own number (1.076208ms)
✔ PRO-S4 journal grammar: a quote write may carry one canonical promo_code, nothing else (0.750667ms)
✔ PRO-S5 copy: three locales cover every refusal code and the same keys (0.479917ms)
✔ PRO-S6 BFF quote route: promo_code relayed untouched when canonical, refused before the private API otherwise (136.07ms)
✔ PRO-S7 BFF: every promo_* refusal is a definite, non-retryable 422 with its own code (39.644542ms)
✔ demonstration disclosure is explicit and local-only (0.465292ms)
✔ cart selection preserves unrelated SKUs and the observed CAS version (6.597959ms)
✔ minor amounts are bounded before multiplication, including zero (0.419958ms)
✔ delivery identity includes country for one market and method (0.527167ms)
✔ journal is bound to context and rejects PII/unknown fields (0.650708ms)
✔ lost response replays exact key/body, then clears only after parsed receipt (11.932334ms)
✔ RUI02 buyer order admits MERCHANT_SHIPPED only with a SHIPPED head; absent shipment ≡ null (0.440334ms)
✔ RUI02 shipment shape negatives (incl. unsafe links) (0.242333ms)
✔ RUI02 history summary admits MERCHANT_SHIPPED (a shipped order must not break the list) (0.078625ms)
✔ CVSP01 options: CVS rows carry pickup_selection/payment_modes; unavailable rows are a separate shape (0.344792ms)
✔ CVSP02 CVS destination write: TW only, pickup_id required, empty home address; home unchanged (4.359125ms)
✔ CVSP03 checkoutInput: payment_mode only for CVS rows and only a mode the row offers (1.258417ms)
✔ COD confirmation includes expected fee, enforces collect cap and validates immutable order money (0.895333ms)
✔ CVSP04 buyer order: pay_at_pickup <=> collection_state; cvs_shipment only on a matching CVS destination (0.62575ms)
✔ CVSP05 journal accepts a CVS destination marker and a checkout body with payment_mode, nothing else (0.495083ms)
✔ validProduct accepts up to the Go photo cap and rejects one more (0.407458ms)
✔ design: garbage and hostile documents collapse to the safe default shape (2.965666ms)
✔ design: links, preview token propagation, nav resolution (0.191625ms)
✔ design: any merchant accent yields readable button text and link colour (WCAG AA) (0.261083ms)
✔ variants: resolution, disabled out-of-stock combinations, initial choice, price bounds (0.154167ms)
✔ catalog-v2 parsers accept the frozen shapes and refuse drift (1.761083ms)
✔ free-delivery progress words the hint only when a threshold exists (0.282625ms)
✔ list query: only whitelisted, canonical values survive (0.681917ms)
✔ seo: JSON-LD cannot break out of its script tag; offers reflect stock and price range (64.283875ms)
✔ seo: sitemap escapes and carries hreflang; robots refuses everything for a closed host (0.199042ms)
✔ money: whole amounts drop cents, minor digits come from the currency, filters round-trip (0.394833ms)
✔ cart line write: replaces one line, keeps the others, 0 removes, CAS version is the one shown (0.958792ms)
✔ cart problems map to buyer-facing classes without leaking transport detail (0.0985ms)
✔ checkout options accept the optional free-shipping threshold only as a positive integer or null (0.312917ms)
✔ no-image placeholder copy: exactly the locale label a photo-less card or gallery renders (0.058584ms)
✔ storefront image caps equal the Go catalog caps (internal/catalog MaxMainImages, MaxDetailImages) (8.109541ms)
✔ design text limits count code points like Go, never splitting a surrogate pair (0.831375ms)
✔ G3: same-series cards exclude the current product and never invent absent draft/foreign products (0.576792ms)
✔ G5: safety guidance exists in three languages without changing the five merchant policy approval boundaries (3.085083ms)
✔ G4: category chips omit empty collections; hidden collections absent from the public API stay absent (0.292ms)
✔ OrderHistory renders server order instant in Taipei (6.759666ms)
✔ ClaimLink renders claim expiry in Taipei (2.295458ms)
✔ BankTransfer renders deadline and proof instant in Taipei (2.11075ms)
✔ BankTransfer proof echo labels store time in en (1.415875ms)
✔ BankTransfer proof echo labels store time in zh-TW (3.670458ms)
✔ BankTransfer proof echo labels store time in zh-CN (4.23575ms)
✔ BankTransfer input describes the device zone in en (1.754333ms)
✔ BankTransfer input describes the device zone in zh-TW (3.082417ms)
✔ BankTransfer input describes the device zone in zh-CN (3.786ms)
✔ BankTransfer input has a generic label when Intl has no zone in en (2.954416ms)
✔ BankTransfer input has a generic label when Intl has no zone in zh-TW (3.198375ms)
✔ BankTransfer input has a generic label when Intl has no zone in zh-CN (3.673833ms)
✔ ShopFooter uses Taipei year across UTC year boundary (5.019166ms)
✔ BankTransfer deadline labels store time in en (1.571125ms)
✔ BankTransfer deadline labels store time in zh-TW (1.548333ms)
✔ BankTransfer deadline labels store time in zh-CN (1.408167ms)
✔ OrderHistory states the Taipei time zone once in en (0.959417ms)
✔ OrderHistory states the Taipei time zone once in zh-TW (0.782083ms)
✔ OrderHistory states the Taipei time zone once in zh-CN (1.985042ms)
✔ dictionaries have exact parity and non-empty values (0.660958ms)
✔ locale precedence and language quality mapping (0.619041ms)
✔ localized paths preserve deep links and reject dangerous input (0.347ms)
✔ path locale only matches a canonical first segment (0.048666ms)
✔ the four constructs render (1.839167ms)
✔ XSS payloads stay inert text (0.616333ms)
✔ fuzz: any string over a hostile alphabet renders only whitelisted tags (15.79425ms)
✔ validator mirrors the Go rules (0.495834ms)
✔ SDN1 allowlist: exactly the contract routes, per method (1.286875ms)
✔ SDN1 allowlist: traversal, case, suffix and prefix tricks never match (0.862125ms)
✔ SDN1 request shape: no query string anywhere, reads carry no body, key, length or transfer-encoding (38.487833ms)
✔ SDN1 cap: 260 KiB = Go's 256 KiB document + 4 KiB envelope, and a body of exactly the cap is still below it (0.055875ms)
✔ SDN2 renderer: every XSS payload comes out as whitelisted tags and escaped text only (0.718125ms)
✔ SDN2 renderer: escape-first means the merchant's text never becomes markup (0.094667ms)
✔ SDN2 renderer: fuzz (seeded) never produces a tag outside the whitelist (76.514834ms)
✔ SDN2 client validator rejects what the server rejects (HTML, non-https links, `<` anywhere) (1.691125ms)
✔ cleanForSave turns cleared fields into null but keeps an empty body (1.192ms)
✔ localIssues names each missing mandatory value by server path (0.736958ms)
✔ moved swaps neighbours and ignores out-of-range moves (0.114625ms)
✔ parsers accept the exact Go shapes and refuse extra or missing keys (7.675084ms)
✔ BFF allowlist covers exactly the design resources (0.665584ms)
✔ validDesignRequest refuses queries and bodies on reads, ignores other paths (31.942541ms)
✔ designDetails forwards only a bounded {path, reason} pair (0.174667ms)
✔ accepts exactly the three locale invite paths with a 20-200 char token (0.419917ms)
✔ rejects anything that is not an exact same-origin relative invite path (0.087292ms)
✔ rejects percent-encoded variants of the exact shape (0.083958ms)
✔ the token is an opaque invite token shape, never a URL (0.16225ms)
✔ fragment carrier: round-trips the exact invite path, is never a query string, and rejects hostile fragments (0.639208ms)
✔ dashboard: accepts the frozen shape, rejects drift (2.645875ms)
✔ import result: strict keys, closed error codes, committed never carries errors (0.287125ms)
✔ csv file guard mirrors the Go bounds (0.076708ms)
✔ manual options: a COD home row parses with its offer (D01: the page used to refuse the whole list) (0.796708ms)
✔ manual options: only bank_transfer / pay_at_pickup / cash_on_delivery, key must equal market|country|code (0.143166ms)
✔ manual result: link is https with the order id and a 43-char capability in the fragment only (1.224875ms)
✔ draft: first problem, and the body has no price-like field at all (1.196333ms)
✔ BFF grammar: exactly the seven tools resources (0.08725ms)
✔ regenerate body/result: exactly {order_id, locale} and a fresh https link naming that order (0.147417ms)
✔ copy parity: every locale has every key, import rules and error codes (0.427709ms)
✔ callback redirect target is always a same-origin /<locale>/settings path whatever the cookies, store, code or error say (2.89825ms)
✔ the binding cookie: exactly one canonical store uuid, path-scoped to the callback, HttpOnly, Lax, 10 minutes, Secure (0.138917ms)
✔ callback query: exactly one code and one state within charset/length bounds; Meta's error=… and repeats are not forwarded (0.931833ms)
✔ the dialog URL the BFF hands the browser is https://www.facebook.com only (0.1455ms)
✔ callback error mapping only ever yields fixed codes, never an upstream message (0.136583ms)
✔ selected Page qualifies only a bare Facebook id, never rewrites another Page or external URL (1.431292ms)
✔ status: not connected, connected with and without Instagram, and every deviation throws (2.505708ms)
✔ pick state: closed shape, optional Instagram keys come as a pair, id must match (1.071791ms)
✔ route grammar: only status/states/pick/disconnect; start and callback are dedicated routes; no query; reads carry no body or key (27.44ms)
✔ connect cookie, body and callback redirect never carry code/state and only fixed codes (1.519083ms)
✔ copy: three locales have the same keys and every Go error code has a message (0.364125ms)
✔ review-required remains restricted; evidence does not promote state (2.410416ms)
✔ legacy omission remains unidentified, independent of array order (0.488333ms)
✔ closed shapes reject unknown state/provider/evidence, leaked fields and inconsistent severity (1.470958ms)
✔ duplicate capabilities/pages and unbounded arrays cannot become trusted state (0.430166ms)
✔ worst Page determines advice, no raw upstream reason reaches copy (0.566584ms)
✔ recheck receipt means scheduled; timestamps and closed keys are checked (0.247417ms)
✔ exact keyless route grammar rejects query/key/body confusion (29.187334ms)
✔ recheck takes exactly page_id and no caller-provided scope (0.3365ms)
✔ blocking advice comes from the blocking capability, not a secondary public-reply warning (0.275333ms)
✔ clean health browser mode prepares admin standalone before starting its fixture (9.417417ms)
✔ en: expired connection retains its full refusal inside a wrapping badge (16.942583ms)
✔ zh-TW: expired connection retains its full refusal inside a wrapping badge (1.203292ms)
✔ zh-CN: expired connection retains its full refusal inside a wrapping badge (0.564ms)
✔ actual B1 snapshot state remains ok even when a fixture expected review_required (5.062458ms)
✔ D02 TWD input: whole dollars only, x100 on the wire (43.505875ms)
✔ D02 TWD edit text: whole dollars have no decimals; a legacy amount with cents is never shown as another price (0.840167ms)
✔ D02 display: NT$ without decimals in every language, cents only when there are cents (3.101875ms)
✔ D02 live-price input (Studio claims): TWD whole dollars, other currencies their decimals (0.319375ms)
✔ D02 discount code amounts: TWD whole dollars, a decimal is refused before it is sent (0.721208ms)
✔ D02 no admin copy or component says 'minor units' to the merchant (66.501084ms)
✔ M06 time: Asia/Taipei everywhere, labelled, never UTC (31.610709ms)
✔ settings answer: exactly one boolean key (1.033625ms)
✔ PUT body is the frozen single key (0.069583ms)
✔ BFF grammar: GET read, PUT keyed command, nothing else (0.228417ms)
✔ copy: three locales, same keys, no empty text (0.176833ms)
✔ PRM01 parse: exact keys, kind/value pairing and ranges; duplicates and unknown keys are refused (2.300292ms)
✔ PRM02 Taipei wall time: +08:00 on the wire, instant shown back in Taipei, impossible dates refused (24.905875ms)
✔ PRM03 create body: normalised code, major units to minor units, optional fields null, whole body validated (3.956041ms)
✔ PRM04 update + toggle: version CAS key, form round trip, pause keeps every other field (0.946042ms)
✔ PRM05 BFF grammar: exactly list, create and update; nothing generic (0.427416ms)
✔ PRM06 copy: three locales carry the same keys and every refusal code the Go routes can answer (0.295792ms)
✔ G-UI3/G-UI5 architecture constraints pass with shrinking legacy exceptions (1739.154417ms)
✔ G-UI3/G-UI5 negatives: new formatter, component fetch, >800 lines and wider allowance fail (0.875833ms)
✔ Readiness jump controls expose the actual active section, not a click flag (3.582417ms)
✔ Integrator P2: legal CN comment ordering and a distinct three-image recommendation (0.554959ms)
✔ ADM04 and ADM06 explain unavailable SKUs and keep collection vocabulary consistent (1.941834ms)
✔ ADM06 create/detail titles share the route vocabulary without adding a phantom Next page (1.061542ms)
✔ G-UI1 Next pages and route registry are bidirectional, unique, typed, documented (4.44525ms)
✔ G-UI1 copy key parity: no missing or extra key in any locale (0.21075ms)
✔ G-UI2 staff without catalog:read cannot see products/inventory or open a product URL (0.400625ms)
✔ G-UI2 every route permission is a permission Go knows, and /orders/new needs inventory:reserve (351.732125ms)
✔ G-UI1 dynamic and public routes match, details never appear as navigation (1.369042ms)
✔ W6-U2 ledger is a settings in-page route, preserving existing navigation (0.3975ms)
✔ Every browser spec clicks nav-orders: the orders group stays a singleton, so returns/new/print routes are nav: false (0.453833ms)
✔ shell-registry: every routed path has exactly one nonempty shared h1 in all three locales (317.140834ms)
✔ shell-registry: orders stays one actual group button on live and non-live routes (2.195584ms)
✔ shell-registry: loading/expired/unavailable/forbidden keep one safe heading and never leak private content (3.411959ms)
✔ created address is a strict HTTPS origin matching the assigned handle (0.539875ms)
✔ DNS instructions must name the requested origin and a bare hostname target (0.783583ms)
✔ domain kind is authoritative and closed, not inferred from host or token (0.185708ms)
✔ apex DNS retains every concrete IPv4/IPv6 address and rejects malformed values (0.565917ms)
✔ pending domain journal preserves exact action/key/target; legacy or corrupt markers never replay (0.423792ms)
✔ browser-origin gate: every refusal happens before Go is called, for every action (125.078459ms)
✔ only POST exists on the team routes (43.951416ms)
✔ unknown action is a local 404 and never reaches Go (4.003958ms)
✔ strict request grammar: wrong keys, types, ids, roles, locales and token shapes are 422 locally (17.797625ms)
✔ what reaches Go: BFF key, bearer from the cookie, no Cookie/Origin, body unchanged, exactly one call per request (540.86275ms)
✔ Go failures are rebuilt locally from allow-listed codes, never retried, and never echo the token (138.517084ms)
✔ team answer: accepts the frozen shape, null role and OIDC member without email (2.160875ms)
✔ team answer: unknown key, unknown role, bad id, bad mail state are rejected (0.706125ms)
✔ invite and accept answers are strict (0.82125ms)
✔ request grammar: every action has an exact key set and rejects junk values (0.586083ms)
✔ copy: three locales carry the same keys and a label for every role (1.057333ms)
✔ role-aware navigation: hides entries the member's permissions cannot use; unknown shows all; Team is owner-only (0.598583ms)
✔ P02 settlements directory rejects missing/link/owner/group/mode with a valid control (940.977583ms)
✔ preflight health permission grammars and API/worker consistency fail closed (4689.457416ms)
✔ merchant alert flag is explicit 0|1 and independently requires SMTP (3214.532917ms)
✔ shared loader makes API/worker LIVE pair file-only before Compose interpolation (522.576583ms)
✔ export bind accepts omitted JSON false but rejects unsafe source/config mutations (2.71475ms)
✔ sanctioned operator allowlist and fail-closed gates (fake docker, no network) (3316.283667ms)
✔ platform operator custody, export mount and binary are wired (186.465916ms)
✔ actual export bind refuses a missing directory; enabling auto-create is detected (783.515292ms)
✔ R3 preflight rejects cancelled PAYUNi, validates Page app and keeps LIVE pair mandatory (1152.629833ms)
✔ R3 smoke exercises exact denied probes, accepts 404 only for disabled mounts (110.507791ms)
✔ positive control: a complete, valid configuration raises no META_LOGIN finding (2352.913458ms)
✔ feature off (COMMERCE_META_LOGIN_CONFIG_ID empty): no rule applies even with the other keys empty (376.08925ms)
✔ P06: the Page route needs the webhook receiver (453.196458ms)
✔ P06: sessions come from identity (515.746667ms)
✔ P06: without the claims profile nobody sends the private replies (a WARN, not a FAIL) (447.853708ms)
✔ P08: COMMERCE_META_LOGIN_CONFIG_ID must be numeric ("abc") (475.13125ms)
✔ P08: COMMERCE_META_LOGIN_CONFIG_ID must be numeric ("12 34") (385.369833ms)
✔ P08: COMMERCE_META_LOGIN_CONFIG_ID must be numeric ("111111111111") (296.502542ms)
✔ P08: COMMERCE_META_LOGIN_CONFIG_ID must be numeric ("0x10") (302.186458ms)
✔ P08: COMMERCE_META_LOGIN_CONFIG_ID must be numeric ("-1") (319.372875ms)
✔ P08: COMMERCE_META_LOGIN_REDIRECT_URI must be exactly https://<LC_ADMIN_HOST>/api/meta/callback (wrong host) (371.5705ms)
✔ P08: COMMERCE_META_LOGIN_REDIRECT_URI must be exactly https://<LC_ADMIN_HOST>/api/meta/callback (http scheme) (522.51275ms)
✔ P08: COMMERCE_META_LOGIN_REDIRECT_URI must be exactly https://<LC_ADMIN_HOST>/api/meta/callback (the ads callback path) (423.091291ms)
✔ P08: COMMERCE_META_LOGIN_REDIRECT_URI must be exactly https://<LC_ADMIN_HOST>/api/meta/callback (trailing slash) (456.782959ms)
✔ P08: COMMERCE_META_LOGIN_REDIRECT_URI must be exactly https://<LC_ADMIN_HOST>/api/meta/callback (query string) (520.265917ms)
✔ P08: COMMERCE_META_LOGIN_REDIRECT_URI must be exactly https://<LC_ADMIN_HOST>/api/meta/callback (empty) (345.976625ms)
✔ P08: COMMERCE_META_LOGIN_GRAPH_VERSION grammar vNN.N ("26.0") (254.867542ms)
✔ P08: COMMERCE_META_LOGIN_GRAPH_VERSION grammar vNN.N ("v26") (307.072208ms)
✔ P08: COMMERCE_META_LOGIN_GRAPH_VERSION grammar vNN.N ("v26.0.1") (220.418792ms)
✔ P08: COMMERCE_META_LOGIN_GRAPH_VERSION grammar vNN.N ("latest") (294.455334ms)
✔ P08: COMMERCE_META_LOGIN_GRAPH_VERSION grammar vNN.N ("") (405.377458ms)
✔ P08: COMMERCE_META_LOGIN_GRAPH_VERSION grammar vNN.N ("v1000.0") (543.772625ms)
✔ P08: COMMERCE_META_LOGIN_GRAPH_VERSION accepts v26.0 (235.206459ms)
✔ P08: COMMERCE_META_LOGIN_GRAPH_VERSION accepts v22.0 (265.414459ms)
✔ P08: COMMERCE_META_LOGIN_GRAPH_VERSION accepts v99.9 (250.225917ms)
✔ production without any alert channel is a FAIL (nobody would hear the next outage) (2180.329625ms)
✔ outside production the same gap is only a WARN (381.650834ms)
✔ a webhook alone satisfies the rule (450.6965ms)
✔ an e-mail target with a complete relay (host, username, secret) satisfies the rule (518.600833ms)
✔ an e-mail target without the relay secret cannot be sent: FAIL in production, WARN elsewhere (920.129916ms)
✔ the example's CHANGE_ME_SENDER placeholder is not a relay: the e-mail target cannot be sent (385.958917ms)
✔ LC_ALERT_EMAIL must be one plain address ("not-an-address") (299.957375ms)
✔ LC_ALERT_EMAIL must be one plain address ("two@fake.invalid,three@fake.invalid") (297.368583ms)
✔ LC_ALERT_EMAIL must be one plain address ("a b@fake.invalid") (350.502959ms)
✔ LC_ALERT_EMAIL must be one plain address ("<owner@fake.invalid>") (388.602458ms)
✔ LC_ALERT_EMAIL must be one plain address ("owner@fake") (532.352542ms)
✔ storefront cart-line removal is reversible: clicked for real, not guarded (4.118541ms)
✔ destructive / irreversible / sign-out classification (owner list, en + zh) (1.30575ms)
✔ alike controls (rows with ids / numbers) share one class key (0.48875ms)
✔ known defects classify, never silence: stale entries are reported (0.975666ms)
✔ the markdown ledger has one row per interaction and names the verdict (0.533625ms)
✔ protocolHrefOK accepts well-formed tel:/mailto: and rejects malformed ones (0.451708ms)
✔ J1 waits for enabled media and clicks a real chooser; the uploaded cover is bound to the main section (1300.904083ms)
✔ J1 cannot credit a detail-image receipt as the main cover (1.706834ms)
✔ J1 refuses a failed cover upload rather than continuing to activate (0.673ms)
✔ thresholds are the named constants of the brief (3.097ms)
✔ R1: document wider than the viewport, and the outermost element past the edge (0.597834ms)
✔ R2: label tops, control tops and control heights of one visual row (26.126459ms)
✔ R2: what is one row and what is not (1.151875ms)
✔ R2: a button beside a field has to line up with its control (0.540542ms)
✔ R3: a row made tall by stacked controls, a control wider than its cell (1.143458ms)
✔ R3: a matrix whose EVERY row is doubled by a stacked stock cell (the median cannot see it) (1.164125ms)
✔ R4: small text, helper text apart, icons and duplicates excepted (0.282041ms)
✔ R5: tap targets on the 390 viewport only (2.950541ms)
✔ R6: interactive elements and text boxes that overlap (0.701875ms)
✔ R7: text clipped inside a control or label (either side), and select values that do not fit (0.728875ms)
✔ R8: the same visible label twice in one list (0.286833ms)
✔ evaluate() tags severity, selectRecords() keeps distinct groups first and counts every instance (1.184709ms)
✔ R9: text and controls flush to the screen edge at 390 (0.9825ms)
✔ R6/R9 judge the visible (ancestor-clipped) rectangle, not the raw one (integrator ruling 2026-10-05) (0.503875ms)
✔ R10: a fixed or sticky bar covering main content after scrolling (1.51475ms)
✔ R11: controls narrower than a usable width (0.699375ms)
ℹ tests 442
ℹ suites 0
ℹ pass 442
ℹ fail 0
ℹ cancelled 0
ℹ skipped 0
ℹ todo 0
ℹ duration_ms 16205.791125
✔ closed projections reject secret-shaped extras, invalid enums, IDs and contradictory capabilities (0.798583ms)
✔ detail accepts only bounded events and keeps actual server action flags (0.414459ms)
✔ BFF exact routes and request grammar forbid keys/body on reads, filters on detail and arbitrary writes (9.989542ms)
✔ copy parity, safe object navigation and UNKNOWN/protective reasons (0.168083ms)
✔ read-only store capability never exposes a command even if the state allows one (0.057791ms)
✔ duplicate escaped keys cannot bypass the exact command grammar (0.044375ms)
✔ query backoff affects only its operation and expires without another action (0.049167ms)
✔ merchant reason text translates ledger events and conceals unknown or prototype codes (0.101834ms)
✔ ledger read navigation requires effective integration:read permission regardless of role (0.072417ms)
ℹ tests 9
ℹ suites 0
ℹ pass 9
ℹ fail 0
ℹ cancelled 0
ℹ skipped 0
ℹ todo 0
ℹ duration_ms 89.227041
✔ OrderHistory renders server order instant in Taipei (7.054458ms)
✔ ClaimLink renders claim expiry in Taipei (2.717167ms)
✔ BankTransfer renders deadline and proof instant in Taipei (2.371ms)
✔ BankTransfer proof echo labels store time in en (1.532208ms)
✔ BankTransfer proof echo labels store time in zh-TW (1.527375ms)
✔ BankTransfer proof echo labels store time in zh-CN (1.428208ms)
✔ BankTransfer input describes the device zone in en (1.247167ms)
✔ BankTransfer input describes the device zone in zh-TW (1.36125ms)
✔ BankTransfer input describes the device zone in zh-CN (1.100334ms)
✔ BankTransfer input has a generic label when Intl has no zone in en (1.025458ms)
✔ BankTransfer input has a generic label when Intl has no zone in zh-TW (0.882708ms)
✔ BankTransfer input has a generic label when Intl has no zone in zh-CN (0.861125ms)
✔ ShopFooter uses Taipei year across UTC year boundary (1.704042ms)
✔ BankTransfer deadline labels store time in en (1.045584ms)
✔ BankTransfer deadline labels store time in zh-TW (0.944917ms)
✔ BankTransfer deadline labels store time in zh-CN (0.901709ms)
✔ OrderHistory states the Taipei time zone once in en (0.680916ms)
✔ OrderHistory states the Taipei time zone once in zh-TW (0.787375ms)
✔ OrderHistory states the Taipei time zone once in zh-CN (0.7385ms)
✔ Meta rejection wording is preserved as bounded Unicode text, never translated (1.743791ms)
✔ frozen error codes: model list equals the frozen list, each is read from both error shapes (0.42675ms)
✔ copy: every code, status, op state and connect error has text in all three locales (0.267542ms)
✔ copy never calls a budget a hard stop and never offers resume (0.246ms)
✔ draft: every §5.1 status parses; unknown status/template/op state is an error, never guessed (0.350333ms)
✔ draft: optional fields, remote ids and the Ads Manager link (0.170458ms)
✔ action hints: pause whenever a remote id exists and not ENDED; a paused draft is only ever copied (X7) (0.285208ms)
✔ money: whole units to minor with integer math; TWD must be whole (33.455792ms)
✔ Taipei schedule: wall inputs and draft projections ignore the viewer zone (3.28225ms)
✔ Taipei schedule: invalid calendar days are rejected and all copy names UTC+8 (0.283792ms)
✔ draft input: exact 11-key body and every local rule (3.128208ms)
✔ draft form round trip and X7 copy (blank schedule, no id, no revision) (0.203958ms)
✔ settings parser: environment enum, connections, identities, capi (0.341583ms)
✔ connect state parser: pick list kinds and id match (0.105542ms)
✔ report: three separate blocks, orders may be null, no combined figure (0.25375ms)
✔ default report window is the Asia/Taipei store day whatever the viewer's zone is (Taipei midnight boundary) (4.710209ms)
✔ capi body and validation (0.143375ms)
✔ W6-06B unbind response: exact keys, account, UUIDs and outcome semantics (0.224375ms)
✔ W6-06B in-flight details preserve bounded items and total, reject unknown shapes (0.187791ms)
✔ W6-06B catalog feed has exact public URL/domain pairs or published-store empty (0.177917ms)
✔ W6-06B copy preserves unbind boundaries and feed recovery in three locales (0.359917ms)
✔ W6-06B feed selection follows origin order, not full feed URL order (0.097375ms)
✔ customer list accepts the frozen row and rejects unknown keys, dup ids, bad cursor, oversize (2.341917ms)
✔ customer row invariants: nulls for bundle-only/erased, counts, money, consents (0.450958ms)
✔ customer detail: bounded lists, order summaries reuse the orders parser, id must match (7.489416ms)
✔ erasure summary is four counts only (0.171542ms)
✔ finance summary: net = captured - refunded (I05), totals carry an empty day, sandbox flag (0.605959ms)
✔ financeDay is the UTC+8 day (0.113958ms)
✔ finance defaults keep Taipei dates across midnight, leap day and year end (0.14075ms)
✔ tags and notes are parsed strictly (W6-01B) (0.961166ms)
✔ TSX seam refuses an unlisted import (6.190833ms)
✔ Ads merchant timestamp uses Taipei at the year boundary (35.2555ms)
✔ Design version published_at cell uses Taipei at the year boundary (2.734167ms)
✔ ManualOrder bank-transfer expiry uses Taipei at the year boundary (4.301125ms)
ℹ tests 53
ℹ suites 0
ℹ pass 53
ℹ fail 0
ℹ cancelled 0
ℹ skipped 0
ℹ todo 0
ℹ duration_ms 161.248375
✔ OrderHistory renders server order instant in Taipei (13.969ms)
✔ ClaimLink renders claim expiry in Taipei (2.242542ms)
✔ BankTransfer renders deadline and proof instant in Taipei (2.22225ms)
✔ BankTransfer proof echo labels store time in en (2.83725ms)
✔ BankTransfer proof echo labels store time in zh-TW (2.060042ms)
✔ BankTransfer proof echo labels store time in zh-CN (2.492958ms)
✔ BankTransfer input describes the device zone in en (1.794875ms)
✔ BankTransfer input describes the device zone in zh-TW (2.302333ms)
✔ BankTransfer input describes the device zone in zh-CN (1.687208ms)
✔ BankTransfer input has a generic label when Intl has no zone in en (1.558459ms)
✔ BankTransfer input has a generic label when Intl has no zone in zh-TW (1.324292ms)
✔ BankTransfer input has a generic label when Intl has no zone in zh-CN (1.113917ms)
✔ ShopFooter uses Taipei year across UTC year boundary (1.712292ms)
✔ BankTransfer deadline labels store time in en (1.454583ms)
✔ BankTransfer deadline labels store time in zh-TW (1.245542ms)
✔ BankTransfer deadline labels store time in zh-CN (1.096208ms)
✔ OrderHistory states the Taipei time zone once in en (0.825583ms)
✔ OrderHistory states the Taipei time zone once in zh-TW (0.628167ms)
✔ OrderHistory states the Taipei time zone once in zh-CN (0.58025ms)
✔ Meta rejection wording is preserved as bounded Unicode text, never translated (1.214875ms)
✔ frozen error codes: model list equals the frozen list, each is read from both error shapes (0.388167ms)
✔ copy: every code, status, op state and connect error has text in all three locales (0.269208ms)
✔ copy never calls a budget a hard stop and never offers resume (0.262042ms)
✔ draft: every §5.1 status parses; unknown status/template/op state is an error, never guessed (0.357209ms)
✔ draft: optional fields, remote ids and the Ads Manager link (0.178333ms)
✔ action hints: pause whenever a remote id exists and not ENDED; a paused draft is only ever copied (X7) (0.211791ms)
✔ money: whole units to minor with integer math; TWD must be whole (9.052542ms)
✔ Taipei schedule: wall inputs and draft projections ignore the viewer zone (4.14475ms)
✔ Taipei schedule: invalid calendar days are rejected and all copy names UTC+8 (0.410083ms)
✔ draft input: exact 11-key body and every local rule (3.21275ms)
✔ draft form round trip and X7 copy (blank schedule, no id, no revision) (0.206542ms)
✔ settings parser: environment enum, connections, identities, capi (0.393583ms)
✔ connect state parser: pick list kinds and id match (0.10875ms)
✔ report: three separate blocks, orders may be null, no combined figure (0.861125ms)
✔ default report window is the Asia/Taipei store day whatever the viewer's zone is (Taipei midnight boundary) (2.376375ms)
✔ capi body and validation (0.148ms)
✔ W6-06B unbind response: exact keys, account, UUIDs and outcome semantics (0.377542ms)
✔ W6-06B in-flight details preserve bounded items and total, reject unknown shapes (0.208666ms)
✔ W6-06B catalog feed has exact public URL/domain pairs or published-store empty (0.179625ms)
✔ W6-06B copy preserves unbind boundaries and feed recovery in three locales (0.062667ms)
✔ W6-06B feed selection follows origin order, not full feed URL order (0.06725ms)
✔ customer list accepts the frozen row and rejects unknown keys, dup ids, bad cursor, oversize (2.547708ms)
✔ customer row invariants: nulls for bundle-only/erased, counts, money, consents (0.218125ms)
✔ customer detail: bounded lists, order summaries reuse the orders parser, id must match (1.389459ms)
✔ erasure summary is four counts only (0.072625ms)
✔ finance summary: net = captured - refunded (I05), totals carry an empty day, sandbox flag (0.434416ms)
✔ financeDay is the UTC+8 day (0.072459ms)
✔ finance defaults keep Taipei dates across midnight, leap day and year end (0.083375ms)
✔ tags and notes are parsed strictly (W6-01B) (1.159166ms)
✔ TSX seam refuses an unlisted import (5.03575ms)
✔ Ads merchant timestamp uses Taipei at the year boundary (18.011209ms)
✔ Design version published_at cell uses Taipei at the year boundary (5.811209ms)
✔ ManualOrder bank-transfer expiry uses Taipei at the year boundary (4.35825ms)
ℹ tests 53
ℹ suites 0
ℹ pass 53
ℹ fail 0
ℹ cancelled 0
ℹ skipped 0
ℹ todo 0
ℹ duration_ms 145.164083
✔ legacy display sentinels preserve a list row without admitting arbitrary or private data (2.026209ms)
✔ orders-v2 accepts bounded filters and Taipei inclusive dates; rejects ambiguity (0.433167ms)
✔ orders-v2 rejects client count approximations, unbounded or extra response data (0.148666ms)
✔ all three locales label every task queue, payment and delivery mode (0.300167ms)
ℹ tests 4
ℹ suites 0
ℹ pass 4
ℹ fail 0
ℹ cancelled 0
ℹ skipped 0
ℹ todo 0
ℹ duration_ms 80.041583
✔ numeric store IDs have no suggestion BFF or browser client (1.182125ms)
ℹ tests 1
ℹ suites 0
ℹ pass 1
ℹ fail 0
ℹ cancelled 0
ℹ skipped 0
ℹ todo 0
ℹ duration_ms 67.778375
✔ ADM10 operator sentence is localized while product and company facts stay authoritative (0.369208ms)
✔ PS review: actual Host matching normalizes case, port and a terminal DNS dot, never forwarded authority (0.214791ms)
✔ PS review: privacy/terms retain Messenger and Instagram purpose disclosure; deletion uses exact UI labels (0.100292ms)
✔ P2-N1 zh-TW/privacy: current comments and private reply, conditional inbound messages (0.071041ms)
✔ P2-N1 zh-TW/terms: current comments and private reply, conditional inbound messages (0.039625ms)
✔ P2-N1 zh-CN/privacy: current comments and private reply, conditional inbound messages (0.034375ms)
✔ P2-N1 zh-CN/terms: current comments and private reply, conditional inbound messages (0.04375ms)
✔ P2-N1 en/privacy: current comments and private reply, conditional inbound messages (0.045458ms)
✔ P2-N1 en/terms: current comments and private reply, conditional inbound messages (0.03825ms)
✔ PS1 legal identity is one untranslated source (0.076375ms)
✔ PS1 contact and hosts come only from configuration; production fails closed (0.316875ms)
✔ PS2 public routes default to zh-TW, restrict page/locale, and never include admin (0.367417ms)
✔ PS4 optional Meta verification value never has a fake default (0.04825ms)
✔ PS1 every locale uses the same product name in auth page titles (0.036959ms)
✔ PS1 public page copy has three complete locales, no invented operator identity or contact (0.182208ms)
✔ PS1 production build validates config; public data is not bundled through NEXT_PUBLIC (0.794708ms)
✔ PS review: admin image installs the manifests for its workspace dependencies before building (0.368208ms)
ℹ tests 17
ℹ suites 0
ℹ pass 17
ℹ fail 0
ℹ cancelled 0
ℹ skipped 0
ℹ todo 0
ℹ duration_ms 83.179125
✔ R11 SQL's exact receipt states are accepted; missing/forged operation/state remains unknown (0.746125ms)
✔ R11 durable receipt journal validates phase against exact operation state (0.342375ms)
✔ R11 actual read control distinguishes replay/inflight/unknown/failure in en (3.963416ms)
✔ R11 actual read control distinguishes replay/inflight/unknown/failure in zh-TW (1.146833ms)
✔ R11 actual read control distinguishes replay/inflight/unknown/failure in zh-CN (0.548916ms)
✔ unknown journal retains exact key/boundary and is scoped to store+session; malformed state fails closed (0.136667ms)
✔ R12 read hook keeps network UNKNOWN on one key and explicitly refreshes acknowledged UNKNOWN (11.063458ms)
✔ actual POST transport uses CSRF and session fence; 403 independent of response text (13.745ms)
✔ R10 ROAS has exactly two decimals in en (10.545583ms)
✔ R10 unknown ROAS is never fabricated as zero in en (0.07575ms)
✔ R10 ROAS has exactly two decimals in zh-TW (0.147166ms)
✔ R10 unknown ROAS is never fabricated as zero in zh-TW (0.034292ms)
✔ R10 ROAS has exactly two decimals in zh-CN (0.117834ms)
✔ R10 unknown ROAS is never fabricated as zero in zh-CN (0.028375ms)
✔ shared presentation preserves registry title and one empty buyer message in en (27.147542ms)
✔ R11 large linked-draft list is complete but collapsed in en (3.17675ms)
✔ shared presentation preserves registry title and one empty buyer message in zh-TW (5.397083ms)
✔ R11 large linked-draft list is complete but collapsed in zh-TW (2.523583ms)
✔ shared presentation preserves registry title and one empty buyer message in zh-CN (5.530208ms)
✔ R11 large linked-draft list is complete but collapsed in zh-CN (2.566958ms)
✔ R11 timeline distinguishes local unknown spend from explicit Meta zero in en (3.156ms)
✔ R11 timeline distinguishes local unknown spend from explicit Meta zero in zh-TW (3.229792ms)
✔ R11 timeline distinguishes local unknown spend from explicit Meta zero in zh-CN (1.95825ms)
✔ R11 I12 nullable Meta evidence survives without becoming zero (0.22175ms)
✔ R11 actual panel rendering preserves unknowns and reconnect route in en (10.413542ms)
✔ R11 actual panel rendering preserves unknowns and reconnect route in zh-TW (10.779333ms)
✔ R11 actual panel rendering preserves unknowns and reconnect route in zh-CN (11.746708ms)
✔ D1, D6, R7: exact amounts and sources remain independent, account days stay labelled (0.18675ms)
✔ R12: null stays unknown and unread / unauthorised / insufficient remain different states (0.228959ms)
✔ R12 granted but unread audience offers a read, never reconnect in en (1.702542ms)
✔ R12 granted but unread audience offers a read, never reconnect in zh-TW (1.625333ms)
✔ R12 granted but unread audience offers a read, never reconnect in zh-CN (1.759791ms)
✔ I12 forged / missing frozen fields never silently become zeros (0.893791ms)
✔ only whitelisted aggregates survive: extra identifiers and HTML are never interpreted (0.075792ms)
✔ attribution is a read-only BFF resource with exact bounded query grammar (0.312ms)
✔ audience-read is exactly the new local intention POST and never a data GET or queried write (0.232208ms)
✔ route fails closed without ads:read and is not a duplicate navigation entry; locale keys match (0.099458ms)
ℹ tests 37
ℹ suites 0
ℹ pass 37
ℹ fail 0
ℹ cancelled 0
ℹ skipped 0
ℹ todo 0
ℹ duration_ms 404.42725
✔ card-payments copy: identical key sets in all three locales (0.810208ms)
✔ merchant terms are quoted verbatim (contract §5) in the enable dialog (0.092375ms)
✔ ruling-fixed strings: platform not OPEN and BLOCKED note (0.040583ms)
✔ error map covers every frozen refusal code from migrations/0137 (0.06125ms)
✔ no Stripe account id, key or approval id shape appears in any copy string (0.235541ms)
✔ storefront collector disclosure matches contract §5 templates in three languages (0.0505ms)
✔ the merchant terms in the dialog are the contract §5 sentence, extracted from the contract (0.41675ms)
✔ the storefront templates are the contract §5 lines, extracted from the contract (0.144209ms)
✔ settlement copy: deduction columns are labelled as deductions in every language, with a legend and the net formula (0.271208ms)
✔ there is no separate 'not on the allowlist' message: it reads as not open (review P1-2) (0.088083ms)
✔ card summary accepts the frozen shape incl. all-null platform NONE (0.876667ms)
✔ card summary rejects unknown keys, bad enums, bad money, bad version (0.285417ms)
✔ card result is exactly {state, version, max_minor, currency, descriptor_preview} (0.097292ms)
✔ descriptor suffix rule: charset, 2..10 chars, must contain a letter (0.12575ms)
✔ the suffix length rule is the charset rule's 10; the 22-character descriptor total stays the server's (SANDBOX L=10, LIVE PrefixLength) (0.058542ms)
✔ descriptor preview mirrors the contract projection (base + '* ' + suffix) (0.057875ms)
✔ settlement list accepts statements without payout/lines keys (omitempty) (0.414459ms)
✔ settlement detail carries lines whose count and sums match the totals (0.349041ms)
✔ settlement parsers reject malformed reads (1.098542ms)
✔ fees, refunds and disputes are signed exactly as the ledger stores them (0.538583ms)
✔ a returned fee is a positive line fee; the detail's lines must add up to the statement totals (0.135625ms)
✔ closed_at/paid_at accept the offsets PostgreSQL emits as well as Z (0.107041ms)
✔ a payout reference shaped like a Stripe key or account id is never displayed (0.106ms)
✔ platform not OPEN: 'not open yet' and no enable control, for every non-OPEN state; the platform badge still tells why (0.928292ms)
✔ allowlisted + OPEN: enable from NONE/DISABLED, disable from ENABLED (0.087583ms)
✔ not allowlisted on an OPEN platform reads exactly like not open: the same message, no 'platform open' badge, no enable (review P1-2) (0.682042ms)
✔ BLOCKED: the suspended note, disable only, never enable (whatever the platform says) (0.700417ms)
✔ without billing:manage nothing can be changed, but the state is still readable (0.353834ms)
✔ enable carries the platform's current terms, the suffix and the version read; NONE starts at 0 (0.267209ms)
✔ disable never sends a suffix and quotes the terms the store accepted (the platform's may have moved on) (0.137125ms)
✔ a retained suffix is recovered from the final preview so a re-enable can keep it (0.111583ms)
✔ the period label shows the last day inside the (exclusive-end) week (1.137125ms)
✔ payout state: paid, pending only when money is due, none when the week nets to zero or less (0.064167ms)
✔ card-payments and settlements are nav:false routes, so no group loses or gains a nav button (0.414458ms)
✔ settlements need billing:manage, the card page integration:read; the owner opens both (0.921834ms)
✔ statement cells: a dispute reversal and a returned fee read as credits (+) and every deduction as -, and the columns add up to the server's net (10.035542ms)
✔ the detail parser requires the lines of a statement that has lines; a quiet week (line_count 0) may omit them (0.150583ms)
✔ route table: exactly the four resources, nothing generic (0.468667ms)
✔ query grammar: card and settlement-detail are exact; settlements takes before/limit only (0.215666ms)
✔ request fence: keyless PUT (CAS), bodyless GETs, no transfer-encoding (27.365208ms)
✔ PUT body is the exact frozen shape {enabled, terms_version, descriptor_suffix, expected_version} (0.704875ms)
✔ the BFF route wires the card grammar: keyless CAS PUT, exact body, no-store, auth required (1.974792ms)
✔ the real card summary parses and drives the display state machine (3.018791ms)
✔ the real statement list parses: newest first, no lines, three payout states (0.898625ms)
✔ every real detail parses with its lines and the lines add up to the statement (1.047041ms)
✔ an empty ledger parses to no statements (0.249791ms)
✔ no account id, key or approval shape is in any real body (0.364ms)
✔ the real statements display literally as signed contributions that add up to the server's net (15.231959ms)
ℹ tests 48
ℹ suites 0
ℹ pass 48
ℹ fail 0
ℹ cancelled 0
ℹ skipped 0
ℹ todo 0
ℹ duration_ms 127.701625
✔ option/slug/SKU caps equal internal/catalog (options.go, catalog.go) (9.447334ms)
✔ text caps equal the Go validators (name 120, description 8000, SEO 70/160, collection title 80) (3.477875ms)
✔ photo caps equal Go (MaxMainImages, MaxDetailImages, MaxImageBytes) and the SKU code pattern (1.306375ms)
✔ PE13 Cartesian matrix is local, preserves edits and deduplicates values (1.286584ms)
✔ PE13 bulk quantity skips negative rows without modifying them (0.27925ms)
✔ PE12 untracked document uses whole currency and per-order cap, never quantity (10.65ms)
✔ PE14 missing readback is not guessed or silently cleared by full replacement (0.066375ms)
✔ bulk status accepts explicit per-item results, never empty or duplicated confirmations (0.192334ms)
✔ matrix refuses over 100 SKUs before expansion (0.075125ms)
✔ parity: admin caps equal the Go constants (1.609584ms)
✔ image list: 4 main + 20 detail + 2 sku in role order is accepted (0.757166ms)
✔ image list: 5 main, 21 detail, wrong role order, gaps and extra keys are refused (0.410834ms)
✔ single image: role is required and its position is bounded by the role cap (0.182708ms)
✔ option text limits count Go runes rather than UTF-16 units (1.739041ms)
✔ PE14 new edit SKU carries its own shipping and clears no existing fields (10.607833ms)
✔ PE14 patch changes only price and preserves unmentioned fields (0.752333ms)
✔ PE14 on_hand is not available, zero target is transmitted, ambiguous warehouse refuses (0.614292ms)
✔ PE14 explicit clears and shipping remain per SKU on an active row (0.164167ms)
✔ PE14 archive supersedes every other edit on that SKU (b77eeb11) (0.146625ms)
✔ PE14 no-op has no command fields and changed axes explicitly archive omitted variants (0.095792ms)
ℹ tests 20
ℹ suites 0
ℹ pass 20
ℹ fail 0
ℹ cancelled 0
ℹ skipped 0
ℹ todo 0
ℹ duration_ms 97.6665
(node:79132) ExperimentalWarning: Transform Types is an experimental feature and might change at any time
(Use `node --trace-warnings ...` to show where the warning was created)
✔ UNKNOWN retry client authorization loss requires reconciliation, not a fresh command (4.023ms)
✔ UNKNOWN retry 401 authorization loss requires reconciliation, not a fresh command (10.457083ms)
✔ UNKNOWN retry 403 authorization loss requires reconciliation, not a fresh command (0.691167ms)
✔ a conclusive command rejection stays distinct from authorization loss (0.697416ms)
ℹ tests 4
ℹ suites 0
ℹ pass 4
ℹ fail 0
ℹ cancelled 0
ℹ skipped 0
ℹ todo 0
ℹ duration_ms 127.677459
(node:79135) ExperimentalWarning: Transform Types is an experimental feature and might change at any time
(Use `node --trace-warnings ...` to show where the warning was created)
✔ offer controls read authoritative limits without parsing unrelated KEYWORD_QTY_CONTAINS window/stats (11.755625ms)
✔ offer controls accept 101 through the backend cap of 200 distinct offers, reject 201 (2.336833ms)
✔ offer toggle preserves exactly the authoritative maximum in the real M4 payload (2.765708ms)
✔ console BFF admits exactly A1/A7/A6 and A5 read/copy methods (0.415291ms)
✔ Next proxy admits the exact console family and results query before the BFF (47.240625ms)
✔ PR18 proxy preserves malformed A2 cursor as 400 invalid_cursor (0.936375ms)
✔ results query is canonical repeated session_id 1..50, everything else queryless (0.166792ms)
✔ real BFF route forwards only exact resources, authenticates scope and returns private scrubbed errors (40.760375ms)
✔ new commands reject unknown keys and preserve frozen copy/lifecycle/recommend body (0.17575ms)
✔ browser commands reuse Studio fences, exact no-comment recommend body and backend refusal codes (1.372167ms)
✔ results client preserves canonical ids/order and rejects invalid list before fetch (0.253166ms)
✔ stock client reuses catalog transport/key/parser and fences a changed login without retries (1.057041ms)
✔ journal replay sends the exact original method/path/body/key for all five commands (2.034583ms)
(node:79136) ExperimentalWarning: Transform Types is an experimental feature and might change at any time
(Use `node --trace-warnings ...` to show where the warning was created)
✔ A1 strict MOCK snapshot preserves unavailable counts, capability unknown and server stock (2.040875ms)
✔ A7 returns a separate lifecycle version and closed full KEYWORD_QTY_CONTAINS window (0.127791ms)
✔ A5 results retain separate environments/currencies and bind exact requested ids/order (0.14875ms)
✔ A5 copy parses real Go envelope, copied offer prices and KEYWORD_QTY_CONTAINS window (0.325708ms)
✔ A6 accepts optional operation UUID, never guessed send success (0.086834ms)
(node:79137) ExperimentalWarning: Transform Types is an experimental feature and might change at any time
(Use `node --trace-warnings ...` to show where the warning was created)
✔ Live settings navigation accepts a scene picker entry but never a malformed or unscoped deep link (1.574708ms)
✔ LC-B7 stock permission admits live_adjust without inventory:write, not unrelated grants (0.12675ms)
✔ Instagram comment total stays unavailable; Facebook observed count is not a platform total (0.084333ms)
✔ LC-U1 one primary action follows lifecycle, never planning or transport state (0.05225ms)
✔ LC-U1 stock target uses sellable delta and rejects fractions, negative and over-limit changes (0.122583ms)
✔ LC-U1 links only explicit FB post identities, never arbitrary URLs or guessed videos (0.080208ms)
✔ LC-U1 Facebook preview keeps the original no-frame CSP and uses a safe external link (0.504042ms)
✔ LC-U1 delayed copy completion cannot navigate after store switch or unmount (0.125834ms)
✔ LC-U1 receipt fence survives cookie rotation; pending replay still has a separate session boundary (0.3975ms)
ℹ tests 27
ℹ suites 0
ℹ pass 27
ℹ fail 0
ℹ cancelled 0
ℹ skipped 0
ℹ todo 0
ℹ duration_ms 257.223959
✔ PR18 R2 scoped404 a2 clears both private views and stops recovery reads (20.063208ms)
✔ PR18 R2 scoped404 a8 clears both private views and stops recovery reads (4.901833ms)
✔ PR18 R2 scoped404 older clears both private views and stops recovery reads (3.37125ms)
✔ PR18 A8 clears names synchronously and keeps loaded older pages through a head poll (2.620583ms)
✔ PR18 A8 hides clear before effects even without pagination (1.060792ms)
✔ PR18 quiet A2 stream refreshes delayed claim marks without a new sequence or user refresh (2.041584ms)
✔ PR18 late claim automatically exposes keyword view and the reused BuyerPanel (9.070375ms)
✔ K3 A8 private polls every 10s, backs off, resets, pauses hidden and stops off-filter (9.697167ms)
✔ K3 A8 unreplied polls every 10s, backs off, resets, pauses hidden and stops off-filter (7.687834ms)
✔ K3 pasted tab is refused with invalid_text copy before any reply POST (1.39175ms)
✔ real SQL UNKNOWN mark blocks public-mode switching without a local receipt (0.771625ms)
✔ PR18 unknown public receipt has the correct cross-comment fence (1.717375ms)
✔ PR18 queued public receipt has the correct cross-comment fence (1.358833ms)
✔ actual A2 hook fake clock: 3/6/12/24/30 backoff, success reset, hide clears and stops, 403 locks (3.87875ms)
✔ actual reset clears selected buyer and rereads without the old epoch cursor (1.241583ms)
✔ reply hints, coded error, UNKNOWN and capability state execute the actual composer (1.17825ms)
✔ PR18 A3 invalid_ref remains a definite 422 refusal (0.37075ms)
✔ PR18 a full history buffer stops paging without discarding rows or advancing its cursor (0.299167ms)
✔ K3 reply text rejects every C0/C1 control except newline (0.329625ms)
✔ SQL operation marks map to every merchant-visible delivery state (0.841875ms)
✔ real bridge sealCursor uses payload.signature rather than plain base64url (9.531959ms)
✔ A2 grammar refuses private/duplicate/ambiguous cursors and keys on reads (0.840542ms)
✔ A3-A5 exact comment ref and bodies; explicit preemption private only (0.139917ms)
✔ A4/A5 preserve frozen refusal codes, never provider/debug text (0.059291ms)
✔ reset invalidates old buffers and cursor before reread; older page cannot advance live cursor (0.10725ms)
✔ filter resources have only authorised opaque ids; backoff is capped and success resets (0.093667ms)
ℹ tests 26
ℹ suites 0
ℹ pass 26
ℹ fail 0
ℹ cancelled 0
ℹ skipped 0
ℹ todo 0
ℹ duration_ms 358.141
✔ secondary failures preserve A1; only A1 is periodic; IG notice follows the platform/embeddability observation (204.205084ms)
✔ the existing console refresh also explicitly refreshes its parent list; no automatic list read (34.66825ms)
✔ parent forwards only an explicit refresh callback and retains the scene when list is unavailable (15.831417ms)
✔ every explicit browser response/event/navigation waiter has a finite sub-test budget (9.82975ms)
✔ A1 failures back off 3/6/12/24/30 seconds and success resets to five seconds (75.442708ms)
✔ Retry-After is a minimum; hidden tabs cancel polling; forbidden locks and conceals (40.279958ms)
✔ secondary reads are mount/refresh only, independent from A1 and non-fatal (20.155292ms)
✔ UNKNOWN journal restores the exact key/method/path/body and explicit retry after reload (29.844542ms)
✔ first definite 403 clears journal but locks commands; late success after navigation clears only its own key (27.908041ms)
✔ private reads preserve Retry-After seconds and dates, without changing existing error codes (18.199709ms)
✔ a restored in-flight or UNKNOWN request retains its journal after a replay 403 (96.134833ms)
✔ restored copy success dispatches completion only in the still-current scene (35.801ms)
✔ SessionCopy resyncs closed same-ID titles, preserves open edits and cancels to latest draft (27.18775ms)
✔ SessionCopy submit uses latest version; UNKNOWN request survives later draft/input changes (22.819875ms)
ℹ tests 14
ℹ suites 0
ℹ pass 14
ℹ fail 0
ℹ cancelled 0
ℹ skipped 0
ℹ todo 0
ℹ duration_ms 586.110708
✔ claims window modes match Go constants and every SQL match_mode CHECK (4.418292ms)
✔ host prompt stays verbatim at the frozen trunk contract; Japanese is absent (1.401458ms)
✔ bundle parser accepts manual (labelled) and Meta (unlabelled) bundles (0.566625ms)
✔ bundle parser rejects unknown platforms and label/platform mismatches (0.145709ms)
✔ offer parser carries the live price and rejects every out-of-range or missing field (0.288958ms)
✔ library and import parsers are closed; removal receipt is the only version-0 shape (0.191709ms)
✔ price input: exact decimal minor units, never float, bounded to the currency's places (9.595458ms)
✔ live-tools copy exists in all three locales with the same conflict reasons (0.594542ms)
✔ claims BFF allowlist is exactly M1–M7 per method (3.357458ms)
✔ M7 link response shape is closed (0.520417ms)
✔ host prompt copy is the frozen text, verbatim (0.370417ms)
ℹ tests 11
ℹ suites 0
ℹ pass 11
ℹ fail 0
ℹ cancelled 0
ℹ skipped 0
ℹ todo 0
ℹ duration_ms 108.731625
NOT_RUN: tests/media/r04-input-runner.test.mjs (COMMERCE_R04_LIVEKIT_BINARY unset)
✔ main/detail/sku caps use the existing frozen image contract (0.623959ms)
✔ phone and tall dimensions fit2000 without enlarging small assets (0.150667ms)
✔ upload query requires one exact role and sku value; reads/actions carry no query (0.3995ms)
✔ role transport encodes current option values and refuses invalid identities (0.165208ms)
✔ effective image axis follows current options, then falls back to first (0.062042ms)
✔ detail and option photos cannot satisfy the main-photo recommendation (0.059958ms)
✔ PM-U copy has matching keys in ja and all currently routed locales (0.119875ms)
✔ real-upload mode builds both Next applications on a clean CI checkout (17.33725ms)
✔ upload recovery journal survives a new session while remaining product/store scoped (0.1435ms)
✔ an option upload receipt requires its captured axis, value and image id on canonical readback (0.124542ms)
✔ failed durable recovery storage cannot authorize a media write (0.079792ms)
✔ an active product needs a main image after canonical media is known; repair paths stay possible (0.055125ms)
✔ empty media sections render a readable localized placeholder until photos are present (4.840083ms)
✔ real-upload mode never exits through the storefront MOCK shortcut (8.930042ms)
✔ a valid active zero-main product keeps an inline repair hint rather than a page error (3.423084ms)
✔ a new product issues the image-axis stage only for a chosen axis (0.62525ms)
ℹ tests 16
ℹ suites 0
ℹ pass 16
ℹ fail 0
ℹ cancelled 0
ℹ skipped 0
ℹ todo 0
ℹ duration_ms 1014.756417
(node:79197) ExperimentalWarning: Transform Types is an experimental feature and might change at any time
(Use `node --trace-warnings ...` to show where the warning was created)
✔ a fitting PNG keeps the exact original File, bytes and alpha-capable format (0.841708ms)
✔ a JPEG exactly at both limits remains original, not a lossy re-encode (0.401458ms)
✔ an oversized phone JPEG is encoded below the cap after oriented scaling (0.59775ms)
✔ a large transparent PNG stays alpha-capable and is never painted with an opaque matte (0.795334ms)
ℹ tests 4
ℹ suites 0
ℹ pass 4
ℹ fail 0
ℹ cancelled 0
ℹ skipped 0
ℹ todo 0
ℹ duration_ms 93.116417
✔ HTTPS picklist fixture carries Secure session cookies automatically while preserving CSRF refusals (107.638667ms)
✔ batch controls stay compact until an order selection or live-session scope exists (0.154041ms)
✔ selection has XOR bodies, canonical unique IDs and separate 500/100 limits (0.356291ms)
✔ cross-page selection retains existing rows, deduplicates and refuses overflow atomically (0.704208ms)
✔ pick projection rejects PII/extra keys, invalid quantities and unmatched order identities (0.518708ms)
✔ batch replies bind one-for-one to confirmed orders and preserve uncertainty code (0.114208ms)
✔ pick/export POSTs reject keys and all query variants except one exact template (1.71625ms)
✔ CSV filename binds to selected template and store; no path/header injection (0.171917ms)
✔ MOCK browser fixture list matches the incumbent closed order parser (19.710958ms)
✔ recovery never clears an unknown or missing current attempt (0.157625ms)
✔ recovery and order-detail MOCK fixtures satisfy real read parsers (9.805541ms)
✔ order selection can read its session fence during SSR without browser globals (2.950666ms)
✔ MOU keeps native headed checks runnable on a Linux CI worker without DISPLAY (21.218167ms)
✔ pick fixture serves the scoped parcel reads required by the orders page (7.274375ms)
ℹ tests 14
ℹ suites 0
ℹ pass 14
ℹ fail 0
ℹ cancelled 0
ℹ skipped 0
ℹ todo 0
ℹ duration_ms 409.738458
✔ bodyless dissolve DELETE (empty body stream, no content-length) reaches Go with the CAS query, no body, no key (20.120417ms)
✔ every parcel DELETE must carry exactly one expected_version >= 1 (never forwarded without it) (6.227125ms)
✔ a DELETE that declares a body or chunked framing is refused (0.414917ms)
✔ DELETE needs the session, origin and CSRF like every command; other DELETEs stay unsupported (0.822167ms)
✔ GET parcel-groups (open groups read) and merge-suggestions pass with no query; a query or key is refused (13.265375ms)
✔ actual MOU parcel runner selects and collects the real parcel browser case (360.283458ms)
✔ merge suggestions accept the frozen shape (server-masked recipient) and reject drift (3.22625ms)
✔ created group requires the OPEN state and its members (0.1905ms)
✔ dissolved group is exactly id/state/version (0.090917ms)
✔ group shipment carries one SHIPPED version per member (2.536583ms)
✔ open groups (GET parcel-groups) accept the frozen shape and fail closed on drift (2.588875ms)
✔ reconcile: a reload rebuilds OPEN panels, a vanished OPEN group is dropped, history and live versions are kept (0.231542ms)
✔ three locales cover the same keys and every refusal code (0.2145ms)
✔ the owner-ruling sentence is exact in all three locales (0.048458ms)
✔ the in_parcel_group copy is the same sentence in parcels-copy (blocked + errors) and orders-copy, in every locale (0.061959ms)
✔ groupOfOrder prefers the OPEN group over retained SHIPPED/DISSOLVED history (0.12075ms)
✔ parcelOrderNumber is the canonical LC-<32 uppercase hex> order number and matches the open-group parser (0.111959ms)
✔ parcel refresh generation: bumped by every successful poll, whatever the cursor (0.041958ms)
✔ parcel refresh generation: an in_parcel_group refusal bumps it, other refusals do not (0.045458ms)
✔ exactly the five W3-07B resources route (1.518833ms)
✔ dissolve carries exactly ?expected_version=N (N >= 1) (0.355875ms)
✔ readMergeSuggestions 401 immediately purges parent scope and refuses late sibling 200 (26.261584ms)
✔ readMergeSuggestions 403 immediately purges parent scope and refuses late sibling 200 (5.688625ms)
✔ readMergeSuggestions 404 immediately purges parent scope and refuses late sibling 200 (4.431583ms)
✔ readOpenParcelGroups 401 immediately purges parent scope and refuses late sibling 200 (3.7495ms)
✔ readOpenParcelGroups 403 immediately purges parent scope and refuses late sibling 200 (3.383542ms)
✔ readOpenParcelGroups 404 immediately purges parent scope and refuses late sibling 200 (10.529625ms)
✔ readMergeSuggestions 503 preserves parent and local retry recovers actual DTOs (9.332083ms)
✔ readOpenParcelGroups 503 preserves parent and local retry recovers actual DTOs (5.717583ms)
✔ captured parent groups callback refuses hidden scope (10.545833ms)
ℹ tests 30
ℹ suites 0
ℹ pass 30
ℹ fail 0
ℹ cancelled 0
ℹ skipped 0
ℹ todo 0
ℹ duration_ms 445.715375
✔ exactly the nine W6-01B resources are admitted, each only under its own method (1.705916ms)
✔ the customer list is claimed only when a tag filter is present (customers-request.ts stays the owner otherwise) (0.256875ms)
✔ near misses are refused (no generic proxying) (0.256958ms)
✔ reads: no body, no key, no transfer-encoding; tag-list takes no query at all (18.378ms)
✔ customer-list query: closed keys, tag must be a canonical uuid, list bounds identical to customers-request (0.641ms)
✔ note-list query: only limit and after, with the customers-list bounds (0.132458ms)
✔ writes: exactly one well-formed Idempotency-Key; the two DELETEs carry no body but still need the key (1.20925ms)
✔ validTagName mirrors Go (NFC first, 1..20, trimmed, no control/Cf) (0.564959ms)
✔ validNoteBody mirrors Go (1..1000, not blank, only \n \r \t controls) (0.256417ms)
✔ tag-create body: closed keys, valid name and one of the eight colors (0.203958ms)
✔ tag-patch body: at least one of name/color, nothing else (0.079417ms)
✔ owner-tags body: tag_ids (<=100 canonical uuids) + 64-hex revision, exact keys (0.1395ms)
✔ note bodies: create {body}; patch {body, version>=1}; deletes and reads carry no body at all (0.129083ms)
✔ parseTagCatalog decodes {items: TagRecord[]} with the store-catalogue bounds (0.680958ms)
✔ parseTagSet / parseDeletedTag / parseDeletedNote decode the frozen write receipts (0.201709ms)
✔ parseNoteRecord / parseNotePage decode notes with the Go note rules (0.625917ms)
✔ customer-tags copy: three locales, identical key sets, the integrator's ruled note-privacy text verbatim (0.086916ms)
✔ components wire the ruled copy and the tag/note controls the specs click (0.821667ms)
✔ tag read names must already be trimmed NFC and Unicode code-point bounded (0.111584ms)
✔ session change before network sends nothing (5.145167ms)
✔ session changes after network or during body parse drop the response (43.888209ms)
✔ transient session digest failure is settled only before dispatch (8.330084ms)
✔ lost response followed by a changed session is UNKNOWN after dispatch (7.887583ms)
✔ lost response does not auto-retry; explicit replay keeps method/key/payload/scope (6.878791ms)
✔ 5xx or malformed success is uncertain, coded refusal is settled (18.205875ms)
✔ passive tag/detail refresh preserves an unsaved new-note draft (59.449959ms)
✔ passive refresh updates visible notes but preserves edit draft and original CAS version (1.87975ms)
✔ explicit refresh signal clears old edit draft while passive array changes do not (2.239875ms)
✔ an unauthorized note read clears private note bodies and the draft (6.287125ms)
✔ a transient note read failure keeps the notes already shown (3.205125ms)
✔ an unauthorized note read signals the global logout once; a transient failure does not (4.687959ms)
✔ non-privacy writer: own notes keep Edit and Delete on a fresh mount, others' notes do not (1.204583ms)
✔ notes forbidden/not_found signals scope loss exactly once per mount, never on transient failure (14.332625ms)
✔ bad path/store/method/query/header is refused without authority or backend calls (43.63425ms)
✔ the actual proxy admits a tagged customer list with scoped search/cursor and rejects malformed tag authority (3.661541ms)
✔ signed-out/cross-store/Origin-CSRF denials short circuit before body or forwarding (1.151417ms)
✔ closed bodies and DELETE payloads cannot reach Go (5.352416ms)
✔ all write methods preserve exact key/body/store and private success status (2.470375ms)
✔ note pagination preserved and hostile backend errors/bodies sanitized (5.112959ms)
✔ a catalogue forbidden or not_found asks the parent to re-run its guarded reads, with no logout (194.475833ms)
✔ transient catalogue failures stay local; unauthorized logs out but is not a scope loss (115.338042ms)
✔ after a tag write the manager stays mounted: the catalogue refreshes in place, never reloads (34.305667ms)
✔ a manager-reported scope loss reloads the customer list and catalogue guarded reads (22.619959ms)
✔ CustomerDetail forwards a scope-lost signal to the guarded read once per page (78.959208ms)
✔ badges are escaped server tag facts with human-readable names (8.0325ms)
✔ actual customer notes render privacy notice, safe content, author fallback and read-only permissions (14.982167ms)
✔ unknown permissions and erased customer never offer note mutations (1.943042ms)
✔ write-only notes permit add but not edit/delete of notes the server does not mark own; privacy permission permits both (1.572333ms)
✔ manager trigger and all three localized buyer-export notices render through actual components (1.969208ms)
✔ UNKNOWN survives settled unauthorized retry until trusted success; fresh run ignored (8.410708ms)
✔ UNKNOWN survives settled forbidden retry until trusted success; fresh run ignored (0.55075ms)
✔ UNKNOWN survives settled version_changed retry until trusted success; fresh run ignored (0.397708ms)
✔ first-attempt preflight refusal is settled and permits a fresh action (0.396333ms)
✔ UNKNOWN and in-flight retries prevent duplicate dispatch; unmount discards stale outcome (0.377625ms)
✔ an unauthorized write signals the global logout; forbidden does not (1.659375ms)
✔ UNKNOWN command survives unmount/remount: still locked, same-key retry, cleared by trusted success (2.768542ms)
✔ a command unmounted while in flight is treated as UNKNOWN on remount (6.1505ms)
✔ a session boundary change drops the remembered UNKNOWN command (1.623792ms)
✔ a guarded read that ends signed-out signals the global logout once (5.93275ms)
✔ forbidden/unavailable failures and a successful read signal no logout (30.535333ms)
✔ refresh ending signed-out clears the view, blocks and signals the global logout once (5.945333ms)
✔ refresh ending forbidden or not-found clears the data without a logout (14.986833ms)
✔ a transient refresh failure keeps the ready view and signals nothing (7.215209ms)
✔ exactly the eight report GETs are admitted; every other method or path is refused (0.562667ms)
✔ report reads: query required, no body, no key, no transfer-encoding (23.628583ms)
✔ from/to: exactly once each, calendar-valid days, 0..91 apart (1.03425ms)
✔ session_id: only on the funnel (json and csv), a canonical uuid, once (0.801416ms)
✔ parseProductReport: echoed range/zone, <=1000 rows sorted by net desc, net = captured - refunded (10.222042ms)
✔ parseChannelReport: closed vocabulary order, money per environment strictly ascending, I05 inside every bucket (0.892583ms)
✔ parseFunnelReport: nested counts, session echo, ordered_without_link bound (0.382167ms)
✔ parseManualReport: nullable principal/session ids, bucketed money like channels (0.230167ms)
✔ reports copy: three locales, identical key sets, the integrator's ruled money annotation verbatim (0.733833ms)
✔ Reports.tsx: four tabs, CSV per tab, ruled annotation, CSS/SVG charts only (no new dependencies) (1.569167ms)
✔ report CSV closed headers use actual Go slug, echoed dates and private no-store (0.388166ms)
✔ report response projection rejects unknown keys, mismatched range and non-private responses (1.656208ms)
✔ manual buckets follow Go's uncapped row count rather than a made-up 500-row limit (1.027542ms)
✔ display sorts only inside currency/environment groups, never sums money or mutates server rows (14.984583ms)
✔ page report query accepts exactly the four report names and defaults to products (0.194ms)
✔ actual product table renders offline separately, both modes, no UUID copy and sortable headers (23.01625ms)
✔ actual channel chart exposes exact numbers and both money modes using SVG (1.004542ms)
✔ actual funnel has four stages, nested widths and truthful zero-denominator text (5.546625ms)
✔ manual table resolves authorized labels, has honest fallback, and never presents UUIDs (6.814042ms)
✔ all report views render localized empty states (1.207ms)
✔ actual BFF refuses malformed query, unknown store/session, disabled auth and missing CSV fences before Go (99.147ms)
✔ actual BFF closed JSON projection and CSV scope/query preserve trusted token; no forwarded client authority (20.057458ms)
✔ actual BFF permission and malformed CSV response fences do not masquerade as a download (10.807084ms)
✔ audited browser GET accepts same-origin Fetch Metadata plus CSRF, never cross-site or forwarded Host (19.071417ms)
✔ actual CSV client preflight sends nothing after session change, and a lost audit response is uncertain with no retry (21.932875ms)
✔ actual CSV client refuses stale-session bytes and downloads only a closed private response (7.512458ms)
✔ report leaf gives the actual trusted fetch 65 seconds, rejects redirects and forwards only server bearer (3.188291ms)
✔ incoming request cancellation aborts the real report fetch once, returns safe unavailable and never retries (3.058625ms)
✔ CSV final synchronous fence conceals bytes when cancellation, hide or cookie rotation happens inside final await (32.351875ms)
✔ CSV end-to-end deadline covers store lookup and report budget; aborted preflight sends no audited request (16.629ms)
✔ an uncertain export stays locked for its scope after another scope's export (6.0945ms)
✔ an uncertain export scope persists per store in tab storage and re-locks a fresh render (23.786375ms)
✔ unavailable tab storage fails closed to the in-memory lock without throwing (10.862333ms)
✔ export lock is stored before dispatch; refused/delivered outcomes release it, uncertain and cut-short keep it (42.435208ms)
✔ releasing one scope keeps the other uncertain scopes of the store (7.128416ms)
✔ export is refused and nothing is dispatched when the lock cannot be saved (denied, full or no storage) (5.778875ms)
✔ copy for an unsaved export lock exists in every locale (0.127708ms)
✔ product sort query parses strictly and defaults to net_minor descending (0.20025ms)
✔ legacy-store permission probe: forbidden/not-found/signed-out fail the read closed, transient falls back (11.525583ms)
✔ channel and funnel data retain their applied dates while draft dates wait for Show (108.811083ms)
✔ an uncertain export lock is bound to the session boundary, so a different user does not inherit it (33.684083ms)
✔ Finance landing links to reports under the same canSeeReports rule (10.397ms)
✔ selected tag survives searches and cursor pagination while an empty filter is omitted (47.472833ms)
✔ customer list dispatch preserves legacy requests and sends every tag query to the closed W6 authority (374.740667ms)
✔ customers reports link is hidden only when permissions are present and lack orders:read (0.164041ms)
✔ reports are a finance subpage and preserve the existing single finance navigation entry (0.123708ms)
✔ an authoritative erased customer immediately unmounts the cached private tags/notes subtree (19.601375ms)
✔ the actual customer row shows manual tags and imported status without changing consent (4.335292ms)
✔ P1 actual tag DELETE accepts an empty Next-style stream without JSON MIME (549.5755ms)
✔ P1 actual note DELETE accepts an empty Next-style stream without JSON MIME (11.140875ms)
✔ P1 body-carrying tag writes still require JSON MIME through the real BFF (0.363792ms)
✔ P2 customer bare/encoded tag keys are invalid422 through the actual leaf before any backend (3.398666ms)
✔ P2 report products real session/CSRF response is private and Vary Cookie (1.059958ms)
✔ P2 report products.csv real session/CSRF response is private and Vary Cookie (0.337166ms)
✔ P2 report malformed query and wrong CSRF are rejected by actual helpers before upstream (0.25125ms)
ℹ tests 118
ℹ suites 0
ℹ pass 118
ℹ fail 0
ℹ cancelled 0
ℹ skipped 0
ℹ todo 0
ℹ duration_ms 1471.430125
✔ real coded errors retain baseline classification and normalize import leaf cache to private,no-store (27.856584ms)
✔ preflight missing CSRF is definite and sends nothing; actual route CSRF and session refusals stay definite (5.778958ms)
✔ actual route uses real cookies/store membership and method/error envelopes, no helper substitutions (3.242541ms)
✔ actual client/route preserves original Blob bytes, trusted transport and privacy projection on200/409 (2.026167ms)
✔ success or stale preview must remain private; malformed/unknown/mismatched coded errors are uncertain after commit (2.695708ms)
✔ lost/unreadable/session-changed dispatched commit remains UNKNOWN; no automatic retry (0.9235ms)
✔ actual failed-only result route strips IDs and real final session/cancel fence exposes no download (1.575625ms)
✔ actual route refuses unknown resource/query and duplicate session cookies before any upstream call (0.375208ms)
✔ actual route incoming cancellation aborts one dispatched transport and preserves client UNKNOWN (0.775333ms)
✔ real coded error cache may not be public, and closed payload may not acquire data-bearing fields (1.352541ms)
✔ copy still exposes specific merchant field reasons across three locales (3.7285ms)
✔ all real local and upstream import refusals including HEAD/unsupported are exact private,no-store (0.6805ms)
✔ fresh mismatched receipt stays UNKNOWN, exact manual replay mismatch becomes terminal without a third send (1.731917ms)
✔ terminal is impossible for malformed replay receipts or matching replayed counts (1.239291ms)
✔ Big5 bytes pass unchanged to upstream and real422 import envelope surfaces encoding_not_utf8 (0.502792ms)
✔ oversize file uses the actual header guard and specific size guidance in all locales without dispatch (14.834958ms)
✔ commit uses the original requested mapping, including an empty optional field, not resolved preview metadata (14.147334ms)
✔ an UNKNOWN commit remains locked through a later forbidden retry and only explicit same-file success unlocks (14.037625ms)
✔ leaving during a dispatched commit drops its payload and keeps an unconfirmed boolean without replay (7.766375ms)
✔ a definite first preflight refusal clears pending before sign-out and does not invent an unconfirmed import (2.656292ms)
✔ a replayed mismatched receipt ends UNKNOWN without offering another retry or unlocking historical orders (5.885ms)
✔ real cookie and CSRF helpers generate and validate the actual host-cookie pair (1.3135ms)
✔ exact route rejects methods/keys/body/query/scope before any upstream request using real localError (2.681333ms)
✔ missing/duplicate session cookies reject and real clearAuthCookies expires session and CSRF (0.378292ms)
✔ actual authenticatedStores denies a store absent from the server projection (0.733375ms)
✔ private success routes server cookie token and exact canonical after, never caller bearer/cookie to Go (1.247334ms)
✔ actual safeError/localError preserve coded status with no-store and redact upstream diagnostics (1.19225ms)
✔ actual readBody and strict projection refuse MIME/oversize/extra private fields/city; network loss stays private (1.425833ms)
✔ actual client issues GET50/after through real route/private successful projection (7.290417ms)
✔ actual helper-issued browser fence rejects changed parent before dispatch (0.57825ms)
✔ private success from real route is discarded when the browser session changes during upstream read (1.4015ms)
✔ real localError no-store 401/403/404/503 preserves correct read category with no retry (4.455042ms)
✔ malformed sensitive backend projection becomes real unavailable, never a fake BFF success (0.68475ms)
✔ strict archive rows decode external order text, safe minor units and public keys (2.108666ms)
✔ PII-shaped city and extra sensitive fields never pass the safe projection (0.301166ms)
✔ all canonical Go cities pass; malformed types/bounds/order/time/money/cursor fail (1.321833ms)
✔ read grammar is exact limit/after, not the stale brief's cursor name (21.500209ms)
✔ three locales retain truthful history-not-revenue basis and copy parity (0.18625ms)
✔ SSR renders actual safe rows, shared money/time, total count and read-only three-locale basis (39.561ms)
✔ SSR distinguishes empty archive, 403, session loss and unavailable without stale rows/count (5.977125ms)
✔ actual pagination callbacks use opaque trail; double click cannot skip; refresh/scope reset page1 (1.225833ms)
✔ the static import subpage wins over customer detail and leaves the single customers nav intact (3.795125ms)
✔ the actual list offers import only to privacy holders and carries the current authorized store (129.409083ms)
✔ the actual detail mounts archive only for an active imported customer and passes its fenced identity (33.118542ms)
✔ MIUI-READY-VISIBLE-STORE actual signed helper waits on the visible selector and retains cookie/wizard assertions (207.391792ms)
✔ MIUI-READY-DENIED read-only staff reaches the real shell refusal instead of waiting for a private wizard (6.442125ms)
✔ failure verdicts precede successful rows, by source row number, without mutating the input (1.723833ms)
✔ the failure download contains only failed row metadata, with no source cell or success identifier (0.467375ms)
✔ reads quoted/BOM header only, without decoding malformed bytes from data rows (7.352208ms)
✔ guess only unique metadata aliases with explicit unmapped values (0.452708ms)
✔ shared dynamic leaf admits only exact import methods/actions and bounded mapping/count (40.384333ms)
✔ failed CSV emits only row/outcome/code, refusing any unexpected identifier or raw cell (0.44975ms)
✔ raw-byte cap does not decode/rebuild uploads and cancels oversized chunks (4.96825ms)
✔ backend privacy projection strips all source IDs on successful and failed rows (2.760625ms)
✔ closed preview parser refuses data-bearing rows, unknown keys and inconsistent counts (0.306959ms)
✔ order preview counts units while first CSV record numbers can exceed rows_total (0.116708ms)
✔ commit receipt has exactly five keys and no extra customer cells (0.105375ms)
ℹ tests 57
ℹ suites 0
ℹ pass 57
ℹ fail 0
ℹ cancelled 0
ℹ skipped 0
ℹ todo 0
ℹ duration_ms 757.609125
✔ parseShard: i/N, empty means unsharded, anything malformed throws (0.700458ms)
✔ assignShards: deterministic, every key owned once, near-balanced (LPT bound) (0.993417ms)
✔ planClick: for every N the shards partition the whole universe (every registry route x variant, storefront walk, journey) (1.611958ms)
✔ planClick at N=10 keeps every shard within ~1.3x of the mean planned cost (0.162958ms)
✔ aggregate click: honest shards pass for several N (2.526542ms)
✔ aggregate click: a missing shard, a dropped page row, a lost journey, a failing row, a stale known defect and a missing platform marker are each a failure (3.537ms)
✔ aggregate click: a route added to the registry after the shards ran cannot pass (the registry is re-read) (0.412458ms)
✔ aggregate visual: honest shards pass; a missing shard, a missing shot, a blocking verdict and a registry route outside the universe each fail (5.375459ms)
ℹ tests 8
ℹ suites 0
ℹ pass 8
ℹ fail 0
ℹ cancelled 0
ℹ skipped 0
ℹ todo 0
ℹ duration_ms 90.94025
ci-plan: 10 job(s); click-sweep x10 (aggregate)
  --browser-click-sweep@1/10  -> artifact gate-browser-click-sweep_1_10
  --browser-click-sweep@2/10  -> artifact gate-browser-click-sweep_2_10
  --browser-click-sweep@3/10  -> artifact gate-browser-click-sweep_3_10
  --browser-click-sweep@4/10  -> artifact gate-browser-click-sweep_4_10
  --browser-click-sweep@5/10  -> artifact gate-browser-click-sweep_5_10
  --browser-click-sweep@6/10  -> artifact gate-browser-click-sweep_6_10
  --browser-click-sweep@7/10  -> artifact gate-browser-click-sweep_7_10
  --browser-click-sweep@8/10  -> artifact gate-browser-click-sweep_8_10
  --browser-click-sweep@9/10  -> artifact gate-browser-click-sweep_9_10
  --browser-click-sweep@10/10  -> artifact gate-browser-click-sweep_10_10
✔ the full sweep and the full visual lint fan out into every shard and ask for the aggregate (0.876875ms)
✔ foundation-shards = the unit shard + every plan group; the serial `foundation` mode is untouched (0.654708ms)
✔ an explicit shard re-run (or a partial list) never claims the whole-run aggregate (0.097584ms)
✔ duplicates collapse, artifact names are safe and unique, bad input is refused (0.318084ms)
✔ main writes matrix / sweep_n / visual_n to GITHUB_OUTPUT (1.556ms)
✔ backend-only paths run foundation-shards only (1.072542ms)
✔ node tests of deploy scripts and of the CI planner are backend-only (they cannot change a browser) (0.342791ms)
✔ a UI path adds the whole browser set, including click-sweep and visual-lint (1.729916ms)
✔ docs-only and output-only diffs keep the single required check (foundation-shards) (0.247625ms)
✔ tests/foundation/browser_* is a browser path, other tests/foundation files are not (0.261166ms)
✔ deploy flag: deploy/ and scripts/deploy* only (0.761375ms)
✔ the browser set is release-gate's browser-mode universe minus the documented exclusions (11.126542ms)
✔ parser: only compiled, correctly-shaped Test functions of untagged _test.go files (1.103125ms)
✔ the real plan: every top-level test of tests/foundation runs in exactly one group (584.114875ms)
✔ a new test (in no list) still runs, exactly once, in the catch-all group; the same name with no catch-all is red (873.033375ms)
✔ a test listed in two groups is red; drift beyond the limit is red (846.116417ms)
✔ regexes: anchored explicit lists; the catch-all skips exactly everyone else's tests (0.376042ms)
✔ pack: deterministic, balanced to within the longest test, every name once (3.764833ms)
✔ parseDurations: top-level lines only (0.174416ms)
ℹ tests 19
ℹ suites 0
ℹ pass 19
ℹ fail 0
ℹ cancelled 0
ℹ skipped 0
ℹ todo 0
ℹ duration_ms 2591.64
✔ PR18 real BFF preserves invalid_ref and cursor errors without upstream retry (15.664167ms)
✔ PR18 valid A2 Unicode/escaped pages exceed 1 MiB but A8 cap stays unchanged (123.936209ms)
✔ K3 comment-only no_source cannot widen the existing inbox error seam (3.363416ms)
✔ LC-U2a real BFF seam A2-A5 exact grammar, privacy, denial and no diagnostic reflection (5.196708ms)
✔ A8/A9/A13 and published templates: exact reads forward once with no-store (2.740667ms)
✔ real streamed POST bodies: A10-A14 exact keys reach upstream (4.547875ms)
✔ query, read headers, methods and body allowlists refuse before upstream (4.338667ms)
✔ session, CSRF and store authority precede content forwarding (1.007ms)
✔ A12 fixed codes preserved; arbitrary upstream diagnostics stripped (5.117667ms)
✔ client preserves codes and receipt; changed/aborted session cannot publish private response (3.2365ms)
✔ A9 admits a full page of valid Unicode replies while bounding private response bytes (3.499542ms)
✔ non-JSON upstream 401 still expires both authentication cookies without diagnostic leakage (0.727542ms)
✔ real M7 response keeps no-referrer after matching Next production header rules (12.512333ms)
✔ three unit languages cover identical fixed labels and delivery states (0.845542ms)
✔ hiding aborts requests and rejects late responses, even after reveal (0.395625ms)
✔ switching selection invalidates both reads and write completions (0.066917ms)
✔ owner and explicit inbox permissions only; viewer fails closed (0.055625ms)
✔ Messenger counts Unicode codepoints; Instagram counts NFC UTF8 bytes (0.647667ms)
✔ uncertain transport retries retain the exact submission; definitive conflicts retire it (0.408208ms)
✔ privacy calibration cannot activate with production origin or ordinary caller env (0.130625ms)
✔ late focus/pageshow while native document remains hidden cannot reveal requests (0.082208ms)
✔ terminal navigation revocation cannot be undone by focus or refresh until a new page fence (0.05525ms)
✔ a ticket from another store/page fence is never accepted (0.044959ms)
✔ focus while already visible preserves the active epoch and the uncertain reply receipt (0.080667ms)
ℹ tests 24
ℹ suites 0
ℹ pass 24
ℹ fail 0
ℹ cancelled 0
ℹ skipped 0
ℹ todo 0
ℹ duration_ms 294.093125
✔ installed APIRequestContext cookie rules exclude Secure cookie from HTTP127 but retain HTTPS/localhost (0.466333ms)
✔ actual INU02 cross uses browser auth and retains exact 404/DM absence (29.193042ms)
✔ actual INU02 cross still rejects wrong authority 401 (3.880042ms)
✔ actual INU02 cross still rejects wrong authority 200 (1.588458ms)
✔ actual INU02 cross still rejects DM in denied response (1.439208ms)
✔ actual INU02 denied uses browser auth and retains exact 403/DM absence (1.314042ms)
✔ actual INU02 denied still rejects wrong authority 401 (1.364041ms)
✔ actual INU02 denied still rejects wrong authority 200 (1.185583ms)
✔ actual INU02 denied still rejects DM in denied response (2.028958ms)
✔ actual login settles /en and fixture store (real switch, scoped=false) (95.843417ms)
✔ actual login settles /en and fixture store (real switch, scoped=true) (16.387417ms)
✔ actual login settles /en/inventory and fixture store (real switch, scoped=false) (5.6815ms)
✔ actual login settles /en/inventory and fixture store (real switch, scoped=true) (2.2995ms)
✔ actual login settles /en/messages and fixture store (real switch, scoped=false) (4.856208ms)
✔ actual login settles /en/messages and fixture store (real switch, scoped=true) (7.559708ms)
✔ actual login settles /en and fixture store (already selected, scoped=false) (13.436708ms)
✔ actual login settles /en and fixture store (already selected, scoped=true) (22.1675ms)
✔ actual login settles /en/inventory and fixture store (already selected, scoped=false) (2.752584ms)
✔ actual login settles /en/inventory and fixture store (already selected, scoped=true) (1.594083ms)
✔ actual login settles /en/messages and fixture store (already selected, scoped=false) (1.23925ms)
✔ actual login settles /en/messages and fixture store (already selected, scoped=true) (1.097292ms)
✔ bundle fixture uses real claim commands and mounts existing M6/M7 without issuing early (1.332084ms)
✔ sensitive bundle scenario clicks native clipboard with trace/video disabled and no token body reads (0.169584ms)
✔ persisted link and token-free command receipt are compared without disclosing credentials (0.127709ms)
✔ actual clipboard evaluator exports only safe summary and detects malformed or retained synthetic credentials (347.218958ms)
✔ claim-window fixture isolates recovery after the current migration permits multiple OPEN windows (2.5665ms)
✔ ordinary Playwright diagnostics still capture failed-page ARIA when private guard is absent (1.612625ms)
✔ sensitive worker lifecycle prevents actual installed snapshot capture without masking the failure (38.616125ms)
✔ worker restores prior environment even when use rejects (absent) (7.410792ms)
✔ worker restores prior environment even when use rejects (empty) (5.025041ms)
✔ worker restores prior environment even when use rejects (existing-policy) (5.771041ms)
✔ fixture is worker-auto and module collection does not suppress ordinary diagnostics (67.982833ms)
✔ ordinary matcher ARIA context bypasses fallback flag and remains in actual installed diagnostics (0.749542ms)
✔ private test teardown removes only matcher page context while preserving failure (failed status) (4.074916ms)
✔ private test teardown removes only matcher page context while preserving failure (rejected use) (7.338625ms)
✔ matcher guard is test-auto without replacing the installed artifact auto fixture (2.616625ms)
✔ real Playwright --list collects each original INU case and isolated INU09 exactly once (1346.564ms)
✔ A real Inbox selection admits Go A9 attachments null without losing thread (74.76925ms)
✔ A real Inbox selection admits Go A9 attachments empty array without losing thread (12.632125ms)
✔ A malformed non-array A9 attachments is refused without painting DM or crashing selected entry (8.361875ms)
✔ C A8 HTTP200 empty list is ordinary data with no alert, selection or focus request storm (2.79925ms)
✔ C A8 list404 is scoped inbox unavailable in en, never an empty list or conversation denial (2.121416ms)
✔ C A8 list404 is scoped inbox unavailable in zh-TW, never an empty list or conversation denial (5.501375ms)
✔ C A8 list404 is scoped inbox unavailable in zh-CN, never an empty list or conversation denial (2.307584ms)
✔ C click-sweep Go harness mounts existing Inbox/templates services (STRUCTURE_ONLY, Go NOT_RUN) (1.246583ms)
✔ C click-sweep includes actual-router owner200 empty inbox assertion (STRUCTURE_ONLY, Go NOT_RUN) (1.1535ms)
✔ inbox evidence is covered by the CI upload root (21.890917ms)
✔ failed Playwright closes its log and emits sanitized diagnostics before Fatalf (10.074584ms)
✔ failure diagnostics match INU cases/counts without admitting private text (12.63ms)
✔ INU04 delayed handler 1 signals completion when fulfillment rejects (28.052541ms)
✔ INU04 delayed handler 2 signals completion when fulfillment rejects (26.390083ms)
✔ recoveryDone waits for actual held M7 completion in zh-TW (66.789625ms)
✔ recoveryDone waits for actual held M7 completion in zh-CN (3.184917ms)
✔ recoveryDone waits for actual held M7 completion in en (12.62975ms)
✔ review2 P1 bundle-only row opens real A13 and issues existing M7 claim link to clipboard (32.630833ms)
✔ review2 P1 clipboard denial recopy reuses cached issued URL without another M7 POST (12.789833ms)
✔ review2 P1 lost M7 ACK retries exact receipt and null replay token never mints a fresh key (2.821125ms)
✔ review2 P1 missing CSRF before cached recopy cannot copy or issue again (1.883834ms)
✔ review2 P1 missing CSRF before uncertain retry rejects preserved receipt dispatch (2.667125ms)
✔ review2 P1 late issued-link completion after hide cannot write clipboard (1.84975ms)
✔ review2 P1 late issued-link completion after selection cannot write clipboard (1.55425ms)
✔ review2 P1 late issued-link completion after unmount cannot write clipboard (29.251875ms)
✔ review2 P1 late issued-link completion after logout cannot write clipboard (47.923791ms)
✔ review2 P1 claim-link issuance denied without both live read/manage (inbox:read,live:read) (6.608084ms)
✔ review2 P1 claim-link issuance denied without both live read/manage (inbox:read,live:manage) (3.183208ms)
✔ review2 P1 missing authoritative recovery identity never guesses generation {"missingSession":true} (4.852333ms)
✔ review2 P1 missing authoritative recovery identity never guesses generation {"noBundle":true} (8.586833ms)
✔ review2 P2 exactly one matching binding uses named DM hard gate ok (7.158625ms)
✔ review2 P2 exactly one matching binding uses named DM hard gate review_required (5.856375ms)
✔ review2 P2 exactly one matching binding uses named DM hard gate missing_permission (6.313166ms)
✔ review2 P2 multiple same-provider bindings advisory only (dm_session:ok,dm_session:missing_permission) (7.747417ms)
✔ review2 P2 multiple same-provider bindings advisory only (dm_session:missing_permission,dm_session:reauth_required) (4.679ms)
✔ review2 P2 multiple same-provider bindings advisory only (dm_session:ok,read_comment:missing_permission) (2.366459ms)
✔ review2 P2 multiple same-provider bindings advisory only (dm_session:review_required,dm_session:ok) (2.24425ms)
✔ review2 P2 actual scoped A12 409 capability refusal remains visible after advisory submit (11.926875ms)
✔ review2 P2 missing health and single binding without named DM remain disabled (9.721333ms)
✔ review2 P2 expired cached issued link cannot be recopied or silently reissued (7.901834ms)
✔ P1-1 actual visible focus preserves pending ticket, selection, revision and real retry receipt (3.424375ms)
✔ P1-1 actual unchanged-session pageshow checks without clearing; changed-session focus expires (0.370291ms)
✔ P1-1 actual hide/reveal clears and requests fresh revision, never accepts obsolete completion (0.292125ms)
✔ P1-1 changed-session visible focus expires even with a pending request (0.185917ms)
✔ P1-2 actual A9 refresh 404 removes rendered DM and unsent draft (25.976416ms)
✔ P1-2 actual send-finally A9 404 removes DM, draft and uncertain immutable receipt (9.815459ms)
✔ actual uncertain send still retains exact receipt when A9 authority remains (0ms post-send A9) (2.552542ms)
✔ actual uncertain send still retains exact receipt when A9 authority remains (50ms post-send A9) (106.003833ms)
✔ actual A9 stale held completion cannot paint after component cleanup (1.487667ms)
✔ P2 actual A14 404 clears buyer facts and customer draft (explicit future-version MOCK) (1.727833ms)
✔ safe authority errors remain the actual InboxError transport class (0.050916ms)
✔ actual current A13 without version keeps A14 disabled; future MOCK grants no backend claim (1.006792ms)
✔ P1-2 actual A11 takeover write 404 clears private state despite failing follow-up A9 (1.633292ms)
✔ P1-2 actual A12 send write 404 clears private state despite failing follow-up A9 (1.710458ms)
✔ A13 server orders omission remains distinct from authorized omitted data (1.619625ms)
✔ A13 server orders omission remains distinct from authorized empty data (0.519666ms)
✔ A13 server orders omission remains distinct from authorized populated data (1.067916ms)
✔ actual shell-store-selector captures selection before synchronous privacy teardown (allowed=true) (110.15175ms)
✔ actual shell-store-selector captures selection before synchronous privacy teardown (allowed=false) (4.2165ms)
✔ actual locale-switch captures selection before synchronous privacy teardown (allowed=true) (6.852959ms)
✔ actual locale-switch captures selection before synchronous privacy teardown (allowed=false) (3.422625ms)
✔ persisted A9 UNKNOWN after page entry warns and blocks the real composer in en (26.378917ms)
✔ persisted A9 UNKNOWN after page entry warns and blocks the real composer in zh-TW (2.218833ms)
✔ persisted A9 UNKNOWN after page entry warns and blocks the real composer in zh-CN (3.003166ms)
✔ A12 queued ACK followed by final A9 UNKNOWN overrides the local queued notice and blocks another send (3.306541ms)
✔ a captured previously enabled composer cannot bypass final UNKNOWN learned by Refresh (2.979667ms)
✔ a later A9 page omitting the known UNKNOWN is not delivery reconciliation (3.168708ms)
✔ persisted queued is not mislabeled UNKNOWN and retains ordinary composer eligibility (1.225959ms)
✔ persisted sent is not mislabeled UNKNOWN and retains ordinary composer eligibility (1.175042ms)
✔ persisted failed is not mislabeled UNKNOWN and retains ordinary composer eligibility (0.890209ms)
✔ persisted blocked is not mislabeled UNKNOWN and retains ordinary composer eligibility (0.554125ms)
✔ fresh mount refuses when an old UNKNOWN is beyond 51 newer messages (fact=true) (1.033625ms)
✔ fresh mount refuses when an old UNKNOWN is beyond 51 newer messages (fact=null) (0.875875ms)
✔ fresh mount refuses when an old UNKNOWN is beyond 51 newer messages (fact=undefined) (1.087083ms)
✔ fresh mount refuses when an old UNKNOWN is beyond 51 newer messages (fact=false) (4.696416ms)
✔ a refreshed unknown authority replaces old clear authority even for a captured composer (1.769166ms)
✔ window strict eligibility with 300001ms before hard 24h deadline (17.025583ms)
✔ window strict eligibility with 300000ms before hard 24h deadline (3.368125ms)
✔ window strict eligibility with 60000ms before hard 24h deadline (1.72675ms)
✔ window strict eligibility with 0ms before hard 24h deadline (2.224375ms)
✔ window invalid server deadline fails closed without preparing a send (1.908167ms)
✔ window captured enabled form callback cannot POST after crossing safe cutoff (1.368416ms)
✔ window deadline timer closes controls at cutoff and hard end without waiting for 15s poll (1.006292ms)
✔ quota recovery gives exact zh-TW comment-quota and DM-window instructions beside copy only (0.727834ms)
✔ quota recovery gives exact zh-CN comment-quota and DM-window instructions beside copy only (0.201ms)
✔ quota recovery gives exact en comment-quota and DM-window instructions beside copy only (0.110375ms)
ℹ tests 123
ℹ suites 0
ℹ pass 123
ℹ fail 0
ℹ cancelled 0
ℹ skipped 0
ℹ todo 0
ℹ duration_ms 1479.647708
