✔ /products/{uuid} redirects permanently to the zh-TW product page (41.707959ms)
✔ non-uuid ids are 404, never redirected (81.451ms)
✔ AT1: the locale redirect preserves the ad-click query without allowing a redirect target (0.230334ms)
✔ R10: standalone signed signals survive a missing or expired seven-day touch (5.509791ms)
✔ R10: standalone signals reject expiry, bad signature, duplicates and another host (0.918375ms)
✔ AT1 R5: browser identity survives expired touch and rolls for ninety days (0.6165ms)
✔ AT1 R5: missing ad parameters create no cookies; fbclid alone creates no touch (0.561792ms)
✔ AT1 R5: lc_ad alone updates attribution and does not replace fbc (0.508875ms)
✔ AT1: host-only first-party cookies contain no PII and read back exactly (0.388291ms)
✔ AT1: a later valid click replaces the draft but preserves the browser identifier (0.135834ms)
✔ R10: only a different fbclid replaces fbc and its first-seen timestamp (0.229667ms)
✔ AT1: malformed and ambiguous links do not overwrite a valid prior touch (2.211125ms)
✔ AT1: host and key binding reject copied cookies (0.736625ms)
✔ AT1: duplicates and tampering invalidate the entire envelope (0.56675ms)
✔ AT1: exactly seven days is valid, the next millisecond and future clicks are not (0.52475ms)
✔ catalog list query limits equal the Go v2 parser (internal/buyerhttp/catalogv2.go) (30.777417ms)
✔ collection list cap equals Go maxCollectionsPerStore (10.560125ms)
✔ design caps equal internal/design/schema.go (nav, sections, pages) (3.1935ms)
✔ CVS buyer-entered store bounds and return path equal Go (internal/checkout/cvs.go, migration 0093) (6.053542ms)
✔ transfer view: closed shape and state rules mirror Go validTransferView (2.817292ms)
✔ proof body and result: five digits, positive minor amount, ISO instant (0.685541ms)
✔ minorFromText: major units with at most two decimals, never a float surprise (0.474083ms)
✔ buyer email mirror: one plain address, 254 characters at most (0.292417ms)
✔ countdown: whole hours and minutes, never negative (0.96625ms)
✔ copy: three locales carry every key and every refusal code (0.604042ms)
✔ options: a home row lists modes only with bank_transfer and then needs its window (1.065625ms)
✔ checkoutInput: a home bank_transfer body, the optional trimmed email, and every refusal before any request (1.132625ms)
✔ order: AWAITING_TRANSFER is a valid commercial state without a hold time (0.474208ms)
✔ BFF: exact transfer routes, keyed proof PUT, strict body, validated answers, no generic proxy (124.755625ms)
✔ BFF: transfer refusal codes pass through as definite 422; checkout accepts bank_transfer and a valid email only (10.958916ms)
✔ D06 order heading follows a settled transfer: never 'waiting for transfer' above a confirmed or expired one (0.112084ms)
✔ uncertain prepare blocks all mutations; changed cookie context resolves journal (31.6325ms)
✔ fully parsed local denial clears only its own pending operation (0.791583ms)
✔ malformed journal, unavailable lock and stale context fail before writes (1.209958ms)
✔ BPT05 exact handoff permits absent body/key, one fetch, no form persistence (23.948375ms)
✔ BPT05 wrong handoff form and ordinary writes fail before any fetch (0.548375ms)
✔ BPT05 unresolved cookie journal blocks handoff; lost response is one fetch without persistence (0.156708ms)
✔ SU02 refresh permits absent body/key, one fetch, no persistence (0.20675ms)
✔ SU02 refresh rejects a body, a key or a malformed path before any fetch (0.152042ms)
✔ SU02 cancel permits absent body/key, one fetch, no persistence (0.106375ms)
✔ SU02 cancel rejects a body, a key or a malformed path before any fetch (0.102625ms)
✔ BPT01 exact private path, headers, body and three-locale one-fetch transport (152.911167ms)
✔ BPT02 payment routes reject untrusted path, context, headers, key and body before fetch (11.346875ms)
✔ BPT03 hostile upstream success is sanitized, never returned as payment data (6.498083ms)
✔ BPT04 every handoff failure is nonretryable, including pre-route and transport loss (7.995791ms)
✔ SU02 five routes: exact upstream path, method, key, body, one fetch each (2.347333ms)
✔ SU02 refresh and cancel are keyless and pass every CSRF/context denial before fetch (65.701084ms)
✔ SU02 every handoff/refresh/cancel failure is nonretryable and sanitized (19.599083ms)
✔ SU02 hostile Stripe bodies become the sanitized 503; PAYUNi and Stripe bodies stay byte-identical (6.285542ms)
✔ SU02 prepare accepts only the two known method codes (14.613ms)
✔ disabled and invalid configuration fail closed before private fetch (24.341916ms)
✔ private authority, cookie lifecycle and strict local denial (147.25925ms)
✔ bad host, cookie, query and method never reach private API (1.171167ms)
✔ stalled inbound POST body is canceled at its deadline without a cookie or private call (1.234875ms)
✔ R10: Begin forwards independently signed signals; browser attribution and forwarded hosts are not authority (2.505541ms)
✔ CVS BFF: exact routes, keyed open/store, keyless verify, validated answers, no generic proxy (4.624958ms)
✔ CVS BFF: contract refusal codes pass through; pay_at_pickup_limit is a definite (non-retryable) 429 (5.799583ms)
✔ failed later transport session refresh keeps an earlier observed cart eligible (219.444208ms)
✔ failed later 503 session refresh keeps an earlier observed cart eligible (117.036458ms)
✔ newer successful session supersedes a delayed valid A cart on cart (224.0765ms)
✔ newer successful session supersedes a delayed valid A cart on cart-fails (29.679333ms)
✔ newer successful session supersedes a delayed valid A cart on absent (225.3575ms)
✔ a completed same-context command fences an earlier valid cart read (41.124375ms)
✔ unmount still fences a delayed session refresh after separating issued and observed generations (267.283417ms)
✔ unmount still fences a delayed cart refresh after separating issued and observed generations (91.995667ms)
✔ round2 stale A session response cannot supersede newer refresh B or its lost-write Retry (219.772875ms)
✔ round2 stale A session response cannot supersede newer mutation B or its lost-write Retry (261.482833ms)
✔ rotated buyer context clears the prior cart on read and preserves the B receipt (76.975333ms)
✔ rotated buyer context clears the prior cart on lost-write and preserves the B receipt (165.838584ms)
✔ rotated buyer context clears the prior cart on refresh-read and preserves the B receipt (65.1485ms)
✔ lost first write keeps Retry alive: same context, same idempotency key, no second purchase (33.016791ms)
✔ fragment grammar accepts only one canonical token (0.492459ms)
✔ claim projections are closed (0.251791ms)
✔ claim token rides only its header on B1/B2 and is never echoed (36.105458ms)
✔ claim-priced cart edits send only SKU and quantity, keeping server price authority (5.196709ms)
✔ direct-checkout sold-out projection is mandatory, boolean and closed (5.212916ms)
✔ claim redeem shares the purchase lock, guards recovery and never persists the token (74.211708ms)
✔ ClaimLink removal projects live-priced survivors on ready and conflict pages (227.483083ms)
✔ ClaimLink revisit checks out applied A while pending B is sold out or unavailable (9.135ms)
✔ ClaimLink refreshes a nothing result after a second tab applied the claim (5.53125ms)
✔ ClaimLink does not navigate when a buyable claim target is absent or has changed quantity (7.555375ms)
✔ ClaimLink optional prior-order notice tolerates unreadable storage without bypassing recovery (18.940416ms)
✔ CVS01 map form: only the two ECPay e-map actions, exact fields, top-level-safe values (3.513125ms)
✔ CVS02 return path allowlist excludes /claim and anything but the checkout or product page (0.676417ms)
✔ CVS03 selection projection: VERIFIED<=>pickup, REJECTED<=>reject_code, absent keys read as null (1.078666ms)
✔ CVS04 buyer-entered store answer and request body (0.347875ms)
✔ CVS05 store code table (§16.1) keeps leading zeros and per-chain lengths (0.161ms)
✔ CVS06 recipient mirror: real-name width 4..10 (CJK=2), no digits/symbols/emoji; 09 mobile (0.626542ms)
✔ CVS07 checkout draft: name, phone and mode only; read once; corrupt/foreign shapes are dropped (0.211792ms)
✔ CVS08 return URL: only ?cvs_selection=<uuid> is accepted (0.086875ms)
✔ CVS09 buyer order projection and copy keys: nothing but PICKED_UP says picked up (0.10775ms)
✔ CVS10 error codes: field mapping, definite refusals, official links are https constants (0.207458ms)
✔ CVS11 client transport: verify is the one new keyless POST; the server refusal code rides BuyerClientError.detail (88.78775ms)
✔ every locale x page has a title, an updated line and at least one section (0.892958ms)
✔ locales share the section count and per-section body count of every page (0.910083ms)
✔ final text is only the owner-confirmed company facts (CR 81215167 name + registered address); nothing else is final (1.075708ms)
✔ a legal page is published only when every text on it is final; buyers see no link to an unpublished one (1.922125ms)
✔ data-deletion path is named in the privacy page of every locale (0.194792ms)
✔ pendingOwnerText lists exactly the texts that keep a page unpublished and is written for the owner (1.287416ms)
✔ a live (claim-origin) price replaces the catalog price and strikes it through (1.291208ms)
✔ without a live price the catalog price and its compare-at are shown unchanged (0.190834ms)
✔ a live price equal to or above the catalog price is shown as set (strike hidden by the UI guard) (0.155833ms)
✔ a live price strikes the catalog price, never the variant sale price (0.140583ms)
✔ order ref: 12 hex (dashes or spaces, any case) or a full id (0.445125ms)
✔ contact: one email or a phone of 6..20 digits (0.147666ms)
✔ body is exactly {order_ref, contact}; the answer is exactly {order_id} (0.130625ms)
✔ BFF lookup: no cookie needed, fresh token goes upstream, cookie only on 200 and it carries that same token (170.452541ms)
✔ BFF lookup: strict local denial before any private fetch (3.181875ms)
✔ copy: three locales carry every key (4.88875ms)
✔ MS4 srcset descriptors use actual decoded widths and deduplicate small renditions (0.392125ms)
✔ MS1 product rendition allowlist preserves trusted Host and never forwards buyer cookies (51.539417ms)
✔ MS2 invalid, duplicate, extra, encoded widths and non-product variants fail before fetch (3.728208ms)
✔ MS3 old-image fallback is never promoted to immutable; committed variants are cacheable (3.3015ms)
✔ TWD whole amounts show no decimals in every locale and at every magnitude (line, subtotal, total, zero) (32.841833ms)
✔ cents appear only when there are cents, then always as two digits; the minor-unit arithmetic is untouched (0.190625ms)
✔ digits come from the currency: JPY none, USD two when there are cents (2.142167ms)
✔ one formatter: no component, page or lib builds a currency Intl.NumberFormat outside lib/money.ts (13.9835ms)
✔ locale probe bounds a missing destination head with a route/device diagnostic (7.5305ms)
✔ locale probe clears its deadline when the real head promise completes (1.538333ms)
✔ warmup request interception has a precise local deadline and clears its timer (2.158833ms)
✔ warmup upstream completion has a precise local deadline and clears its timer (1.192875ms)
✔ warmup timer is cleared on upstream success and upstream rejection (0.801875ms)
✔ EARLY_HEAD route continues a missing-Referer request without resolving the English barrier (0.607125ms)
✔ fragment: exactly #o=<order id>&t=<43-char token>; anything else is null (0.82325ms)
✔ body is exactly {order_id, token, proof}; the answer is exactly the order the link named (0.163875ms)
✔ BFF link: no cookie needed, fresh token upstream, cookie only on a 200 naming the same order, link token never echoed (205.61525ms)
✔ BFF link: strict local denial before any private fetch (7.0075ms)
✔ copy: three locales, one refusal text, a retry and a lookup path (0.220416ms)
✔ BPU01 fresh payment writes exact metadata before prepare, one bodyless Take, no persistent form (172.272417ms)
✔ BPU01 lost prepare response replays original key/body only on explicit next click (3.348875ms)
✔ BPU01 lost handoff is permanently GET-only, even after a second click (8.715083ms)
✔ BPU01 storage, amount, scope and child/screen fences reject before irreversible writes (63.102666ms)
✔ BPU01 document/child loss after prepare but before Take leaves exact replay marker (2.356917ms)
✔ BPU01 malformed server handoff never submits and Take remains nonretryable (11.904084ms)
✔ BPU01 marker replacement before Take and after Take blocks release/form reuse (5.903083ms)
✔ BPU01 context replacement after prepare and after Take closes destination without form (2.273917ms)
✔ BPU01 synchronous destination refuses invalid locale before opening a window (0.142917ms)
✔ SU03 fresh Stripe pay: marker before prepare, one prepare, one handoff, navigate, URL never stored (0.930083ms)
✔ SU03 marker replay: lost prepare response replays key/body, no uncertain on PENDING view with leftover marker (1.873042ms)
✔ SU03 cross-device Continue needs no marker and never prepares (0.567166ms)
✔ SU03 marker/view matrix: PAYUNi marker on Stripe view and Stripe marker on PAYUNi view send nothing (0.908542ms)
✔ SU03 any other view renders without a POST (1.993584ms)
✔ SU03 CREATING: waits on the schedule without the lock, then hands off once when READY (13.116291ms)
✔ SU03 CREATING budget: 10 reads over 30 s, then the blank child is closed, no POST, no throw (10.454167ms)
✔ SU03 cancel_requested seen on the re-GET aborts before the handoff POST (1.36825ms)
✔ SU03 handoff outcomes: CREATING closes child, CLOSED/UNAVAILABLE/error/malformed reject; one POST each, never retried (2.837375ms)
✔ SU03 Stripe prepare errors, amount/currency mismatch and popup loss stop before any handoff (2.12625ms)
✔ SU03 two clicks make two handoff POSTs only because there were two clicks; sequential, none from reads (0.827167ms)
✔ SU03 navigate: validates again, needs an owned blank child, sets used before replace, no URL in errors (0.605334ms)
✔ SU03 refresh signal: keyless single POST, validated, throttled 1/10 s and 30 per page life, cancel never throttled (4.698833ms)
✔ SU03 signal failures are single-shot and sanitized: HTTP error, malformed body, wrong order (2.10175ms)
✔ private quote/option authority fields are required; only exact MANUAL home can checkout (2.554833ms)
✔ continue shopping advances only ordered version, clears hint, keeps SQL history authoritative (34.9995ms)
✔ lost next-cart response retries identical key/body and preserves a newer cart (7.530791ms)
✔ continuation never overwrites an already advanced cart (3.418333ms)
✔ unknown checkout blocks continuation without any business request (0.928834ms)
✔ two queued continuation clicks mutate once; stale order ID cannot clear another order (1.676584ms)
✔ CAS conflict resolves only after a newer cart is read (3.420708ms)
✔ locator removal failure retains next-cart journal and recovery survives missing locator (2.525417ms)
✔ order history summary rejects PII/unknown fields and malformed scope IDs (0.129542ms)
✔ native address validation mirrors printable Unicode, limits and phone; journal forbids PII (5.081542ms)
✔ address lost reply replays exact in-memory intent, then confirms current head (24.578042ms)
✔ address reload requires explicit new intent and exact observed CAS; stale head never auto-bumps (0.775583ms)
✔ old address receipt cannot confirm another tab's newer current head (23.648875ms)
✔ a late address CAS winner requires another explicit confirmation, not an automatic version bump (13.325625ms)
✔ checkout lost reply, queued duplicate and current GET reuse one key and one order (57.7835ms)
✔ uncertain checkout retains original journal across later 401/403/404/5xx and malformed success (8.405792ms)
✔ only a fresh definitive denial clears checkout; no order locator is invented (4.282792ms)
✔ locator storage failure after commit retains same key; reload GET failure keeps locator (2.867459ms)
✔ locator persisted but journal removal failed resumes pending receipt, not unrelated pointer (0.451333ms)
✔ unavailable storage, invalid locator and late changed context fail closed (52.035209ms)
✔ order locator readback mismatch and no-op journal removal both retain checkout recovery (4.5825ms)
✔ direct claim continuation refuses a newer ordered cart inside the purchase lock (5.934042ms)
✔ direct claim continuation keeps next-cart recovery after a conflicting clear (0.366542ms)
✔ collector projection: admitted for derived connections, absent/null for primary (0.865125ms)
✔ collector rejects identifiers, extra keys and malformed text (0.132875ms)
✔ disclosure renders the contract §5 line with all three slots substituted (0.117209ms)
✔ the disclosure line exists exactly when the hosted view returns a collector (0.085792ms)
✔ a shop or collector name with a replacement pattern is shown literally (0.051875ms)
✔ OrderPayment renders the disclosure with the view, above every pay button, through the helper only (0.984ms)
✔ BPT03 exact valid projection and Go nanosecond UTC timestamps (63.064916ms)
✔ BPT03 view rejects private fields, inconsistent state and malformed names (2.331083ms)
✔ BPT03 prepared receipt enforces exact original credit-card amount (1.319791ms)
✔ BPT03 hosted form and replay are exact, bounded and action-allowlisted (6.881458ms)
✔ SU01 Stripe views: fresh, both methods, attempt states, PAYUNi unchanged (0.4145ms)
✔ SU01 Stripe view negatives (0.243ms)
✔ SU01 prepared amounts follow the corrected per-currency table (0.145833ms)
✔ SU01 Stripe handoff union and every redirect_url negative (0.464875ms)
✔ SU01 payment signal is exactly {order_id, scheduled:boolean} (0.141ms)
✔ RUI01 refund summary: refunded states, pending money, absent ≡ null (1.124417ms)
✔ RUI01 refund summary negatives (0.795125ms)
✔ BPU03 neutral GET and POST return ignore every callback field and cookie (24.950792ms)
✔ primary origin: exact path/query, same host, and no URL-controlled destination (3.9225ms)
✔ GET and HEAD use trusted Host, private bounded uncached resolver and exact 301 (26.418541ms)
✔ no writes redirected; resolution failures fail closed; unknown hosts keep native 404 (1.775375ms)
✔ policy version is the frozen constant, in the customers-core D4 shape (3.052208ms)
✔ route table: exactly the four buyer privacy routes, methods and body kinds (7.296417ms)
✔ body shapes are closed and mirror the frozen Go inputs (no source, no policy_version) (0.295375ms)
✔ GET privacy validator: closed shape, erased owner holds no consent (0.293833ms)
✔ consent result and erasure summary validators (4.805458ms)
✔ buyer export envelope never carries customer_id (0.11925ms)
✔ failure classification: 410 and erased are the erased state (1.866416ms)
✔ copy: every locale has the same keys, the ads box discloses that sent events cannot be recalled (0.160875ms)
✔ selected option photo uses a main display slot without adding a fifth main image (3.436958ms)
✔ use-cover selection and a main-thumbnail selection restore the original main gallery (0.286125ms)
✔ cart thumbnail uses variant then catalog image_id, including when main images are absent (0.294875ms)
✔ migrated four-main/five-detail images stay separate when the option photo changes (0.581ms)
✔ real cart-detail composition uses server SKU image_id (v2 detail available) (127.132291ms)
✔ real cart-detail composition uses server SKU image_id (v2 detail unavailable) (5.214875ms)
✔ parity: frontend caps equal the Go constants (1.937542ms)
✔ detail parser: 4 main + 20 detail + option-value images are accepted and mapped (0.702333ms)
✔ detail parser: 5 main, 21 detail, bad ids and over-cap option images are refused (0.141708ms)
✔ detail parser: a backend before product-media-v2 (no new keys) still parses with empty defaults (1.988125ms)
✔ v1 catalog row: images are main-only (<= 4) and image_id is a uuid or null (2.171875ms)
✔ PRO-S1 code mirror: any case and spaces normalise; impossible codes never become a request (5.031959ms)
✔ PRO-S2 promotion object: closed keys, kind/value pairing (1.684666ms)
✔ PRO-S3 quote validator: promotion is optional but never malformed; the discount stays the server's own number (0.600875ms)
✔ PRO-S4 journal grammar: a quote write may carry one canonical promo_code, nothing else (0.579083ms)
✔ PRO-S5 copy: three locales cover every refusal code and the same keys (0.616541ms)
✔ PRO-S6 BFF quote route: promo_code relayed untouched when canonical, refused before the private API otherwise (37.606875ms)
✔ PRO-S7 BFF: every promo_* refusal is a definite, non-retryable 422 with its own code (2.621292ms)
✔ demonstration disclosure is explicit and local-only (0.999958ms)
✔ cart selection preserves unrelated SKUs and the observed CAS version (5.544292ms)
✔ minor amounts are bounded before multiplication, including zero (0.078541ms)
✔ delivery identity includes country for one market and method (0.061625ms)
✔ journal is bound to context and rejects PII/unknown fields (0.22025ms)
✔ lost response replays exact key/body, then clears only after parsed receipt (126.444ms)
✔ RUI02 buyer order admits MERCHANT_SHIPPED only with a SHIPPED head; absent shipment ≡ null (1.57175ms)
✔ RUI02 shipment shape negatives (incl. unsafe links) (0.76025ms)
✔ RUI02 history summary admits MERCHANT_SHIPPED (a shipped order must not break the list) (1.086833ms)
✔ CVSP01 options: CVS rows carry pickup_selection/payment_modes; unavailable rows are a separate shape (1.029584ms)
✔ CVSP02 CVS destination write: TW only, pickup_id required, empty home address; home unchanged (18.910959ms)
✔ CVSP03 checkoutInput: payment_mode only for CVS rows and only a mode the row offers (6.174042ms)
✔ COD confirmation includes expected fee, enforces collect cap and validates immutable order money (0.320208ms)
✔ CVSP04 buyer order: pay_at_pickup <=> collection_state; cvs_shipment only on a matching CVS destination (0.27325ms)
✔ CVSP05 journal accepts a CVS destination marker and a checkout body with payment_mode, nothing else (0.20375ms)
✔ validProduct accepts up to the Go photo cap and rejects one more (5.930417ms)
✔ design: garbage and hostile documents collapse to the safe default shape (9.37325ms)
✔ design: links, preview token propagation, nav resolution (0.178167ms)
✔ design: any merchant accent yields readable button text and link colour (WCAG AA) (0.250833ms)
✔ variants: resolution, disabled out-of-stock combinations, initial choice, price bounds (0.160917ms)
✔ catalog-v2 parsers accept the frozen shapes and refuse drift (32.189541ms)
✔ free-delivery progress words the hint only when a threshold exists (0.955042ms)
✔ list query: only whitelisted, canonical values survive (3.202125ms)
✔ seo: JSON-LD cannot break out of its script tag; offers reflect stock and price range (11.423083ms)
✔ seo: sitemap escapes and carries hreflang; robots refuses everything for a closed host (0.241625ms)
✔ money: whole amounts drop cents, minor digits come from the currency, filters round-trip (1.534375ms)
✔ cart line write: replaces one line, keeps the others, 0 removes, CAS version is the one shown (1.905834ms)
✔ cart problems map to buyer-facing classes without leaking transport detail (0.11875ms)
✔ checkout options accept the optional free-shipping threshold only as a positive integer or null (0.194792ms)
✔ no-image placeholder copy: exactly the locale label a photo-less card or gallery renders (0.053ms)
✔ storefront image caps equal the Go catalog caps (internal/catalog MaxMainImages, MaxDetailImages) (6.648209ms)
✔ design text limits count code points like Go, never splitting a surrogate pair (0.623167ms)
✔ G3: same-series cards exclude the current product and never invent absent draft/foreign products (0.583084ms)
✔ G5: safety guidance exists in three languages without changing the five merchant policy approval boundaries (0.851875ms)
✔ G4: category chips omit empty collections; hidden collections absent from the public API stay absent (0.063709ms)
✔ OrderHistory renders server order instant in Taipei (10.982667ms)
✔ ClaimLink renders claim expiry in Taipei (3.675167ms)
✔ BankTransfer renders deadline and proof instant in Taipei (5.879667ms)
✔ BankTransfer proof echo labels store time in en (2.390834ms)
✔ BankTransfer proof echo labels store time in zh-TW (1.9895ms)
✔ BankTransfer proof echo labels store time in zh-CN (2.294459ms)
✔ BankTransfer input describes the device zone in en (1.744125ms)
✔ BankTransfer input describes the device zone in zh-TW (3.369ms)
✔ BankTransfer input describes the device zone in zh-CN (2.127833ms)
✔ BankTransfer input has a generic label when Intl has no zone in en (2.719ms)
✔ BankTransfer input has a generic label when Intl has no zone in zh-TW (6.897125ms)
✔ BankTransfer input has a generic label when Intl has no zone in zh-CN (3.433333ms)
✔ ShopFooter uses Taipei year across UTC year boundary (4.24875ms)
✔ BankTransfer deadline labels store time in en (2.973459ms)
✔ BankTransfer deadline labels store time in zh-TW (4.078ms)
✔ BankTransfer deadline labels store time in zh-CN (1.836917ms)
✔ OrderHistory states the Taipei time zone once in en (1.870625ms)
✔ OrderHistory states the Taipei time zone once in zh-TW (1.204625ms)
✔ OrderHistory states the Taipei time zone once in zh-CN (1.724709ms)
✔ dictionaries have exact parity and non-empty values (0.68125ms)
✔ locale precedence and language quality mapping (0.652334ms)
✔ localized paths preserve deep links and reject dangerous input (0.440583ms)
✔ path locale only matches a canonical first segment (0.056542ms)
✔ the four constructs render (0.781375ms)
✔ XSS payloads stay inert text (0.977167ms)
✔ fuzz: any string over a hostile alphabet renders only whitelisted tags (10.220792ms)
✔ validator mirrors the Go rules (0.207417ms)
✔ SDN1 allowlist: exactly the contract routes, per method (1.86825ms)
✔ SDN1 allowlist: traversal, case, suffix and prefix tricks never match (0.773792ms)
✔ SDN1 request shape: no query string anywhere, reads carry no body, key, length or transfer-encoding (89.99725ms)
✔ SDN1 cap: 260 KiB = Go's 256 KiB document + 4 KiB envelope, and a body of exactly the cap is still below it (0.145875ms)
✔ SDN2 renderer: every XSS payload comes out as whitelisted tags and escaped text only (2.039625ms)
✔ SDN2 renderer: escape-first means the merchant's text never becomes markup (0.598458ms)
✔ SDN2 renderer: fuzz (seeded) never produces a tag outside the whitelist (206.88525ms)
✔ SDN2 client validator rejects what the server rejects (HTML, non-https links, `<` anywhere) (0.222625ms)
✔ cleanForSave turns cleared fields into null but keeps an empty body (0.986792ms)
✔ localIssues names each missing mandatory value by server path (0.595916ms)
✔ moved swaps neighbours and ignores out-of-range moves (0.079ms)
✔ parsers accept the exact Go shapes and refuse extra or missing keys (0.373625ms)
✔ BFF allowlist covers exactly the design resources (0.534459ms)
✔ validDesignRequest refuses queries and bodies on reads, ignores other paths (217.36525ms)
✔ designDetails forwards only a bounded {path, reason} pair (0.3445ms)
✔ accepts exactly the three locale invite paths with a 20-200 char token (0.459375ms)
✔ rejects anything that is not an exact same-origin relative invite path (0.091959ms)
✔ rejects percent-encoded variants of the exact shape (0.053208ms)
✔ the token is an opaque invite token shape, never a URL (0.053584ms)
✔ fragment carrier: round-trips the exact invite path, is never a query string, and rejects hostile fragments (0.206708ms)
✔ dashboard: accepts the frozen shape, rejects drift (5.571417ms)
✔ import result: strict keys, closed error codes, committed never carries errors (3.268834ms)
✔ csv file guard mirrors the Go bounds (0.744375ms)
✔ manual options: a COD home row parses with its offer (D01: the page used to refuse the whole list) (2.262541ms)
✔ manual options: only bank_transfer / pay_at_pickup / cash_on_delivery, key must equal market|country|code (0.508167ms)
✔ manual result: link is https with the order id and a 43-char capability in the fragment only (0.826708ms)
✔ draft: first problem, and the body has no price-like field at all (1.318333ms)
✔ BFF grammar: exactly the seven tools resources (0.135166ms)
✔ regenerate body/result: exactly {order_id, locale} and a fresh https link naming that order (0.274583ms)
✔ copy parity: every locale has every key, import rules and error codes (1.2855ms)
✔ callback redirect target is always a same-origin /<locale>/settings path whatever the cookies, store, code or error say (3.951625ms)
✔ the binding cookie: exactly one canonical store uuid, path-scoped to the callback, HttpOnly, Lax, 10 minutes, Secure (0.590875ms)
✔ callback query: exactly one code and one state within charset/length bounds; Meta's error=… and repeats are not forwarded (1.715834ms)
✔ the dialog URL the BFF hands the browser is https://www.facebook.com only (0.493334ms)
✔ callback error mapping only ever yields fixed codes, never an upstream message (0.17675ms)
✔ selected Page qualifies only a bare Facebook id, never rewrites another Page or external URL (1.838916ms)
✔ status: not connected, connected with and without Instagram, and every deviation throws (25.352625ms)
✔ pick state: closed shape, optional Instagram keys come as a pair, id must match (1.700709ms)
✔ route grammar: only status/states/pick/disconnect; start and callback are dedicated routes; no query; reads carry no body or key (28.810042ms)
✔ connect cookie, body and callback redirect never carry code/state and only fixed codes (0.681125ms)
✔ copy: three locales have the same keys and every Go error code has a message (0.647875ms)
✔ review-required remains restricted; evidence does not promote state (2.175833ms)
✔ legacy omission remains unidentified, independent of array order (0.456125ms)
✔ closed shapes reject unknown state/provider/evidence, leaked fields and inconsistent severity (0.998209ms)
✔ duplicate capabilities/pages and unbounded arrays cannot become trusted state (0.40275ms)
✔ worst Page determines advice, no raw upstream reason reaches copy (0.41175ms)
✔ recheck receipt means scheduled; timestamps and closed keys are checked (0.349417ms)
✔ exact keyless route grammar rejects query/key/body confusion (55.219334ms)
✔ recheck takes exactly page_id and no caller-provided scope (0.839792ms)
✔ blocking advice comes from the blocking capability, not a secondary public-reply warning (0.693958ms)
✔ clean health browser mode prepares admin standalone before starting its fixture (125.642583ms)
✔ en: expired connection retains its full refusal inside a wrapping badge (25.990292ms)
✔ zh-TW: expired connection retains its full refusal inside a wrapping badge (2.046334ms)
✔ zh-CN: expired connection retains its full refusal inside a wrapping badge (1.231125ms)
✔ actual B1 snapshot state remains ok even when a fixture expected review_required (0.089833ms)
✔ D02 TWD input: whole dollars only, x100 on the wire (79.397417ms)
✔ D02 TWD edit text: whole dollars have no decimals; a legacy amount with cents is never shown as another price (0.257083ms)
✔ D02 display: NT$ without decimals in every language, cents only when there are cents (47.422125ms)
✔ D02 live-price input (Studio claims): TWD whole dollars, other currencies their decimals (1.0755ms)
✔ D02 discount code amounts: TWD whole dollars, a decimal is refused before it is sent (5.903166ms)
✔ D02 no admin copy or component says 'minor units' to the merchant (398.292584ms)
✔ M06 time: Asia/Taipei everywhere, labelled, never UTC (25.650458ms)
✔ settings answer: exactly one boolean key (2.608292ms)
✔ PUT body is the frozen single key (5.495958ms)
✔ BFF grammar: GET read, PUT keyed command, nothing else (0.783916ms)
✔ copy: three locales, same keys, no empty text (0.43725ms)
✔ PRM01 parse: exact keys, kind/value pairing and ranges; duplicates and unknown keys are refused (3.692458ms)
✔ PRM02 Taipei wall time: +08:00 on the wire, instant shown back in Taipei, impossible dates refused (212.901125ms)
✔ PRM03 create body: normalised code, major units to minor units, optional fields null, whole body validated (9.118125ms)
✔ PRM04 update + toggle: version CAS key, form round trip, pause keeps every other field (1.294167ms)
✔ PRM05 BFF grammar: exactly list, create and update; nothing generic (0.607709ms)
✔ PRM06 copy: three locales carry the same keys and every refusal code the Go routes can answer (2.731334ms)
✔ G-UI3/G-UI5 architecture constraints pass with shrinking legacy exceptions (2290.241458ms)
✔ G-UI3/G-UI5 negatives: new formatter, component fetch, >800 lines and wider allowance fail (0.802125ms)
✔ Readiness jump controls expose the actual active section, not a click flag (1.784708ms)
✔ Integrator P2: legal CN comment ordering and a distinct three-image recommendation (7.39075ms)
✔ ADM04 and ADM06 explain unavailable SKUs and keep collection vocabulary consistent (1.026416ms)
✔ ADM06 create/detail titles share the route vocabulary without adding a phantom Next page (6.581ms)
✔ G-UI1 Next pages and route registry are bidirectional, unique, typed, documented (4.731084ms)
✔ G-UI1 copy key parity: no missing or extra key in any locale (0.268959ms)
✔ G-UI2 staff without catalog:read cannot see products/inventory or open a product URL (2.858333ms)
✔ G-UI2 every route permission is a permission Go knows, and /orders/new needs inventory:reserve (853.493542ms)
✔ G-UI1 dynamic and public routes match, details never appear as navigation (0.670667ms)
✔ W6-U2 ledger is a settings in-page route, preserving existing navigation (0.213083ms)
✔ Every browser spec clicks nav-orders: the orders group stays a singleton, so returns/new/print routes are nav: false (0.224458ms)
✔ shell-registry: every routed path has exactly one nonempty shared h1 in all three locales (533.457334ms)
✔ shell-registry: orders stays one actual group button on live and non-live routes (2.644542ms)
✔ shell-registry: loading/expired/unavailable/forbidden keep one safe heading and never leak private content (7.420292ms)
✔ created address is a strict HTTPS origin matching the assigned handle (0.532ms)
✔ DNS instructions must name the requested origin and a bare hostname target (1.495708ms)
✔ domain kind is authoritative and closed, not inferred from host or token (2.237209ms)
✔ apex DNS retains every concrete IPv4/IPv6 address and rejects malformed values (9.995833ms)
✔ pending domain journal preserves exact action/key/target; legacy or corrupt markers never replay (2.481791ms)
✔ browser-origin gate: every refusal happens before Go is called, for every action (211.477333ms)
✔ only POST exists on the team routes (2.790791ms)
✔ unknown action is a local 404 and never reaches Go (2.224ms)
✔ strict request grammar: wrong keys, types, ids, roles, locales and token shapes are 422 locally (9.51825ms)
✔ what reaches Go: BFF key, bearer from the cookie, no Cookie/Origin, body unchanged, exactly one call per request (317.224833ms)
✔ Go failures are rebuilt locally from allow-listed codes, never retried, and never echo the token (436.292209ms)
✔ team answer: accepts the frozen shape, null role and OIDC member without email (1.027416ms)
✔ team answer: unknown key, unknown role, bad id, bad mail state are rejected (0.711833ms)
✔ invite and accept answers are strict (1.064125ms)
✔ request grammar: every action has an exact key set and rejects junk values (0.767792ms)
✔ copy: three locales carry the same keys and a label for every role (0.575916ms)
✔ role-aware navigation: hides entries the member's permissions cannot use; unknown shows all; Team is owner-only (0.57475ms)
✔ P02 settlements directory rejects missing/link/owner/group/mode with a valid control (1442.786792ms)
✔ preflight health permission grammars and API/worker consistency fail closed (6165.125333ms)
✔ merchant alert flag is explicit 0|1 and independently requires SMTP (3585.429708ms)
✔ shared loader makes API/worker LIVE pair file-only before Compose interpolation (1083.078458ms)
✔ export bind accepts omitted JSON false but rejects unsafe source/config mutations (2.236417ms)
✔ sanctioned operator allowlist and fail-closed gates (fake docker, no network) (6166.90875ms)
✔ platform operator custody, export mount and binary are wired (425.848958ms)
✔ actual export bind refuses a missing directory; enabling auto-create is detected (1142.696792ms)
✔ R3 preflight rejects cancelled PAYUNi, validates Page app and keeps LIVE pair mandatory (2354.428125ms)
✔ R3 smoke exercises exact denied probes, accepts 404 only for disabled mounts (357.7295ms)
✔ positive control: a complete, valid configuration raises no META_LOGIN finding (2680.756625ms)
✔ feature off (COMMERCE_META_LOGIN_CONFIG_ID empty): no rule applies even with the other keys empty (523.119833ms)
✔ P06: the Page route needs the webhook receiver (601.69475ms)
✔ P06: sessions come from identity (532.092542ms)
✔ P06: without the claims profile nobody sends the private replies (a WARN, not a FAIL) (686.815042ms)
✔ P08: COMMERCE_META_LOGIN_CONFIG_ID must be numeric ("abc") (542.674417ms)
✔ P08: COMMERCE_META_LOGIN_CONFIG_ID must be numeric ("12 34") (449.777708ms)
✔ P08: COMMERCE_META_LOGIN_CONFIG_ID must be numeric ("111111111111") (602.900791ms)
✔ P08: COMMERCE_META_LOGIN_CONFIG_ID must be numeric ("0x10") (715.162334ms)
✔ P08: COMMERCE_META_LOGIN_CONFIG_ID must be numeric ("-1") (715.500667ms)
✔ P08: COMMERCE_META_LOGIN_REDIRECT_URI must be exactly https://<LC_ADMIN_HOST>/api/meta/callback (wrong host) (508.832417ms)
✔ P08: COMMERCE_META_LOGIN_REDIRECT_URI must be exactly https://<LC_ADMIN_HOST>/api/meta/callback (http scheme) (521.304833ms)
✔ P08: COMMERCE_META_LOGIN_REDIRECT_URI must be exactly https://<LC_ADMIN_HOST>/api/meta/callback (the ads callback path) (359.322125ms)
✔ P08: COMMERCE_META_LOGIN_REDIRECT_URI must be exactly https://<LC_ADMIN_HOST>/api/meta/callback (trailing slash) (367.234792ms)
✔ P08: COMMERCE_META_LOGIN_REDIRECT_URI must be exactly https://<LC_ADMIN_HOST>/api/meta/callback (query string) (346.014625ms)
✔ P08: COMMERCE_META_LOGIN_REDIRECT_URI must be exactly https://<LC_ADMIN_HOST>/api/meta/callback (empty) (444.552125ms)
✔ P08: COMMERCE_META_LOGIN_GRAPH_VERSION grammar vNN.N ("26.0") (426.73925ms)
✔ P08: COMMERCE_META_LOGIN_GRAPH_VERSION grammar vNN.N ("v26") (603.572125ms)
✔ P08: COMMERCE_META_LOGIN_GRAPH_VERSION grammar vNN.N ("v26.0.1") (455.089041ms)
✔ P08: COMMERCE_META_LOGIN_GRAPH_VERSION grammar vNN.N ("latest") (806.375167ms)
✔ P08: COMMERCE_META_LOGIN_GRAPH_VERSION grammar vNN.N ("") (691.474667ms)
✔ P08: COMMERCE_META_LOGIN_GRAPH_VERSION grammar vNN.N ("v1000.0") (679.549583ms)
✔ P08: COMMERCE_META_LOGIN_GRAPH_VERSION accepts v26.0 (425.80275ms)
✔ P08: COMMERCE_META_LOGIN_GRAPH_VERSION accepts v22.0 (396.275084ms)
✔ P08: COMMERCE_META_LOGIN_GRAPH_VERSION accepts v99.9 (264.299833ms)
✔ production without any alert channel is a FAIL (nobody would hear the next outage) (2560.988208ms)
✔ outside production the same gap is only a WARN (527.267833ms)
✔ a webhook alone satisfies the rule (604.579167ms)
✔ an e-mail target with a complete relay (host, username, secret) satisfies the rule (502.510042ms)
✔ an e-mail target without the relay secret cannot be sent: FAIL in production, WARN elsewhere (1235.868625ms)
✔ the example's CHANGE_ME_SENDER placeholder is not a relay: the e-mail target cannot be sent (467.67625ms)
✔ LC_ALERT_EMAIL must be one plain address ("not-an-address") (603.207459ms)
✔ LC_ALERT_EMAIL must be one plain address ("two@fake.invalid,three@fake.invalid") (810.69775ms)
✔ LC_ALERT_EMAIL must be one plain address ("a b@fake.invalid") (616.561083ms)
✔ LC_ALERT_EMAIL must be one plain address ("<owner@fake.invalid>") (491.829375ms)
✔ LC_ALERT_EMAIL must be one plain address ("owner@fake") (492.578375ms)
✔ storefront cart-line removal is reversible: clicked for real, not guarded (1.028417ms)
✔ destructive / irreversible / sign-out classification (owner list, en + zh) (0.654375ms)
✔ alike controls (rows with ids / numbers) share one class key (0.117417ms)
✔ known defects classify, never silence: stale entries are reported (2.417792ms)
✔ the markdown ledger has one row per interaction and names the verdict (1.024833ms)
✔ protocolHrefOK accepts well-formed tel:/mailto: and rejects malformed ones (0.822375ms)
✔ J1 waits for enabled media and clicks a real chooser; the uploaded cover is bound to the main section (1439.013208ms)
✔ J1 cannot credit a detail-image receipt as the main cover (1.982459ms)
✔ J1 refuses a failed cover upload rather than continuing to activate (0.919209ms)
✔ thresholds are the named constants of the brief (3.5ms)
✔ R1: document wider than the viewport, and the outermost element past the edge (0.5235ms)
✔ R2: label tops, control tops and control heights of one visual row (1.850084ms)
✔ R2: what is one row and what is not (0.589958ms)
✔ R2: a button beside a field has to line up with its control (0.300625ms)
✔ R3: a row made tall by stacked controls, a control wider than its cell (0.465125ms)
✔ R3: a matrix whose EVERY row is doubled by a stacked stock cell (the median cannot see it) (1.214208ms)
✔ R4: small text, helper text apart, icons and duplicates excepted (0.168625ms)
✔ R5: tap targets on the 390 viewport only (0.530167ms)
✔ R6: interactive elements and text boxes that overlap (0.488584ms)
✔ R7: text clipped inside a control or label (either side), and select values that do not fit (0.294958ms)
✔ R8: the same visible label twice in one list (0.109708ms)
✔ evaluate() tags severity, selectRecords() keeps distinct groups first and counts every instance (0.318375ms)
✔ R9: text and controls flush to the screen edge at 390 (0.249875ms)
✔ R6/R9 judge the visible (ancestor-clipped) rectangle, not the raw one (integrator ruling 2026-10-05) (2.119875ms)
✔ R10: a fixed or sticky bar covering main content after scrolling (0.436583ms)
✔ R11: controls narrower than a usable width (0.222708ms)
ℹ tests 460
ℹ suites 0
ℹ pass 460
ℹ fail 0
ℹ cancelled 0
ℹ skipped 0
ℹ todo 0
ℹ duration_ms 25912.91375
✔ closed projections reject secret-shaped extras, invalid enums, IDs and contradictory capabilities (1.575417ms)
✔ detail accepts only bounded events and keeps actual server action flags (0.612333ms)
✔ BFF exact routes and request grammar forbid keys/body on reads, filters on detail and arbitrary writes (29.49925ms)
✔ copy parity, safe object navigation and UNKNOWN/protective reasons (0.198666ms)
✔ read-only store capability never exposes a command even if the state allows one (0.0655ms)
✔ duplicate escaped keys cannot bypass the exact command grammar (0.0475ms)
✔ query backoff affects only its operation and expires without another action (0.056916ms)
✔ merchant reason text translates ledger events and conceals unknown or prototype codes (0.106959ms)
✔ ledger read navigation requires effective integration:read permission regardless of role (0.327458ms)
ℹ tests 9
ℹ suites 0
ℹ pass 9
ℹ fail 0
ℹ cancelled 0
ℹ skipped 0
ℹ todo 0
ℹ duration_ms 194.943125
✔ OrderHistory renders server order instant in Taipei (327.122708ms)
✔ ClaimLink renders claim expiry in Taipei (23.084333ms)
✔ BankTransfer renders deadline and proof instant in Taipei (12.32275ms)
✔ BankTransfer proof echo labels store time in en (7.3855ms)
✔ BankTransfer proof echo labels store time in zh-TW (12.360084ms)
✔ BankTransfer proof echo labels store time in zh-CN (7.214833ms)
✔ BankTransfer input describes the device zone in en (5.694792ms)
✔ BankTransfer input describes the device zone in zh-TW (6.786459ms)
✔ BankTransfer input describes the device zone in zh-CN (4.315125ms)
✔ BankTransfer input has a generic label when Intl has no zone in en (15.523083ms)
✔ BankTransfer input has a generic label when Intl has no zone in zh-TW (7.904208ms)
✔ BankTransfer input has a generic label when Intl has no zone in zh-CN (11.31525ms)
✔ ShopFooter uses Taipei year across UTC year boundary (7.269334ms)
✔ BankTransfer deadline labels store time in en (3.578166ms)
✔ BankTransfer deadline labels store time in zh-TW (3.373333ms)
✔ BankTransfer deadline labels store time in zh-CN (5.373584ms)
✔ OrderHistory states the Taipei time zone once in en (5.696ms)
✔ OrderHistory states the Taipei time zone once in zh-TW (2.361375ms)
✔ OrderHistory states the Taipei time zone once in zh-CN (4.152708ms)
✔ Meta rejection wording is preserved as bounded Unicode text, never translated (1.37825ms)
✔ frozen error codes: model list equals the frozen list, each is read from both error shapes (0.832209ms)
✔ copy: every code, status, op state and connect error has text in all three locales (2.183958ms)
✔ copy never calls a budget a hard stop and never offers resume (1.587167ms)
✔ draft: every §5.1 status parses; unknown status/template/op state is an error, never guessed (1.164334ms)
✔ draft: optional fields, remote ids and the Ads Manager link (0.913292ms)
✔ action hints: pause whenever a remote id exists and not ENDED; a paused draft is only ever copied (X7) (0.528667ms)
✔ money: whole units to minor with integer math; TWD must be whole (61.907417ms)
✔ Taipei schedule: wall inputs and draft projections ignore the viewer zone (12.164125ms)
✔ Taipei schedule: invalid calendar days are rejected and all copy names UTC+8 (1.134292ms)
✔ draft input: exact 11-key body and every local rule (17.843084ms)
✔ draft form round trip and X7 copy (blank schedule, no id, no revision) (0.292666ms)
✔ settings parser: environment enum, connections, identities, capi (0.4215ms)
✔ connect state parser: pick list kinds and id match (0.12725ms)
✔ report: three separate blocks, orders may be null, no combined figure (0.26775ms)
✔ default report window is the Asia/Taipei store day whatever the viewer's zone is (Taipei midnight boundary) (228.170625ms)
✔ capi body and validation (0.485417ms)
✔ W6-06B unbind response: exact keys, account, UUIDs and outcome semantics (2.122708ms)
✔ W6-06B in-flight details preserve bounded items and total, reject unknown shapes (4.509291ms)
✔ W6-06B catalog feed has exact public URL/domain pairs or published-store empty (1.368833ms)
✔ W6-06B copy preserves unbind boundaries and feed recovery in three locales (0.12025ms)
✔ W6-06B feed selection follows origin order, not full feed URL order (1.196917ms)
✔ customer list accepts the frozen row and rejects unknown keys, dup ids, bad cursor, oversize (2.952958ms)
✔ customer row invariants: nulls for bundle-only/erased, counts, money, consents (0.315209ms)
✔ customer detail: bounded lists, order summaries reuse the orders parser, id must match (19.099709ms)
✔ erasure summary is four counts only (0.996583ms)
✔ finance summary: net = captured - refunded (I05), totals carry an empty day, sandbox flag (2.74675ms)
✔ financeDay is the UTC+8 day (0.324541ms)
✔ finance defaults keep Taipei dates across midnight, leap day and year end (0.644167ms)
✔ tags and notes are parsed strictly (W6-01B) (1.896541ms)
✔ TSX seam refuses an unlisted import (23.956375ms)
✔ Ads merchant timestamp uses Taipei at the year boundary (50.48775ms)
✔ Design version published_at cell uses Taipei at the year boundary (14.324625ms)
✔ ManualOrder bank-transfer expiry uses Taipei at the year boundary (16.180125ms)
ℹ tests 53
ℹ suites 0
ℹ pass 53
ℹ fail 0
ℹ cancelled 0
ℹ skipped 0
ℹ todo 0
ℹ duration_ms 808.464875
✔ OrderHistory renders server order instant in Taipei (9.403ms)
✔ ClaimLink renders claim expiry in Taipei (2.577333ms)
✔ BankTransfer renders deadline and proof instant in Taipei (2.75225ms)
✔ BankTransfer proof echo labels store time in en (1.935958ms)
✔ BankTransfer proof echo labels store time in zh-TW (1.989209ms)
✔ BankTransfer proof echo labels store time in zh-CN (2.304625ms)
✔ BankTransfer input describes the device zone in en (2.240334ms)
✔ BankTransfer input describes the device zone in zh-TW (2.953667ms)
✔ BankTransfer input describes the device zone in zh-CN (3.308125ms)
✔ BankTransfer input has a generic label when Intl has no zone in en (2.6255ms)
✔ BankTransfer input has a generic label when Intl has no zone in zh-TW (1.562542ms)
✔ BankTransfer input has a generic label when Intl has no zone in zh-CN (1.5165ms)
✔ ShopFooter uses Taipei year across UTC year boundary (2.252625ms)
✔ BankTransfer deadline labels store time in en (2.087584ms)
✔ BankTransfer deadline labels store time in zh-TW (1.5745ms)
✔ BankTransfer deadline labels store time in zh-CN (2.161084ms)
✔ OrderHistory states the Taipei time zone once in en (2.579542ms)
✔ OrderHistory states the Taipei time zone once in zh-TW (1.311583ms)
✔ OrderHistory states the Taipei time zone once in zh-CN (0.929375ms)
✔ Meta rejection wording is preserved as bounded Unicode text, never translated (1.150625ms)
✔ frozen error codes: model list equals the frozen list, each is read from both error shapes (0.500333ms)
✔ copy: every code, status, op state and connect error has text in all three locales (0.289125ms)
✔ copy never calls a budget a hard stop and never offers resume (0.279209ms)
✔ draft: every §5.1 status parses; unknown status/template/op state is an error, never guessed (0.392416ms)
✔ draft: optional fields, remote ids and the Ads Manager link (0.198334ms)
✔ action hints: pause whenever a remote id exists and not ENDED; a paused draft is only ever copied (X7) (0.663833ms)
✔ money: whole units to minor with integer math; TWD must be whole (9.913084ms)
✔ Taipei schedule: wall inputs and draft projections ignore the viewer zone (4.758084ms)
✔ Taipei schedule: invalid calendar days are rejected and all copy names UTC+8 (0.30675ms)
✔ draft input: exact 11-key body and every local rule (3.7585ms)
✔ draft form round trip and X7 copy (blank schedule, no id, no revision) (0.352875ms)
✔ settings parser: environment enum, connections, identities, capi (0.433917ms)
✔ connect state parser: pick list kinds and id match (0.125375ms)
✔ report: three separate blocks, orders may be null, no combined figure (0.551208ms)
✔ default report window is the Asia/Taipei store day whatever the viewer's zone is (Taipei midnight boundary) (6.6675ms)
✔ capi body and validation (0.40725ms)
✔ W6-06B unbind response: exact keys, account, UUIDs and outcome semantics (0.295292ms)
✔ W6-06B in-flight details preserve bounded items and total, reject unknown shapes (0.202667ms)
✔ W6-06B catalog feed has exact public URL/domain pairs or published-store empty (0.195875ms)
✔ W6-06B copy preserves unbind boundaries and feed recovery in three locales (0.07875ms)
✔ W6-06B feed selection follows origin order, not full feed URL order (0.073084ms)
✔ customer list accepts the frozen row and rejects unknown keys, dup ids, bad cursor, oversize (7.540416ms)
✔ customer row invariants: nulls for bundle-only/erased, counts, money, consents (0.418083ms)
✔ customer detail: bounded lists, order summaries reuse the orders parser, id must match (13.081667ms)
✔ erasure summary is four counts only (0.266709ms)
✔ finance summary: net = captured - refunded (I05), totals carry an empty day, sandbox flag (1.199625ms)
✔ financeDay is the UTC+8 day (0.096ms)
✔ finance defaults keep Taipei dates across midnight, leap day and year end (0.101583ms)
✔ tags and notes are parsed strictly (W6-01B) (0.620833ms)
✔ TSX seam refuses an unlisted import (7.0435ms)
✔ Ads merchant timestamp uses Taipei at the year boundary (26.9285ms)
✔ Design version published_at cell uses Taipei at the year boundary (7.676708ms)
✔ ManualOrder bank-transfer expiry uses Taipei at the year boundary (3.183583ms)
ℹ tests 53
ℹ suites 0
ℹ pass 53
ℹ fail 0
ℹ cancelled 0
ℹ skipped 0
ℹ todo 0
ℹ duration_ms 308.984209
✔ legacy display sentinels preserve a list row without admitting arbitrary or private data (4.047125ms)
✔ orders-v2 accepts bounded filters and Taipei inclusive dates; rejects ambiguity (2.490583ms)
✔ orders-v2 rejects client count approximations, unbounded or extra response data (0.216334ms)
✔ all three locales label every task queue, payment and delivery mode (0.390625ms)
ℹ tests 4
ℹ suites 0
ℹ pass 4
ℹ fail 0
ℹ cancelled 0
ℹ skipped 0
ℹ todo 0
ℹ duration_ms 112.436375
✔ numeric store IDs have no suggestion BFF or browser client (2.309625ms)
ℹ tests 1
ℹ suites 0
ℹ pass 1
ℹ fail 0
ℹ cancelled 0
ℹ skipped 0
ℹ todo 0
ℹ duration_ms 179.568333
✔ ADM10 operator sentence is localized while product and company facts stay authoritative (0.522458ms)
✔ PS review: actual Host matching normalizes case, port and a terminal DNS dot, never forwarded authority (0.324125ms)
✔ PS review: privacy/terms retain Messenger and Instagram purpose disclosure; deletion uses exact UI labels (0.1265ms)
✔ P2-N1 zh-TW/privacy: current comments and private reply, conditional inbound messages (0.087042ms)
✔ P2-N1 zh-TW/terms: current comments and private reply, conditional inbound messages (0.049458ms)
✔ P2-N1 zh-CN/privacy: current comments and private reply, conditional inbound messages (0.035917ms)
✔ P2-N1 zh-CN/terms: current comments and private reply, conditional inbound messages (0.051167ms)
✔ P2-N1 en/privacy: current comments and private reply, conditional inbound messages (0.047833ms)
✔ P2-N1 en/terms: current comments and private reply, conditional inbound messages (0.0475ms)
✔ PS1 legal identity is one untranslated source (0.112667ms)
✔ PS1 contact and hosts come only from configuration; production fails closed (0.434708ms)
✔ PS2 public routes default to zh-TW, restrict page/locale, and never include admin (0.469208ms)
✔ PS4 optional Meta verification value never has a fake default (0.08575ms)
✔ PS1 every locale uses the same product name in auth page titles (0.065667ms)
✔ PS1 public page copy has three complete locales, no invented operator identity or contact (0.202708ms)
✔ PS1 production build validates config; public data is not bundled through NEXT_PUBLIC (1.016334ms)
✔ PS review: admin image installs the manifests for its workspace dependencies before building (0.388333ms)
ℹ tests 17
ℹ suites 0
ℹ pass 17
ℹ fail 0
ℹ cancelled 0
ℹ skipped 0
ℹ todo 0
ℹ duration_ms 157.012042
✔ R11 SQL's exact receipt states are accepted; missing/forged operation/state remains unknown (0.80925ms)
✔ R11 durable receipt journal validates phase against exact operation state (0.341ms)
✔ R11 actual read control distinguishes replay/inflight/unknown/failure in en (4.120916ms)
✔ R11 actual read control distinguishes replay/inflight/unknown/failure in zh-TW (1.444ms)
✔ R11 actual read control distinguishes replay/inflight/unknown/failure in zh-CN (0.75825ms)
✔ unknown journal retains exact key/boundary and is scoped to store+session; malformed state fails closed (0.168ms)
✔ R12 read hook keeps network UNKNOWN on one key and explicitly refreshes acknowledged UNKNOWN (13.758875ms)
✔ actual POST transport uses CSRF and session fence; 403 independent of response text (21.533875ms)
✔ R10 ROAS has exactly two decimals in en (27.930458ms)
✔ R10 unknown ROAS is never fabricated as zero in en (0.13575ms)
✔ R10 ROAS has exactly two decimals in zh-TW (0.237167ms)
✔ R10 unknown ROAS is never fabricated as zero in zh-TW (0.041625ms)
✔ R10 ROAS has exactly two decimals in zh-CN (0.1785ms)
✔ R10 unknown ROAS is never fabricated as zero in zh-CN (0.147875ms)
✔ shared presentation preserves registry title and one empty buyer message in en (32.72775ms)
✔ R11 large linked-draft list is complete but collapsed in en (3.627375ms)
✔ shared presentation preserves registry title and one empty buyer message in zh-TW (7.268958ms)
✔ R11 large linked-draft list is complete but collapsed in zh-TW (2.904125ms)
✔ shared presentation preserves registry title and one empty buyer message in zh-CN (9.074583ms)
✔ R11 large linked-draft list is complete but collapsed in zh-CN (7.302042ms)
✔ R11 timeline distinguishes local unknown spend from explicit Meta zero in en (3.750584ms)
✔ R11 timeline distinguishes local unknown spend from explicit Meta zero in zh-TW (2.187208ms)
✔ R11 timeline distinguishes local unknown spend from explicit Meta zero in zh-CN (3.461417ms)
✔ R11 I12 nullable Meta evidence survives without becoming zero (0.388375ms)
✔ R11 actual panel rendering preserves unknowns and reconnect route in en (11.476375ms)
✔ R11 actual panel rendering preserves unknowns and reconnect route in zh-TW (11.878125ms)
✔ R11 actual panel rendering preserves unknowns and reconnect route in zh-CN (15.778167ms)
✔ D1, D6, R7: exact amounts and sources remain independent, account days stay labelled (0.246916ms)
✔ R12: null stays unknown and unread / unauthorised / insufficient remain different states (0.268042ms)
✔ R12 granted but unread audience offers a read, never reconnect in en (2.232667ms)
✔ R12 granted but unread audience offers a read, never reconnect in zh-TW (1.888ms)
✔ R12 granted but unread audience offers a read, never reconnect in zh-CN (1.611375ms)
✔ I12 forged / missing frozen fields never silently become zeros (0.986292ms)
✔ only whitelisted aggregates survive: extra identifiers and HTML are never interpreted (0.076833ms)
✔ attribution is a read-only BFF resource with exact bounded query grammar (0.345125ms)
✔ audience-read is exactly the new local intention POST and never a data GET or queried write (0.243334ms)
✔ route fails closed without ads:read and is not a duplicate navigation entry; locale keys match (0.107292ms)
ℹ tests 37
ℹ suites 0
ℹ pass 37
ℹ fail 0
ℹ cancelled 0
ℹ skipped 0
ℹ todo 0
ℹ duration_ms 619.390416
✔ card-payments copy: identical key sets in all three locales (2.04525ms)
✔ merchant terms are quoted verbatim (contract §5) in the enable dialog (0.163583ms)
✔ ruling-fixed strings: platform not OPEN and BLOCKED note (0.051709ms)
✔ error map covers every frozen refusal code from migrations/0137 (0.073458ms)
✔ no Stripe account id, key or approval id shape appears in any copy string (0.272542ms)
✔ storefront collector disclosure matches contract §5 templates in three languages (0.057917ms)
✔ the merchant terms in the dialog are the contract §5 sentence, extracted from the contract (0.427083ms)
✔ the storefront templates are the contract §5 lines, extracted from the contract (0.137625ms)
✔ settlement copy: deduction columns are labelled as deductions in every language, with a legend and the net formula (0.302667ms)
✔ there is no separate 'not on the allowlist' message: it reads as not open (review P1-2) (0.089709ms)
✔ card summary accepts the frozen shape incl. all-null platform NONE (0.841083ms)
✔ card summary rejects unknown keys, bad enums, bad money, bad version (0.309375ms)
✔ card result is exactly {state, version, max_minor, currency, descriptor_preview} (0.101833ms)
✔ descriptor suffix rule: charset, 2..10 chars, must contain a letter (0.128667ms)
✔ the suffix length rule is the charset rule's 10; the 22-character descriptor total stays the server's (SANDBOX L=10, LIVE PrefixLength) (0.0555ms)
✔ descriptor preview mirrors the contract projection (base + '* ' + suffix) (0.061167ms)
✔ settlement list accepts statements without payout/lines keys (omitempty) (0.385292ms)
✔ settlement detail carries lines whose count and sums match the totals (0.326083ms)
✔ settlement parsers reject malformed reads (0.87325ms)
✔ fees, refunds and disputes are signed exactly as the ledger stores them (1.241667ms)
✔ a returned fee is a positive line fee; the detail's lines must add up to the statement totals (0.709125ms)
✔ closed_at/paid_at accept the offsets PostgreSQL emits as well as Z (0.392625ms)
✔ a payout reference shaped like a Stripe key or account id is never displayed (0.626208ms)
✔ platform not OPEN: 'not open yet' and no enable control, for every non-OPEN state; the platform badge still tells why (0.744167ms)
✔ allowlisted + OPEN: enable from NONE/DISABLED, disable from ENABLED (0.082792ms)
✔ not allowlisted on an OPEN platform reads exactly like not open: the same message, no 'platform open' badge, no enable (review P1-2) (0.087458ms)
✔ BLOCKED: the suspended note, disable only, never enable (whatever the platform says) (0.057167ms)
✔ without billing:manage nothing can be changed, but the state is still readable (0.255583ms)
✔ enable carries the platform's current terms, the suffix and the version read; NONE starts at 0 (0.093292ms)
✔ disable never sends a suffix and quotes the terms the store accepted (the platform's may have moved on) (0.037708ms)
✔ a retained suffix is recovered from the final preview so a re-enable can keep it (0.040542ms)
✔ the period label shows the last day inside the (exclusive-end) week (0.972083ms)
✔ payout state: paid, pending only when money is due, none when the week nets to zero or less (0.057666ms)
✔ card-payments and settlements are nav:false routes, so no group loses or gains a nav button (0.149625ms)
✔ settlements need billing:manage, the card page integration:read; the owner opens both (0.114625ms)
✔ statement cells: a dispute reversal and a returned fee read as credits (+) and every deduction as -, and the columns add up to the server's net (10.007792ms)
✔ the detail parser requires the lines of a statement that has lines; a quiet week (line_count 0) may omit them (0.153916ms)
✔ route table: exactly the four resources, nothing generic (0.495834ms)
✔ query grammar: card and settlement-detail are exact; settlements takes before/limit only (0.241833ms)
✔ request fence: keyless PUT (CAS), bodyless GETs, no transfer-encoding (27.603208ms)
✔ PUT body is the exact frozen shape {enabled, terms_version, descriptor_suffix, expected_version} (0.721541ms)
✔ the BFF route wires the card grammar: keyless CAS PUT, exact body, no-store, auth required (1.14725ms)
✔ the real card summary parses and drives the display state machine (1.282875ms)
✔ the real statement list parses: newest first, no lines, three payout states (0.95325ms)
✔ every real detail parses with its lines and the lines add up to the statement (1.108792ms)
✔ an empty ledger parses to no statements (0.246ms)
✔ no account id, key or approval shape is in any real body (1.217875ms)
✔ the real statements display literally as signed contributions that add up to the server's net (14.679875ms)
ℹ tests 48
ℹ suites 0
ℹ pass 48
ℹ fail 0
ℹ cancelled 0
ℹ skipped 0
ℹ todo 0
ℹ duration_ms 158.9935
✔ option/slug/SKU caps equal internal/catalog (options.go, catalog.go) (5.296375ms)
✔ text caps equal the Go validators (name 120, description 8000, SEO 70/160, collection title 80) (1.956209ms)
✔ photo caps equal Go (MaxMainImages, MaxDetailImages, MaxImageBytes) and the SKU code pattern (1.767291ms)
✔ PE13 Cartesian matrix is local, preserves edits and deduplicates values (0.560125ms)
✔ PE13 bulk quantity skips negative rows without modifying them (0.110208ms)
✔ PE12 untracked document uses whole currency and per-order cap, never quantity (9.936083ms)
✔ PE14 missing readback is not guessed or silently cleared by full replacement (0.068291ms)
✔ bulk status accepts explicit per-item results, never empty or duplicated confirmations (0.248958ms)
✔ matrix refuses over 100 SKUs before expansion (0.097958ms)
✔ PR #1 4212540344: per-row matrix labels reappear where the matrix header is not visible (≤900px), desktop untouched (1.377375ms)
✔ PR #1 4212540352: pre-publish missing-items list collapses behind a real toggle at ≤900px instead of being removed (1.109375ms)
✔ parity: admin caps equal the Go constants (2.182542ms)
✔ image list: 4 main + 20 detail + 2 sku in role order is accepted (0.41625ms)
✔ image list: 5 main, 21 detail, wrong role order, gaps and extra keys are refused (0.140792ms)
✔ single image: role is required and its position is bounded by the role cap (5.215709ms)
✔ option text limits count Go runes rather than UTF-16 units (0.943791ms)
✔ PE14 new edit SKU carries its own shipping and clears no existing fields (18.868084ms)
✔ PE14 patch changes only price and preserves unmentioned fields (0.221042ms)
✔ PE14 on_hand is not available, zero target is transmitted, ambiguous warehouse refuses (0.286834ms)
✔ PE14 explicit clears and shipping remain per SKU on an active row (0.123458ms)
✔ PE14 archive supersedes every other edit on that SKU (b77eeb11) (0.134459ms)
✔ PE14 no-op has no command fields and changed axes explicitly archive omitted variants (0.110584ms)
✔ PE14 replacement SKU edit excludes create-only code from the strict patch grammar (0.270583ms)
ℹ tests 23
ℹ suites 0
ℹ pass 23
ℹ fail 0
ℹ cancelled 0
ℹ skipped 0
ℹ todo 0
ℹ duration_ms 124.158541
(node:30573) ExperimentalWarning: Transform Types is an experimental feature and might change at any time
(Use `node --trace-warnings ...` to show where the warning was created)
✔ UNKNOWN retry client authorization loss requires reconciliation, not a fresh command (3.587792ms)
✔ UNKNOWN retry 401 authorization loss requires reconciliation, not a fresh command (10.402291ms)
✔ UNKNOWN retry 403 authorization loss requires reconciliation, not a fresh command (0.833208ms)
✔ a conclusive command rejection stays distinct from authorization loss (0.711833ms)
ℹ tests 4
ℹ suites 0
ℹ pass 4
ℹ fail 0
ℹ cancelled 0
ℹ skipped 0
ℹ todo 0
ℹ duration_ms 140.273417
(node:30576) ExperimentalWarning: Transform Types is an experimental feature and might change at any time
(Use `node --trace-warnings ...` to show where the warning was created)
✔ offer controls read authoritative limits without parsing unrelated KEYWORD_QTY_CONTAINS window/stats (12.866208ms)
✔ offer controls accept 101 through the backend cap of 200 distinct offers, reject 201 (2.325583ms)
✔ offer toggle preserves exactly the authoritative maximum in the real M4 payload (3.895833ms)
✔ console BFF admits exactly A1/A7/A6 and A5 read/copy methods (0.450916ms)
✔ Next proxy admits the exact console family and results query before the BFF (49.951416ms)
✔ PR18 proxy preserves malformed A2 cursor as 400 invalid_cursor (0.492666ms)
✔ results query is canonical repeated session_id 1..50, everything else queryless (0.0815ms)
✔ real BFF route forwards only exact resources, authenticates scope and returns private scrubbed errors (45.748375ms)
✔ new commands reject unknown keys and preserve frozen copy/lifecycle/recommend body (0.205084ms)
✔ browser commands reuse Studio fences, exact no-comment recommend body and backend refusal codes (2.373334ms)
✔ results client preserves canonical ids/order and rejects invalid list before fetch (0.302125ms)
✔ stock client reuses catalog transport/key/parser and fences a changed login without retries (1.266458ms)
✔ journal replay sends the exact original method/path/body/key for all five commands (2.171416ms)
(node:30577) ExperimentalWarning: Transform Types is an experimental feature and might change at any time
(Use `node --trace-warnings ...` to show where the warning was created)
✔ A1 strict MOCK snapshot preserves unavailable counts, capability unknown and server stock (9.942083ms)
✔ A7 returns a separate lifecycle version and closed full KEYWORD_QTY_CONTAINS window (0.149334ms)
✔ A5 results retain separate environments/currencies and bind exact requested ids/order (0.166625ms)
✔ A5 copy parses real Go envelope, copied offer prices and KEYWORD_QTY_CONTAINS window (0.401167ms)
✔ A6 accepts optional operation UUID, never guessed send success (0.111958ms)
(node:30578) ExperimentalWarning: Transform Types is an experimental feature and might change at any time
(Use `node --trace-warnings ...` to show where the warning was created)
✔ Live settings navigation accepts a scene picker entry but never a malformed or unscoped deep link (5.767125ms)
✔ LC-B7 stock permission admits live_adjust without inventory:write, not unrelated grants (9.017166ms)
✔ Instagram comment total stays unavailable; Facebook observed count is not a platform total (0.628625ms)
✔ LC-U1 one primary action follows lifecycle, never planning or transport state (0.361875ms)
✔ LC-U1 stock target uses sellable delta and rejects fractions, negative and over-limit changes (0.548708ms)
✔ LC-U1 links only explicit FB post identities, never arbitrary URLs or guessed videos (0.486042ms)
✔ LC-U1 Facebook preview keeps the original no-frame CSP and uses a safe external link (2.069458ms)
✔ LC-U1 delayed copy completion cannot navigate after store switch or unmount (0.163834ms)
✔ LC-U1 receipt fence survives cookie rotation; pending replay still has a separate session boundary (0.435917ms)
ℹ tests 27
ℹ suites 0
ℹ pass 27
ℹ fail 0
ℹ cancelled 0
ℹ skipped 0
ℹ todo 0
ℹ duration_ms 398.48625
✔ Host subset: nested Provider and React19 context shadow defaults without sibling leakage (13.419917ms)
✔ Host subset: provider updates reach stable children and separate roots keep their own values (0.368958ms)
✔ Host subset: render errors restore context and hook ownership (18.656583ms)
✔ Host subset: portal children inherit logical context and retain handlers/state (0.369709ms)
✔ Host subset: portal target/key changes remount children and removal runs cleanup (2.379667ms)
✔ Host subset: createPortal rejects invalid DOM targets rather than swallowing children (0.148875ms)
✔ PR18 final public unresolved receipt survives relogin but coarse fence stays session-bound (0.153875ms)
✔ PR18 enabled downgrade gates hook output before passive cleanup (16.353958ms)
✔ PR18 enabled downgrade first all render hides rows buyer and composer (5.160584ms)
✔ PR18 enabled downgrade first private render hides rows buyer and composer (3.59675ms)
✔ PR18 R2 scoped404 a2 clears both private views and stops recovery reads (4.106834ms)
✔ PR18 R2 scoped404 a8 clears both private views and stops recovery reads (2.697875ms)
✔ PR18 R2 scoped404 older clears both private views and stops recovery reads (4.670792ms)
✔ PR18 A8 clears names synchronously and keeps loaded older pages through a head poll (3.213875ms)
✔ PR18 A8 paged list stays bounded across fresh heads and stops older at cap (206.838667ms)
✔ PR18 A8 hides clear before effects even without pagination (1.636875ms)
✔ PR18 deletion HEAD clears selected comment composer but keeps history and public guard (5.3285ms)
✔ PR18 short complete HEAD clears a covered selected comment and composer (5.9265ms)
✔ PR18 quiet A2 stream refreshes delayed claim marks without a new sequence or user refresh (2.267041ms)
✔ PR18 late claim automatically exposes keyword view and the reused BuyerPanel (5.548125ms)
✔ K3 A8 private polls every 10s, backs off, resets, pauses hidden and stops off-filter (10.298875ms)
✔ K3 A8 unreplied polls every 10s, backs off, resets, pauses hidden and stops off-filter (6.986792ms)
✔ K3 pasted tab is refused with invalid_text copy before any reply POST (0.943917ms)
✔ PR18 facts_unavailable mark uses actionable copy zh-TW (0.65125ms)
✔ PR18 facts_unavailable mark uses actionable copy zh-CN (0.513709ms)
✔ PR18 facts_unavailable mark uses actionable copy en (0.912166ms)
✔ real SQL UNKNOWN mark blocks public-mode switching without a local receipt (1.468333ms)
✔ PR18 unknown public receipt has the correct cross-comment fence (4.811417ms)
✔ PR18 queued public receipt has the correct cross-comment fence (3.086834ms)
✔ PR18 public guard releases only definite sent (1.052291ms)
✔ PR18 public guard releases only definite failed (0.830958ms)
✔ PR18 public guard releases only definite blocked (0.757417ms)
✔ PR18 public guard releases only definite refused (0.775333ms)
✔ PR18 P1 IG earliest50 refresh preserves100 rows selection and private draft (48.212375ms)
✔ PR18 final expired older cursor keeps live buffer selection and polling (1.698083ms)
✔ PR18 command refresh keeps epoch evidence while cursorless initial=0 (1.211916ms)
✔ PR18 command refresh keeps epoch evidence while cursorless initial=1 (1.228333ms)
✔ PR18 bounded window refresh removes FB deletion behind60 arrivals history=false (4.698ms)
✔ PR18 bounded window refresh removes FB deletion behind60 arrivals history=true (4.268958ms)
✔ PR18 bounded window refresh preserves explicit history until manual refresh (2.525ms)
✔ PR18 bounded window refresh atomically rebuilds IG100 deleted75=false (12.4115ms)
✔ PR18 bounded window refresh atomically rebuilds IG100 deleted75=true (12.428292ms)
✔ PR18 bounded window refresh stalled never publishes an incomplete IG window (12.234583ms)
✔ PR18 bounded window refresh budget never publishes an incomplete IG window (14.847083ms)
✔ PR18 bounded window refresh removes deleted IG final sequence (2.582042ms)
✔ actual A2 hook fake clock: 3/6/12/24/30 backoff, success reset, hide clears and stops, 403 locks (3.68175ms)
✔ actual reset clears selected buyer and rereads without the old epoch cursor (0.973833ms)
✔ reply hints, coded error, UNKNOWN and capability state execute the actual composer (1.09425ms)
✔ PR18 R2 templates read 404 denies the composer (0.498375ms)
✔ PR18 buyer-panel read 404: stays local (retention-purged or gone selection), console keeps access (0.495292ms)
✔ PR18 buyer-panel read 403: revokes the console scope (0.399125ms)
✔ PR18 seq coverage keeps older arrival with newer time and out-of-range rows (1.377625ms)
✔ PR18 seq coverage removes a missing numeric row despite its older created_at (0.270125ms)
✔ PR18 seq coverage never absence-deletes null history (0.518333ms)
✔ PR18 seq coverage treats epoch0 as an initialized cursor (0.651625ms)
✔ PR18 protected null history reserves capacity and never becomes numeric on overlap (6.591291ms)
✔ PR18 P1 IG earliest page and unknown authority never delete by absence (0.78425ms)
✔ PR18 short complete HEAD never expands numeric coverage to an absent oldest row (0.11275ms)
✔ PR18 full or cursor-bearing HEAD uses the same numeric coverage (0.093584ms)
✔ PR18 loaded history stays protected from short complete HEAD (0.076625ms)
✔ PR18 deletion HEAD removes absent refs inside its window (0.434459ms)
✔ PR18 deletion HEAD keeps paged history below its oldest tuple (0.061667ms)
✔ PR18 deletion is never inferred from incremental or older pages (0.080208ms)
✔ PR18 empty deletion HEAD is not evidence that any ref was deleted (0.036958ms)
✔ PR18 deletion coverage ignores equal timestamps and timezone spellings (0.059583ms)
✔ PR18 mixed FB and IG page orders normalize chronologically after dedupe (0.121ms)
✔ PR18 cap keeps newest1000 with mixed page order older=false (4.564458ms)
✔ PR18 cap keeps newest1000 with mixed page order older=true (5.233334ms)
✔ PR18 A3 invalid_ref remains a definite 422 refusal (0.207542ms)
✔ PR18 a full history buffer stops paging without discarding rows or advancing its cursor (0.419959ms)
✔ K3 reply text rejects every C0/C1 control except newline (0.702542ms)
✔ PR18 scan exhaustion parser requires a trusted explicit boolean (0.962875ms)
✔ PR18 approved seq DTO parser accepts safe numbers and explicit history null (0.345334ms)
✔ SQL operation marks map to every merchant-visible delivery state (0.067125ms)
✔ real bridge sealCursor uses payload.signature rather than plain base64url (9.6755ms)
✔ A2 grammar refuses private/duplicate/ambiguous cursors and keys on reads (0.824083ms)
✔ A3-A5 exact comment ref and bodies; explicit preemption private only (0.120959ms)
✔ A4/A5 preserve frozen refusal codes, never provider/debug text (0.046042ms)
✔ reset invalidates old buffers and cursor before reread; older page cannot advance live cursor (0.13125ms)
✔ filter resources have only authorised opaque ids; backoff is capped and success resets (0.059541ms)
ℹ tests 80
ℹ suites 0
ℹ pass 80
ℹ fail 0
ℹ cancelled 0
ℹ skipped 0
ℹ todo 0
ℹ duration_ms 774.229792
✔ Host subset: nested Provider and React19 context shadow defaults without sibling leakage (8.976167ms)
✔ Host subset: provider updates reach stable children and separate roots keep their own values (0.231917ms)
✔ Host subset: render errors restore context and hook ownership (0.242791ms)
✔ Host subset: portal children inherit logical context and retain handlers/state (0.347083ms)
✔ Host subset: portal target/key changes remount children and removal runs cleanup (0.160041ms)
✔ Host subset: createPortal rejects invalid DOM targets rather than swallowing children (0.094417ms)
✔ W3U3 ledger actual comes from an independent observation (7.283209ms)
✔ W3U3 ledger records failed observed criteria rather than constant PASS (3.25175ms)
✔ W3U3 denied 401 resets busy and running without remount (15.987833ms)
✔ W3U3 denied 403 resets busy and running without remount (1.590167ms)
✔ W3U3 denied 404 resets busy and running without remount (1.479417ms)
ℹ tests 11
ℹ suites 0
ℹ pass 11
ℹ fail 0
ℹ cancelled 0
ℹ skipped 0
ℹ todo 0
ℹ duration_ms 315.517334
✔ secondary failures preserve A1; only A1 is periodic; IG notice follows the platform/embeddability observation (262.762208ms)
✔ the existing console refresh also explicitly refreshes its parent list; no automatic list read (11.925166ms)
✔ parent forwards only an explicit refresh callback and retains the scene when list is unavailable (8.016833ms)
✔ every explicit browser response/event/navigation waiter has a finite sub-test budget (8.223458ms)
✔ A1 failures back off 3/6/12/24/30 seconds and success resets to five seconds (104.132459ms)
✔ Retry-After is a minimum; hidden tabs cancel polling; forbidden locks and conceals (48.864958ms)
✔ secondary reads are mount/refresh only, independent from A1 and non-fatal (31.932167ms)
✔ UNKNOWN journal restores the exact key/method/path/body and explicit retry after reload (29.358667ms)
✔ first definite 403 clears journal but locks commands; late success after navigation clears only its own key (34.239041ms)
✔ private reads preserve Retry-After seconds and dates, without changing existing error codes (29.211417ms)
✔ a restored in-flight or UNKNOWN request retains its journal after a replay 403 (114.933708ms)
✔ restored copy success dispatches completion only in the still-current scene (79.718917ms)
✔ SessionCopy resyncs closed same-ID titles, preserves open edits and cancels to latest draft (32.676583ms)
✔ SessionCopy submit uses latest version; UNKNOWN request survives later draft/input changes (26.603792ms)
ℹ tests 14
ℹ suites 0
ℹ pass 14
ℹ fail 0
ℹ cancelled 0
ℹ skipped 0
ℹ todo 0
ℹ duration_ms 756.086625
✔ claims window modes match Go constants and every SQL match_mode CHECK (12.665167ms)
✔ host prompt stays verbatim at the frozen trunk contract; Japanese is absent (2.118292ms)
✔ bundle parser accepts manual (labelled) and Meta (unlabelled) bundles (0.745125ms)
✔ bundle parser rejects unknown platforms and label/platform mismatches (0.495833ms)
✔ offer parser carries the live price and rejects every out-of-range or missing field (0.696958ms)
✔ library and import parsers are closed; removal receipt is the only version-0 shape (0.226291ms)
✔ price input: exact decimal minor units, never float, bounded to the currency's places (9.530458ms)
✔ live-tools copy exists in all three locales with the same conflict reasons (0.579125ms)
✔ claims BFF allowlist is exactly M1–M7 per method (1.068625ms)
✔ M7 link response shape is closed (0.176333ms)
✔ host prompt copy is the frozen text, verbatim (0.078875ms)
ℹ tests 11
ℹ suites 0
ℹ pass 11
ℹ fail 0
ℹ cancelled 0
ℹ skipped 0
ℹ todo 0
ℹ duration_ms 129.119792
NOT_RUN: tests/media/r04-input-runner.test.mjs (COMMERCE_R04_LIVEKIT_BINARY unset)
✔ main/detail/sku caps use the existing frozen image contract (0.626875ms)
✔ phone and tall dimensions fit2000 without enlarging small assets (0.147042ms)
✔ upload query requires one exact role and sku value; reads/actions carry no query (0.3865ms)
✔ role transport encodes current option values and refuses invalid identities (0.192333ms)
✔ effective image axis follows current options, then falls back to first (0.079291ms)
✔ detail and option photos cannot satisfy the main-photo recommendation (0.066542ms)
✔ PM-U copy has matching keys in ja and all currently routed locales (0.133291ms)
✔ real-upload mode builds both Next applications on a clean CI checkout (13.360125ms)
✔ upload recovery journal survives a new session while remaining product/store scoped (0.135ms)
✔ an option upload receipt requires its captured axis, value and image id on canonical readback (0.126167ms)
✔ failed durable recovery storage cannot authorize a media write (0.080292ms)
✔ an active product needs a main image after canonical media is known; repair paths stay possible (0.054458ms)
✔ empty media sections render a readable localized placeholder until photos are present (4.959292ms)
✔ real-upload mode never exits through the storefront MOCK shortcut (37.954666ms)
✔ a valid active zero-main product keeps an inline repair hint rather than a page error (3.539667ms)
✔ a new product issues the image-axis stage only for a chosen axis (0.7115ms)
ℹ tests 16
ℹ suites 0
ℹ pass 16
ℹ fail 0
ℹ cancelled 0
ℹ skipped 0
ℹ todo 0
ℹ duration_ms 290.049875
(node:30641) ExperimentalWarning: Transform Types is an experimental feature and might change at any time
(Use `node --trace-warnings ...` to show where the warning was created)
✔ a fitting PNG keeps the exact original File, bytes and alpha-capable format (2.403833ms)
✔ a JPEG exactly at both limits remains original, not a lossy re-encode (0.535125ms)
✔ an oversized phone JPEG is encoded below the cap after oriented scaling (0.681541ms)
✔ a large transparent PNG stays alpha-capable and is never painted with an opaque matte (1.659542ms)
ℹ tests 4
ℹ suites 0
ℹ pass 4
ℹ fail 0
ℹ cancelled 0
ℹ skipped 0
ℹ todo 0
ℹ duration_ms 101.657459
✔ HTTPS picklist fixture carries Secure session cookies automatically while preserving CSRF refusals (114.560208ms)
✔ batch controls stay compact until an order selection or live-session scope exists (0.259875ms)
✔ selection has XOR bodies, canonical unique IDs and separate 500/100 limits (0.43475ms)
✔ cross-page selection retains existing rows, deduplicates and refuses overflow atomically (0.778709ms)
✔ pick projection rejects PII/extra keys, invalid quantities and unmatched order identities (0.606917ms)
✔ batch replies bind one-for-one to confirmed orders and preserve uncertainty code (0.262334ms)
✔ pick/export POSTs reject keys and all query variants except one exact template (1.878541ms)
✔ CSV filename binds to selected template and store; no path/header injection (0.188583ms)
✔ MOCK browser fixture list matches the incumbent closed order parser (14.627291ms)
✔ recovery never clears an unknown or missing current attempt (0.206291ms)
✔ recovery and order-detail MOCK fixtures satisfy real read parsers (9.441416ms)
✔ order selection can read its session fence during SSR without browser globals (1.131375ms)
✔ MOU keeps native headed checks runnable on a Linux CI worker without DISPLAY (25.46975ms)
✔ pick fixture serves the scoped parcel reads required by the orders page (5.142666ms)
ℹ tests 14
ℹ suites 0
ℹ pass 14
ℹ fail 0
ℹ cancelled 0
ℹ skipped 0
ℹ todo 0
ℹ duration_ms 439.714792
✔ bodyless dissolve DELETE (empty body stream, no content-length) reaches Go with the CAS query, no body, no key (15.593917ms)
✔ every parcel DELETE must carry exactly one expected_version >= 1 (never forwarded without it) (1.590125ms)
✔ a DELETE that declares a body or chunked framing is refused (0.306416ms)
✔ DELETE needs the session, origin and CSRF like every command; other DELETEs stay unsupported (0.803583ms)
✔ GET parcel-groups (open groups read) and merge-suggestions pass with no query; a query or key is refused (12.99475ms)
✔ actual MOU parcel runner selects and collects the real parcel browser case (464.721625ms)
✔ merge suggestions accept the frozen shape (server-masked recipient) and reject drift (1.813333ms)
✔ created group requires the OPEN state and its members (0.128625ms)
✔ dissolved group is exactly id/state/version (0.07675ms)
✔ group shipment carries one SHIPPED version per member (3.299166ms)
✔ open groups (GET parcel-groups) accept the frozen shape and fail closed on drift (1.830042ms)
✔ reconcile: a reload rebuilds OPEN panels, a vanished OPEN group is dropped, history and live versions are kept (0.204375ms)
✔ three locales cover the same keys and every refusal code (0.20075ms)
✔ the owner-ruling sentence is exact in all three locales (0.043708ms)
✔ the in_parcel_group copy is the same sentence in parcels-copy (blocked + errors) and orders-copy, in every locale (0.068625ms)
✔ groupOfOrder prefers the OPEN group over retained SHIPPED/DISSOLVED history (0.122042ms)
✔ parcelOrderNumber is the canonical LC-<32 uppercase hex> order number and matches the open-group parser (0.111083ms)
✔ parcel refresh generation: bumped by every successful poll, whatever the cursor (0.040333ms)
✔ parcel refresh generation: an in_parcel_group refusal bumps it, other refusals do not (0.041834ms)
✔ exactly the five W3-07B resources route (1.625292ms)
✔ dissolve carries exactly ?expected_version=N (N >= 1) (0.372375ms)
✔ readMergeSuggestions 401 immediately purges parent scope and refuses late sibling 200 (19.485542ms)
✔ readMergeSuggestions 403 immediately purges parent scope and refuses late sibling 200 (6.486083ms)
✔ readMergeSuggestions 404 immediately purges parent scope and refuses late sibling 200 (4.708625ms)
✔ readOpenParcelGroups 401 immediately purges parent scope and refuses late sibling 200 (3.588417ms)
✔ readOpenParcelGroups 403 immediately purges parent scope and refuses late sibling 200 (6.708958ms)
✔ readOpenParcelGroups 404 immediately purges parent scope and refuses late sibling 200 (8.28725ms)
✔ readMergeSuggestions 503 preserves parent and local retry recovers actual DTOs (5.293167ms)
✔ readOpenParcelGroups 503 preserves parent and local retry recovers actual DTOs (6.819083ms)
✔ captured parent groups callback refuses hidden scope (9.748917ms)
ℹ tests 30
ℹ suites 0
ℹ pass 30
ℹ fail 0
ℹ cancelled 0
ℹ skipped 0
ℹ todo 0
ℹ duration_ms 559.647875
✔ exactly the nine W6-01B resources are admitted, each only under its own method (1.140417ms)
✔ the customer list is claimed only when a tag filter is present (customers-request.ts stays the owner otherwise) (0.094167ms)
✔ near misses are refused (no generic proxying) (0.072417ms)
✔ reads: no body, no key, no transfer-encoding; tag-list takes no query at all (40.813209ms)
✔ customer-list query: closed keys, tag must be a canonical uuid, list bounds identical to customers-request (1.254ms)
✔ note-list query: only limit and after, with the customers-list bounds (0.414917ms)
✔ writes: exactly one well-formed Idempotency-Key; the two DELETEs carry no body but still need the key (23.419291ms)
✔ validTagName mirrors Go (NFC first, 1..20, trimmed, no control/Cf) (1.953417ms)
✔ validNoteBody mirrors Go (1..1000, not blank, only \n \r \t controls) (0.756125ms)
✔ tag-create body: closed keys, valid name and one of the eight colors (0.655834ms)
✔ tag-patch body: at least one of name/color, nothing else (0.430959ms)
✔ owner-tags body: tag_ids (<=100 canonical uuids) + 64-hex revision, exact keys (0.965417ms)
✔ note bodies: create {body}; patch {body, version>=1}; deletes and reads carry no body at all (0.53525ms)
✔ parseTagCatalog decodes {items: TagRecord[]} with the store-catalogue bounds (2.337333ms)
✔ parseTagSet / parseDeletedTag / parseDeletedNote decode the frozen write receipts (0.710833ms)
✔ parseNoteRecord / parseNotePage decode notes with the Go note rules (1.767292ms)
✔ customer-tags copy: three locales, identical key sets, the integrator's ruled note-privacy text verbatim (0.317625ms)
✔ components wire the ruled copy and the tag/note controls the specs click (1.436708ms)
✔ tag read names must already be trimmed NFC and Unicode code-point bounded (0.364542ms)
✔ session change before network sends nothing (3.773375ms)
✔ session changes after network or during body parse drop the response (31.570875ms)
✔ transient session digest failure is settled only before dispatch (2.72725ms)
✔ lost response followed by a changed session is UNKNOWN after dispatch (1.834333ms)
✔ lost response does not auto-retry; explicit replay keeps method/key/payload/scope (4.251958ms)
✔ 5xx or malformed success is uncertain, coded refusal is settled (2.595292ms)
✔ passive tag/detail refresh preserves an unsaved new-note draft (22.691167ms)
✔ passive refresh updates visible notes but preserves edit draft and original CAS version (0.890167ms)
✔ explicit refresh signal clears old edit draft while passive array changes do not (0.597708ms)
✔ an unauthorized note read clears private note bodies and the draft (5.949209ms)
✔ a transient note read failure keeps the notes already shown (1.784542ms)
✔ an unauthorized note read signals the global logout once; a transient failure does not (6.317166ms)
✔ non-privacy writer: own notes keep Edit and Delete on a fresh mount, others' notes do not (1.114833ms)
✔ notes forbidden/not_found signals scope loss exactly once per mount, never on transient failure (19.049125ms)
✔ bad path/store/method/query/header is refused without authority or backend calls (22.160833ms)
✔ the actual proxy admits a tagged customer list with scoped search/cursor and rejects malformed tag authority (5.387958ms)
✔ signed-out/cross-store/Origin-CSRF denials short circuit before body or forwarding (1.701208ms)
✔ closed bodies and DELETE payloads cannot reach Go (3.139375ms)
✔ all write methods preserve exact key/body/store and private success status (5.057625ms)
✔ note pagination preserved and hostile backend errors/bodies sanitized (50.156833ms)
✔ a catalogue forbidden or not_found asks the parent to re-run its guarded reads, with no logout (208.5545ms)
✔ transient catalogue failures stay local; unauthorized logs out but is not a scope loss (84.357541ms)
✔ after a tag write the manager stays mounted: the catalogue refreshes in place, never reloads (22.562708ms)
✔ a manager-reported scope loss reloads the customer list and catalogue guarded reads (19.967875ms)
✔ CustomerDetail forwards a scope-lost signal to the guarded read once per page (20.572208ms)
✔ badges are escaped server tag facts with human-readable names (5.698125ms)
✔ actual customer notes render privacy notice, safe content, author fallback and read-only permissions (19.484625ms)
✔ unknown permissions and erased customer never offer note mutations (0.967083ms)
✔ write-only notes permit add but not edit/delete of notes the server does not mark own; privacy permission permits both (1.390458ms)
✔ manager trigger and all three localized buyer-export notices render through actual components (4.946208ms)
✔ UNKNOWN survives settled unauthorized retry until trusted success; fresh run ignored (3.630458ms)
✔ UNKNOWN survives settled forbidden retry until trusted success; fresh run ignored (0.717208ms)
✔ UNKNOWN survives settled version_changed retry until trusted success; fresh run ignored (0.619792ms)
✔ first-attempt preflight refusal is settled and permits a fresh action (0.541416ms)
✔ UNKNOWN and in-flight retries prevent duplicate dispatch; unmount discards stale outcome (0.626791ms)
✔ an unauthorized write signals the global logout; forbidden does not (1.66075ms)
✔ UNKNOWN command survives unmount/remount: still locked, same-key retry, cleared by trusted success (0.460459ms)
✔ a command unmounted while in flight is treated as UNKNOWN on remount (0.345084ms)
✔ a session boundary change drops the remembered UNKNOWN command (2.350875ms)
✔ a guarded read that ends signed-out signals the global logout once (39.802084ms)
✔ forbidden/unavailable failures and a successful read signal no logout (8.054958ms)
✔ refresh ending signed-out clears the view, blocks and signals the global logout once (14.34875ms)
✔ refresh ending forbidden or not-found clears the data without a logout (7.831166ms)
✔ a transient refresh failure keeps the ready view and signals nothing (6.546666ms)
✔ exactly the eight report GETs are admitted; every other method or path is refused (1.050834ms)
✔ report reads: query required, no body, no key, no transfer-encoding (21.128ms)
✔ from/to: exactly once each, calendar-valid days, 0..91 apart (1.26575ms)
✔ session_id: only on the funnel (json and csv), a canonical uuid, once (0.883375ms)
✔ parseProductReport: echoed range/zone, <=1000 rows sorted by net desc, net = captured - refunded (32.356375ms)
✔ parseChannelReport: closed vocabulary order, money per environment strictly ascending, I05 inside every bucket (1.087083ms)
✔ parseFunnelReport: nested counts, session echo, ordered_without_link bound (0.592333ms)
✔ parseManualReport: nullable principal/session ids, bucketed money like channels (1.109583ms)
✔ reports copy: three locales, identical key sets, the integrator's ruled money annotation verbatim (0.626667ms)
✔ Reports.tsx: four tabs, CSV per tab, ruled annotation, CSS/SVG charts only (no new dependencies) (2.132292ms)
✔ report CSV closed headers use actual Go slug, echoed dates and private no-store (0.5555ms)
✔ report response projection rejects unknown keys, mismatched range and non-private responses (1.612875ms)
✔ manual buckets follow Go's uncapped row count rather than a made-up 500-row limit (0.801667ms)
✔ display sorts only inside currency/environment groups, never sums money or mutates server rows (16.452125ms)
✔ page report query accepts exactly the four report names and defaults to products (0.126917ms)
✔ actual product table renders offline separately, both modes, no UUID copy and sortable headers (52.204959ms)
✔ actual channel chart exposes exact numbers and both money modes using SVG (1.396708ms)
✔ actual funnel has four stages, nested widths and truthful zero-denominator text (2.19575ms)
✔ manual table resolves authorized labels, has honest fallback, and never presents UUIDs (1.527417ms)
✔ all report views render localized empty states (0.52025ms)
✔ actual BFF refuses malformed query, unknown store/session, disabled auth and missing CSV fences before Go (72.986625ms)
✔ actual BFF closed JSON projection and CSV scope/query preserve trusted token; no forwarded client authority (21.466ms)
✔ actual BFF permission and malformed CSV response fences do not masquerade as a download (6.73775ms)
✔ audited browser GET accepts same-origin Fetch Metadata plus CSRF, never cross-site or forwarded Host (13.783875ms)
✔ actual CSV client preflight sends nothing after session change, and a lost audit response is uncertain with no retry (21.942542ms)
✔ actual CSV client refuses stale-session bytes and downloads only a closed private response (9.929208ms)
✔ report leaf gives the actual trusted fetch 65 seconds, rejects redirects and forwards only server bearer (6.944292ms)
✔ incoming request cancellation aborts the real report fetch once, returns safe unavailable and never retries (5.131583ms)
✔ CSV final synchronous fence conceals bytes when cancellation, hide or cookie rotation happens inside final await (30.075042ms)
✔ CSV end-to-end deadline covers store lookup and report budget; aborted preflight sends no audited request (18.15275ms)
✔ an uncertain export stays locked for its scope after another scope's export (5.392ms)
✔ an uncertain export scope persists per store in tab storage and re-locks a fresh render (28.013042ms)
✔ unavailable tab storage fails closed to the in-memory lock without throwing (3.466459ms)
✔ export lock is stored before dispatch; refused/delivered outcomes release it, uncertain and cut-short keep it (50.458875ms)
✔ releasing one scope keeps the other uncertain scopes of the store (13.927875ms)
✔ export is refused and nothing is dispatched when the lock cannot be saved (denied, full or no storage) (6.990791ms)
✔ copy for an unsaved export lock exists in every locale (0.137125ms)
✔ product sort query parses strictly and defaults to net_minor descending (0.228166ms)
✔ legacy-store permission probe: forbidden/not-found/signed-out fail the read closed, transient falls back (11.5085ms)
✔ channel and funnel data retain their applied dates while draft dates wait for Show (98.86325ms)
✔ an uncertain export lock is bound to the session boundary, so a different user does not inherit it (23.916459ms)
✔ Finance landing links to reports under the same canSeeReports rule (9.863208ms)
✔ selected tag survives searches and cursor pagination while an empty filter is omitted (69.337833ms)
✔ customer list dispatch preserves legacy requests and sends every tag query to the closed W6 authority (395.254667ms)
✔ customers reports link is hidden only when permissions are present and lack orders:read (0.140417ms)
✔ reports are a finance subpage and preserve the existing single finance navigation entry (0.117292ms)
✔ an authoritative erased customer immediately unmounts the cached private tags/notes subtree (30.07125ms)
✔ the actual customer row shows manual tags and imported status without changing consent (4.4385ms)
✔ P1 actual tag DELETE accepts an empty Next-style stream without JSON MIME (469.23575ms)
✔ P1 actual note DELETE accepts an empty Next-style stream without JSON MIME (1.313042ms)
✔ P1 body-carrying tag writes still require JSON MIME through the real BFF (0.353167ms)
✔ P2 customer bare/encoded tag keys are invalid422 through the actual leaf before any backend (5.821292ms)
✔ P2 report products real session/CSRF response is private and Vary Cookie (2.868583ms)
✔ P2 report products.csv real session/CSRF response is private and Vary Cookie (0.447833ms)
✔ P2 report malformed query and wrong CSRF are rejected by actual helpers before upstream (0.28025ms)
ℹ tests 118
ℹ suites 0
ℹ pass 118
ℹ fail 0
ℹ cancelled 0
ℹ skipped 0
ℹ todo 0
ℹ duration_ms 1556.038708
✔ real coded errors retain baseline classification and normalize import leaf cache to private,no-store (66.116084ms)
✔ preflight missing CSRF is definite and sends nothing; actual route CSRF and session refusals stay definite (3.699041ms)
✔ actual route uses real cookies/store membership and method/error envelopes, no helper substitutions (3.288709ms)
✔ actual client/route preserves original Blob bytes, trusted transport and privacy projection on200/409 (2.552041ms)
✔ success or stale preview must remain private; malformed/unknown/mismatched coded errors are uncertain after commit (5.418042ms)
✔ lost/unreadable/session-changed dispatched commit remains UNKNOWN; no automatic retry (1.208083ms)
✔ actual failed-only result route strips IDs and real final session/cancel fence exposes no download (1.743792ms)
✔ actual route refuses unknown resource/query and duplicate session cookies before any upstream call (0.330125ms)
✔ actual route incoming cancellation aborts one dispatched transport and preserves client UNKNOWN (0.957959ms)
✔ real coded error cache may not be public, and closed payload may not acquire data-bearing fields (1.83ms)
✔ copy still exposes specific merchant field reasons across three locales (3.380125ms)
✔ all real local and upstream import refusals including HEAD/unsupported are exact private,no-store (0.569416ms)
✔ fresh mismatched receipt stays UNKNOWN, exact manual replay mismatch becomes terminal without a third send (1.468583ms)
✔ terminal is impossible for malformed replay receipts or matching replayed counts (1.302875ms)
✔ Big5 bytes pass unchanged to upstream and real422 import envelope surfaces encoding_not_utf8 (0.813416ms)
✔ oversize file uses the actual header guard and specific size guidance in all locales without dispatch (31.400625ms)
✔ commit uses the original requested mapping, including an empty optional field, not resolved preview metadata (84.355708ms)
✔ an UNKNOWN commit remains locked through a later forbidden retry and only explicit same-file success unlocks (2.811875ms)
✔ leaving during a dispatched commit drops its payload and keeps an unconfirmed boolean without replay (1.581208ms)
✔ a definite first preflight refusal clears pending before sign-out and does not invent an unconfirmed import (1.856083ms)
✔ a replayed mismatched receipt ends UNKNOWN without offering another retry or unlocking historical orders (1.673625ms)
✔ real cookie and CSRF helpers generate and validate the actual host-cookie pair (3.822041ms)
✔ exact route rejects methods/keys/body/query/scope before any upstream request using real localError (3.0475ms)
✔ missing/duplicate session cookies reject and real clearAuthCookies expires session and CSRF (0.421166ms)
✔ actual authenticatedStores denies a store absent from the server projection (0.62525ms)
✔ private success routes server cookie token and exact canonical after, never caller bearer/cookie to Go (0.854916ms)
✔ actual safeError/localError preserve coded status with no-store and redact upstream diagnostics (1.201875ms)
✔ actual readBody and strict projection refuse MIME/oversize/extra private fields/city; network loss stays private (5.491833ms)
✔ actual client issues GET50/after through real route/private successful projection (8.987167ms)
✔ actual helper-issued browser fence rejects changed parent before dispatch (0.839709ms)
✔ private success from real route is discarded when the browser session changes during upstream read (1.526209ms)
✔ real localError no-store 401/403/404/503 preserves correct read category with no retry (4.09975ms)
✔ malformed sensitive backend projection becomes real unavailable, never a fake BFF success (0.770291ms)
✔ strict archive rows decode external order text, safe minor units and public keys (12.107709ms)
✔ PII-shaped city and extra sensitive fields never pass the safe projection (0.320125ms)
✔ all canonical Go cities pass; malformed types/bounds/order/time/money/cursor fail (0.802042ms)
✔ read grammar is exact limit/after, not the stale brief's cursor name (33.52ms)
✔ three locales retain truthful history-not-revenue basis and copy parity (0.207125ms)
✔ SSR renders actual safe rows, shared money/time, total count and read-only three-locale basis (34.913625ms)
✔ SSR distinguishes empty archive, 403, session loss and unavailable without stale rows/count (3.157209ms)
✔ actual pagination callbacks use opaque trail; double click cannot skip; refresh/scope reset page1 (1.359833ms)
✔ the static import subpage wins over customer detail and leaves the single customers nav intact (0.375792ms)
✔ the actual list offers import only to privacy holders and carries the current authorized store (187.018125ms)
✔ the actual detail mounts archive only for an active imported customer and passes its fenced identity (47.263917ms)
✔ MIUI-READY-VISIBLE-STORE actual signed helper waits on the visible selector and retains cookie/wizard assertions (261.385666ms)
✔ MIUI-READY-DENIED read-only staff reaches the real shell refusal instead of waiting for a private wizard (30.594417ms)
✔ failure verdicts precede successful rows, by source row number, without mutating the input (1.662125ms)
✔ the failure download contains only failed row metadata, with no source cell or success identifier (0.273792ms)
✔ reads quoted/BOM header only, without decoding malformed bytes from data rows (2.487958ms)
✔ guess only unique metadata aliases with explicit unmapped values (0.244417ms)
✔ shared dynamic leaf admits only exact import methods/actions and bounded mapping/count (16.658958ms)
✔ failed CSV emits only row/outcome/code, refusing any unexpected identifier or raw cell (0.203ms)
✔ raw-byte cap does not decode/rebuild uploads and cancels oversized chunks (3.778042ms)
✔ backend privacy projection strips all source IDs on successful and failed rows (0.935375ms)
✔ closed preview parser refuses data-bearing rows, unknown keys and inconsistent counts (0.241917ms)
✔ order preview counts units while first CSV record numbers can exceed rows_total (0.077958ms)
✔ commit receipt has exactly five keys and no extra customer cells (0.090792ms)
ℹ tests 57
ℹ suites 0
ℹ pass 57
ℹ fail 0
ℹ cancelled 0
ℹ skipped 0
ℹ todo 0
ℹ duration_ms 754.270208
✔ G-UI8 storefront pages and the sweep's STOREFRONT_ROUTES are the same set (1.227125ms)
✔ parseShard: i/N, empty means unsharded, anything malformed throws (0.237333ms)
✔ assignShards: deterministic, every key owned once, near-balanced (LPT bound) (0.929792ms)
✔ planClick: for every N the shards partition the whole universe (every registry route x variant, storefront walk, journey) (1.865167ms)
✔ planClick at N=10 keeps every shard within ~1.3x of the mean planned cost (0.203125ms)
✔ aggregate click: honest shards pass for several N (3.00375ms)
✔ aggregate click: a missing shard, a dropped page row, a lost journey, a failing row, a stale known defect and a missing platform marker are each a failure (3.7735ms)
✔ aggregate click: a route added to the registry after the shards ran cannot pass (the registry is re-read) (0.4045ms)
✔ aggregate visual: honest shards pass; a missing shard, a missing shot, a blocking verdict and a registry route outside the universe each fail (5.054083ms)
✔ artifact discovery finds nested run evidence and retains platform marker refusal (3.261792ms)
ℹ tests 10
ℹ suites 0
ℹ pass 10
ℹ fail 0
ℹ cancelled 0
ℹ skipped 0
ℹ todo 0
ℹ duration_ms 96.243042
ci-plan: 10 job(s); click-sweep x10 (aggregate)
  --browser-click-sweep@1/10  -> artifact gate-browser-click-sweep_1_10
  --browser-click-sweep@2/10  -> artifact gate-browser-click-sweep_2_10
  --browser-click-sweep@3/10  -> artifact gate-browser-click-sweep_3_10
  --browser-click-sweep@4/10  -> artifact gate-browser-click-sweep_4_10
  --browser-click-sweep@5/10  -> artifact gate-browser-click-sweep_5_10
  --browser-click-sweep@6/10  -> artifact gate-browser-click-sweep_6_10
  --browser-click-sweep@7/10  -> artifact gate-browser-click-sweep_7_10
  --browser-click-sweep@8/10  -> artifact gate-browser-click-sweep_8_10
  --browser-click-sweep@9/10  -> artifact gate-browser-click-sweep_9_10
  --browser-click-sweep@10/10  -> artifact gate-browser-click-sweep_10_10
✔ the full sweep and the full visual lint fan out into every shard and ask for the aggregate (0.926875ms)
✔ foundation-shards = the unit shard + every plan group; the serial `foundation` mode is untouched (2.077ms)
✔ an explicit shard re-run (or a partial list) never claims the whole-run aggregate (0.248542ms)
✔ duplicates collapse, artifact names are safe and unique, bad input is refused (0.554875ms)
✔ main writes matrix / sweep_n / visual_n to GITHUB_OUTPUT (0.976916ms)
✔ mode discovery has no Docker/build dependency and includes the existing universe (32.715917ms)
✔ dry-run resolves a mode without executing dependencies and keeps its command environment (65.96375ms)
✔ one appended case is discovered and dispatched; malformed and duplicate registry entries fail closed (52.10725ms)
✔ registry discovery cannot silently lose indented, aliased or unrecognised Bash case arms (3.448209ms)
✔ backend-only paths run foundation-shards only (0.824542ms)
✔ node tests of deploy scripts and of the CI planner are backend-only (they cannot change a browser) (1.677125ms)
✔ a UI path adds the whole browser set, including click-sweep and visual-lint (5.225917ms)
✔ docs-only and output-only diffs keep the single required check (foundation-shards) (0.268833ms)
✔ legacy browser_* paths still select all browsers; a known untagged foundation file stays backend-only (0.527375ms)
✔ legacy deploy prefixes remain selected and unrelated paths do not select smoke (1.983958ms)
✔ the browser set is release-gate's browser-mode universe minus the documented exclusions (57.803625ms)
✔ every real browser-tagged foundation file selects registry browser modes, including non-browser names (123.476125ms)
✔ tagged runner discovery follows registry additions, command arrays and line continuations (1.927834ms)
✔ deploy smoke is selected for its workflow, verdict/helpers and executable test inputs (1.934542ms)
✔ new selection never drops legacy modes or deploy for any tracked path (508.541875ms)
✔ CLI classifies merge-base and explicit head, including removed tags, deleted files and renames (620.844125ms)
✔ CLI selects modes the base added after divergence when the checkout is the PR merge (PR #22 review P1) (308.341167ms)
✔ CLI reads the merge checkout's source when the base adds a browser tag after the fork (PR #22 review P1) (450.346375ms)
✔ CLI explicit head and stdin include tags outside the checkout and uncommitted tag removals (308.060375ms)
✔ compound/legacy tags and unknown source are conservative; known untagged source stays backend-only (3.655041ms)
✔ explicit-head CLI derives tagged runner modes from that head's real registry (239.038083ms)
✔ real Git CLI preserves legacy selection: quotePath=true, "架构.md" (198.141708ms)
✔ real Git CLI preserves legacy selection: quotePath=true, "internal/示例.go" (205.346541ms)
✔ real Git CLI preserves legacy selection: quotePath=true, "tests/foundation/plain\tname_test.go" (217.253208ms)
✔ real Git CLI preserves legacy selection: quotePath=true, " deploy/scripts/synthetic-smoke.sh" (294.134667ms)
✔ real Git CLI preserves legacy selection: quotePath=false, "架构.md" (264.854ms)
✔ real Git CLI preserves legacy selection: quotePath=false, "internal/示例.go" (383.340916ms)
✔ real Git CLI preserves legacy selection: quotePath=false, "tests/foundation/plain\tname_test.go" (297.24975ms)
✔ real Git CLI preserves legacy selection: quotePath=false, " deploy/scripts/synthetic-smoke.sh" (345.181ms)
✔ stdin unions legacy trimming without trimming the source lookup path (123.704375ms)
✔ parser: only compiled, correctly-shaped Test functions of untagged _test.go files (2.559041ms)
✔ the real plan: every top-level test of tests/foundation runs in exactly one group (704.331125ms)
✔ a new test (in no list) still runs, exactly once, in the catch-all group; the same name with no catch-all is red (1137.562584ms)
✔ a test listed in two groups is red; drift beyond the limit is red (1183.608125ms)
✔ regexes: anchored explicit lists; the catch-all skips exactly everyone else's tests (0.676375ms)
✔ pack: deterministic, balanced to within the longest test, every name once (5.455167ms)
✔ parseDurations: top-level lines only (0.243708ms)
ℹ tests 42
ℹ suites 0
ℹ pass 42
ℹ fail 0
ℹ cancelled 0
ℹ skipped 0
ℹ todo 0
ℹ duration_ms 5025.119583
✔ PR18 real BFF preserves invalid_ref and cursor errors without upstream retry (35.997916ms)
✔ PR18 valid A2 Unicode/escaped pages exceed 1 MiB but A8 cap stays unchanged (164.298583ms)
✔ K3 comment-only no_source cannot widen the existing inbox error seam (8.065291ms)
✔ LC-U2a real BFF seam A2-A5 exact grammar, privacy, denial and no diagnostic reflection (6.646083ms)
✔ A8/A9/A13 and published templates: exact reads forward once with no-store (2.765875ms)
✔ real streamed POST bodies: A10-A14 exact keys reach upstream (6.993583ms)
✔ query, read headers, methods and body allowlists refuse before upstream (5.850958ms)
✔ session, CSRF and store authority precede content forwarding (1.426208ms)
✔ A12 fixed codes preserved; arbitrary upstream diagnostics stripped (12.510625ms)
✔ client preserves codes and receipt; changed/aborted session cannot publish private response (4.5165ms)
✔ A9 admits a full page of valid Unicode replies while bounding private response bytes (5.75975ms)
✔ non-JSON upstream 401 still expires both authentication cookies without diagnostic leakage (2.709791ms)
✔ real M7 response keeps no-referrer after matching Next production header rules (12.553708ms)
✔ three unit languages cover identical fixed labels and delivery states (1.6125ms)
✔ hiding aborts requests and rejects late responses, even after reveal (2.444834ms)
✔ switching selection invalidates both reads and write completions (0.212042ms)
✔ owner and explicit inbox permissions only; viewer fails closed (0.100667ms)
✔ Messenger counts Unicode codepoints; Instagram counts NFC UTF8 bytes (1.491417ms)
✔ uncertain transport retries retain the exact submission; definitive conflicts retire it (1.374333ms)
✔ privacy calibration cannot activate with production origin or ordinary caller env (0.497125ms)
✔ late focus/pageshow while native document remains hidden cannot reveal requests (0.374583ms)
✔ terminal navigation revocation cannot be undone by focus or refresh until a new page fence (0.184333ms)
✔ a ticket from another store/page fence is never accepted (0.063542ms)
✔ focus while already visible preserves the active epoch and the uncertain reply receipt (0.0995ms)
ℹ tests 24
ℹ suites 0
ℹ pass 24
ℹ fail 0
ℹ cancelled 0
ℹ skipped 0
ℹ todo 0
ℹ duration_ms 468.069
✔ installed APIRequestContext cookie rules exclude Secure cookie from HTTP127 but retain HTTPS/localhost (1.526709ms)
✔ actual INU02 cross uses browser auth and retains exact 404/DM absence (49.02225ms)
✔ actual INU02 cross still rejects wrong authority 401 (10.887417ms)
✔ actual INU02 cross still rejects wrong authority 200 (3.077083ms)
✔ actual INU02 cross still rejects DM in denied response (3.075292ms)
✔ actual INU02 denied uses browser auth and retains exact 403/DM absence (4.777834ms)
✔ actual INU02 denied still rejects wrong authority 401 (2.863875ms)
✔ actual INU02 denied still rejects wrong authority 200 (4.938584ms)
✔ actual INU02 denied still rejects DM in denied response (3.334375ms)
✔ actual login settles /en and fixture store (real switch, scoped=false) (126.439917ms)
✔ actual login settles /en and fixture store (real switch, scoped=true) (75.540666ms)
✔ actual login settles /en/inventory and fixture store (real switch, scoped=false) (23.227333ms)
✔ actual login settles /en/inventory and fixture store (real switch, scoped=true) (8.52ms)
✔ actual login settles /en/messages and fixture store (real switch, scoped=false) (4.84775ms)
✔ actual login settles /en/messages and fixture store (real switch, scoped=true) (33.969833ms)
✔ actual login settles /en and fixture store (already selected, scoped=false) (32.686416ms)
✔ actual login settles /en and fixture store (already selected, scoped=true) (4.005542ms)
✔ actual login settles /en/inventory and fixture store (already selected, scoped=false) (9.637083ms)
✔ actual login settles /en/inventory and fixture store (already selected, scoped=true) (4.206792ms)
✔ actual login settles /en/messages and fixture store (already selected, scoped=false) (11.96775ms)
✔ actual login settles /en/messages and fixture store (already selected, scoped=true) (1.4945ms)
✔ bundle fixture uses real claim commands and mounts existing M6/M7 without issuing early (3.378791ms)
✔ sensitive bundle scenario clicks native clipboard with trace/video disabled and no token body reads (0.34575ms)
✔ persisted link and token-free command receipt are compared without disclosing credentials (0.386916ms)
✔ actual clipboard evaluator exports only safe summary and detects malformed or retained synthetic credentials (615.645625ms)
✔ claim-window fixture isolates recovery after the current migration permits multiple OPEN windows (2.624625ms)
✔ ordinary Playwright diagnostics still capture failed-page ARIA when private guard is absent (0.786042ms)
✔ sensitive worker lifecycle prevents actual installed snapshot capture without masking the failure (138.185125ms)
✔ worker restores prior environment even when use rejects (absent) (13.667875ms)
✔ worker restores prior environment even when use rejects (empty) (3.907375ms)
✔ worker restores prior environment even when use rejects (existing-policy) (4.543792ms)
✔ fixture is worker-auto and module collection does not suppress ordinary diagnostics (166.652625ms)
✔ ordinary matcher ARIA context bypasses fallback flag and remains in actual installed diagnostics (2.3485ms)
✔ private test teardown removes only matcher page context while preserving failure (failed status) (5.011875ms)
✔ private test teardown removes only matcher page context while preserving failure (rejected use) (2.878ms)
✔ matcher guard is test-auto without replacing the installed artifact auto fixture (5.772ms)
✔ real Playwright --list collects each original INU case and isolated INU09 exactly once (2528.187542ms)
✔ Host subset: nested Provider and React19 context shadow defaults without sibling leakage (4.253125ms)
✔ Host subset: provider updates reach stable children and separate roots keep their own values (0.647ms)
✔ Host subset: render errors restore context and hook ownership (0.478667ms)
✔ Host subset: portal children inherit logical context and retain handlers/state (0.217667ms)
✔ Host subset: portal target/key changes remount children and removal runs cleanup (0.795583ms)
✔ Host subset: createPortal rejects invalid DOM targets rather than swallowing children (0.106375ms)
✔ A real Inbox selection admits Go A9 attachments null without losing thread (171.307333ms)
✔ A real Inbox selection admits Go A9 attachments empty array without losing thread (10.954291ms)
✔ A malformed non-array A9 attachments is refused without painting DM or crashing selected entry (17.686458ms)
✔ C A8 HTTP200 empty list is ordinary data with no alert, selection or focus request storm (14.227125ms)
✔ C A8 list404 is scoped inbox unavailable in en, never an empty list or conversation denial (1.77325ms)
✔ C A8 list404 is scoped inbox unavailable in zh-TW, never an empty list or conversation denial (1.489541ms)
✔ C A8 list404 is scoped inbox unavailable in zh-CN, never an empty list or conversation denial (1.901042ms)
✔ C click-sweep Go harness mounts existing Inbox/templates services (STRUCTURE_ONLY, Go NOT_RUN) (1.383ms)
✔ C click-sweep includes actual-router owner200 empty inbox assertion (STRUCTURE_ONLY, Go NOT_RUN) (0.314542ms)
✔ inbox evidence is covered by the CI upload root (3.400708ms)
✔ failed Playwright closes its log and emits sanitized diagnostics before Fatalf (0.303167ms)
✔ failure diagnostics match INU cases/counts without admitting private text (0.880458ms)
✔ INU04 delayed handler 1 signals completion when fulfillment rejects (150.32475ms)
✔ INU04 delayed handler 2 signals completion when fulfillment rejects (7.02175ms)
✔ Host subset: nested Provider and React19 context shadow defaults without sibling leakage (18.799083ms)
✔ Host subset: provider updates reach stable children and separate roots keep their own values (0.384375ms)
✔ Host subset: render errors restore context and hook ownership (0.40075ms)
✔ Host subset: portal children inherit logical context and retain handlers/state (0.506625ms)
✔ Host subset: portal target/key changes remount children and removal runs cleanup (0.186834ms)
✔ Host subset: createPortal rejects invalid DOM targets rather than swallowing children (0.108583ms)
✔ recoveryDone waits for actual held M7 completion in zh-TW (79.935ms)
✔ recoveryDone waits for actual held M7 completion in zh-CN (6.742458ms)
✔ recoveryDone waits for actual held M7 completion in en (29.850417ms)
✔ Host subset: nested Provider and React19 context shadow defaults without sibling leakage (2.812083ms)
✔ Host subset: provider updates reach stable children and separate roots keep their own values (7.439292ms)
✔ Host subset: render errors restore context and hook ownership (1.679542ms)
✔ Host subset: portal children inherit logical context and retain handlers/state (0.747208ms)
✔ Host subset: portal target/key changes remount children and removal runs cleanup (0.613666ms)
✔ Host subset: createPortal rejects invalid DOM targets rather than swallowing children (0.231292ms)
✔ review2 P1 bundle-only row opens real A13 and issues existing M7 claim link to clipboard (169.542583ms)
✔ review2 P1 clipboard denial recopy reuses cached issued URL without another M7 POST (23.23025ms)
✔ review2 P1 lost M7 ACK retries exact receipt and null replay token never mints a fresh key (22.801459ms)
✔ review2 P1 missing CSRF before cached recopy cannot copy or issue again (24.727125ms)
✔ review2 P1 missing CSRF before uncertain retry rejects preserved receipt dispatch (6.648334ms)
✔ review2 P1 late issued-link completion after hide cannot write clipboard (9.363166ms)
✔ review2 P1 late issued-link completion after selection cannot write clipboard (6.422167ms)
✔ review2 P1 late issued-link completion after unmount cannot write clipboard (5.246ms)
✔ review2 P1 late issued-link completion after logout cannot write clipboard (8.289541ms)
✔ review2 P1 claim-link issuance denied without both live read/manage (inbox:read,live:read) (2.451167ms)
✔ review2 P1 claim-link issuance denied without both live read/manage (inbox:read,live:manage) (5.1515ms)
✔ review2 P1 missing authoritative recovery identity never guesses generation {"missingSession":true} (8.123792ms)
✔ review2 P1 missing authoritative recovery identity never guesses generation {"noBundle":true} (19.964209ms)
✔ review2 P2 exactly one matching binding uses named DM hard gate ok (15.560583ms)
✔ review2 P2 exactly one matching binding uses named DM hard gate review_required (4.102083ms)
✔ review2 P2 exactly one matching binding uses named DM hard gate missing_permission (4.0155ms)
✔ review2 P2 multiple same-provider bindings advisory only (dm_session:ok,dm_session:missing_permission) (5.91825ms)
✔ review2 P2 multiple same-provider bindings advisory only (dm_session:missing_permission,dm_session:reauth_required) (3.282542ms)
✔ review2 P2 multiple same-provider bindings advisory only (dm_session:ok,read_comment:missing_permission) (1.057125ms)
✔ review2 P2 multiple same-provider bindings advisory only (dm_session:review_required,dm_session:ok) (1.828333ms)
✔ review2 P2 actual scoped A12 409 capability refusal remains visible after advisory submit (10.3735ms)
✔ review2 P2 missing health and single binding without named DM remain disabled (1.936208ms)
✔ review2 P2 expired cached issued link cannot be recopied or silently reissued (6.361ms)
✔ Host subset: nested Provider and React19 context shadow defaults without sibling leakage (4.278791ms)
✔ Host subset: provider updates reach stable children and separate roots keep their own values (0.248167ms)
✔ Host subset: render errors restore context and hook ownership (0.21825ms)
✔ Host subset: portal children inherit logical context and retain handlers/state (0.203417ms)
✔ Host subset: portal target/key changes remount children and removal runs cleanup (0.1535ms)
✔ Host subset: createPortal rejects invalid DOM targets rather than swallowing children (0.098458ms)
✔ P1-1 actual visible focus preserves pending ticket, selection, revision and real retry receipt (2.166667ms)
✔ P1-1 actual unchanged-session pageshow checks without clearing; changed-session focus expires (1.176792ms)
✔ P1-1 actual hide/reveal clears and requests fresh revision, never accepts obsolete completion (0.359708ms)
✔ P1-1 changed-session visible focus expires even with a pending request (0.181792ms)
✔ P1-2 actual A9 refresh 404 removes rendered DM and unsent draft (41.323375ms)
✔ P1-2 actual send-finally A9 404 removes DM, draft and uncertain immutable receipt (14.22375ms)
✔ actual uncertain send still retains exact receipt when A9 authority remains (0ms post-send A9) (9.891042ms)
✔ actual uncertain send still retains exact receipt when A9 authority remains (50ms post-send A9) (107.685ms)
✔ actual A9 stale held completion cannot paint after component cleanup (7.202417ms)
✔ P2 actual A14 404 clears buyer facts and customer draft (explicit future-version MOCK) (2.499084ms)
✔ safe authority errors remain the actual InboxError transport class (0.052583ms)
✔ actual current A13 without version keeps A14 disabled; future MOCK grants no backend claim (2.6315ms)
✔ P1-2 actual A11 takeover write 404 clears private state despite failing follow-up A9 (4.4305ms)
✔ P1-2 actual A12 send write 404 clears private state despite failing follow-up A9 (3.349959ms)
✔ A13 server orders omission remains distinct from authorized omitted data (1.548875ms)
✔ A13 server orders omission remains distinct from authorized empty data (0.928458ms)
✔ A13 server orders omission remains distinct from authorized populated data (1.454041ms)
✔ PR18 host digest hardening sync-throw (358.848708ms)
✔ PR18 host digest hardening never-settles (2425.043ms)
✔ actual shell-store-selector captures selection before synchronous privacy teardown (allowed=true) (97.226834ms)
✔ actual shell-store-selector captures selection before synchronous privacy teardown (allowed=false) (21.903708ms)
✔ actual locale-switch captures selection before synchronous privacy teardown (allowed=true) (28.499084ms)
✔ actual locale-switch captures selection before synchronous privacy teardown (allowed=false) (2.259375ms)
✔ Host subset: nested Provider and React19 context shadow defaults without sibling leakage (1.343958ms)
✔ Host subset: provider updates reach stable children and separate roots keep their own values (0.188ms)
✔ Host subset: render errors restore context and hook ownership (0.204833ms)
✔ Host subset: portal children inherit logical context and retain handlers/state (0.178625ms)
✔ Host subset: portal target/key changes remount children and removal runs cleanup (0.139958ms)
✔ Host subset: createPortal rejects invalid DOM targets rather than swallowing children (0.085792ms)
✔ persisted A9 UNKNOWN after page entry warns and blocks the real composer in en (41.209167ms)
✔ persisted A9 UNKNOWN after page entry warns and blocks the real composer in zh-TW (4.161042ms)
✔ persisted A9 UNKNOWN after page entry warns and blocks the real composer in zh-CN (5.205916ms)
✔ A12 queued ACK followed by final A9 UNKNOWN overrides the local queued notice and blocks another send (3.578584ms)
✔ a captured previously enabled composer cannot bypass final UNKNOWN learned by Refresh (5.863833ms)
✔ a later A9 page omitting the known UNKNOWN is not delivery reconciliation (5.005ms)
✔ persisted queued is not mislabeled UNKNOWN and retains ordinary composer eligibility (1.906125ms)
✔ persisted sent is not mislabeled UNKNOWN and retains ordinary composer eligibility (2.507916ms)
✔ persisted failed is not mislabeled UNKNOWN and retains ordinary composer eligibility (1.09425ms)
✔ persisted blocked is not mislabeled UNKNOWN and retains ordinary composer eligibility (1.3665ms)
✔ fresh mount refuses when an old UNKNOWN is beyond 51 newer messages (fact=true) (2.47025ms)
✔ fresh mount refuses when an old UNKNOWN is beyond 51 newer messages (fact=null) (1.17125ms)
✔ fresh mount refuses when an old UNKNOWN is beyond 51 newer messages (fact=undefined) (2.661916ms)
✔ fresh mount refuses when an old UNKNOWN is beyond 51 newer messages (fact=false) (2.815959ms)
✔ a refreshed unknown authority replaces old clear authority even for a captured composer (21.67975ms)
✔ Host subset: nested Provider and React19 context shadow defaults without sibling leakage (106.116125ms)
✔ Host subset: provider updates reach stable children and separate roots keep their own values (0.781708ms)
✔ Host subset: render errors restore context and hook ownership (0.533208ms)
✔ Host subset: portal children inherit logical context and retain handlers/state (0.507417ms)
✔ Host subset: portal target/key changes remount children and removal runs cleanup (0.16175ms)
✔ Host subset: createPortal rejects invalid DOM targets rather than swallowing children (0.257958ms)
✔ window strict eligibility with 300001ms before hard 24h deadline (21.860292ms)
✔ window strict eligibility with 300000ms before hard 24h deadline (2.509084ms)
✔ window strict eligibility with 60000ms before hard 24h deadline (3.041209ms)
✔ window strict eligibility with 0ms before hard 24h deadline (2.056125ms)
✔ window invalid server deadline fails closed without preparing a send (1.05575ms)
✔ window captured enabled form callback cannot POST after crossing safe cutoff (0.873083ms)
✔ window deadline timer closes controls at cutoff and hard end without waiting for 15s poll (1.110416ms)
✔ quota recovery gives exact zh-TW comment-quota and DM-window instructions beside copy only (0.387667ms)
✔ quota recovery gives exact zh-CN comment-quota and DM-window instructions beside copy only (0.101541ms)
✔ quota recovery gives exact en comment-quota and DM-window instructions beside copy only (0.09375ms)
ℹ tests 161
ℹ suites 0
ℹ pass 161
ℹ fail 0
ℹ cancelled 0
ℹ skipped 0
ℹ todo 0
ℹ duration_ms 5359.380959
✔ browser evidence uses unique local runs or the selected harness parent without rewriting history (91.641292ms)
✔ browser evidence rejects labels that escape the harness directory before creating files (35.274583ms)
✔ shell isolates visual fixtures from a click ledger when caller reuses its evidence root (83.721875ms)
✔ ops disk guard allocation isolates its log and child evidence from committed history (15.5425ms)
✔ visual artifact upload selects lint/index/shots and excludes raw unrelated evidence (10.671458ms)
✔ visual reviewer discovers nested per-run artifact shots through its real copy loop (74.983917ms)
✔ explicit evidence roots inside a repository must be ignored and untracked (PR #23 review) (620.230209ms)
✔ visual review refuses an incomplete report: every captured page needs exactly one PASS|FIX section (PR #23 review) (300.569417ms)
✔ reject quoted screenshot path (12.249125ms)
✔ reject computed writer (5.630291ms)
✔ reject renamed import (6.381ms)
✔ reject local writer alias (1.400417ms)
✔ reject quoted reporter (0.267208ms)
✔ reject openSync write (0.278834ms)
✔ reject open write (0.338042ms)
✔ reject URL writer (0.272125ms)
✔ reject bound writer (0.6855ms)
✔ reject bound path (0.605417ms)
✔ reject direct (0.144833ms)
✔ reject alias (0.254458ms)
✔ reject split join (0.129542ms)
✔ reject template (0.369959ms)
✔ reject helper (0.630417ms)
✔ reject copy destination (0.50325ms)
✔ reject reporter (0.649334ms)
✔ reject traversal (0.316833ms)
✔ reject tracked nonoutput (0.44575ms)
✔ allow read-only open (2.534709ms)
✔ allow read-only URL open (0.666375ms)
✔ allow historical read (0.536792ms)
✔ allow copy source (0.170417ms)
✔ allow comment (0.508083ms)
✔ allow string data (0.096583ms)
✔ allow run directory (0.420875ms)
✔ Go Join aliases flag writes but not read-only history or comments (8.653791ms)
✔ producer discovery covers acceptance suites and helpers, not documentation/artifacts (1.057333ms)
✔ synthetic Go historical fixtures stay inside t.TempDir; real CopyFS destinations are audited (1.281916ms)
✔ Go OpenFile rejects create/write flags but preserves historical read-only descriptors (5.593459ms)
ℹ tests 38
ℹ suites 0
ℹ pass 38
ℹ fail 0
ℹ cancelled 0
ℹ skipped 0
ℹ todo 0
ℹ duration_ms 1273.974334
