✔ /products/{uuid} redirects permanently to the zh-TW product page (38.607875ms)
✔ non-uuid ids are 404, never redirected (1.116541ms)
✔ AT1: the locale redirect preserves the ad-click query without allowing a redirect target (0.14925ms)
✔ R10: standalone signed signals survive a missing or expired seven-day touch (11.127833ms)
✔ R10: standalone signals reject expiry, bad signature, duplicates and another host (0.513208ms)
✔ AT1 R5: browser identity survives expired touch and rolls for ninety days (0.815667ms)
✔ AT1 R5: missing ad parameters create no cookies; fbclid alone creates no touch (0.571875ms)
✔ AT1 R5: lc_ad alone updates attribution and does not replace fbc (0.312875ms)
✔ AT1: host-only first-party cookies contain no PII and read back exactly (0.3265ms)
✔ AT1: a later valid click replaces the draft but preserves the browser identifier (0.131166ms)
✔ R10: only a different fbclid replaces fbc and its first-seen timestamp (0.21475ms)
✔ AT1: malformed and ambiguous links do not overwrite a valid prior touch (0.803542ms)
✔ AT1: host and key binding reject copied cookies (0.479125ms)
✔ AT1: duplicates and tampering invalidate the entire envelope (0.615458ms)
✔ AT1: exactly seven days is valid, the next millisecond and future clicks are not (0.587083ms)
✔ catalog list query limits equal the Go v2 parser (internal/buyerhttp/catalogv2.go) (6.913292ms)
✔ collection list cap equals Go maxCollectionsPerStore (78.099208ms)
✔ design caps equal internal/design/schema.go (nav, sections, pages) (5.124625ms)
✔ CVS buyer-entered store bounds and return path equal Go (internal/checkout/cvs.go, migration 0093) (9.040833ms)
✔ transfer view: closed shape and state rules mirror Go validTransferView (1.793542ms)
✔ proof body and result: five digits, positive minor amount, ISO instant (1.401666ms)
✔ minorFromText: major units with at most two decimals, never a float surprise (0.426916ms)
✔ buyer email mirror: one plain address, 254 characters at most (0.540959ms)
✔ countdown: whole hours and minutes, never negative (1.21925ms)
✔ copy: three locales carry every key and every refusal code (0.747375ms)
✔ options: a home row lists modes only with bank_transfer and then needs its window (0.738375ms)
✔ checkoutInput: a home bank_transfer body, the optional trimmed email, and every refusal before any request (1.332291ms)
✔ order: AWAITING_TRANSFER is a valid commercial state without a hold time (0.781375ms)
✔ BFF: exact transfer routes, keyed proof PUT, strict body, validated answers, no generic proxy (112.634ms)
✔ BFF: transfer refusal codes pass through as definite 422; checkout accepts bank_transfer and a valid email only (69.9155ms)
✔ D06 order heading follows a settled transfer: never 'waiting for transfer' above a confirmed or expired one (2.96325ms)
✔ uncertain prepare blocks all mutations; changed cookie context resolves journal (117.04175ms)
✔ fully parsed local denial clears only its own pending operation (2.965ms)
✔ malformed journal, unavailable lock and stale context fail before writes (5.245875ms)
✔ BPT05 exact handoff permits absent body/key, one fetch, no form persistence (174.345583ms)
✔ BPT05 wrong handoff form and ordinary writes fail before any fetch (3.011084ms)
✔ BPT05 unresolved cookie journal blocks handoff; lost response is one fetch without persistence (0.547ms)
✔ SU02 refresh permits absent body/key, one fetch, no persistence (0.597333ms)
✔ SU02 refresh rejects a body, a key or a malformed path before any fetch (3.769083ms)
✔ SU02 cancel permits absent body/key, one fetch, no persistence (42.625792ms)
✔ SU02 cancel rejects a body, a key or a malformed path before any fetch (2.058292ms)
✔ BPT01 exact private path, headers, body and three-locale one-fetch transport (153.720542ms)
✔ BPT02 payment routes reject untrusted path, context, headers, key and body before fetch (82.870042ms)
✔ BPT03 hostile upstream success is sanitized, never returned as payment data (45.578833ms)
✔ BPT04 every handoff failure is nonretryable, including pre-route and transport loss (11.887916ms)
✔ SU02 five routes: exact upstream path, method, key, body, one fetch each (19.580917ms)
✔ SU02 refresh and cancel are keyless and pass every CSRF/context denial before fetch (28.428458ms)
✔ SU02 every handoff/refresh/cancel failure is nonretryable and sanitized (26.835625ms)
✔ SU02 hostile Stripe bodies become the sanitized 503; PAYUNi and Stripe bodies stay byte-identical (13.835833ms)
✔ SU02 prepare accepts only the two known method codes (3.445458ms)
✔ disabled and invalid configuration fail closed before private fetch (27.696542ms)
✔ private authority, cookie lifecycle and strict local denial (21.901292ms)
✔ bad host, cookie, query and method never reach private API (1.803875ms)
✔ stalled inbound POST body is canceled at its deadline without a cookie or private call (2.010875ms)
✔ R10: Begin forwards independently signed signals; browser attribution and forwarded hosts are not authority (177.51ms)
✔ CVS BFF: exact routes, keyed open/store, keyless verify, validated answers, no generic proxy (23.827292ms)
✔ CVS BFF: contract refusal codes pass through; pay_at_pickup_limit is a definite (non-retryable) 429 (59.066375ms)
✔ round2 stale A session response cannot supersede newer refresh B or its lost-write Retry (261.188791ms)
✔ round2 stale A session response cannot supersede newer mutation B or its lost-write Retry (59.301958ms)
✔ rotated buyer context clears the prior cart on read and preserves the B receipt (54.173459ms)
✔ rotated buyer context clears the prior cart on lost-write and preserves the B receipt (48.707375ms)
✔ rotated buyer context clears the prior cart on refresh-read and preserves the B receipt (111.954ms)
✔ lost first write keeps Retry alive: same context, same idempotency key, no second purchase (75.479708ms)
✔ fragment grammar accepts only one canonical token (1.248583ms)
✔ claim projections are closed (0.469209ms)
✔ claim token rides only its header on B1/B2 and is never echoed (41.701541ms)
✔ claim-priced cart edits send only SKU and quantity, keeping server price authority (7.95975ms)
✔ direct-checkout sold-out projection is mandatory, boolean and closed (0.124709ms)
✔ claim redeem shares the purchase lock, guards recovery and never persists the token (6.813541ms)
✔ ClaimLink removal projects live-priced survivors on ready and conflict pages (345.952042ms)
✔ ClaimLink revisit checks out applied A while pending B is sold out or unavailable (11.122875ms)
✔ ClaimLink refreshes a nothing result after a second tab applied the claim (6.650792ms)
✔ ClaimLink does not navigate when a buyable claim target is absent or has changed quantity (14.685666ms)
✔ ClaimLink optional prior-order notice tolerates unreadable storage without bypassing recovery (29.867417ms)
✔ CVS01 map form: only the two ECPay e-map actions, exact fields, top-level-safe values (4.305ms)
✔ CVS02 return path allowlist excludes /claim and anything but the checkout or product page (0.457667ms)
✔ CVS03 selection projection: VERIFIED<=>pickup, REJECTED<=>reject_code, absent keys read as null (1.539042ms)
✔ CVS04 buyer-entered store answer and request body (0.77225ms)
✔ CVS05 store code table (§16.1) keeps leading zeros and per-chain lengths (0.605208ms)
✔ CVS06 recipient mirror: real-name width 4..10 (CJK=2), no digits/symbols/emoji; 09 mobile (2.301417ms)
✔ CVS07 checkout draft: name, phone and mode only; read once; corrupt/foreign shapes are dropped (1.036125ms)
✔ CVS08 return URL: only ?cvs_selection=<uuid> is accepted (0.9935ms)
✔ CVS09 buyer order projection and copy keys: nothing but PICKED_UP says picked up (0.362959ms)
✔ CVS10 error codes: field mapping, definite refusals, official links are https constants (0.71125ms)
✔ CVS11 client transport: verify is the one new keyless POST; the server refusal code rides BuyerClientError.detail (106.745666ms)
✔ every locale x page has a title, an updated line and at least one section (2.339041ms)
✔ locales share the section count and per-section body count of every page (2.135417ms)
✔ final text is only the owner-confirmed company facts (CR 81215167 name + registered address); nothing else is final (0.661792ms)
✔ a legal page is published only when every text on it is final; buyers see no link to an unpublished one (1.030417ms)
✔ data-deletion path is named in the privacy page of every locale (0.247667ms)
✔ pendingOwnerText lists exactly the texts that keep a page unpublished and is written for the owner (2.61425ms)
✔ a live (claim-origin) price replaces the catalog price and strikes it through (2.994125ms)
✔ without a live price the catalog price and its compare-at are shown unchanged (0.326542ms)
✔ a live price equal to or above the catalog price is shown as set (strike hidden by the UI guard) (0.228875ms)
✔ a live price strikes the catalog price, never the variant sale price (0.182458ms)
✔ order ref: 12 hex (dashes or spaces, any case) or a full id (0.459125ms)
✔ contact: one email or a phone of 6..20 digits (0.204542ms)
✔ body is exactly {order_ref, contact}; the answer is exactly {order_id} (0.270041ms)
✔ BFF lookup: no cookie needed, fresh token goes upstream, cookie only on 200 and it carries that same token (82.106417ms)
✔ BFF lookup: strict local denial before any private fetch (4.419375ms)
✔ copy: three locales carry every key (0.252459ms)
✔ MS4 srcset descriptors use actual decoded widths and deduplicate small renditions (0.389125ms)
✔ MS1 product rendition allowlist preserves trusted Host and never forwards buyer cookies (66.894208ms)
✔ MS2 invalid, duplicate, extra, encoded widths and non-product variants fail before fetch (4.093042ms)
✔ MS3 old-image fallback is never promoted to immutable; committed variants are cacheable (3.937708ms)
✔ TWD whole amounts show no decimals in every locale and at every magnitude (line, subtotal, total, zero) (93.607208ms)
✔ cents appear only when there are cents, then always as two digits; the minor-unit arithmetic is untouched (0.652042ms)
✔ digits come from the currency: JPY none, USD two when there are cents (4.221458ms)
✔ one formatter: no component, page or lib builds a currency Intl.NumberFormat outside lib/money.ts (109.496083ms)
✔ locale probe bounds a missing destination head with a route/device diagnostic (6.56775ms)
✔ locale probe clears its deadline when the real head promise completes (0.806708ms)
✔ fragment: exactly #o=<order id>&t=<43-char token>; anything else is null (0.89625ms)
✔ body is exactly {order_id, token, proof}; the answer is exactly the order the link named (0.160417ms)
✔ BFF link: no cookie needed, fresh token upstream, cookie only on a 200 naming the same order, link token never echoed (114.439125ms)
✔ BFF link: strict local denial before any private fetch (56.771208ms)
✔ copy: three locales, one refusal text, a retry and a lookup path (0.131209ms)
✔ BPU01 fresh payment writes exact metadata before prepare, one bodyless Take, no persistent form (48.3805ms)
✔ BPU01 lost prepare response replays original key/body only on explicit next click (5.644209ms)
✔ BPU01 lost handoff is permanently GET-only, even after a second click (36.344917ms)
✔ BPU01 storage, amount, scope and child/screen fences reject before irreversible writes (4.285916ms)
✔ BPU01 document/child loss after prepare but before Take leaves exact replay marker (0.460917ms)
✔ BPU01 malformed server handoff never submits and Take remains nonretryable (0.894083ms)
✔ BPU01 marker replacement before Take and after Take blocks release/form reuse (3.20575ms)
✔ BPU01 context replacement after prepare and after Take closes destination without form (6.330709ms)
✔ BPU01 synchronous destination refuses invalid locale before opening a window (0.386125ms)
✔ SU03 fresh Stripe pay: marker before prepare, one prepare, one handoff, navigate, URL never stored (2.841834ms)
✔ SU03 marker replay: lost prepare response replays key/body, no uncertain on PENDING view with leftover marker (4.023917ms)
✔ SU03 cross-device Continue needs no marker and never prepares (3.424875ms)
✔ SU03 marker/view matrix: PAYUNi marker on Stripe view and Stripe marker on PAYUNi view send nothing (5.415792ms)
✔ SU03 any other view renders without a POST (2.911916ms)
✔ SU03 CREATING: waits on the schedule without the lock, then hands off once when READY (25.871917ms)
✔ SU03 CREATING budget: 10 reads over 30 s, then the blank child is closed, no POST, no throw (35.238084ms)
✔ SU03 cancel_requested seen on the re-GET aborts before the handoff POST (0.999584ms)
✔ SU03 handoff outcomes: CREATING closes child, CLOSED/UNAVAILABLE/error/malformed reject; one POST each, never retried (8.285ms)
✔ SU03 Stripe prepare errors, amount/currency mismatch and popup loss stop before any handoff (1.573458ms)
✔ SU03 two clicks make two handoff POSTs only because there were two clicks; sequential, none from reads (8.258ms)
✔ SU03 navigate: validates again, needs an owned blank child, sets used before replace, no URL in errors (0.791458ms)
✔ SU03 refresh signal: keyless single POST, validated, throttled 1/10 s and 30 per page life, cancel never throttled (6.635375ms)
✔ SU03 signal failures are single-shot and sanitized: HTTP error, malformed body, wrong order (0.347791ms)
✔ private quote/option authority fields are required; only exact MANUAL home can checkout (6.559417ms)
✔ continue shopping advances only ordered version, clears hint, keeps SQL history authoritative (31.722709ms)
✔ lost next-cart response retries identical key/body and preserves a newer cart (5.26825ms)
✔ continuation never overwrites an already advanced cart (0.435417ms)
✔ unknown checkout blocks continuation without any business request (4.396334ms)
✔ two queued continuation clicks mutate once; stale order ID cannot clear another order (3.520791ms)
✔ CAS conflict resolves only after a newer cart is read (4.288375ms)
✔ locator removal failure retains next-cart journal and recovery survives missing locator (10.342334ms)
✔ order history summary rejects PII/unknown fields and malformed scope IDs (3.485125ms)
✔ native address validation mirrors printable Unicode, limits and phone; journal forbids PII (6.515625ms)
✔ address lost reply replays exact in-memory intent, then confirms current head (1.739292ms)
✔ address reload requires explicit new intent and exact observed CAS; stale head never auto-bumps (8.399958ms)
✔ old address receipt cannot confirm another tab's newer current head (0.337041ms)
✔ a late address CAS winner requires another explicit confirmation, not an automatic version bump (2.5845ms)
✔ checkout lost reply, queued duplicate and current GET reuse one key and one order (1.063875ms)
✔ uncertain checkout retains original journal across later 401/403/404/5xx and malformed success (0.853583ms)
✔ only a fresh definitive denial clears checkout; no order locator is invented (0.218125ms)
✔ locator storage failure after commit retains same key; reload GET failure keeps locator (0.463375ms)
✔ locator persisted but journal removal failed resumes pending receipt, not unrelated pointer (0.391125ms)
✔ unavailable storage, invalid locator and late changed context fail closed (1.269166ms)
✔ order locator readback mismatch and no-op journal removal both retain checkout recovery (2.314583ms)
✔ direct claim continuation refuses a newer ordered cart inside the purchase lock (5.417333ms)
✔ direct claim continuation keeps next-cart recovery after a conflicting clear (0.856458ms)
✔ collector projection: admitted for derived connections, absent/null for primary (0.825875ms)
✔ collector rejects identifiers, extra keys and malformed text (0.335583ms)
✔ disclosure renders the contract §5 line with all three slots substituted (0.353875ms)
✔ the disclosure line exists exactly when the hosted view returns a collector (0.296166ms)
✔ a shop or collector name with a replacement pattern is shown literally (0.203542ms)
✔ OrderPayment renders the disclosure with the view, above every pay button, through the helper only (2.086959ms)
✔ BPT03 exact valid projection and Go nanosecond UTC timestamps (107.698125ms)
✔ BPT03 view rejects private fields, inconsistent state and malformed names (1.556375ms)
✔ BPT03 prepared receipt enforces exact original credit-card amount (4.341ms)
✔ BPT03 hosted form and replay are exact, bounded and action-allowlisted (1.968833ms)
✔ SU01 Stripe views: fresh, both methods, attempt states, PAYUNi unchanged (1.249417ms)
✔ SU01 Stripe view negatives (0.385875ms)
✔ SU01 prepared amounts follow the corrected per-currency table (0.305833ms)
✔ SU01 Stripe handoff union and every redirect_url negative (0.827667ms)
✔ SU01 payment signal is exactly {order_id, scheduled:boolean} (1.408375ms)
✔ RUI01 refund summary: refunded states, pending money, absent ≡ null (1.323292ms)
✔ RUI01 refund summary negatives (0.557334ms)
✔ BPU03 neutral GET and POST return ignore every callback field and cookie (34.026416ms)
✔ primary origin: exact path/query, same host, and no URL-controlled destination (5.355666ms)
✔ GET and HEAD use trusted Host, private bounded uncached resolver and exact 301 (41.210167ms)
✔ no writes redirected; resolution failures fail closed; unknown hosts keep native 404 (3.086083ms)
✔ policy version is the frozen constant, in the customers-core D4 shape (0.68325ms)
✔ route table: exactly the four buyer privacy routes, methods and body kinds (1.146583ms)
✔ body shapes are closed and mirror the frozen Go inputs (no source, no policy_version) (0.759ms)
✔ GET privacy validator: closed shape, erased owner holds no consent (0.391083ms)
✔ consent result and erasure summary validators (0.563542ms)
✔ buyer export envelope never carries customer_id (0.460417ms)
✔ failure classification: 410 and erased are the erased state (1.369834ms)
✔ copy: every locale has the same keys, the ads box discloses that sent events cannot be recalled (0.16025ms)
✔ selected option photo uses a main display slot without adding a fifth main image (2.262083ms)
✔ use-cover selection and a main-thumbnail selection restore the original main gallery (0.2575ms)
✔ cart thumbnail uses variant then catalog image_id, including when main images are absent (0.2545ms)
✔ migrated four-main/five-detail images stay separate when the option photo changes (0.660417ms)
✔ real cart-detail composition uses server SKU image_id (v2 detail available) (91.48325ms)
✔ real cart-detail composition uses server SKU image_id (v2 detail unavailable) (0.681042ms)
✔ parity: frontend caps equal the Go constants (3.393792ms)
✔ detail parser: 4 main + 20 detail + option-value images are accepted and mapped (0.728458ms)
✔ detail parser: 5 main, 21 detail, bad ids and over-cap option images are refused (0.152542ms)
✔ detail parser: a backend before product-media-v2 (no new keys) still parses with empty defaults (0.083958ms)
✔ v1 catalog row: images are main-only (<= 4) and image_id is a uuid or null (0.245084ms)
✔ PRO-S1 code mirror: any case and spaces normalise; impossible codes never become a request (0.513417ms)
✔ PRO-S2 promotion object: closed keys, kind/value pairing (0.17675ms)
✔ PRO-S3 quote validator: promotion is optional but never malformed; the discount stays the server's own number (0.279667ms)
✔ PRO-S4 journal grammar: a quote write may carry one canonical promo_code, nothing else (0.35375ms)
✔ PRO-S5 copy: three locales cover every refusal code and the same keys (0.4565ms)
✔ PRO-S6 BFF quote route: promo_code relayed untouched when canonical, refused before the private API otherwise (59.696083ms)
✔ PRO-S7 BFF: every promo_* refusal is a definite, non-retryable 422 with its own code (27.620625ms)
✔ demonstration disclosure is explicit and local-only (1.231625ms)
✔ cart selection preserves unrelated SKUs and the observed CAS version (45.257208ms)
✔ minor amounts are bounded before multiplication, including zero (0.095417ms)
✔ delivery identity includes country for one market and method (0.072583ms)
✔ journal is bound to context and rejects PII/unknown fields (0.237ms)
✔ lost response replays exact key/body, then clears only after parsed receipt (47.54325ms)
✔ RUI02 buyer order admits MERCHANT_SHIPPED only with a SHIPPED head; absent shipment ≡ null (0.44775ms)
✔ RUI02 shipment shape negatives (incl. unsafe links) (0.242875ms)
✔ RUI02 history summary admits MERCHANT_SHIPPED (a shipped order must not break the list) (0.077041ms)
✔ CVSP01 options: CVS rows carry pickup_selection/payment_modes; unavailable rows are a separate shape (0.34825ms)
✔ CVSP02 CVS destination write: TW only, pickup_id required, empty home address; home unchanged (1.937875ms)
✔ CVSP03 checkoutInput: payment_mode only for CVS rows and only a mode the row offers (0.326791ms)
✔ COD confirmation includes expected fee, enforces collect cap and validates immutable order money (0.556084ms)
✔ CVSP04 buyer order: pay_at_pickup <=> collection_state; cvs_shipment only on a matching CVS destination (0.924916ms)
✔ CVSP05 journal accepts a CVS destination marker and a checkout body with payment_mode, nothing else (1.671875ms)
✔ validProduct accepts up to the Go photo cap and rejects one more (1.118125ms)
✔ design: garbage and hostile documents collapse to the safe default shape (2.768709ms)
✔ design: links, preview token propagation, nav resolution (0.359584ms)
✔ design: any merchant accent yields readable button text and link colour (WCAG AA) (0.739541ms)
✔ variants: resolution, disabled out-of-stock combinations, initial choice, price bounds (0.589958ms)
✔ catalog-v2 parsers accept the frozen shapes and refuse drift (2.011458ms)
✔ free-delivery progress words the hint only when a threshold exists (0.411833ms)
✔ list query: only whitelisted, canonical values survive (2.368917ms)
✔ seo: JSON-LD cannot break out of its script tag; offers reflect stock and price range (15.032125ms)
✔ seo: sitemap escapes and carries hreflang; robots refuses everything for a closed host (0.659375ms)
✔ money: whole amounts drop cents, minor digits come from the currency, filters round-trip (1.464292ms)
✔ cart line write: replaces one line, keeps the others, 0 removes, CAS version is the one shown (4.61925ms)
✔ cart problems map to buyer-facing classes without leaking transport detail (0.101ms)
✔ checkout options accept the optional free-shipping threshold only as a positive integer or null (0.187542ms)
✔ no-image placeholder copy: exactly the locale label a photo-less card or gallery renders (0.05ms)
✔ storefront image caps equal the Go catalog caps (internal/catalog MaxMainImages, MaxDetailImages) (72.596042ms)
✔ design text limits count code points like Go, never splitting a surrogate pair (1.167792ms)
✔ G3: same-series cards exclude the current product and never invent absent draft/foreign products (0.614416ms)
✔ G5: safety guidance exists in three languages without changing the five merchant policy approval boundaries (0.986959ms)
✔ G4: category chips omit empty collections; hidden collections absent from the public API stay absent (0.071708ms)
✔ OrderHistory renders server order instant in Taipei (71.48725ms)
✔ ClaimLink renders claim expiry in Taipei (2.527875ms)
✔ BankTransfer renders deadline and proof instant in Taipei (2.342958ms)
✔ BankTransfer proof echo labels store time in en (3.999375ms)
✔ BankTransfer proof echo labels store time in zh-TW (3.017458ms)
✔ BankTransfer proof echo labels store time in zh-CN (3.49325ms)
✔ BankTransfer input describes the device zone in en (2.828ms)
✔ BankTransfer input describes the device zone in zh-TW (3.386959ms)
✔ BankTransfer input describes the device zone in zh-CN (5.031375ms)
✔ BankTransfer input has a generic label when Intl has no zone in en (2.459167ms)
✔ BankTransfer input has a generic label when Intl has no zone in zh-TW (5.236208ms)
✔ BankTransfer input has a generic label when Intl has no zone in zh-CN (3.573042ms)
✔ ShopFooter uses Taipei year across UTC year boundary (5.102042ms)
✔ BankTransfer deadline labels store time in en (3.438917ms)
✔ BankTransfer deadline labels store time in zh-TW (3.042459ms)
✔ BankTransfer deadline labels store time in zh-CN (77.078167ms)
✔ OrderHistory states the Taipei time zone once in en (110.896542ms)
✔ OrderHistory states the Taipei time zone once in zh-TW (2.505916ms)
✔ OrderHistory states the Taipei time zone once in zh-CN (2.935916ms)
✔ dictionaries have exact parity and non-empty values (0.665083ms)
✔ locale precedence and language quality mapping (1.940333ms)
✔ localized paths preserve deep links and reject dangerous input (1.150792ms)
✔ path locale only matches a canonical first segment (0.701167ms)
✔ the four constructs render (1.763208ms)
✔ XSS payloads stay inert text (0.602792ms)
✔ fuzz: any string over a hostile alphabet renders only whitelisted tags (10.78325ms)
✔ validator mirrors the Go rules (0.203125ms)
✔ SDN1 allowlist: exactly the contract routes, per method (0.56475ms)
✔ SDN1 allowlist: traversal, case, suffix and prefix tricks never match (0.241625ms)
✔ SDN1 request shape: no query string anywhere, reads carry no body, key, length or transfer-encoding (18.13225ms)
✔ SDN1 cap: 260 KiB = Go's 256 KiB document + 4 KiB envelope, and a body of exactly the cap is still below it (0.06025ms)
✔ SDN2 renderer: every XSS payload comes out as whitelisted tags and escaped text only (0.757209ms)
✔ SDN2 renderer: escape-first means the merchant's text never becomes markup (0.100625ms)
✔ SDN2 renderer: fuzz (seeded) never produces a tag outside the whitelist (143.106583ms)
✔ SDN2 client validator rejects what the server rejects (HTML, non-https links, `<` anywhere) (5.55175ms)
✔ cleanForSave turns cleared fields into null but keeps an empty body (0.685166ms)
✔ localIssues names each missing mandatory value by server path (0.579958ms)
✔ moved swaps neighbours and ignores out-of-range moves (0.244959ms)
✔ parsers accept the exact Go shapes and refuse extra or missing keys (1.307708ms)
✔ BFF allowlist covers exactly the design resources (10.183583ms)
✔ validDesignRequest refuses queries and bodies on reads, ignores other paths (52.387458ms)
✔ designDetails forwards only a bounded {path, reason} pair (0.17625ms)
✔ accepts exactly the three locale invite paths with a 20-200 char token (1.230084ms)
✔ rejects anything that is not an exact same-origin relative invite path (0.256458ms)
✔ rejects percent-encoded variants of the exact shape (0.142916ms)
✔ the token is an opaque invite token shape, never a URL (0.151209ms)
✔ fragment carrier: round-trips the exact invite path, is never a query string, and rejects hostile fragments (0.623083ms)
✔ dashboard: accepts the frozen shape, rejects drift (8.007959ms)
✔ import result: strict keys, closed error codes, committed never carries errors (1.351875ms)
✔ csv file guard mirrors the Go bounds (0.323417ms)
✔ manual options: a COD home row parses with its offer (D01: the page used to refuse the whole list) (2.005417ms)
✔ manual options: only bank_transfer / pay_at_pickup / cash_on_delivery, key must equal market|country|code (0.200834ms)
✔ manual result: link is https with the order id and a 43-char capability in the fragment only (0.3925ms)
✔ draft: first problem, and the body has no price-like field at all (0.520292ms)
✔ BFF grammar: exactly the seven tools resources (0.081833ms)
✔ regenerate body/result: exactly {order_id, locale} and a fresh https link naming that order (0.142791ms)
✔ copy parity: every locale has every key, import rules and error codes (18.968416ms)
✔ callback redirect target is always a same-origin /<locale>/settings path whatever the cookies, store, code or error say (4.892166ms)
✔ the binding cookie: exactly one canonical store uuid, path-scoped to the callback, HttpOnly, Lax, 10 minutes, Secure (0.397709ms)
✔ callback query: exactly one code and one state within charset/length bounds; Meta's error=… and repeats are not forwarded (1.656125ms)
✔ the dialog URL the BFF hands the browser is https://www.facebook.com only (0.71725ms)
✔ callback error mapping only ever yields fixed codes, never an upstream message (0.404958ms)
✔ selected Page qualifies only a bare Facebook id, never rewrites another Page or external URL (0.598625ms)
✔ status: not connected, connected with and without Instagram, and every deviation throws (1.622958ms)
✔ pick state: closed shape, optional Instagram keys come as a pair, id must match (0.739375ms)
✔ route grammar: only status/states/pick/disconnect; start and callback are dedicated routes; no query; reads carry no body or key (13.850416ms)
✔ connect cookie, body and callback redirect never carry code/state and only fixed codes (0.850959ms)
✔ copy: three locales have the same keys and every Go error code has a message (0.490375ms)
✔ review-required remains restricted; evidence does not promote state (1.07025ms)
✔ legacy omission remains unidentified, independent of array order (0.190834ms)
✔ closed shapes reject unknown state/provider/evidence, leaked fields and inconsistent severity (0.221916ms)
✔ duplicate capabilities/pages and unbounded arrays cannot become trusted state (0.101208ms)
✔ worst Page determines advice, no raw upstream reason reaches copy (0.116416ms)
✔ recheck receipt means scheduled; timestamps and closed keys are checked (0.101958ms)
✔ exact keyless route grammar rejects query/key/body confusion (48.580875ms)
✔ recheck takes exactly page_id and no caller-provided scope (0.459042ms)
✔ blocking advice comes from the blocking capability, not a secondary public-reply warning (0.460625ms)
✔ clean health browser mode prepares admin standalone before starting its fixture (81.994458ms)
✔ en: expired connection retains its full refusal inside a wrapping badge (109.754709ms)
✔ zh-TW: expired connection retains its full refusal inside a wrapping badge (0.828541ms)
✔ zh-CN: expired connection retains its full refusal inside a wrapping badge (0.54325ms)
✔ actual B1 snapshot state remains ok even when a fixture expected review_required (0.083833ms)
✔ D02 TWD input: whole dollars only, x100 on the wire (128.232541ms)
✔ D02 TWD edit text: whole dollars have no decimals; a legacy amount with cents is never shown as another price (0.582458ms)
✔ D02 display: NT$ without decimals in every language, cents only when there are cents (4.516666ms)
✔ D02 live-price input (Studio claims): TWD whole dollars, other currencies their decimals (0.832292ms)
✔ D02 discount code amounts: TWD whole dollars, a decimal is refused before it is sent (2.356792ms)
✔ D02 no admin copy or component says 'minor units' to the merchant (106.528833ms)
✔ M06 time: Asia/Taipei everywhere, labelled, never UTC (9.483917ms)
✔ settings answer: exactly one boolean key (0.821792ms)
✔ PUT body is the frozen single key (0.068083ms)
✔ BFF grammar: GET read, PUT keyed command, nothing else (0.193084ms)
✔ copy: three locales, same keys, no empty text (0.117666ms)
✔ PRM01 parse: exact keys, kind/value pairing and ranges; duplicates and unknown keys are refused (3.736041ms)
✔ PRM02 Taipei wall time: +08:00 on the wire, instant shown back in Taipei, impossible dates refused (137.1725ms)
✔ PRM03 create body: normalised code, major units to minor units, optional fields null, whole body validated (14.234625ms)
✔ PRM04 update + toggle: version CAS key, form round trip, pause keeps every other field (2.708458ms)
✔ PRM05 BFF grammar: exactly list, create and update; nothing generic (0.589916ms)
✔ PRM06 copy: three locales carry the same keys and every refusal code the Go routes can answer (2.066ms)
✔ G-UI3/G-UI5 architecture constraints pass with shrinking legacy exceptions (4424.439292ms)
✔ G-UI3/G-UI5 negatives: new formatter, component fetch, >800 lines and wider allowance fail (1.624333ms)
✔ Readiness jump controls expose the actual active section, not a click flag (1.3825ms)
✔ Integrator P2: legal CN comment ordering and a distinct three-image recommendation (0.683125ms)
✔ ADM04 and ADM06 explain unavailable SKUs and keep collection vocabulary consistent (1.668875ms)
✔ ADM06 create/detail titles share the route vocabulary without adding a phantom Next page (0.375208ms)
✔ G-UI1 Next pages and route registry are bidirectional, unique, typed, documented (2.650167ms)
✔ G-UI1 copy key parity: no missing or extra key in any locale (0.094583ms)
✔ G-UI2 staff without catalog:read cannot see products/inventory or open a product URL (0.243875ms)
✔ G-UI2 every route permission is a permission Go knows, and /orders/new needs inventory:reserve (271.434666ms)
✔ G-UI1 dynamic and public routes match, details never appear as navigation (0.277459ms)
✔ W6-U2 ledger is a settings in-page route, preserving existing navigation (0.129042ms)
✔ Every browser spec clicks nav-orders: the orders group stays a singleton, so returns/new/print routes are nav: false (0.253875ms)
✔ shell-registry: every routed path has exactly one nonempty shared h1 in all three locales (922.780625ms)
✔ shell-registry: orders stays one actual group button on live and non-live routes (7.148042ms)
✔ shell-registry: loading/expired/unavailable/forbidden keep one safe heading and never leak private content (14.616166ms)
✔ created address is a strict HTTPS origin matching the assigned handle (0.4975ms)
✔ DNS instructions must name the requested origin and a bare hostname target (0.281041ms)
✔ domain kind is authoritative and closed, not inferred from host or token (0.125458ms)
✔ apex DNS retains every concrete IPv4/IPv6 address and rejects malformed values (0.460333ms)
✔ pending domain journal preserves exact action/key/target; legacy or corrupt markers never replay (0.3945ms)
✔ browser-origin gate: every refusal happens before Go is called, for every action (51.504209ms)
✔ only POST exists on the team routes (2.418209ms)
✔ unknown action is a local 404 and never reaches Go (4.140541ms)
✔ strict request grammar: wrong keys, types, ids, roles, locales and token shapes are 422 locally (54.058959ms)
✔ what reaches Go: BFF key, bearer from the cookie, no Cookie/Origin, body unchanged, exactly one call per request (114.534625ms)
✔ Go failures are rebuilt locally from allow-listed codes, never retried, and never echo the token (40.689166ms)
✔ team answer: accepts the frozen shape, null role and OIDC member without email (1.170875ms)
✔ team answer: unknown key, unknown role, bad id, bad mail state are rejected (0.683875ms)
✔ invite and accept answers are strict (1.102042ms)
✔ request grammar: every action has an exact key set and rejects junk values (0.596375ms)
✔ copy: three locales carry the same keys and a label for every role (1.000458ms)
✔ role-aware navigation: hides entries the member's permissions cannot use; unknown shows all; Team is owner-only (0.907625ms)
✔ P02 settlements directory rejects missing/link/owner/group/mode with a valid control (2924.792208ms)
✔ preflight health permission grammars and API/worker consistency fail closed (4190.198542ms)
✔ merchant alert flag is explicit 0|1 and independently requires SMTP (2839.334625ms)
✔ shared loader makes API/worker LIVE pair file-only before Compose interpolation (606.2385ms)
✔ export bind accepts omitted JSON false but rejects unsafe source/config mutations (1.667458ms)
✔ sanctioned operator allowlist and fail-closed gates (fake docker, no network) (2936.780625ms)
✔ platform operator custody, export mount and binary are wired (377.738458ms)
✔ actual export bind refuses a missing directory; enabling auto-create is detected (636.213ms)
✔ R3 preflight rejects cancelled PAYUNi, validates Page app and keeps LIVE pair mandatory (1375.03175ms)
✔ R3 smoke exercises exact denied probes, accepts 404 only for disabled mounts (119.580666ms)
✔ positive control: a complete, valid configuration raises no META_LOGIN finding (3447.694458ms)
✔ feature off (COMMERCE_META_LOGIN_CONFIG_ID empty): no rule applies even with the other keys empty (666.406542ms)
✔ P06: the Page route needs the webhook receiver (517.10875ms)
✔ P06: sessions come from identity (351.776334ms)
✔ P06: without the claims profile nobody sends the private replies (a WARN, not a FAIL) (409.147084ms)
✔ P08: COMMERCE_META_LOGIN_CONFIG_ID must be numeric ("abc") (514.69675ms)
✔ P08: COMMERCE_META_LOGIN_CONFIG_ID must be numeric ("12 34") (395.097083ms)
✔ P08: COMMERCE_META_LOGIN_CONFIG_ID must be numeric ("111111111111") (484.881583ms)
✔ P08: COMMERCE_META_LOGIN_CONFIG_ID must be numeric ("0x10") (539.922458ms)
✔ P08: COMMERCE_META_LOGIN_CONFIG_ID must be numeric ("-1") (563.539791ms)
✔ P08: COMMERCE_META_LOGIN_REDIRECT_URI must be exactly https://<LC_ADMIN_HOST>/api/meta/callback (wrong host) (384.03425ms)
✔ P08: COMMERCE_META_LOGIN_REDIRECT_URI must be exactly https://<LC_ADMIN_HOST>/api/meta/callback (http scheme) (270.5985ms)
✔ P08: COMMERCE_META_LOGIN_REDIRECT_URI must be exactly https://<LC_ADMIN_HOST>/api/meta/callback (the ads callback path) (249.661834ms)
✔ P08: COMMERCE_META_LOGIN_REDIRECT_URI must be exactly https://<LC_ADMIN_HOST>/api/meta/callback (trailing slash) (318.724583ms)
✔ P08: COMMERCE_META_LOGIN_REDIRECT_URI must be exactly https://<LC_ADMIN_HOST>/api/meta/callback (query string) (444.9005ms)
✔ P08: COMMERCE_META_LOGIN_REDIRECT_URI must be exactly https://<LC_ADMIN_HOST>/api/meta/callback (empty) (345.855417ms)
✔ P08: COMMERCE_META_LOGIN_GRAPH_VERSION grammar vNN.N ("26.0") (382.201417ms)
✔ P08: COMMERCE_META_LOGIN_GRAPH_VERSION grammar vNN.N ("v26") (210.282875ms)
✔ P08: COMMERCE_META_LOGIN_GRAPH_VERSION grammar vNN.N ("v26.0.1") (328.219292ms)
✔ P08: COMMERCE_META_LOGIN_GRAPH_VERSION grammar vNN.N ("latest") (363.701292ms)
✔ P08: COMMERCE_META_LOGIN_GRAPH_VERSION grammar vNN.N ("") (332.408416ms)
✔ P08: COMMERCE_META_LOGIN_GRAPH_VERSION grammar vNN.N ("v1000.0") (269.430584ms)
✔ P08: COMMERCE_META_LOGIN_GRAPH_VERSION accepts v26.0 (290.5545ms)
✔ P08: COMMERCE_META_LOGIN_GRAPH_VERSION accepts v22.0 (201.47ms)
✔ P08: COMMERCE_META_LOGIN_GRAPH_VERSION accepts v99.9 (202.615917ms)
✔ production without any alert channel is a FAIL (nobody would hear the next outage) (3423.155166ms)
✔ outside production the same gap is only a WARN (644.037167ms)
✔ a webhook alone satisfies the rule (510.132833ms)
✔ an e-mail target with a complete relay (host, username, secret) satisfies the rule (320.388791ms)
✔ an e-mail target without the relay secret cannot be sent: FAIL in production, WARN elsewhere (769.411375ms)
✔ the example's CHANGE_ME_SENDER placeholder is not a relay: the e-mail target cannot be sent (381.731333ms)
✔ LC_ALERT_EMAIL must be one plain address ("not-an-address") (397.546333ms)
✔ LC_ALERT_EMAIL must be one plain address ("two@fake.invalid,three@fake.invalid") (406.564333ms)
✔ LC_ALERT_EMAIL must be one plain address ("a b@fake.invalid") (506.205125ms)
✔ LC_ALERT_EMAIL must be one plain address ("<owner@fake.invalid>") (516.044041ms)
✔ LC_ALERT_EMAIL must be one plain address ("owner@fake") (349.420666ms)
✔ storefront cart-line removal is reversible: clicked for real, not guarded (2.205958ms)
✔ destructive / irreversible / sign-out classification (owner list, en + zh) (1.556334ms)
✔ alike controls (rows with ids / numbers) share one class key (0.408ms)
✔ known defects classify, never silence: stale entries are reported (1.107083ms)
✔ the markdown ledger has one row per interaction and names the verdict (1.209333ms)
✔ protocolHrefOK accepts well-formed tel:/mailto: and rejects malformed ones (0.598916ms)
✔ J1 waits for enabled media and clicks a real chooser; the uploaded cover is bound to the main section (3092.031708ms)
✔ J1 cannot credit a detail-image receipt as the main cover (2.154334ms)
✔ J1 refuses a failed cover upload rather than continuing to activate (1.078458ms)
✔ thresholds are the named constants of the brief (6.189459ms)
✔ R1: document wider than the viewport, and the outermost element past the edge (0.724125ms)
✔ R2: label tops, control tops and control heights of one visual row (1.69625ms)
✔ R2: what is one row and what is not (0.863459ms)
✔ R2: a button beside a field has to line up with its control (0.63575ms)
✔ R3: a row made tall by stacked controls, a control wider than its cell (6.287417ms)
✔ R3: a matrix whose EVERY row is doubled by a stacked stock cell (the median cannot see it) (4.231666ms)
✔ R4: small text, helper text apart, icons and duplicates excepted (0.410875ms)
✔ R5: tap targets on the 390 viewport only (2.903875ms)
✔ R6: interactive elements and text boxes that overlap (1.06725ms)
✔ R7: text clipped inside a control or label (either side), and select values that do not fit (1.115917ms)
✔ R8: the same visible label twice in one list (0.5895ms)
✔ evaluate() tags severity, selectRecords() keeps distinct groups first and counts every instance (1.477167ms)
✔ R9: text and controls flush to the screen edge at 390 (1.444459ms)
✔ R6/R9 judge the visible (ancestor-clipped) rectangle, not the raw one (integrator ruling 2026-10-05) (0.202916ms)
✔ R10: a fixed or sticky bar covering main content after scrolling (0.901875ms)
✔ R11: controls narrower than a usable width (0.439166ms)
ℹ tests 448
ℹ suites 0
ℹ pass 448
ℹ fail 0
ℹ cancelled 0
ℹ skipped 0
ℹ todo 0
ℹ duration_ms 18201.668042
✔ closed projections reject secret-shaped extras, invalid enums, IDs and contradictory capabilities (1.004709ms)
✔ detail accepts only bounded events and keeps actual server action flags (0.478458ms)
✔ BFF exact routes and request grammar forbid keys/body on reads, filters on detail and arbitrary writes (11.2605ms)
✔ copy parity, safe object navigation and UNKNOWN/protective reasons (0.175292ms)
✔ read-only store capability never exposes a command even if the state allows one (0.057458ms)
✔ duplicate escaped keys cannot bypass the exact command grammar (0.04675ms)
✔ query backoff affects only its operation and expires without another action (0.050417ms)
✔ merchant reason text translates ledger events and conceals unknown or prototype codes (0.097459ms)
✔ ledger read navigation requires effective integration:read permission regardless of role (0.078167ms)
ℹ tests 9
ℹ suites 0
ℹ pass 9
ℹ fail 0
ℹ cancelled 0
ℹ skipped 0
ℹ todo 0
ℹ duration_ms 98.078833
✔ OrderHistory renders server order instant in Taipei (93.958041ms)
✔ ClaimLink renders claim expiry in Taipei (4.709916ms)
✔ BankTransfer renders deadline and proof instant in Taipei (2.444292ms)
✔ BankTransfer proof echo labels store time in en (1.587583ms)
✔ BankTransfer proof echo labels store time in zh-TW (1.992917ms)
✔ BankTransfer proof echo labels store time in zh-CN (1.835375ms)
✔ BankTransfer input describes the device zone in en (3.229792ms)
✔ BankTransfer input describes the device zone in zh-TW (2.227917ms)
✔ BankTransfer input describes the device zone in zh-CN (1.55375ms)
✔ BankTransfer input has a generic label when Intl has no zone in en (1.526458ms)
✔ BankTransfer input has a generic label when Intl has no zone in zh-TW (1.4385ms)
✔ BankTransfer input has a generic label when Intl has no zone in zh-CN (1.700667ms)
✔ ShopFooter uses Taipei year across UTC year boundary (2.2815ms)
✔ BankTransfer deadline labels store time in en (1.707166ms)
✔ BankTransfer deadline labels store time in zh-TW (3.888416ms)
✔ BankTransfer deadline labels store time in zh-CN (1.968334ms)
✔ OrderHistory states the Taipei time zone once in en (1.217917ms)
✔ OrderHistory states the Taipei time zone once in zh-TW (1.151125ms)
✔ OrderHistory states the Taipei time zone once in zh-CN (1.061583ms)
✔ Meta rejection wording is preserved as bounded Unicode text, never translated (1.349625ms)
✔ frozen error codes: model list equals the frozen list, each is read from both error shapes (0.3635ms)
✔ copy: every code, status, op state and connect error has text in all three locales (0.254375ms)
✔ copy never calls a budget a hard stop and never offers resume (0.257167ms)
✔ draft: every §5.1 status parses; unknown status/template/op state is an error, never guessed (0.365208ms)
✔ draft: optional fields, remote ids and the Ads Manager link (0.19275ms)
✔ action hints: pause whenever a remote id exists and not ENDED; a paused draft is only ever copied (X7) (0.205166ms)
✔ money: whole units to minor with integer math; TWD must be whole (88.446291ms)
✔ Taipei schedule: wall inputs and draft projections ignore the viewer zone (4.271375ms)
✔ Taipei schedule: invalid calendar days are rejected and all copy names UTC+8 (0.286292ms)
✔ draft input: exact 11-key body and every local rule (4.339083ms)
✔ draft form round trip and X7 copy (blank schedule, no id, no revision) (0.48675ms)
✔ settings parser: environment enum, connections, identities, capi (0.750584ms)
✔ connect state parser: pick list kinds and id match (0.562667ms)
✔ report: three separate blocks, orders may be null, no combined figure (1.657458ms)
✔ default report window is the Asia/Taipei store day whatever the viewer's zone is (Taipei midnight boundary) (5.946791ms)
✔ capi body and validation (0.168208ms)
✔ W6-06B unbind response: exact keys, account, UUIDs and outcome semantics (0.213375ms)
✔ W6-06B in-flight details preserve bounded items and total, reject unknown shapes (0.184708ms)
✔ W6-06B catalog feed has exact public URL/domain pairs or published-store empty (0.180833ms)
✔ W6-06B copy preserves unbind boundaries and feed recovery in three locales (0.063208ms)
✔ W6-06B feed selection follows origin order, not full feed URL order (0.068584ms)
✔ customer list accepts the frozen row and rejects unknown keys, dup ids, bad cursor, oversize (8.165708ms)
✔ customer row invariants: nulls for bundle-only/erased, counts, money, consents (0.3315ms)
✔ customer detail: bounded lists, order summaries reuse the orders parser, id must match (8.294083ms)
✔ erasure summary is four counts only (0.124542ms)
✔ finance summary: net = captured - refunded (I05), totals carry an empty day, sandbox flag (0.3735ms)
✔ financeDay is the UTC+8 day (0.073292ms)
✔ finance defaults keep Taipei dates across midnight, leap day and year end (0.0875ms)
✔ tags and notes are parsed strictly (W6-01B) (1.639791ms)
✔ TSX seam refuses an unlisted import (3.700625ms)
✔ Ads merchant timestamp uses Taipei at the year boundary (12.79825ms)
✔ Design version published_at cell uses Taipei at the year boundary (3.049916ms)
✔ ManualOrder bank-transfer expiry uses Taipei at the year boundary (3.84075ms)
ℹ tests 53
ℹ suites 0
ℹ pass 53
ℹ fail 0
ℹ cancelled 0
ℹ skipped 0
ℹ todo 0
ℹ duration_ms 367.220583
✔ OrderHistory renders server order instant in Taipei (10.712625ms)
✔ ClaimLink renders claim expiry in Taipei (3.683916ms)
✔ BankTransfer renders deadline and proof instant in Taipei (2.5545ms)
✔ BankTransfer proof echo labels store time in en (1.610333ms)
✔ BankTransfer proof echo labels store time in zh-TW (1.840542ms)
✔ BankTransfer proof echo labels store time in zh-CN (1.580791ms)
✔ BankTransfer input describes the device zone in en (1.416666ms)
✔ BankTransfer input describes the device zone in zh-TW (1.72925ms)
✔ BankTransfer input describes the device zone in zh-CN (1.463083ms)
✔ BankTransfer input has a generic label when Intl has no zone in en (2.176833ms)
✔ BankTransfer input has a generic label when Intl has no zone in zh-TW (1.896292ms)
✔ BankTransfer input has a generic label when Intl has no zone in zh-CN (1.307ms)
✔ ShopFooter uses Taipei year across UTC year boundary (1.734959ms)
✔ BankTransfer deadline labels store time in en (1.412708ms)
✔ BankTransfer deadline labels store time in zh-TW (1.159334ms)
✔ BankTransfer deadline labels store time in zh-CN (1.038083ms)
✔ OrderHistory states the Taipei time zone once in en (0.875792ms)
✔ OrderHistory states the Taipei time zone once in zh-TW (0.699416ms)
✔ OrderHistory states the Taipei time zone once in zh-CN (1.077833ms)
✔ Meta rejection wording is preserved as bounded Unicode text, never translated (1.138541ms)
✔ frozen error codes: model list equals the frozen list, each is read from both error shapes (0.362042ms)
✔ copy: every code, status, op state and connect error has text in all three locales (0.253042ms)
✔ copy never calls a budget a hard stop and never offers resume (0.239875ms)
✔ draft: every §5.1 status parses; unknown status/template/op state is an error, never guessed (0.347458ms)
✔ draft: optional fields, remote ids and the Ads Manager link (0.165417ms)
✔ action hints: pause whenever a remote id exists and not ENDED; a paused draft is only ever copied (X7) (0.210208ms)
✔ money: whole units to minor with integer math; TWD must be whole (54.2345ms)
✔ Taipei schedule: wall inputs and draft projections ignore the viewer zone (6.761583ms)
✔ Taipei schedule: invalid calendar days are rejected and all copy names UTC+8 (0.431792ms)
✔ draft input: exact 11-key body and every local rule (3.803458ms)
✔ draft form round trip and X7 copy (blank schedule, no id, no revision) (0.263042ms)
✔ settings parser: environment enum, connections, identities, capi (0.384709ms)
✔ connect state parser: pick list kinds and id match (0.118ms)
✔ report: three separate blocks, orders may be null, no combined figure (0.268833ms)
✔ default report window is the Asia/Taipei store day whatever the viewer's zone is (Taipei midnight boundary) (4.046709ms)
✔ capi body and validation (0.14475ms)
✔ W6-06B unbind response: exact keys, account, UUIDs and outcome semantics (0.202125ms)
✔ W6-06B in-flight details preserve bounded items and total, reject unknown shapes (0.17675ms)
✔ W6-06B catalog feed has exact public URL/domain pairs or published-store empty (1.020625ms)
✔ W6-06B copy preserves unbind boundaries and feed recovery in three locales (2.14ms)
✔ W6-06B feed selection follows origin order, not full feed URL order (0.50025ms)
✔ customer list accepts the frozen row and rejects unknown keys, dup ids, bad cursor, oversize (2.059792ms)
✔ customer row invariants: nulls for bundle-only/erased, counts, money, consents (0.261875ms)
✔ customer detail: bounded lists, order summaries reuse the orders parser, id must match (4.630792ms)
✔ erasure summary is four counts only (0.097916ms)
✔ finance summary: net = captured - refunded (I05), totals carry an empty day, sandbox flag (0.305542ms)
✔ financeDay is the UTC+8 day (0.057083ms)
✔ finance defaults keep Taipei dates across midnight, leap day and year end (0.085709ms)
✔ tags and notes are parsed strictly (W6-01B) (0.528ms)
✔ TSX seam refuses an unlisted import (6.341375ms)
✔ Ads merchant timestamp uses Taipei at the year boundary (16.2445ms)
✔ Design version published_at cell uses Taipei at the year boundary (3.050084ms)
✔ ManualOrder bank-transfer expiry uses Taipei at the year boundary (6.847ms)
ℹ tests 53
ℹ suites 0
ℹ pass 53
ℹ fail 0
ℹ cancelled 0
ℹ skipped 0
ℹ todo 0
ℹ duration_ms 320.184416
✔ legacy display sentinels preserve a list row without admitting arbitrary or private data (1.8045ms)
✔ orders-v2 accepts bounded filters and Taipei inclusive dates; rejects ambiguity (0.444042ms)
✔ orders-v2 rejects client count approximations, unbounded or extra response data (0.15175ms)
✔ all three locales label every task queue, payment and delivery mode (0.31175ms)
ℹ tests 4
ℹ suites 0
ℹ pass 4
ℹ fail 0
ℹ cancelled 0
ℹ skipped 0
ℹ todo 0
ℹ duration_ms 84.381084
✔ numeric store IDs have no suggestion BFF or browser client (1.160541ms)
ℹ tests 1
ℹ suites 0
ℹ pass 1
ℹ fail 0
ℹ cancelled 0
ℹ skipped 0
ℹ todo 0
ℹ duration_ms 72.092583
✔ ADM10 operator sentence is localized while product and company facts stay authoritative (0.368041ms)
✔ PS review: actual Host matching normalizes case, port and a terminal DNS dot, never forwarded authority (0.223083ms)
✔ PS review: privacy/terms retain Messenger and Instagram purpose disclosure; deletion uses exact UI labels (0.101334ms)
✔ P2-N1 zh-TW/privacy: current comments and private reply, conditional inbound messages (0.073667ms)
✔ P2-N1 zh-TW/terms: current comments and private reply, conditional inbound messages (0.040583ms)
✔ P2-N1 zh-CN/privacy: current comments and private reply, conditional inbound messages (0.032334ms)
✔ P2-N1 zh-CN/terms: current comments and private reply, conditional inbound messages (0.048208ms)
✔ P2-N1 en/privacy: current comments and private reply, conditional inbound messages (0.039417ms)
✔ P2-N1 en/terms: current comments and private reply, conditional inbound messages (0.042416ms)
✔ PS1 legal identity is one untranslated source (0.079042ms)
✔ PS1 contact and hosts come only from configuration; production fails closed (0.322917ms)
✔ PS2 public routes default to zh-TW, restrict page/locale, and never include admin (0.373584ms)
✔ PS4 optional Meta verification value never has a fake default (0.0465ms)
✔ PS1 every locale uses the same product name in auth page titles (0.038ms)
✔ PS1 public page copy has three complete locales, no invented operator identity or contact (0.18275ms)
✔ PS1 production build validates config; public data is not bundled through NEXT_PUBLIC (0.811959ms)
✔ PS review: admin image installs the manifests for its workspace dependencies before building (0.391459ms)
ℹ tests 17
ℹ suites 0
ℹ pass 17
ℹ fail 0
ℹ cancelled 0
ℹ skipped 0
ℹ todo 0
ℹ duration_ms 81.661333
✔ R11 SQL's exact receipt states are accepted; missing/forged operation/state remains unknown (0.854542ms)
✔ R11 durable receipt journal validates phase against exact operation state (0.370375ms)
✔ R11 actual read control distinguishes replay/inflight/unknown/failure in en (4.193292ms)
✔ R11 actual read control distinguishes replay/inflight/unknown/failure in zh-TW (0.636417ms)
✔ R11 actual read control distinguishes replay/inflight/unknown/failure in zh-CN (0.436791ms)
✔ unknown journal retains exact key/boundary and is scoped to store+session; malformed state fails closed (0.133166ms)
✔ R12 read hook keeps network UNKNOWN on one key and explicitly refreshes acknowledged UNKNOWN (16.000875ms)
✔ actual POST transport uses CSRF and session fence; 403 independent of response text (30.756792ms)
✔ R10 ROAS has exactly two decimals in en (8.938292ms)
✔ R10 unknown ROAS is never fabricated as zero in en (0.103917ms)
✔ R10 ROAS has exactly two decimals in zh-TW (0.174334ms)
✔ R10 unknown ROAS is never fabricated as zero in zh-TW (0.035875ms)
✔ R10 ROAS has exactly two decimals in zh-CN (0.122458ms)
✔ R10 unknown ROAS is never fabricated as zero in zh-CN (0.031125ms)
✔ shared presentation preserves registry title and one empty buyer message in en (35.9905ms)
✔ R11 large linked-draft list is complete but collapsed in en (3.557834ms)
✔ shared presentation preserves registry title and one empty buyer message in zh-TW (7.292667ms)
✔ R11 large linked-draft list is complete but collapsed in zh-TW (2.904292ms)
✔ shared presentation preserves registry title and one empty buyer message in zh-CN (5.703792ms)
✔ R11 large linked-draft list is complete but collapsed in zh-CN (4.026291ms)
✔ R11 timeline distinguishes local unknown spend from explicit Meta zero in en (3.35875ms)
✔ R11 timeline distinguishes local unknown spend from explicit Meta zero in zh-TW (4.080041ms)
✔ R11 timeline distinguishes local unknown spend from explicit Meta zero in zh-CN (3.203709ms)
✔ R11 I12 nullable Meta evidence survives without becoming zero (0.320666ms)
✔ R11 actual panel rendering preserves unknowns and reconnect route in en (13.764167ms)
✔ R11 actual panel rendering preserves unknowns and reconnect route in zh-TW (94.954375ms)
✔ R11 actual panel rendering preserves unknowns and reconnect route in zh-CN (70.806375ms)
✔ D1, D6, R7: exact amounts and sources remain independent, account days stay labelled (1.534625ms)
✔ R12: null stays unknown and unread / unauthorised / insufficient remain different states (1.269958ms)
✔ R12 granted but unread audience offers a read, never reconnect in en (2.520916ms)
✔ R12 granted but unread audience offers a read, never reconnect in zh-TW (3.957125ms)
✔ R12 granted but unread audience offers a read, never reconnect in zh-CN (2.76425ms)
✔ I12 forged / missing frozen fields never silently become zeros (2.303875ms)
✔ only whitelisted aggregates survive: extra identifiers and HTML are never interpreted (0.202ms)
✔ attribution is a read-only BFF resource with exact bounded query grammar (2.134667ms)
✔ audience-read is exactly the new local intention POST and never a data GET or queried write (1.010417ms)
✔ route fails closed without ads:read and is not a duplicate navigation entry; locale keys match (0.471375ms)
ℹ tests 37
ℹ suites 0
ℹ pass 37
ℹ fail 0
ℹ cancelled 0
ℹ skipped 0
ℹ todo 0
ℹ duration_ms 673.123583
✔ card-payments copy: identical key sets in all three locales (2.260416ms)
✔ merchant terms are quoted verbatim (contract §5) in the enable dialog (0.231541ms)
✔ ruling-fixed strings: platform not OPEN and BLOCKED note (0.094541ms)
✔ error map covers every frozen refusal code from migrations/0137 (0.147125ms)
✔ no Stripe account id, key or approval id shape appears in any copy string (0.567875ms)
✔ storefront collector disclosure matches contract §5 templates in three languages (0.215334ms)
✔ the merchant terms in the dialog are the contract §5 sentence, extracted from the contract (3.959292ms)
✔ the storefront templates are the contract §5 lines, extracted from the contract (0.217041ms)
✔ settlement copy: deduction columns are labelled as deductions in every language, with a legend and the net formula (0.329666ms)
✔ there is no separate 'not on the allowlist' message: it reads as not open (review P1-2) (0.095375ms)
✔ card summary accepts the frozen shape incl. all-null platform NONE (4.6675ms)
✔ card summary rejects unknown keys, bad enums, bad money, bad version (0.689375ms)
✔ card result is exactly {state, version, max_minor, currency, descriptor_preview} (0.141291ms)
✔ descriptor suffix rule: charset, 2..10 chars, must contain a letter (0.203875ms)
✔ the suffix length rule is the charset rule's 10; the 22-character descriptor total stays the server's (SANDBOX L=10, LIVE PrefixLength) (0.069208ms)
✔ descriptor preview mirrors the contract projection (base + '* ' + suffix) (0.069417ms)
✔ settlement list accepts statements without payout/lines keys (omitempty) (0.461042ms)
✔ settlement detail carries lines whose count and sums match the totals (0.364625ms)
✔ settlement parsers reject malformed reads (2.961958ms)
✔ fees, refunds and disputes are signed exactly as the ledger stores them (0.438709ms)
✔ a returned fee is a positive line fee; the detail's lines must add up to the statement totals (0.633459ms)
✔ closed_at/paid_at accept the offsets PostgreSQL emits as well as Z (0.406334ms)
✔ a payout reference shaped like a Stripe key or account id is never displayed (0.934917ms)
✔ platform not OPEN: 'not open yet' and no enable control, for every non-OPEN state; the platform badge still tells why (0.504958ms)
✔ allowlisted + OPEN: enable from NONE/DISABLED, disable from ENABLED (0.075ms)
✔ not allowlisted on an OPEN platform reads exactly like not open: the same message, no 'platform open' badge, no enable (review P1-2) (0.087417ms)
✔ BLOCKED: the suspended note, disable only, never enable (whatever the platform says) (0.059417ms)
✔ without billing:manage nothing can be changed, but the state is still readable (0.044125ms)
✔ enable carries the platform's current terms, the suffix and the version read; NONE starts at 0 (0.05875ms)
✔ disable never sends a suffix and quotes the terms the store accepted (the platform's may have moved on) (0.040417ms)
✔ a retained suffix is recovered from the final preview so a re-enable can keep it (0.039584ms)
✔ the period label shows the last day inside the (exclusive-end) week (5.907292ms)
✔ payout state: paid, pending only when money is due, none when the week nets to zero or less (0.1395ms)
✔ card-payments and settlements are nav:false routes, so no group loses or gains a nav button (0.464084ms)
✔ settlements need billing:manage, the card page integration:read; the owner opens both (0.370125ms)
✔ statement cells: a dispute reversal and a returned fee read as credits (+) and every deduction as -, and the columns add up to the server's net (11.918125ms)
✔ the detail parser requires the lines of a statement that has lines; a quiet week (line_count 0) may omit them (0.151625ms)
✔ route table: exactly the four resources, nothing generic (0.529125ms)
✔ query grammar: card and settlement-detail are exact; settlements takes before/limit only (0.253167ms)
✔ request fence: keyless PUT (CAS), bodyless GETs, no transfer-encoding (29.14375ms)
✔ PUT body is the exact frozen shape {enabled, terms_version, descriptor_suffix, expected_version} (2.394291ms)
✔ the BFF route wires the card grammar: keyless CAS PUT, exact body, no-store, auth required (2.305541ms)
✔ the real card summary parses and drives the display state machine (1.994125ms)
✔ the real statement list parses: newest first, no lines, three payout states (4.047917ms)
✔ every real detail parses with its lines and the lines add up to the statement (2.671958ms)
✔ an empty ledger parses to no statements (1.185ms)
✔ no account id, key or approval shape is in any real body (2.484209ms)
✔ the real statements display literally as signed contributions that add up to the server's net (21.452667ms)
ℹ tests 48
ℹ suites 0
ℹ pass 48
ℹ fail 0
ℹ cancelled 0
ℹ skipped 0
ℹ todo 0
ℹ duration_ms 234.173792
✔ option/slug/SKU caps equal internal/catalog (options.go, catalog.go) (15.637917ms)
✔ text caps equal the Go validators (name 120, description 8000, SEO 70/160, collection title 80) (3.375041ms)
✔ photo caps equal Go (MaxMainImages, MaxDetailImages, MaxImageBytes) and the SKU code pattern (1.550666ms)
✔ PE13 Cartesian matrix is local, preserves edits and deduplicates values (0.555375ms)
✔ PE13 bulk quantity skips negative rows without modifying them (0.112959ms)
✔ PE12 untracked document uses whole currency and per-order cap, never quantity (11.006916ms)
✔ PE14 missing readback is not guessed or silently cleared by full replacement (0.270166ms)
✔ bulk status accepts explicit per-item results, never empty or duplicated confirmations (0.569667ms)
✔ matrix refuses over 100 SKUs before expansion (0.273041ms)
✔ PR #1 4212540344: per-row matrix labels reappear where the matrix header is not visible (≤900px), desktop untouched (6.219458ms)
✔ PR #1 4212540352: pre-publish missing-items list collapses behind a real toggle at ≤900px instead of being removed (2.888708ms)
✔ parity: admin caps equal the Go constants (4.711333ms)
✔ image list: 4 main + 20 detail + 2 sku in role order is accepted (0.366041ms)
✔ image list: 5 main, 21 detail, wrong role order, gaps and extra keys are refused (4.276ms)
✔ single image: role is required and its position is bounded by the role cap (0.243083ms)
✔ option text limits count Go runes rather than UTF-16 units (1.917708ms)
✔ PE14 new edit SKU carries its own shipping and clears no existing fields (11.267334ms)
✔ PE14 patch changes only price and preserves unmentioned fields (0.2775ms)
✔ PE14 on_hand is not available, zero target is transmitted, ambiguous warehouse refuses (0.450208ms)
✔ PE14 explicit clears and shipping remain per SKU on an active row (0.19125ms)
✔ PE14 archive supersedes every other edit on that SKU (b77eeb11) (0.174291ms)
✔ PE14 no-op has no command fields and changed axes explicitly archive omitted variants (0.1055ms)
✔ PE14 replacement SKU edit excludes create-only code from the strict patch grammar (0.274292ms)
ℹ tests 23
ℹ suites 0
ℹ pass 23
ℹ fail 0
ℹ cancelled 0
ℹ skipped 0
ℹ todo 0
ℹ duration_ms 132.385
(node:99263) ExperimentalWarning: Transform Types is an experimental feature and might change at any time
(Use `node --trace-warnings ...` to show where the warning was created)
✔ UNKNOWN retry client authorization loss requires reconciliation, not a fresh command (4.296958ms)
✔ UNKNOWN retry 401 authorization loss requires reconciliation, not a fresh command (11.43075ms)
✔ UNKNOWN retry 403 authorization loss requires reconciliation, not a fresh command (0.681584ms)
✔ a conclusive command rejection stays distinct from authorization loss (0.802958ms)
ℹ tests 4
ℹ suites 0
ℹ pass 4
ℹ fail 0
ℹ cancelled 0
ℹ skipped 0
ℹ todo 0
ℹ duration_ms 134.203375
(node:99266) ExperimentalWarning: Transform Types is an experimental feature and might change at any time
(Use `node --trace-warnings ...` to show where the warning was created)
✔ offer controls read authoritative limits without parsing unrelated KEYWORD_QTY_CONTAINS window/stats (15.435458ms)
✔ offer controls accept 101 through the backend cap of 200 distinct offers, reject 201 (2.118667ms)
✔ offer toggle preserves exactly the authoritative maximum in the real M4 payload (3.029709ms)
✔ console BFF admits exactly A1/A7/A6 and A5 read/copy methods (0.417041ms)
✔ Next proxy admits the exact console family and results query before the BFF (186.224333ms)
✔ results query is canonical repeated session_id 1..50, everything else queryless (0.119125ms)
✔ real BFF route forwards only exact resources, authenticates scope and returns private scrubbed errors (47.885041ms)
✔ new commands reject unknown keys and preserve frozen copy/lifecycle/recommend body (0.150917ms)
✔ browser commands reuse Studio fences, exact no-comment recommend body and backend refusal codes (1.314625ms)
✔ results client preserves canonical ids/order and rejects invalid list before fetch (0.259125ms)
✔ stock client reuses catalog transport/key/parser and fences a changed login without retries (0.954125ms)
✔ journal replay sends the exact original method/path/body/key for all five commands (2.10925ms)
(node:99267) ExperimentalWarning: Transform Types is an experimental feature and might change at any time
(Use `node --trace-warnings ...` to show where the warning was created)
✔ A1 strict MOCK snapshot preserves unavailable counts, capability unknown and server stock (5.999084ms)
✔ A7 returns a separate lifecycle version and closed full KEYWORD_QTY_CONTAINS window (0.228833ms)
✔ A5 results retain separate environments/currencies and bind exact requested ids/order (0.199542ms)
✔ A5 copy parses real Go envelope, copied offer prices and KEYWORD_QTY_CONTAINS window (0.432083ms)
✔ A6 accepts optional operation UUID, never guessed send success (0.100917ms)
(node:99268) ExperimentalWarning: Transform Types is an experimental feature and might change at any time
(Use `node --trace-warnings ...` to show where the warning was created)
✔ Live settings navigation accepts a scene picker entry but never a malformed or unscoped deep link (4.667042ms)
✔ LC-B7 stock permission admits live_adjust without inventory:write, not unrelated grants (0.190875ms)
✔ Instagram comment total stays unavailable; Facebook observed count is not a platform total (0.32075ms)
✔ LC-U1 one primary action follows lifecycle, never planning or transport state (0.176458ms)
✔ LC-U1 stock target uses sellable delta and rejects fractions, negative and over-limit changes (0.432375ms)
✔ LC-U1 links only explicit FB post identities, never arbitrary URLs or guessed videos (0.298292ms)
✔ LC-U1 Facebook preview keeps the original no-frame CSP and uses a safe external link (1.332875ms)
✔ LC-U1 delayed copy completion cannot navigate after store switch or unmount (0.160459ms)
✔ LC-U1 receipt fence survives cookie rotation; pending replay still has a separate session boundary (0.555625ms)
ℹ tests 26
ℹ suites 0
ℹ pass 26
ℹ fail 0
ℹ cancelled 0
ℹ skipped 0
ℹ todo 0
ℹ duration_ms 443.170333
✔ secondary failures preserve A1; only A1 is periodic; IG notice follows the platform/embeddability observation (293.035083ms)
✔ the existing console refresh also explicitly refreshes its parent list; no automatic list read (13.075792ms)
✔ parent forwards only an explicit refresh callback and retains the scene when list is unavailable (11.821833ms)
✔ every explicit browser response/event/navigation waiter has a finite sub-test budget (9.202125ms)
✔ A1 failures back off 3/6/12/24/30 seconds and success resets to five seconds (95.365584ms)
✔ Retry-After is a minimum; hidden tabs cancel polling; forbidden locks and conceals (58.209334ms)
✔ secondary reads are mount/refresh only, independent from A1 and non-fatal (54.125083ms)
✔ UNKNOWN journal restores the exact key/method/path/body and explicit retry after reload (42.816042ms)
✔ first definite 403 clears journal but locks commands; late success after navigation clears only its own key (48.856167ms)
✔ private reads preserve Retry-After seconds and dates, without changing existing error codes (29.90125ms)
✔ a restored in-flight or UNKNOWN request retains its journal after a replay 403 (78.509ms)
✔ restored copy success dispatches completion only in the still-current scene (45.092458ms)
✔ SessionCopy resyncs closed same-ID titles, preserves open edits and cancels to latest draft (27.951708ms)
✔ SessionCopy submit uses latest version; UNKNOWN request survives later draft/input changes (24.138959ms)
ℹ tests 14
ℹ suites 0
ℹ pass 14
ℹ fail 0
ℹ cancelled 0
ℹ skipped 0
ℹ todo 0
ℹ duration_ms 740.091209
✔ claims window modes match Go constants and every SQL match_mode CHECK (10.462583ms)
✔ host prompt stays verbatim at the frozen trunk contract; Japanese is absent (8.225125ms)
✔ bundle parser accepts manual (labelled) and Meta (unlabelled) bundles (1.543875ms)
✔ bundle parser rejects unknown platforms and label/platform mismatches (0.568292ms)
✔ offer parser carries the live price and rejects every out-of-range or missing field (0.968958ms)
✔ library and import parsers are closed; removal receipt is the only version-0 shape (0.694291ms)
✔ price input: exact decimal minor units, never float, bounded to the currency's places (62.041334ms)
✔ live-tools copy exists in all three locales with the same conflict reasons (1.119416ms)
✔ claims BFF allowlist is exactly M1–M7 per method (1.855917ms)
✔ M7 link response shape is closed (0.192ms)
✔ host prompt copy is the frozen text, verbatim (0.097625ms)
ℹ tests 11
ℹ suites 0
ℹ pass 11
ℹ fail 0
ℹ cancelled 0
ℹ skipped 0
ℹ todo 0
ℹ duration_ms 237.161958
NOT_RUN: tests/media/r04-input-runner.test.mjs (COMMERCE_R04_LIVEKIT_BINARY unset)
✔ main/detail/sku caps use the existing frozen image contract (0.626959ms)
✔ phone and tall dimensions fit2000 without enlarging small assets (0.149459ms)
✔ upload query requires one exact role and sku value; reads/actions carry no query (0.434333ms)
✔ role transport encodes current option values and refuses invalid identities (0.166041ms)
✔ effective image axis follows current options, then falls back to first (0.065958ms)
✔ detail and option photos cannot satisfy the main-photo recommendation (0.063375ms)
✔ PM-U copy has matching keys in ja and all currently routed locales (0.134958ms)
✔ real-upload mode builds both Next applications on a clean CI checkout (14.914125ms)
✔ upload recovery journal survives a new session while remaining product/store scoped (0.132042ms)
✔ an option upload receipt requires its captured axis, value and image id on canonical readback (0.118417ms)
✔ failed durable recovery storage cannot authorize a media write (0.079ms)
✔ an active product needs a main image after canonical media is known; repair paths stay possible (0.056625ms)
✔ empty media sections render a readable localized placeholder until photos are present (5.809958ms)
✔ real-upload mode never exits through the storefront MOCK shortcut (42.546875ms)
✔ a valid active zero-main product keeps an inline repair hint rather than a page error (4.042792ms)
✔ a new product issues the image-axis stage only for a chosen axis (1.264208ms)
ℹ tests 16
ℹ suites 0
ℹ pass 16
ℹ fail 0
ℹ cancelled 0
ℹ skipped 0
ℹ todo 0
ℹ duration_ms 328.061959
(node:99325) ExperimentalWarning: Transform Types is an experimental feature and might change at any time
(Use `node --trace-warnings ...` to show where the warning was created)
✔ a fitting PNG keeps the exact original File, bytes and alpha-capable format (0.964125ms)
✔ a JPEG exactly at both limits remains original, not a lossy re-encode (0.368084ms)
✔ an oversized phone JPEG is encoded below the cap after oriented scaling (0.650916ms)
✔ a large transparent PNG stays alpha-capable and is never painted with an opaque matte (0.452958ms)
ℹ tests 4
ℹ suites 0
ℹ pass 4
ℹ fail 0
ℹ cancelled 0
ℹ skipped 0
ℹ todo 0
ℹ duration_ms 107.442834
✔ HTTPS picklist fixture carries Secure session cookies automatically while preserving CSRF refusals (117.249166ms)
✔ batch controls stay compact until an order selection or live-session scope exists (0.199583ms)
✔ selection has XOR bodies, canonical unique IDs and separate 500/100 limits (0.378042ms)
✔ cross-page selection retains existing rows, deduplicates and refuses overflow atomically (0.723166ms)
✔ pick projection rejects PII/extra keys, invalid quantities and unmatched order identities (0.60925ms)
✔ batch replies bind one-for-one to confirmed orders and preserve uncertainty code (0.122583ms)
✔ pick/export POSTs reject keys and all query variants except one exact template (1.820833ms)
✔ CSV filename binds to selected template and store; no path/header injection (0.209583ms)
✔ MOCK browser fixture list matches the incumbent closed order parser (12.860791ms)
✔ recovery never clears an unknown or missing current attempt (0.280209ms)
✔ recovery and order-detail MOCK fixtures satisfy real read parsers (12.384125ms)
✔ order selection can read its session fence during SSR without browser globals (0.97125ms)
✔ MOU keeps native headed checks runnable on a Linux CI worker without DISPLAY (17.701083ms)
✔ pick fixture serves the scoped parcel reads required by the orders page (6.863709ms)
ℹ tests 14
ℹ suites 0
ℹ pass 14
ℹ fail 0
ℹ cancelled 0
ℹ skipped 0
ℹ todo 0
ℹ duration_ms 448.651375
✔ bodyless dissolve DELETE (empty body stream, no content-length) reaches Go with the CAS query, no body, no key (16.667833ms)
✔ every parcel DELETE must carry exactly one expected_version >= 1 (never forwarded without it) (1.808833ms)
✔ a DELETE that declares a body or chunked framing is refused (0.314125ms)
✔ DELETE needs the session, origin and CSRF like every command; other DELETEs stay unsupported (1.6635ms)
✔ GET parcel-groups (open groups read) and merge-suggestions pass with no query; a query or key is refused (12.806334ms)
✔ actual MOU parcel runner selects and collects the real parcel browser case (441.980583ms)
✔ merge suggestions accept the frozen shape (server-masked recipient) and reject drift (3.859667ms)
✔ created group requires the OPEN state and its members (0.302667ms)
✔ dissolved group is exactly id/state/version (0.103125ms)
✔ group shipment carries one SHIPPED version per member (1.938ms)
✔ open groups (GET parcel-groups) accept the frozen shape and fail closed on drift (1.808625ms)
✔ reconcile: a reload rebuilds OPEN panels, a vanished OPEN group is dropped, history and live versions are kept (0.217083ms)
✔ three locales cover the same keys and every refusal code (0.213875ms)
✔ the owner-ruling sentence is exact in all three locales (0.061291ms)
✔ the in_parcel_group copy is the same sentence in parcels-copy (blocked + errors) and orders-copy, in every locale (0.065625ms)
✔ groupOfOrder prefers the OPEN group over retained SHIPPED/DISSOLVED history (0.124917ms)
✔ parcelOrderNumber is the canonical LC-<32 uppercase hex> order number and matches the open-group parser (0.115209ms)
✔ parcel refresh generation: bumped by every successful poll, whatever the cursor (0.262084ms)
✔ parcel refresh generation: an in_parcel_group refusal bumps it, other refusals do not (0.061709ms)
✔ exactly the five W3-07B resources route (0.574208ms)
✔ dissolve carries exactly ?expected_version=N (N >= 1) (0.112875ms)
✔ readMergeSuggestions 401 immediately purges parent scope and refuses late sibling 200 (50.134833ms)
✔ readMergeSuggestions 403 immediately purges parent scope and refuses late sibling 200 (7.331291ms)
✔ readMergeSuggestions 404 immediately purges parent scope and refuses late sibling 200 (6.444208ms)
✔ readOpenParcelGroups 401 immediately purges parent scope and refuses late sibling 200 (11.965916ms)
✔ readOpenParcelGroups 403 immediately purges parent scope and refuses late sibling 200 (4.17ms)
✔ readOpenParcelGroups 404 immediately purges parent scope and refuses late sibling 200 (6.48775ms)
✔ readMergeSuggestions 503 preserves parent and local retry recovers actual DTOs (6.717ms)
✔ readOpenParcelGroups 503 preserves parent and local retry recovers actual DTOs (4.7535ms)
✔ captured parent groups callback refuses hidden scope (2.175625ms)
ℹ tests 30
ℹ suites 0
ℹ pass 30
ℹ fail 0
ℹ cancelled 0
ℹ skipped 0
ℹ todo 0
ℹ duration_ms 541.480084
✔ exactly the nine W6-01B resources are admitted, each only under its own method (0.800959ms)
✔ the customer list is claimed only when a tag filter is present (customers-request.ts stays the owner otherwise) (0.09375ms)
✔ near misses are refused (no generic proxying) (0.078834ms)
✔ reads: no body, no key, no transfer-encoding; tag-list takes no query at all (13.053125ms)
✔ customer-list query: closed keys, tag must be a canonical uuid, list bounds identical to customers-request (0.629ms)
✔ note-list query: only limit and after, with the customers-list bounds (9.8885ms)
✔ writes: exactly one well-formed Idempotency-Key; the two DELETEs carry no body but still need the key (17.030875ms)
✔ validTagName mirrors Go (NFC first, 1..20, trimmed, no control/Cf) (1.009541ms)
✔ validNoteBody mirrors Go (1..1000, not blank, only \n \r \t controls) (0.297625ms)
✔ tag-create body: closed keys, valid name and one of the eight colors (0.237167ms)
✔ tag-patch body: at least one of name/color, nothing else (0.094042ms)
✔ owner-tags body: tag_ids (<=100 canonical uuids) + 64-hex revision, exact keys (0.153375ms)
✔ note bodies: create {body}; patch {body, version>=1}; deletes and reads carry no body at all (0.167292ms)
✔ parseTagCatalog decodes {items: TagRecord[]} with the store-catalogue bounds (0.752666ms)
✔ parseTagSet / parseDeletedTag / parseDeletedNote decode the frozen write receipts (0.199666ms)
✔ parseNoteRecord / parseNotePage decode notes with the Go note rules (1.365ms)
✔ customer-tags copy: three locales, identical key sets, the integrator's ruled note-privacy text verbatim (0.264834ms)
✔ components wire the ruled copy and the tag/note controls the specs click (1.27825ms)
✔ tag read names must already be trimmed NFC and Unicode code-point bounded (0.417958ms)
✔ session change before network sends nothing (21.577792ms)
✔ session changes after network or during body parse drop the response (37.154833ms)
✔ transient session digest failure is settled only before dispatch (29.961625ms)
✔ lost response followed by a changed session is UNKNOWN after dispatch (9.236ms)
✔ lost response does not auto-retry; explicit replay keeps method/key/payload/scope (13.068875ms)
✔ 5xx or malformed success is uncertain, coded refusal is settled (2.513542ms)
✔ passive tag/detail refresh preserves an unsaved new-note draft (64.974083ms)
✔ passive refresh updates visible notes but preserves edit draft and original CAS version (0.889ms)
✔ explicit refresh signal clears old edit draft while passive array changes do not (0.5725ms)
✔ an unauthorized note read clears private note bodies and the draft (2.229ms)
✔ a transient note read failure keeps the notes already shown (6.078125ms)
✔ an unauthorized note read signals the global logout once; a transient failure does not (6.267292ms)
✔ non-privacy writer: own notes keep Edit and Delete on a fresh mount, others' notes do not (2.26075ms)
✔ notes forbidden/not_found signals scope loss exactly once per mount, never on transient failure (21.385875ms)
✔ bad path/store/method/query/header is refused without authority or backend calls (20.391583ms)
✔ the actual proxy admits a tagged customer list with scoped search/cursor and rejects malformed tag authority (6.17175ms)
✔ signed-out/cross-store/Origin-CSRF denials short circuit before body or forwarding (0.344958ms)
✔ closed bodies and DELETE payloads cannot reach Go (1.111458ms)
✔ all write methods preserve exact key/body/store and private success status (3.639916ms)
✔ note pagination preserved and hostile backend errors/bodies sanitized (5.114708ms)
✔ a catalogue forbidden or not_found asks the parent to re-run its guarded reads, with no logout (294.210417ms)
✔ transient catalogue failures stay local; unauthorized logs out but is not a scope loss (85.99825ms)
✔ after a tag write the manager stays mounted: the catalogue refreshes in place, never reloads (16.823875ms)
✔ a manager-reported scope loss reloads the customer list and catalogue guarded reads (13.391584ms)
✔ CustomerDetail forwards a scope-lost signal to the guarded read once per page (38.249375ms)
✔ badges are escaped server tag facts with human-readable names (52.191959ms)
✔ actual customer notes render privacy notice, safe content, author fallback and read-only permissions (23.824125ms)
✔ unknown permissions and erased customer never offer note mutations (5.176ms)
✔ write-only notes permit add but not edit/delete of notes the server does not mark own; privacy permission permits both (2.160042ms)
✔ manager trigger and all three localized buyer-export notices render through actual components (2.165ms)
✔ UNKNOWN survives settled unauthorized retry until trusted success; fresh run ignored (46.59575ms)
✔ UNKNOWN survives settled forbidden retry until trusted success; fresh run ignored (0.509625ms)
✔ UNKNOWN survives settled version_changed retry until trusted success; fresh run ignored (0.407542ms)
✔ first-attempt preflight refusal is settled and permits a fresh action (0.374292ms)
✔ UNKNOWN and in-flight retries prevent duplicate dispatch; unmount discards stale outcome (0.345833ms)
✔ an unauthorized write signals the global logout; forbidden does not (0.466542ms)
✔ UNKNOWN command survives unmount/remount: still locked, same-key retry, cleared by trusted success (0.346209ms)
✔ a command unmounted while in flight is treated as UNKNOWN on remount (0.306584ms)
✔ a session boundary change drops the remembered UNKNOWN command (5.597584ms)
✔ a guarded read that ends signed-out signals the global logout once (2.3995ms)
✔ forbidden/unavailable failures and a successful read signal no logout (14.858625ms)
✔ refresh ending signed-out clears the view, blocks and signals the global logout once (11.437209ms)
✔ refresh ending forbidden or not-found clears the data without a logout (12.120709ms)
✔ a transient refresh failure keeps the ready view and signals nothing (6.949084ms)
✔ exactly the eight report GETs are admitted; every other method or path is refused (1.391708ms)
✔ report reads: query required, no body, no key, no transfer-encoding (25.699125ms)
✔ from/to: exactly once each, calendar-valid days, 0..91 apart (0.372583ms)
✔ session_id: only on the funnel (json and csv), a canonical uuid, once (0.261792ms)
✔ parseProductReport: echoed range/zone, <=1000 rows sorted by net desc, net = captured - refunded (6.254041ms)
✔ parseChannelReport: closed vocabulary order, money per environment strictly ascending, I05 inside every bucket (0.964167ms)
✔ parseFunnelReport: nested counts, session echo, ordered_without_link bound (0.631542ms)
✔ parseManualReport: nullable principal/session ids, bucketed money like channels (0.587875ms)
✔ reports copy: three locales, identical key sets, the integrator's ruled money annotation verbatim (0.44125ms)
✔ Reports.tsx: four tabs, CSV per tab, ruled annotation, CSS/SVG charts only (no new dependencies) (1.657416ms)
✔ report CSV closed headers use actual Go slug, echoed dates and private no-store (0.362583ms)
✔ report response projection rejects unknown keys, mismatched range and non-private responses (1.483125ms)
✔ manual buckets follow Go's uncapped row count rather than a made-up 500-row limit (0.830375ms)
✔ display sorts only inside currency/environment groups, never sums money or mutates server rows (8.620792ms)
✔ page report query accepts exactly the four report names and defaults to products (0.0835ms)
✔ actual product table renders offline separately, both modes, no UUID copy and sortable headers (34.369541ms)
✔ actual channel chart exposes exact numbers and both money modes using SVG (0.849458ms)
✔ actual funnel has four stages, nested widths and truthful zero-denominator text (1.055584ms)
✔ manual table resolves authorized labels, has honest fallback, and never presents UUIDs (1.316542ms)
✔ all report views render localized empty states (8.138416ms)
✔ actual BFF refuses malformed query, unknown store/session, disabled auth and missing CSV fences before Go (132.339417ms)
✔ actual BFF closed JSON projection and CSV scope/query preserve trusted token; no forwarded client authority (27.8645ms)
✔ actual BFF permission and malformed CSV response fences do not masquerade as a download (13.095667ms)
✔ audited browser GET accepts same-origin Fetch Metadata plus CSRF, never cross-site or forwarded Host (31.030833ms)
✔ actual CSV client preflight sends nothing after session change, and a lost audit response is uncertain with no retry (11.833541ms)
✔ actual CSV client refuses stale-session bytes and downloads only a closed private response (5.972333ms)
✔ report leaf gives the actual trusted fetch 65 seconds, rejects redirects and forwards only server bearer (3.79225ms)
✔ incoming request cancellation aborts the real report fetch once, returns safe unavailable and never retries (5.837667ms)
✔ CSV final synchronous fence conceals bytes when cancellation, hide or cookie rotation happens inside final await (21.798ms)
✔ CSV end-to-end deadline covers store lookup and report budget; aborted preflight sends no audited request (9.925417ms)
✔ an uncertain export stays locked for its scope after another scope's export (3.817292ms)
✔ an uncertain export scope persists per store in tab storage and re-locks a fresh render (26.027417ms)
✔ unavailable tab storage fails closed to the in-memory lock without throwing (4.263958ms)
✔ export lock is stored before dispatch; refused/delivered outcomes release it, uncertain and cut-short keep it (51.616541ms)
✔ releasing one scope keeps the other uncertain scopes of the store (12.7235ms)
✔ export is refused and nothing is dispatched when the lock cannot be saved (denied, full or no storage) (12.915875ms)
✔ copy for an unsaved export lock exists in every locale (0.139917ms)
✔ product sort query parses strictly and defaults to net_minor descending (0.21275ms)
✔ legacy-store permission probe: forbidden/not-found/signed-out fail the read closed, transient falls back (14.169583ms)
✔ channel and funnel data retain their applied dates while draft dates wait for Show (96.26075ms)
✔ an uncertain export lock is bound to the session boundary, so a different user does not inherit it (23.745333ms)
✔ Finance landing links to reports under the same canSeeReports rule (12.303083ms)
✔ selected tag survives searches and cursor pagination while an empty filter is omitted (59.6275ms)
✔ customer list dispatch preserves legacy requests and sends every tag query to the closed W6 authority (399.095958ms)
✔ customers reports link is hidden only when permissions are present and lack orders:read (0.127792ms)
✔ reports are a finance subpage and preserve the existing single finance navigation entry (0.120875ms)
✔ an authoritative erased customer immediately unmounts the cached private tags/notes subtree (28.527125ms)
✔ the actual customer row shows manual tags and imported status without changing consent (11.911792ms)
✔ P1 actual tag DELETE accepts an empty Next-style stream without JSON MIME (592.296792ms)
✔ P1 actual note DELETE accepts an empty Next-style stream without JSON MIME (7.059042ms)
✔ P1 body-carrying tag writes still require JSON MIME through the real BFF (2.058916ms)
✔ P2 customer bare/encoded tag keys are invalid422 through the actual leaf before any backend (4.60825ms)
✔ P2 report products real session/CSRF response is private and Vary Cookie (1.058292ms)
✔ P2 report products.csv real session/CSRF response is private and Vary Cookie (0.374792ms)
✔ P2 report malformed query and wrong CSRF are rejected by actual helpers before upstream (0.271834ms)
ℹ tests 118
ℹ suites 0
ℹ pass 118
ℹ fail 0
ℹ cancelled 0
ℹ skipped 0
ℹ todo 0
ℹ duration_ms 1449.707583
✔ real coded errors retain baseline classification and normalize import leaf cache to private,no-store (40.877ms)
✔ preflight missing CSRF is definite and sends nothing; actual route CSRF and session refusals stay definite (4.455959ms)
✔ actual route uses real cookies/store membership and method/error envelopes, no helper substitutions (2.758834ms)
✔ actual client/route preserves original Blob bytes, trusted transport and privacy projection on200/409 (2.396792ms)
✔ success or stale preview must remain private; malformed/unknown/mismatched coded errors are uncertain after commit (6.791083ms)
✔ lost/unreadable/session-changed dispatched commit remains UNKNOWN; no automatic retry (3.915958ms)
✔ actual failed-only result route strips IDs and real final session/cancel fence exposes no download (3.5375ms)
✔ actual route refuses unknown resource/query and duplicate session cookies before any upstream call (0.372708ms)
✔ actual route incoming cancellation aborts one dispatched transport and preserves client UNKNOWN (1.603791ms)
✔ real coded error cache may not be public, and closed payload may not acquire data-bearing fields (2.471083ms)
✔ copy still exposes specific merchant field reasons across three locales (3.649209ms)
✔ all real local and upstream import refusals including HEAD/unsupported are exact private,no-store (0.552084ms)
✔ fresh mismatched receipt stays UNKNOWN, exact manual replay mismatch becomes terminal without a third send (1.461541ms)
✔ terminal is impossible for malformed replay receipts or matching replayed counts (1.352917ms)
✔ Big5 bytes pass unchanged to upstream and real422 import envelope surfaces encoding_not_utf8 (0.839166ms)
✔ oversize file uses the actual header guard and specific size guidance in all locales without dispatch (12.768625ms)
✔ commit uses the original requested mapping, including an empty optional field, not resolved preview metadata (2.080125ms)
✔ an UNKNOWN commit remains locked through a later forbidden retry and only explicit same-file success unlocks (2.707875ms)
✔ leaving during a dispatched commit drops its payload and keeps an unconfirmed boolean without replay (2.813541ms)
✔ a definite first preflight refusal clears pending before sign-out and does not invent an unconfirmed import (1.812792ms)
✔ a replayed mismatched receipt ends UNKNOWN without offering another retry or unlocking historical orders (1.490916ms)
✔ real cookie and CSRF helpers generate and validate the actual host-cookie pair (1.564542ms)
✔ exact route rejects methods/keys/body/query/scope before any upstream request using real localError (7.80225ms)
✔ missing/duplicate session cookies reject and real clearAuthCookies expires session and CSRF (0.417833ms)
✔ actual authenticatedStores denies a store absent from the server projection (0.613959ms)
✔ private success routes server cookie token and exact canonical after, never caller bearer/cookie to Go (3.300166ms)
✔ actual safeError/localError preserve coded status with no-store and redact upstream diagnostics (5.048083ms)
✔ actual readBody and strict projection refuse MIME/oversize/extra private fields/city; network loss stays private (1.7075ms)
✔ actual client issues GET50/after through real route/private successful projection (7.615459ms)
✔ actual helper-issued browser fence rejects changed parent before dispatch (1.304458ms)
✔ private success from real route is discarded when the browser session changes during upstream read (1.590958ms)
✔ real localError no-store 401/403/404/503 preserves correct read category with no retry (3.010917ms)
✔ malformed sensitive backend projection becomes real unavailable, never a fake BFF success (0.759541ms)
✔ strict archive rows decode external order text, safe minor units and public keys (3.873791ms)
✔ PII-shaped city and extra sensitive fields never pass the safe projection (0.296208ms)
✔ all canonical Go cities pass; malformed types/bounds/order/time/money/cursor fail (0.881583ms)
✔ read grammar is exact limit/after, not the stale brief's cursor name (14.756334ms)
✔ three locales retain truthful history-not-revenue basis and copy parity (0.423958ms)
✔ SSR renders actual safe rows, shared money/time, total count and read-only three-locale basis (74.046959ms)
✔ SSR distinguishes empty archive, 403, session loss and unavailable without stale rows/count (3.330042ms)
✔ actual pagination callbacks use opaque trail; double click cannot skip; refresh/scope reset page1 (1.412875ms)
✔ the static import subpage wins over customer detail and leaves the single customers nav intact (1.182083ms)
✔ the actual list offers import only to privacy holders and carries the current authorized store (233.406875ms)
✔ the actual detail mounts archive only for an active imported customer and passes its fenced identity (54.230292ms)
✔ MIUI-READY-VISIBLE-STORE actual signed helper waits on the visible selector and retains cookie/wizard assertions (275.875ms)
✔ MIUI-READY-DENIED read-only staff reaches the real shell refusal instead of waiting for a private wizard (18.186542ms)
✔ failure verdicts precede successful rows, by source row number, without mutating the input (1.470583ms)
✔ the failure download contains only failed row metadata, with no source cell or success identifier (0.500708ms)
✔ reads quoted/BOM header only, without decoding malformed bytes from data rows (5.0365ms)
✔ guess only unique metadata aliases with explicit unmapped values (0.265375ms)
✔ shared dynamic leaf admits only exact import methods/actions and bounded mapping/count (15.297833ms)
✔ failed CSV emits only row/outcome/code, refusing any unexpected identifier or raw cell (0.208ms)
✔ raw-byte cap does not decode/rebuild uploads and cancels oversized chunks (2.727625ms)
✔ backend privacy projection strips all source IDs on successful and failed rows (2.404458ms)
✔ closed preview parser refuses data-bearing rows, unknown keys and inconsistent counts (2.4405ms)
✔ order preview counts units while first CSV record numbers can exceed rows_total (0.331458ms)
✔ commit receipt has exactly five keys and no extra customer cells (0.285916ms)
ℹ tests 57
ℹ suites 0
ℹ pass 57
ℹ fail 0
ℹ cancelled 0
ℹ skipped 0
ℹ todo 0
ℹ duration_ms 906.970459
✔ G-UI8 storefront pages and the sweep's STOREFRONT_ROUTES are the same set (1.206875ms)
✔ parseShard: i/N, empty means unsharded, anything malformed throws (0.2505ms)
✔ assignShards: deterministic, every key owned once, near-balanced (LPT bound) (0.926667ms)
✔ planClick: for every N the shards partition the whole universe (every registry route x variant, storefront walk, journey) (1.414375ms)
✔ planClick at N=10 keeps every shard within ~1.3x of the mean planned cost (0.195583ms)
✔ aggregate click: honest shards pass for several N (3.496875ms)
✔ aggregate click: a missing shard, a dropped page row, a lost journey, a failing row, a stale known defect and a missing platform marker are each a failure (3.833083ms)
✔ aggregate click: a route added to the registry after the shards ran cannot pass (the registry is re-read) (0.418875ms)
✔ aggregate visual: honest shards pass; a missing shard, a missing shot, a blocking verdict and a registry route outside the universe each fail (5.238958ms)
ℹ tests 9
ℹ suites 0
ℹ pass 9
ℹ fail 0
ℹ cancelled 0
ℹ skipped 0
ℹ todo 0
ℹ duration_ms 95.885292
ci-plan: 10 job(s); click-sweep x10 (aggregate)
  --browser-click-sweep@1/10  -> artifact gate-browser-click-sweep_1_10
  --browser-click-sweep@2/10  -> artifact gate-browser-click-sweep_2_10
  --browser-click-sweep@3/10  -> artifact gate-browser-click-sweep_3_10
  --browser-click-sweep@4/10  -> artifact gate-browser-click-sweep_4_10
  --browser-click-sweep@5/10  -> artifact gate-browser-click-sweep_5_10
  --browser-click-sweep@6/10  -> artifact gate-browser-click-sweep_6_10
  --browser-click-sweep@7/10  -> artifact gate-browser-click-sweep_7_10
  --browser-click-sweep@8/10  -> artifact gate-browser-click-sweep_8_10
  --browser-click-sweep@9/10  -> artifact gate-browser-click-sweep_9_10
  --browser-click-sweep@10/10  -> artifact gate-browser-click-sweep_10_10
✔ the full sweep and the full visual lint fan out into every shard and ask for the aggregate (3.409333ms)
✔ foundation-shards = the unit shard + every plan group; the serial `foundation` mode is untouched (3.519375ms)
✔ an explicit shard re-run (or a partial list) never claims the whole-run aggregate (0.391542ms)
✔ duplicates collapse, artifact names are safe and unique, bad input is refused (0.488333ms)
✔ main writes matrix / sweep_n / visual_n to GITHUB_OUTPUT (1.144583ms)
✔ mode discovery has no Docker/build dependency and includes the existing universe (73.780958ms)
✔ dry-run resolves a mode without executing dependencies and keeps its command environment (120.992375ms)
✔ one appended case is discovered and dispatched; malformed and duplicate registry entries fail closed (73.233791ms)
✔ registry discovery cannot silently lose indented, aliased or unrecognised Bash case arms (7.005458ms)
✔ backend-only paths run foundation-shards only (0.855792ms)
✔ node tests of deploy scripts and of the CI planner are backend-only (they cannot change a browser) (3.048541ms)
✔ a UI path adds the whole browser set, including click-sweep and visual-lint (31.87375ms)
✔ docs-only and output-only diffs keep the single required check (foundation-shards) (0.3365ms)
✔ legacy browser_* paths still select all browsers; a known untagged foundation file stays backend-only (0.578792ms)
✔ legacy deploy prefixes remain selected and unrelated paths do not select smoke (6.739208ms)
✔ the browser set is release-gate's browser-mode universe minus the documented exclusions (103.028083ms)
✔ every real browser-tagged foundation file selects registry browser modes, including non-browser names (138.852167ms)
✔ tagged runner discovery follows registry additions, command arrays and line continuations (1.989583ms)
✔ deploy smoke is selected for its workflow, verdict/helpers and executable test inputs (4.226125ms)
✔ new selection never drops legacy modes or deploy for any tracked path (496.154917ms)
✔ CLI classifies merge-base and explicit head, including removed tags, deleted files and renames (619.685833ms)
✔ CLI selects modes the base added after divergence when the checkout is the PR merge (PR #22 review P1) (311.534417ms)
✔ CLI reads the merge checkout's source when the base adds a browser tag after the fork (PR #22 review P1) (527.09125ms)
✔ CLI explicit head and stdin include tags outside the checkout and uncommitted tag removals (331.913708ms)
✔ compound/legacy tags and unknown source are conservative; known untagged source stays backend-only (4.332666ms)
✔ explicit-head CLI derives tagged runner modes from that head's real registry (242.799625ms)
✔ real Git CLI preserves legacy selection: quotePath=true, "架构.md" (342.399959ms)
✔ real Git CLI preserves legacy selection: quotePath=true, "internal/示例.go" (209.910542ms)
✔ real Git CLI preserves legacy selection: quotePath=true, "tests/foundation/plain\tname_test.go" (255.816709ms)
✔ real Git CLI preserves legacy selection: quotePath=true, " deploy/scripts/synthetic-smoke.sh" (196.455291ms)
✔ real Git CLI preserves legacy selection: quotePath=false, "架构.md" (175.664833ms)
✔ real Git CLI preserves legacy selection: quotePath=false, "internal/示例.go" (346.568292ms)
✔ real Git CLI preserves legacy selection: quotePath=false, "tests/foundation/plain\tname_test.go" (347.966625ms)
✔ real Git CLI preserves legacy selection: quotePath=false, " deploy/scripts/synthetic-smoke.sh" (232.719791ms)
✔ stdin unions legacy trimming without trimming the source lookup path (309.142417ms)
✔ parser: only compiled, correctly-shaped Test functions of untagged _test.go files (2.851708ms)
✔ the real plan: every top-level test of tests/foundation runs in exactly one group (726.472416ms)
✔ a new test (in no list) still runs, exactly once, in the catch-all group; the same name with no catch-all is red (1324.311416ms)
✔ a test listed in two groups is red; drift beyond the limit is red (1288.018417ms)
✔ regexes: anchored explicit lists; the catch-all skips exactly everyone else's tests (1.353666ms)
✔ pack: deterministic, balanced to within the longest test, every name once (6.627875ms)
✔ parseDurations: top-level lines only (0.241792ms)
ℹ tests 42
ℹ suites 0
ℹ pass 42
ℹ fail 0
ℹ cancelled 0
ℹ skipped 0
ℹ todo 0
ℹ duration_ms 5348.925792
✔ A8/A9/A13 and published templates: exact reads forward once with no-store (94.146583ms)
✔ real streamed POST bodies: A10-A14 exact keys reach upstream (57.065417ms)
✔ query, read headers, methods and body allowlists refuse before upstream (57.003041ms)
✔ session, CSRF and store authority precede content forwarding (16.801417ms)
✔ A12 fixed codes preserved; arbitrary upstream diagnostics stripped (51.219583ms)
✔ client preserves codes and receipt; changed/aborted session cannot publish private response (13.370625ms)
✔ A9 admits a full page of valid Unicode replies while bounding private response bytes (14.280375ms)
✔ non-JSON upstream 401 still expires both authentication cookies without diagnostic leakage (6.659708ms)
✔ real M7 response keeps no-referrer after matching Next production header rules (47.607208ms)
✔ three unit languages cover identical fixed labels and delivery states (1.880584ms)
✔ hiding aborts requests and rejects late responses, even after reveal (2.898125ms)
✔ switching selection invalidates both reads and write completions (0.248625ms)
✔ owner and explicit inbox permissions only; viewer fails closed (0.182084ms)
✔ Messenger counts Unicode codepoints; Instagram counts NFC UTF8 bytes (4.06425ms)
✔ uncertain transport retries retain the exact submission; definitive conflicts retire it (1.334709ms)
✔ privacy calibration cannot activate with production origin or ordinary caller env (0.849834ms)
✔ late focus/pageshow while native document remains hidden cannot reveal requests (0.392834ms)
✔ terminal navigation revocation cannot be undone by focus or refresh until a new page fence (0.212916ms)
✔ a ticket from another store/page fence is never accepted (0.120916ms)
✔ focus while already visible preserves the active epoch and the uncertain reply receipt (0.338459ms)
ℹ tests 20
ℹ suites 0
ℹ pass 20
ℹ fail 0
ℹ cancelled 0
ℹ skipped 0
ℹ todo 0
ℹ duration_ms 739.518833
✔ installed APIRequestContext cookie rules exclude Secure cookie from HTTP127 but retain HTTPS/localhost (0.451958ms)
✔ actual INU02 cross uses browser auth and retains exact 404/DM absence (189.656209ms)
✔ actual INU02 cross still rejects wrong authority 401 (10.52625ms)
✔ actual INU02 cross still rejects wrong authority 200 (4.289125ms)
✔ actual INU02 cross still rejects DM in denied response (14.164625ms)
✔ actual INU02 denied uses browser auth and retains exact 403/DM absence (5.737292ms)
✔ actual INU02 denied still rejects wrong authority 401 (8.859292ms)
✔ actual INU02 denied still rejects wrong authority 200 (3.857208ms)
✔ actual INU02 denied still rejects DM in denied response (4.966ms)
✔ actual login settles /en and fixture store (real switch, scoped=false) (51.650959ms)
✔ actual login settles /en and fixture store (real switch, scoped=true) (12.112958ms)
✔ actual login settles /en/inventory and fixture store (real switch, scoped=false) (144.892167ms)
✔ actual login settles /en/inventory and fixture store (real switch, scoped=true) (17.7035ms)
✔ actual login settles /en/messages and fixture store (real switch, scoped=false) (7.757292ms)
✔ actual login settles /en/messages and fixture store (real switch, scoped=true) (6.706917ms)
✔ actual login settles /en and fixture store (already selected, scoped=false) (27.385083ms)
✔ actual login settles /en and fixture store (already selected, scoped=true) (8.368042ms)
✔ actual login settles /en/inventory and fixture store (already selected, scoped=false) (13.339542ms)
✔ actual login settles /en/inventory and fixture store (already selected, scoped=true) (11.537542ms)
✔ actual login settles /en/messages and fixture store (already selected, scoped=false) (30.9215ms)
✔ actual login settles /en/messages and fixture store (already selected, scoped=true) (5.239625ms)
✔ bundle fixture uses real claim commands and mounts existing M6/M7 without issuing early (0.533625ms)
✔ sensitive bundle scenario clicks native clipboard with trace/video disabled and no token body reads (0.178541ms)
✔ persisted link and token-free command receipt are compared without disclosing credentials (0.12725ms)
✔ actual clipboard evaluator exports only safe summary and detects malformed or retained synthetic credentials (933.217208ms)
✔ claim-window fixture isolates recovery after the current migration permits multiple OPEN windows (4.984875ms)
✔ ordinary Playwright diagnostics still capture failed-page ARIA when private guard is absent (1.779916ms)
✔ sensitive worker lifecycle prevents actual installed snapshot capture without masking the failure (149.937458ms)
✔ worker restores prior environment even when use rejects (absent) (13.993792ms)
✔ worker restores prior environment even when use rejects (empty) (5.293959ms)
✔ worker restores prior environment even when use rejects (existing-policy) (6.362291ms)
✔ fixture is worker-auto and module collection does not suppress ordinary diagnostics (166.499958ms)
✔ ordinary matcher ARIA context bypasses fallback flag and remains in actual installed diagnostics (2.788333ms)
✔ private test teardown removes only matcher page context while preserving failure (failed status) (7.872125ms)
✔ private test teardown removes only matcher page context while preserving failure (rejected use) (7.700416ms)
✔ matcher guard is test-auto without replacing the installed artifact auto fixture (21.589584ms)
✔ real Playwright --list collects each original INU case and isolated INU09 exactly once (3561.576375ms)
✔ A real Inbox selection admits Go A9 attachments null without losing thread (44.093042ms)
✔ A real Inbox selection admits Go A9 attachments empty array without losing thread (16.254916ms)
✔ A malformed non-array A9 attachments is refused without painting DM or crashing selected entry (7.291083ms)
✔ C A8 HTTP200 empty list is ordinary data with no alert, selection or focus request storm (4.798125ms)
✔ C A8 list404 is scoped inbox unavailable in en, never an empty list or conversation denial (1.743167ms)
✔ C A8 list404 is scoped inbox unavailable in zh-TW, never an empty list or conversation denial (2.195875ms)
✔ C A8 list404 is scoped inbox unavailable in zh-CN, never an empty list or conversation denial (2.240542ms)
✔ C click-sweep Go harness mounts existing Inbox/templates services (STRUCTURE_ONLY, Go NOT_RUN) (1.121291ms)
✔ C click-sweep includes actual-router owner200 empty inbox assertion (STRUCTURE_ONLY, Go NOT_RUN) (0.572708ms)
✔ inbox evidence is covered by the CI upload root (12.070333ms)
✔ failed Playwright closes its log and emits sanitized diagnostics before Fatalf (0.346416ms)
✔ failure diagnostics match INU cases/counts without admitting private text (0.715375ms)
✔ INU04 delayed handler 1 signals completion when fulfillment rejects (57.670292ms)
✔ INU04 delayed handler 2 signals completion when fulfillment rejects (1.549083ms)
✔ recoveryDone waits for actual held M7 completion in zh-TW (135.660791ms)
✔ recoveryDone waits for actual held M7 completion in zh-CN (9.870125ms)
✔ recoveryDone waits for actual held M7 completion in en (11.221792ms)
✔ review2 P1 bundle-only row opens real A13 and issues existing M7 claim link to clipboard (137.229875ms)
✔ review2 P1 clipboard denial recopy reuses cached issued URL without another M7 POST (24.764917ms)
✔ review2 P1 lost M7 ACK retries exact receipt and null replay token never mints a fresh key (63.548666ms)
✔ review2 P1 missing CSRF before cached recopy cannot copy or issue again (5.416209ms)
✔ review2 P1 missing CSRF before uncertain retry rejects preserved receipt dispatch (5.892708ms)
✔ review2 P1 late issued-link completion after hide cannot write clipboard (14.364542ms)
✔ review2 P1 late issued-link completion after selection cannot write clipboard (8.070042ms)
✔ review2 P1 late issued-link completion after unmount cannot write clipboard (3.606833ms)
✔ review2 P1 late issued-link completion after logout cannot write clipboard (4.040792ms)
✔ review2 P1 claim-link issuance denied without both live read/manage (inbox:read,live:read) (3.19525ms)
✔ review2 P1 claim-link issuance denied without both live read/manage (inbox:read,live:manage) (2.287916ms)
✔ review2 P1 missing authoritative recovery identity never guesses generation {"missingSession":true} (2.045583ms)
✔ review2 P1 missing authoritative recovery identity never guesses generation {"noBundle":true} (4.461041ms)
✔ review2 P2 exactly one matching binding uses named DM hard gate ok (30.841ms)
✔ review2 P2 exactly one matching binding uses named DM hard gate review_required (11.586584ms)
✔ review2 P2 exactly one matching binding uses named DM hard gate missing_permission (15.568625ms)
✔ review2 P2 multiple same-provider bindings advisory only (dm_session:ok,dm_session:missing_permission) (25.168875ms)
✔ review2 P2 multiple same-provider bindings advisory only (dm_session:missing_permission,dm_session:reauth_required) (40.206917ms)
✔ review2 P2 multiple same-provider bindings advisory only (dm_session:ok,read_comment:missing_permission) (21.042792ms)
✔ review2 P2 multiple same-provider bindings advisory only (dm_session:review_required,dm_session:ok) (14.099833ms)
✔ review2 P2 actual scoped A12 409 capability refusal remains visible after advisory submit (5.557041ms)
✔ review2 P2 missing health and single binding without named DM remain disabled (4.342375ms)
✔ review2 P2 expired cached issued link cannot be recopied or silently reissued (13.707209ms)
✔ P1-1 actual visible focus preserves pending ticket, selection, revision and real retry receipt (27.27775ms)
✔ P1-1 actual unchanged-session pageshow checks without clearing; changed-session focus expires (5.274ms)
✔ P1-1 actual hide/reveal clears and requests fresh revision, never accepts obsolete completion (2.34975ms)
✔ P1-1 changed-session visible focus expires even with a pending request (0.352958ms)
✔ P1-2 actual A9 refresh 404 removes rendered DM and unsent draft (105.728959ms)
✔ P1-2 actual send-finally A9 404 removes DM, draft and uncertain immutable receipt (8.749834ms)
✔ actual uncertain send still retains exact receipt when A9 authority remains (0ms post-send A9) (14.142417ms)
✔ actual uncertain send still retains exact receipt when A9 authority remains (50ms post-send A9) (129.923208ms)
✔ actual A9 stale held completion cannot paint after component cleanup (16.716ms)
✔ P2 actual A14 404 clears buyer facts and customer draft (explicit future-version MOCK) (14.7605ms)
✔ safe authority errors remain the actual InboxError transport class (0.939125ms)
✔ actual current A13 without version keeps A14 disabled; future MOCK grants no backend claim (5.722625ms)
✔ P1-2 actual A11 takeover write 404 clears private state despite failing follow-up A9 (4.686458ms)
✔ P1-2 actual A12 send write 404 clears private state despite failing follow-up A9 (4.687916ms)
✔ A13 server orders omission remains distinct from authorized omitted data (2.36175ms)
✔ A13 server orders omission remains distinct from authorized empty data (3.428333ms)
✔ A13 server orders omission remains distinct from authorized populated data (1.380083ms)
✔ actual shell-store-selector captures selection before synchronous privacy teardown (allowed=true) (164.071625ms)
✔ actual shell-store-selector captures selection before synchronous privacy teardown (allowed=false) (11.123375ms)
✔ actual locale-switch captures selection before synchronous privacy teardown (allowed=true) (3.462334ms)
✔ actual locale-switch captures selection before synchronous privacy teardown (allowed=false) (3.69275ms)
✔ persisted A9 UNKNOWN after page entry warns and blocks the real composer in en (79.995541ms)
✔ persisted A9 UNKNOWN after page entry warns and blocks the real composer in zh-TW (11.566333ms)
✔ persisted A9 UNKNOWN after page entry warns and blocks the real composer in zh-CN (9.692959ms)
✔ A12 queued ACK followed by final A9 UNKNOWN overrides the local queued notice and blocks another send (25.328958ms)
✔ a captured previously enabled composer cannot bypass final UNKNOWN learned by Refresh (12.024458ms)
✔ a later A9 page omitting the known UNKNOWN is not delivery reconciliation (8.534958ms)
✔ persisted queued is not mislabeled UNKNOWN and retains ordinary composer eligibility (2.996458ms)
✔ persisted sent is not mislabeled UNKNOWN and retains ordinary composer eligibility (6.537875ms)
✔ persisted failed is not mislabeled UNKNOWN and retains ordinary composer eligibility (2.16125ms)
✔ persisted blocked is not mislabeled UNKNOWN and retains ordinary composer eligibility (3.408875ms)
✔ fresh mount refuses when an old UNKNOWN is beyond 51 newer messages (fact=true) (3.560334ms)
✔ fresh mount refuses when an old UNKNOWN is beyond 51 newer messages (fact=null) (4.870042ms)
✔ fresh mount refuses when an old UNKNOWN is beyond 51 newer messages (fact=undefined) (1.659167ms)
✔ fresh mount refuses when an old UNKNOWN is beyond 51 newer messages (fact=false) (5.585458ms)
✔ a refreshed unknown authority replaces old clear authority even for a captured composer (7.756417ms)
✔ window strict eligibility with 300001ms before hard 24h deadline (45.122708ms)
✔ window strict eligibility with 300000ms before hard 24h deadline (10.104458ms)
✔ window strict eligibility with 60000ms before hard 24h deadline (6.792708ms)
✔ window strict eligibility with 0ms before hard 24h deadline (5.277583ms)
✔ window invalid server deadline fails closed without preparing a send (7.779417ms)
✔ window captured enabled form callback cannot POST after crossing safe cutoff (4.444208ms)
✔ window deadline timer closes controls at cutoff and hard end without waiting for 15s poll (3.118291ms)
✔ quota recovery gives exact zh-TW comment-quota and DM-window instructions beside copy only (2.248667ms)
✔ quota recovery gives exact zh-CN comment-quota and DM-window instructions beside copy only (0.578708ms)
✔ quota recovery gives exact en comment-quota and DM-window instructions beside copy only (0.5925ms)
ℹ tests 123
ℹ suites 0
ℹ pass 123
ℹ fail 0
ℹ cancelled 0
ℹ skipped 0
ℹ todo 0
ℹ duration_ms 3971.10325
