✔ /products/{uuid} redirects permanently to the zh-TW product page (32.045083ms)
✔ non-uuid ids are 404, never redirected (1.318041ms)
✔ AT1: the locale redirect preserves the ad-click query without allowing a redirect target (0.14875ms)
✔ R10: standalone signed signals survive a missing or expired seven-day touch (7.186542ms)
✔ R10: standalone signals reject expiry, bad signature, duplicates and another host (0.233959ms)
✔ AT1 R5: browser identity survives expired touch and rolls for ninety days (0.167875ms)
✔ AT1 R5: missing ad parameters create no cookies; fbclid alone creates no touch (0.190542ms)
✔ AT1 R5: lc_ad alone updates attribution and does not replace fbc (0.132708ms)
✔ AT1: host-only first-party cookies contain no PII and read back exactly (0.252667ms)
✔ AT1: a later valid click replaces the draft but preserves the browser identifier (0.111959ms)
✔ R10: only a different fbclid replaces fbc and its first-seen timestamp (0.183333ms)
✔ AT1: malformed and ambiguous links do not overwrite a valid prior touch (0.303ms)
✔ AT1: host and key binding reject copied cookies (0.167416ms)
✔ AT1: duplicates and tampering invalidate the entire envelope (0.1325ms)
✔ AT1: exactly seven days is valid, the next millisecond and future clicks are not (0.136375ms)
✔ catalog list query limits equal the Go v2 parser (internal/buyerhttp/catalogv2.go) (14.514625ms)
✔ collection list cap equals Go maxCollectionsPerStore (35.033792ms)
✔ design caps equal internal/design/schema.go (nav, sections, pages) (10.175792ms)
✔ CVS buyer-entered store bounds and return path equal Go (internal/checkout/cvs.go, migration 0093) (5.909333ms)
✔ transfer view: closed shape and state rules mirror Go validTransferView (0.803291ms)
✔ proof body and result: five digits, positive minor amount, ISO instant (0.202333ms)
✔ minorFromText: major units with at most two decimals, never a float surprise (0.098125ms)
✔ buyer email mirror: one plain address, 254 characters at most (0.113041ms)
✔ countdown: whole hours and minutes, never negative (0.34825ms)
✔ copy: three locales carry every key and every refusal code (0.197334ms)
✔ options: a home row lists modes only with bank_transfer and then needs its window (5.558542ms)
✔ checkoutInput: a home bank_transfer body, the optional trimmed email, and every refusal before any request (2.526458ms)
✔ order: AWAITING_TRANSFER is a valid commercial state without a hold time (1.820875ms)
✔ BFF: exact transfer routes, keyed proof PUT, strict body, validated answers, no generic proxy (95.021292ms)
✔ BFF: transfer refusal codes pass through as definite 422; checkout accepts bank_transfer and a valid email only (4.957875ms)
✔ D06 order heading follows a settled transfer: never 'waiting for transfer' above a confirmed or expired one (0.1305ms)
✔ uncertain prepare blocks all mutations; changed cookie context resolves journal (25.170792ms)
✔ fully parsed local denial clears only its own pending operation (0.850708ms)
✔ malformed journal, unavailable lock and stale context fail before writes (1.770417ms)
✔ BPT05 exact handoff permits absent body/key, one fetch, no form persistence (56.819083ms)
✔ BPT05 wrong handoff form and ordinary writes fail before any fetch (1.846667ms)
✔ BPT05 unresolved cookie journal blocks handoff; lost response is one fetch without persistence (0.396708ms)
✔ SU02 refresh permits absent body/key, one fetch, no persistence (2.71125ms)
✔ SU02 refresh rejects a body, a key or a malformed path before any fetch (0.2695ms)
✔ SU02 cancel permits absent body/key, one fetch, no persistence (2.658583ms)
✔ SU02 cancel rejects a body, a key or a malformed path before any fetch (0.185417ms)
✔ BPT01 exact private path, headers, body and three-locale one-fetch transport (39.105333ms)
✔ BPT02 payment routes reject untrusted path, context, headers, key and body before fetch (71.850708ms)
✔ BPT03 hostile upstream success is sanitized, never returned as payment data (13.407875ms)
✔ BPT04 every handoff failure is nonretryable, including pre-route and transport loss (4.37225ms)
✔ SU02 five routes: exact upstream path, method, key, body, one fetch each (2.024416ms)
✔ SU02 refresh and cancel are keyless and pass every CSRF/context denial before fetch (1.867375ms)
✔ SU02 every handoff/refresh/cancel failure is nonretryable and sanitized (6.239667ms)
✔ SU02 hostile Stripe bodies become the sanitized 503; PAYUNi and Stripe bodies stay byte-identical (12.588834ms)
✔ SU02 prepare accepts only the two known method codes (0.671208ms)
✔ disabled and invalid configuration fail closed before private fetch (62.998417ms)
✔ private authority, cookie lifecycle and strict local denial (44.736583ms)
✔ bad host, cookie, query and method never reach private API (5.900625ms)
✔ stalled inbound POST body is canceled at its deadline without a cookie or private call (1.038542ms)
✔ R10: Begin forwards independently signed signals; browser attribution and forwarded hosts are not authority (10.674958ms)
✔ CVS BFF: exact routes, keyed open/store, keyless verify, validated answers, no generic proxy (46.904125ms)
✔ CVS BFF: contract refusal codes pass through; pay_at_pickup_limit is a definite (non-retryable) 429 (15.960833ms)
✔ failed later transport session refresh keeps an earlier observed cart eligible (73.956334ms)
✔ failed later 503 session refresh keeps an earlier observed cart eligible (22.5165ms)
✔ newer successful session supersedes a delayed valid A cart on cart (25.1785ms)
✔ newer successful session supersedes a delayed valid A cart on cart-fails (87.824ms)
✔ newer successful session supersedes a delayed valid A cart on absent (32.68225ms)
✔ a completed same-context command fences an earlier valid cart read (34.492ms)
✔ unmount still fences a delayed session refresh after separating issued and observed generations (28.863459ms)
✔ unmount still fences a delayed cart refresh after separating issued and observed generations (10.653792ms)
✔ round2 stale A session response cannot supersede newer refresh B or its lost-write Retry (16.068167ms)
✔ round2 stale A session response cannot supersede newer mutation B or its lost-write Retry (55.255666ms)
✔ rotated buyer context clears the prior cart on read and preserves the B receipt (18.64675ms)
✔ rotated buyer context clears the prior cart on lost-write and preserves the B receipt (27.367625ms)
✔ rotated buyer context clears the prior cart on refresh-read and preserves the B receipt (9.771ms)
✔ lost first write keeps Retry alive: same context, same idempotency key, no second purchase (11.330667ms)
✔ fragment grammar accepts only one canonical token (0.466584ms)
✔ claim projections are closed (0.241208ms)
✔ claim token rides only its header on B1/B2 and is never echoed (94.701458ms)
✔ claim-priced cart edits send only SKU and quantity, keeping server price authority (7.115125ms)
✔ direct-checkout sold-out projection is mandatory, boolean and closed (0.286958ms)
✔ claim redeem shares the purchase lock, guards recovery and never persists the token (4.760375ms)
✔ ClaimLink removal projects live-priced survivors on ready and conflict pages (253.650709ms)
✔ ClaimLink revisit checks out applied A while pending B is sold out or unavailable (11.043583ms)
✔ ClaimLink refreshes a nothing result after a second tab applied the claim (7.442542ms)
✔ ClaimLink does not navigate when a buyable claim target is absent or has changed quantity (18.283042ms)
✔ ClaimLink optional prior-order notice tolerates unreadable storage without bypassing recovery (63.077917ms)
✔ CVS01 map form: only the two ECPay e-map actions, exact fields, top-level-safe values (6.92725ms)
✔ CVS02 return path allowlist excludes /claim and anything but the checkout or product page (0.192333ms)
✔ CVS03 selection projection: VERIFIED<=>pickup, REJECTED<=>reject_code, absent keys read as null (0.495875ms)
✔ CVS04 buyer-entered store answer and request body (0.300833ms)
✔ CVS05 store code table (§16.1) keeps leading zeros and per-chain lengths (0.683125ms)
✔ CVS06 recipient mirror: real-name width 4..10 (CJK=2), no digits/symbols/emoji; 09 mobile (1.004208ms)
✔ CVS07 checkout draft: name, phone and mode only; read once; corrupt/foreign shapes are dropped (0.244833ms)
✔ CVS08 return URL: only ?cvs_selection=<uuid> is accepted (0.092709ms)
✔ CVS09 buyer order projection and copy keys: nothing but PICKED_UP says picked up (0.106375ms)
✔ CVS10 error codes: field mapping, definite refusals, official links are https constants (0.197917ms)
✔ CVS11 client transport: verify is the one new keyless POST; the server refusal code rides BuyerClientError.detail (43.907083ms)
✔ every locale x page has a title, an updated line and at least one section (2.011834ms)
✔ locales share the section count and per-section body count of every page (0.276375ms)
✔ final text is only the owner-confirmed company facts (CR 81215167 name + registered address); nothing else is final (0.229334ms)
✔ a legal page is published only when every text on it is final; buyers see no link to an unpublished one (0.739834ms)
✔ data-deletion path is named in the privacy page of every locale (0.090833ms)
✔ pendingOwnerText lists exactly the texts that keep a page unpublished and is written for the owner (2.803125ms)
✔ a live (claim-origin) price replaces the catalog price and strikes it through (2.536167ms)
✔ without a live price the catalog price and its compare-at are shown unchanged (0.144125ms)
✔ a live price equal to or above the catalog price is shown as set (strike hidden by the UI guard) (0.200875ms)
✔ a live price strikes the catalog price, never the variant sale price (0.3665ms)
✔ order ref: 12 hex (dashes or spaces, any case) or a full id (0.460791ms)
✔ contact: one email or a phone of 6..20 digits (0.161542ms)
✔ body is exactly {order_ref, contact}; the answer is exactly {order_id} (0.134792ms)
✔ BFF lookup: no cookie needed, fresh token goes upstream, cookie only on 200 and it carries that same token (45.326458ms)
✔ BFF lookup: strict local denial before any private fetch (1.005459ms)
✔ copy: three locales carry every key (0.195542ms)
✔ MS4 srcset descriptors use actual decoded widths and deduplicate small renditions (0.397625ms)
✔ MS1 product rendition allowlist preserves trusted Host and never forwards buyer cookies (34.687291ms)
✔ MS2 invalid, duplicate, extra, encoded widths and non-product variants fail before fetch (2.299583ms)
✔ MS3 old-image fallback is never promoted to immutable; committed variants are cacheable (2.809542ms)
✔ TWD whole amounts show no decimals in every locale and at every magnitude (line, subtotal, total, zero) (11.252209ms)
✔ cents appear only when there are cents, then always as two digits; the minor-unit arithmetic is untouched (0.189875ms)
✔ digits come from the currency: JPY none, USD two when there are cents (0.88125ms)
✔ one formatter: no component, page or lib builds a currency Intl.NumberFormat outside lib/money.ts (68.618667ms)
✔ locale probe bounds a missing destination head with a route/device diagnostic (3.754292ms)
✔ locale probe clears its deadline when the real head promise completes (0.505959ms)
✔ fragment: exactly #o=<order id>&t=<43-char token>; anything else is null (0.851292ms)
✔ body is exactly {order_id, token, proof}; the answer is exactly the order the link named (0.14975ms)
✔ BFF link: no cookie needed, fresh token upstream, cookie only on a 200 naming the same order, link token never echoed (38.56125ms)
✔ BFF link: strict local denial before any private fetch (3.553792ms)
✔ copy: three locales, one refusal text, a retry and a lookup path (0.120416ms)
✔ BPU01 fresh payment writes exact metadata before prepare, one bodyless Take, no persistent form (25.007625ms)
✔ BPU01 lost prepare response replays original key/body only on explicit next click (2.824ms)
✔ BPU01 lost handoff is permanently GET-only, even after a second click (0.844041ms)
✔ BPU01 storage, amount, scope and child/screen fences reject before irreversible writes (1.716792ms)
✔ BPU01 document/child loss after prepare but before Take leaves exact replay marker (1.964083ms)
✔ BPU01 malformed server handoff never submits and Take remains nonretryable (3.428542ms)
✔ BPU01 marker replacement before Take and after Take blocks release/form reuse (21.346959ms)
✔ BPU01 context replacement after prepare and after Take closes destination without form (9.987292ms)
✔ BPU01 synchronous destination refuses invalid locale before opening a window (0.257125ms)
✔ SU03 fresh Stripe pay: marker before prepare, one prepare, one handoff, navigate, URL never stored (4.992542ms)
✔ SU03 marker replay: lost prepare response replays key/body, no uncertain on PENDING view with leftover marker (6.597833ms)
✔ SU03 cross-device Continue needs no marker and never prepares (1.720833ms)
✔ SU03 marker/view matrix: PAYUNi marker on Stripe view and Stripe marker on PAYUNi view send nothing (2.350792ms)
✔ SU03 any other view renders without a POST (0.6445ms)
✔ SU03 CREATING: waits on the schedule without the lock, then hands off once when READY (9.835833ms)
✔ SU03 CREATING budget: 10 reads over 30 s, then the blank child is closed, no POST, no throw (2.694042ms)
✔ SU03 cancel_requested seen on the re-GET aborts before the handoff POST (0.512667ms)
✔ SU03 handoff outcomes: CREATING closes child, CLOSED/UNAVAILABLE/error/malformed reject; one POST each, never retried (3.112083ms)
✔ SU03 Stripe prepare errors, amount/currency mismatch and popup loss stop before any handoff (2.902792ms)
✔ SU03 two clicks make two handoff POSTs only because there were two clicks; sequential, none from reads (3.609333ms)
✔ SU03 navigate: validates again, needs an owned blank child, sets used before replace, no URL in errors (1.390917ms)
✔ SU03 refresh signal: keyless single POST, validated, throttled 1/10 s and 30 per page life, cancel never throttled (8.312541ms)
✔ SU03 signal failures are single-shot and sanitized: HTTP error, malformed body, wrong order (0.438167ms)
✔ private quote/option authority fields are required; only exact MANUAL home can checkout (13.539083ms)
✔ continue shopping advances only ordered version, clears hint, keeps SQL history authoritative (28.941917ms)
✔ lost next-cart response retries identical key/body and preserves a newer cart (4.05175ms)
✔ continuation never overwrites an already advanced cart (0.509875ms)
✔ unknown checkout blocks continuation without any business request (3.036583ms)
✔ two queued continuation clicks mutate once; stale order ID cannot clear another order (0.999709ms)
✔ CAS conflict resolves only after a newer cart is read (4.161584ms)
✔ locator removal failure retains next-cart journal and recovery survives missing locator (2.924458ms)
✔ order history summary rejects PII/unknown fields and malformed scope IDs (0.447958ms)
✔ native address validation mirrors printable Unicode, limits and phone; journal forbids PII (3.476958ms)
✔ address lost reply replays exact in-memory intent, then confirms current head (1.05675ms)
✔ address reload requires explicit new intent and exact observed CAS; stale head never auto-bumps (0.594708ms)
✔ old address receipt cannot confirm another tab's newer current head (2.226333ms)
✔ a late address CAS winner requires another explicit confirmation, not an automatic version bump (1.062959ms)
✔ checkout lost reply, queued duplicate and current GET reuse one key and one order (2.796583ms)
✔ uncertain checkout retains original journal across later 401/403/404/5xx and malformed success (2.915333ms)
✔ only a fresh definitive denial clears checkout; no order locator is invented (0.697083ms)
✔ locator storage failure after commit retains same key; reload GET failure keeps locator (1.194667ms)
✔ locator persisted but journal removal failed resumes pending receipt, not unrelated pointer (6.938625ms)
✔ unavailable storage, invalid locator and late changed context fail closed (0.933042ms)
✔ order locator readback mismatch and no-op journal removal both retain checkout recovery (0.8795ms)
✔ direct claim continuation refuses a newer ordered cart inside the purchase lock (0.79975ms)
✔ direct claim continuation keeps next-cart recovery after a conflicting clear (0.581584ms)
✔ collector projection: admitted for derived connections, absent/null for primary (2.463125ms)
✔ collector rejects identifiers, extra keys and malformed text (0.54275ms)
✔ disclosure renders the contract §5 line with all three slots substituted (0.294334ms)
✔ the disclosure line exists exactly when the hosted view returns a collector (0.621625ms)
✔ a shop or collector name with a replacement pattern is shown literally (2.767958ms)
✔ OrderPayment renders the disclosure with the view, above every pay button, through the helper only (0.9195ms)
✔ BPT03 exact valid projection and Go nanosecond UTC timestamps (18.048041ms)
✔ BPT03 view rejects private fields, inconsistent state and malformed names (0.207458ms)
✔ BPT03 prepared receipt enforces exact original credit-card amount (0.077125ms)
✔ BPT03 hosted form and replay are exact, bounded and action-allowlisted (0.193625ms)
✔ SU01 Stripe views: fresh, both methods, attempt states, PAYUNi unchanged (0.166041ms)
✔ SU01 Stripe view negatives (0.125166ms)
✔ SU01 prepared amounts follow the corrected per-currency table (0.110334ms)
✔ SU01 Stripe handoff union and every redirect_url negative (0.253458ms)
✔ SU01 payment signal is exactly {order_id, scheduled:boolean} (0.103917ms)
✔ RUI01 refund summary: refunded states, pending money, absent ≡ null (0.145625ms)
✔ RUI01 refund summary negatives (0.1225ms)
✔ BPU03 neutral GET and POST return ignore every callback field and cookie (15.761ms)
✔ primary origin: exact path/query, same host, and no URL-controlled destination (3.7225ms)
✔ GET and HEAD use trusted Host, private bounded uncached resolver and exact 301 (20.057208ms)
✔ no writes redirected; resolution failures fail closed; unknown hosts keep native 404 (0.70625ms)
✔ policy version is the frozen constant, in the customers-core D4 shape (0.394667ms)
✔ route table: exactly the four buyer privacy routes, methods and body kinds (0.365792ms)
✔ body shapes are closed and mirror the frozen Go inputs (no source, no policy_version) (0.092291ms)
✔ GET privacy validator: closed shape, erased owner holds no consent (0.122ms)
✔ consent result and erasure summary validators (0.223792ms)
✔ buyer export envelope never carries customer_id (0.090792ms)
✔ failure classification: 410 and erased are the erased state (0.054792ms)
✔ copy: every locale has the same keys, the ads box discloses that sent events cannot be recalled (1.947083ms)
✔ selected option photo uses a main display slot without adding a fifth main image (2.108167ms)
✔ use-cover selection and a main-thumbnail selection restore the original main gallery (0.155041ms)
✔ cart thumbnail uses variant then catalog image_id, including when main images are absent (0.104875ms)
✔ migrated four-main/five-detail images stay separate when the option photo changes (0.123125ms)
✔ real cart-detail composition uses server SKU image_id (v2 detail available) (22.788625ms)
✔ real cart-detail composition uses server SKU image_id (v2 detail unavailable) (0.572209ms)
✔ parity: frontend caps equal the Go constants (4.326125ms)
✔ detail parser: 4 main + 20 detail + option-value images are accepted and mapped (1.611666ms)
✔ detail parser: 5 main, 21 detail, bad ids and over-cap option images are refused (0.459209ms)
✔ detail parser: a backend before product-media-v2 (no new keys) still parses with empty defaults (0.237ms)
✔ v1 catalog row: images are main-only (<= 4) and image_id is a uuid or null (0.552125ms)
✔ PRO-S1 code mirror: any case and spaces normalise; impossible codes never become a request (1.299167ms)
✔ PRO-S2 promotion object: closed keys, kind/value pairing (0.209583ms)
✔ PRO-S3 quote validator: promotion is optional but never malformed; the discount stays the server's own number (1.222959ms)
✔ PRO-S4 journal grammar: a quote write may carry one canonical promo_code, nothing else (2.25075ms)
✔ PRO-S5 copy: three locales cover every refusal code and the same keys (1.825541ms)
✔ PRO-S6 BFF quote route: promo_code relayed untouched when canonical, refused before the private API otherwise (39.075125ms)
✔ PRO-S7 BFF: every promo_* refusal is a definite, non-retryable 422 with its own code (8.57575ms)
✔ demonstration disclosure is explicit and local-only (0.448334ms)
✔ cart selection preserves unrelated SKUs and the observed CAS version (5.561833ms)
✔ minor amounts are bounded before multiplication, including zero (0.097166ms)
✔ delivery identity includes country for one market and method (0.074166ms)
✔ journal is bound to context and rejects PII/unknown fields (0.231833ms)
✔ lost response replays exact key/body, then clears only after parsed receipt (15.601083ms)
✔ RUI02 buyer order admits MERCHANT_SHIPPED only with a SHIPPED head; absent shipment ≡ null (0.420416ms)
✔ RUI02 shipment shape negatives (incl. unsafe links) (0.487125ms)
✔ RUI02 history summary admits MERCHANT_SHIPPED (a shipped order must not break the list) (0.447208ms)
✔ CVSP01 options: CVS rows carry pickup_selection/payment_modes; unavailable rows are a separate shape (1.127875ms)
✔ CVSP02 CVS destination write: TW only, pickup_id required, empty home address; home unchanged (6.629209ms)
✔ CVSP03 checkoutInput: payment_mode only for CVS rows and only a mode the row offers (0.950875ms)
✔ COD confirmation includes expected fee, enforces collect cap and validates immutable order money (0.855167ms)
✔ CVSP04 buyer order: pay_at_pickup <=> collection_state; cvs_shipment only on a matching CVS destination (0.761625ms)
✔ CVSP05 journal accepts a CVS destination marker and a checkout body with payment_mode, nothing else (0.647416ms)
✔ validProduct accepts up to the Go photo cap and rejects one more (2.0585ms)
✔ design: garbage and hostile documents collapse to the safe default shape (2.337ms)
✔ design: links, preview token propagation, nav resolution (0.136083ms)
✔ design: any merchant accent yields readable button text and link colour (WCAG AA) (0.245875ms)
✔ variants: resolution, disabled out-of-stock combinations, initial choice, price bounds (0.15125ms)
✔ catalog-v2 parsers accept the frozen shapes and refuse drift (0.502709ms)
✔ free-delivery progress words the hint only when a threshold exists (0.062458ms)
✔ list query: only whitelisted, canonical values survive (0.238375ms)
✔ seo: JSON-LD cannot break out of its script tag; offers reflect stock and price range (33.668583ms)
✔ seo: sitemap escapes and carries hreflang; robots refuses everything for a closed host (0.183041ms)
✔ money: whole amounts drop cents, minor digits come from the currency, filters round-trip (0.364458ms)
✔ cart line write: replaces one line, keeps the others, 0 removes, CAS version is the one shown (1.082709ms)
✔ cart problems map to buyer-facing classes without leaking transport detail (0.094125ms)
✔ checkout options accept the optional free-shipping threshold only as a positive integer or null (0.163ms)
✔ no-image placeholder copy: exactly the locale label a photo-less card or gallery renders (0.047125ms)
✔ storefront image caps equal the Go catalog caps (internal/catalog MaxMainImages, MaxDetailImages) (7.206542ms)
✔ design text limits count code points like Go, never splitting a surrogate pair (0.470792ms)
✔ G3: same-series cards exclude the current product and never invent absent draft/foreign products (0.620916ms)
✔ G5: safety guidance exists in three languages without changing the five merchant policy approval boundaries (15.493791ms)
✔ G4: category chips omit empty collections; hidden collections absent from the public API stay absent (0.484833ms)
✔ OrderHistory renders server order instant in Taipei (25.083458ms)
✔ ClaimLink renders claim expiry in Taipei (16.458209ms)
✔ BankTransfer renders deadline and proof instant in Taipei (5.819333ms)
✔ BankTransfer proof echo labels store time in en (10.335583ms)
✔ BankTransfer proof echo labels store time in zh-TW (3.532916ms)
✔ BankTransfer proof echo labels store time in zh-CN (5.610792ms)
✔ BankTransfer input describes the device zone in en (6.32975ms)
✔ BankTransfer input describes the device zone in zh-TW (4.584458ms)
✔ BankTransfer input describes the device zone in zh-CN (5.052416ms)
✔ BankTransfer input has a generic label when Intl has no zone in en (2.07875ms)
✔ BankTransfer input has a generic label when Intl has no zone in zh-TW (1.595ms)
✔ BankTransfer input has a generic label when Intl has no zone in zh-CN (1.310375ms)
✔ ShopFooter uses Taipei year across UTC year boundary (3.62625ms)
✔ BankTransfer deadline labels store time in en (1.623125ms)
✔ BankTransfer deadline labels store time in zh-TW (3.903875ms)
✔ BankTransfer deadline labels store time in zh-CN (4.539959ms)
✔ OrderHistory states the Taipei time zone once in en (1.3055ms)
✔ OrderHistory states the Taipei time zone once in zh-TW (0.937959ms)
✔ OrderHistory states the Taipei time zone once in zh-CN (0.767459ms)
✔ dictionaries have exact parity and non-empty values (0.773333ms)
✔ locale precedence and language quality mapping (0.682667ms)
✔ localized paths preserve deep links and reject dangerous input (0.36275ms)
✔ path locale only matches a canonical first segment (0.05975ms)
✔ the four constructs render (1.413583ms)
✔ XSS payloads stay inert text (1.029917ms)
✔ fuzz: any string over a hostile alphabet renders only whitelisted tags (29.995ms)
✔ validator mirrors the Go rules (0.440666ms)
✔ SDN1 allowlist: exactly the contract routes, per method (0.554334ms)
✔ SDN1 allowlist: traversal, case, suffix and prefix tricks never match (0.261541ms)
✔ SDN1 request shape: no query string anywhere, reads carry no body, key, length or transfer-encoding (48.043291ms)
✔ SDN1 cap: 260 KiB = Go's 256 KiB document + 4 KiB envelope, and a body of exactly the cap is still below it (0.059792ms)
✔ SDN2 renderer: every XSS payload comes out as whitelisted tags and escaped text only (3.228792ms)
✔ SDN2 renderer: escape-first means the merchant's text never becomes markup (0.126542ms)
✔ SDN2 renderer: fuzz (seeded) never produces a tag outside the whitelist (30.284458ms)
✔ SDN2 client validator rejects what the server rejects (HTML, non-https links, `<` anywhere) (0.203459ms)
✔ cleanForSave turns cleared fields into null but keeps an empty body (0.401666ms)
✔ localIssues names each missing mandatory value by server path (1.218084ms)
✔ moved swaps neighbours and ignores out-of-range moves (0.240875ms)
✔ parsers accept the exact Go shapes and refuse extra or missing keys (1.572917ms)
✔ BFF allowlist covers exactly the design resources (0.276875ms)
✔ validDesignRequest refuses queries and bodies on reads, ignores other paths (18.586375ms)
✔ designDetails forwards only a bounded {path, reason} pair (0.197834ms)
✔ accepts exactly the three locale invite paths with a 20-200 char token (1.388666ms)
✔ rejects anything that is not an exact same-origin relative invite path (0.32275ms)
✔ rejects percent-encoded variants of the exact shape (0.1675ms)
✔ the token is an opaque invite token shape, never a URL (0.074083ms)
✔ fragment carrier: round-trips the exact invite path, is never a query string, and rejects hostile fragments (0.240083ms)
✔ dashboard: accepts the frozen shape, rejects drift (8.103958ms)
✔ import result: strict keys, closed error codes, committed never carries errors (0.284334ms)
✔ csv file guard mirrors the Go bounds (0.0755ms)
✔ manual options: a COD home row parses with its offer (D01: the page used to refuse the whole list) (3.345541ms)
✔ manual options: only bank_transfer / pay_at_pickup / cash_on_delivery, key must equal market|country|code (0.763458ms)
✔ manual result: link is https with the order id and a 43-char capability in the fragment only (1.038041ms)
✔ draft: first problem, and the body has no price-like field at all (1.223667ms)
✔ BFF grammar: exactly the seven tools resources (0.290875ms)
✔ regenerate body/result: exactly {order_id, locale} and a fresh https link naming that order (0.459125ms)
✔ copy parity: every locale has every key, import rules and error codes (1.269958ms)
✔ callback redirect target is always a same-origin /<locale>/settings path whatever the cookies, store, code or error say (9.410083ms)
✔ the binding cookie: exactly one canonical store uuid, path-scoped to the callback, HttpOnly, Lax, 10 minutes, Secure (0.167541ms)
✔ callback query: exactly one code and one state within charset/length bounds; Meta's error=… and repeats are not forwarded (0.63475ms)
✔ the dialog URL the BFF hands the browser is https://www.facebook.com only (0.129125ms)
✔ callback error mapping only ever yields fixed codes, never an upstream message (0.117125ms)
✔ selected Page qualifies only a bare Facebook id, never rewrites another Page or external URL (1.411167ms)
✔ status: not connected, connected with and without Instagram, and every deviation throws (2.00475ms)
✔ pick state: closed shape, optional Instagram keys come as a pair, id must match (0.315ms)
✔ route grammar: only status/states/pick/disconnect; start and callback are dedicated routes; no query; reads carry no body or key (23.810541ms)
✔ connect cookie, body and callback redirect never carry code/state and only fixed codes (0.296792ms)
✔ copy: three locales have the same keys and every Go error code has a message (0.097375ms)
✔ review-required remains restricted; evidence does not promote state (1.6045ms)
✔ legacy omission remains unidentified, independent of array order (0.271041ms)
✔ closed shapes reject unknown state/provider/evidence, leaked fields and inconsistent severity (0.611833ms)
✔ duplicate capabilities/pages and unbounded arrays cannot become trusted state (0.40575ms)
✔ worst Page determines advice, no raw upstream reason reaches copy (0.453875ms)
✔ recheck receipt means scheduled; timestamps and closed keys are checked (0.171125ms)
✔ exact keyless route grammar rejects query/key/body confusion (33.677208ms)
✔ recheck takes exactly page_id and no caller-provided scope (0.313541ms)
✔ blocking advice comes from the blocking capability, not a secondary public-reply warning (0.353917ms)
✔ clean health browser mode prepares admin standalone before starting its fixture (67.037916ms)
✔ en: expired connection retains its full refusal inside a wrapping badge (32.339458ms)
✔ zh-TW: expired connection retains its full refusal inside a wrapping badge (29.671166ms)
✔ zh-CN: expired connection retains its full refusal inside a wrapping badge (1.931625ms)
✔ actual B1 snapshot state remains ok even when a fixture expected review_required (0.203667ms)
✔ D02 TWD input: whole dollars only, x100 on the wire (20.82775ms)
✔ D02 TWD edit text: whole dollars have no decimals; a legacy amount with cents is never shown as another price (0.213208ms)
✔ D02 display: NT$ without decimals in every language, cents only when there are cents (1.131333ms)
✔ D02 live-price input (Studio claims): TWD whole dollars, other currencies their decimals (0.163542ms)
✔ D02 discount code amounts: TWD whole dollars, a decimal is refused before it is sent (0.25725ms)
✔ D02 no admin copy or component says 'minor units' to the merchant (127.659958ms)
✔ M06 time: Asia/Taipei everywhere, labelled, never UTC (23.000917ms)
✔ settings answer: exactly one boolean key (1.8545ms)
✔ PUT body is the frozen single key (0.210875ms)
✔ BFF grammar: GET read, PUT keyed command, nothing else (0.509625ms)
✔ copy: three locales, same keys, no empty text (0.221375ms)
✔ PRM01 parse: exact keys, kind/value pairing and ranges; duplicates and unknown keys are refused (2.640458ms)
✔ PRM02 Taipei wall time: +08:00 on the wire, instant shown back in Taipei, impossible dates refused (11.237791ms)
✔ PRM03 create body: normalised code, major units to minor units, optional fields null, whole body validated (2.407458ms)
✔ PRM04 update + toggle: version CAS key, form round trip, pause keeps every other field (0.414792ms)
✔ PRM05 BFF grammar: exactly list, create and update; nothing generic (0.155333ms)
✔ PRM06 copy: three locales carry the same keys and every refusal code the Go routes can answer (0.109458ms)
✔ G-UI3/G-UI5 architecture constraints pass with shrinking legacy exceptions (1317.808834ms)
✔ G-UI3/G-UI5 negatives: new formatter, component fetch, >800 lines and wider allowance fail (0.535459ms)
✔ Readiness jump controls expose the actual active section, not a click flag (3.489167ms)
✔ Integrator P2: legal CN comment ordering and a distinct three-image recommendation (0.663708ms)
✔ ADM04 and ADM06 explain unavailable SKUs and keep collection vocabulary consistent (3.084667ms)
✔ ADM06 create/detail titles share the route vocabulary without adding a phantom Next page (0.369625ms)
✔ G-UI1 Next pages and route registry are bidirectional, unique, typed, documented (1.984167ms)
✔ G-UI1 copy key parity: no missing or extra key in any locale (0.085583ms)
✔ G-UI2 staff without catalog:read cannot see products/inventory or open a product URL (0.163583ms)
✔ G-UI2 every route permission is a permission Go knows, and /orders/new needs inventory:reserve (279.828208ms)
✔ G-UI1 dynamic and public routes match, details never appear as navigation (0.212083ms)
✔ W6-U2 ledger is a settings in-page route, preserving existing navigation (0.118375ms)
✔ Every browser spec clicks nav-orders: the orders group stays a singleton, so returns/new/print routes are nav: false (0.276542ms)
✔ shell-registry: every routed path has exactly one nonempty shared h1 in all three locales (214.407375ms)
✔ shell-registry: orders stays one actual group button on live and non-live routes (1.454708ms)
✔ shell-registry: loading/expired/unavailable/forbidden keep one safe heading and never leak private content (2.31225ms)
✔ created address is a strict HTTPS origin matching the assigned handle (0.435416ms)
✔ DNS instructions must name the requested origin and a bare hostname target (0.249458ms)
✔ domain kind is authoritative and closed, not inferred from host or token (0.119166ms)
✔ apex DNS retains every concrete IPv4/IPv6 address and rejects malformed values (0.439458ms)
✔ pending domain journal preserves exact action/key/target; legacy or corrupt markers never replay (0.409458ms)
✔ browser-origin gate: every refusal happens before Go is called, for every action (22.487958ms)
✔ only POST exists on the team routes (1.333875ms)
✔ unknown action is a local 404 and never reaches Go (1.335167ms)
✔ strict request grammar: wrong keys, types, ids, roles, locales and token shapes are 422 locally (5.967417ms)
✔ what reaches Go: BFF key, bearer from the cookie, no Cookie/Origin, body unchanged, exactly one call per request (54.973334ms)
✔ Go failures are rebuilt locally from allow-listed codes, never retried, and never echo the token (38.97175ms)
✔ team answer: accepts the frozen shape, null role and OIDC member without email (8.437ms)
✔ team answer: unknown key, unknown role, bad id, bad mail state are rejected (1.058916ms)
✔ invite and accept answers are strict (0.778ms)
✔ request grammar: every action has an exact key set and rejects junk values (0.3795ms)
✔ copy: three locales carry the same keys and a label for every role (0.431542ms)
✔ role-aware navigation: hides entries the member's permissions cannot use; unknown shows all; Team is owner-only (0.216083ms)
✔ P02 settlements directory rejects missing/link/owner/group/mode with a valid control (1062.745083ms)
✔ preflight health permission grammars and API/worker consistency fail closed (3976.781917ms)
✔ merchant alert flag is explicit 0|1 and independently requires SMTP (2037.11975ms)
✔ shared loader makes API/worker LIVE pair file-only before Compose interpolation (520.652709ms)
✔ export bind accepts omitted JSON false but rejects unsafe source/config mutations (0.946958ms)
✔ sanctioned operator allowlist and fail-closed gates (fake docker, no network) (2062.308209ms)
✔ platform operator custody, export mount and binary are wired (190.618125ms)
✔ actual export bind refuses a missing directory; enabling auto-create is detected (432.075041ms)
✔ R3 preflight rejects cancelled PAYUNi, validates Page app and keeps LIVE pair mandatory (939.011292ms)
✔ R3 smoke exercises exact denied probes, accepts 404 only for disabled mounts (108.264041ms)
✔ positive control: a complete, valid configuration raises no META_LOGIN finding (2129.553375ms)
✔ feature off (COMMERCE_META_LOGIN_CONFIG_ID empty): no rule applies even with the other keys empty (467.116417ms)
✔ P06: the Page route needs the webhook receiver (435.66575ms)
✔ P06: sessions come from identity (357.690583ms)
✔ P06: without the claims profile nobody sends the private replies (a WARN, not a FAIL) (349.808667ms)
✔ P08: COMMERCE_META_LOGIN_CONFIG_ID must be numeric ("abc") (341.330125ms)
✔ P08: COMMERCE_META_LOGIN_CONFIG_ID must be numeric ("12 34") (295.996958ms)
✔ P08: COMMERCE_META_LOGIN_CONFIG_ID must be numeric ("111111111111") (315.840625ms)
✔ P08: COMMERCE_META_LOGIN_CONFIG_ID must be numeric ("0x10") (306.775041ms)
✔ P08: COMMERCE_META_LOGIN_CONFIG_ID must be numeric ("-1") (335.360416ms)
✔ P08: COMMERCE_META_LOGIN_REDIRECT_URI must be exactly https://<LC_ADMIN_HOST>/api/meta/callback (wrong host) (328.421042ms)
✔ P08: COMMERCE_META_LOGIN_REDIRECT_URI must be exactly https://<LC_ADMIN_HOST>/api/meta/callback (http scheme) (286.237583ms)
✔ P08: COMMERCE_META_LOGIN_REDIRECT_URI must be exactly https://<LC_ADMIN_HOST>/api/meta/callback (the ads callback path) (216.437833ms)
✔ P08: COMMERCE_META_LOGIN_REDIRECT_URI must be exactly https://<LC_ADMIN_HOST>/api/meta/callback (trailing slash) (218.619041ms)
✔ P08: COMMERCE_META_LOGIN_REDIRECT_URI must be exactly https://<LC_ADMIN_HOST>/api/meta/callback (query string) (214.121958ms)
✔ P08: COMMERCE_META_LOGIN_REDIRECT_URI must be exactly https://<LC_ADMIN_HOST>/api/meta/callback (empty) (220.924042ms)
✔ P08: COMMERCE_META_LOGIN_GRAPH_VERSION grammar vNN.N ("26.0") (222.316666ms)
✔ P08: COMMERCE_META_LOGIN_GRAPH_VERSION grammar vNN.N ("v26") (176.254334ms)
✔ P08: COMMERCE_META_LOGIN_GRAPH_VERSION grammar vNN.N ("v26.0.1") (335.666667ms)
✔ P08: COMMERCE_META_LOGIN_GRAPH_VERSION grammar vNN.N ("latest") (306.396041ms)
✔ P08: COMMERCE_META_LOGIN_GRAPH_VERSION grammar vNN.N ("") (328.432375ms)
✔ P08: COMMERCE_META_LOGIN_GRAPH_VERSION grammar vNN.N ("v1000.0") (205.536125ms)
✔ P08: COMMERCE_META_LOGIN_GRAPH_VERSION accepts v26.0 (220.751167ms)
✔ P08: COMMERCE_META_LOGIN_GRAPH_VERSION accepts v22.0 (203.936042ms)
✔ P08: COMMERCE_META_LOGIN_GRAPH_VERSION accepts v99.9 (173.771083ms)
✔ production without any alert channel is a FAIL (nobody would hear the next outage) (2028.810875ms)
✔ outside production the same gap is only a WARN (462.783834ms)
✔ a webhook alone satisfies the rule (441.125125ms)
✔ an e-mail target with a complete relay (host, username, secret) satisfies the rule (358.239917ms)
✔ an e-mail target without the relay secret cannot be sent: FAIL in production, WARN elsewhere (695.243333ms)
✔ the example's CHANGE_ME_SENDER placeholder is not a relay: the e-mail target cannot be sent (291.010125ms)
✔ LC_ALERT_EMAIL must be one plain address ("not-an-address") (316.187667ms)
✔ LC_ALERT_EMAIL must be one plain address ("two@fake.invalid,three@fake.invalid") (304.262625ms)
✔ LC_ALERT_EMAIL must be one plain address ("a b@fake.invalid") (338.798584ms)
✔ LC_ALERT_EMAIL must be one plain address ("<owner@fake.invalid>") (325.368208ms)
✔ LC_ALERT_EMAIL must be one plain address ("owner@fake") (287.965917ms)
✔ storefront cart-line removal is reversible: clicked for real, not guarded (1.259ms)
✔ destructive / irreversible / sign-out classification (owner list, en + zh) (1.440125ms)
✔ alike controls (rows with ids / numbers) share one class key (0.53825ms)
✔ known defects classify, never silence: stale entries are reported (1.148792ms)
✔ the markdown ledger has one row per interaction and names the verdict (0.352167ms)
✔ protocolHrefOK accepts well-formed tel:/mailto: and rejects malformed ones (0.310916ms)
✔ J1 waits for enabled media and clicks a real chooser; the uploaded cover is bound to the main section (920.689791ms)
✔ J1 cannot credit a detail-image receipt as the main cover (3.254667ms)
✔ J1 refuses a failed cover upload rather than continuing to activate (11.8005ms)
✔ thresholds are the named constants of the brief (2.895333ms)
✔ R1: document wider than the viewport, and the outermost element past the edge (0.638042ms)
✔ R2: label tops, control tops and control heights of one visual row (1.130833ms)
✔ R2: what is one row and what is not (0.165208ms)
✔ R2: a button beside a field has to line up with its control (0.597666ms)
✔ R3: a row made tall by stacked controls, a control wider than its cell (1.845041ms)
✔ R3: a matrix whose EVERY row is doubled by a stacked stock cell (the median cannot see it) (0.382791ms)
✔ R4: small text, helper text apart, icons and duplicates excepted (1.242625ms)
✔ R5: tap targets on the 390 viewport only (1.653166ms)
✔ R6: interactive elements and text boxes that overlap (1.09575ms)
✔ R7: text clipped inside a control or label (either side), and select values that do not fit (0.595542ms)
✔ R8: the same visible label twice in one list (0.147875ms)
✔ evaluate() tags severity, selectRecords() keeps distinct groups first and counts every instance (0.84325ms)
✔ R9: text and controls flush to the screen edge at 390 (0.333333ms)
✔ R6/R9 judge the visible (ancestor-clipped) rectangle, not the raw one (integrator ruling 2026-10-05) (0.373125ms)
✔ R10: a fixed or sticky bar covering main content after scrolling (0.480042ms)
✔ R11: controls narrower than a usable width (0.415333ms)
ℹ tests 456
ℹ suites 0
ℹ pass 456
ℹ fail 0
ℹ cancelled 0
ℹ skipped 0
ℹ todo 0
ℹ duration_ms 12558.392667
✔ closed projections reject secret-shaped extras, invalid enums, IDs and contradictory capabilities (0.749875ms)
✔ detail accepts only bounded events and keeps actual server action flags (0.385875ms)
✔ BFF exact routes and request grammar forbid keys/body on reads, filters on detail and arbitrary writes (9.917416ms)
✔ copy parity, safe object navigation and UNKNOWN/protective reasons (0.213542ms)
✔ read-only store capability never exposes a command even if the state allows one (0.079667ms)
✔ duplicate escaped keys cannot bypass the exact command grammar (0.055ms)
✔ query backoff affects only its operation and expires without another action (0.056042ms)
✔ merchant reason text translates ledger events and conceals unknown or prototype codes (0.120792ms)
✔ ledger read navigation requires effective integration:read permission regardless of role (0.087ms)
ℹ tests 9
ℹ suites 0
ℹ pass 9
ℹ fail 0
ℹ cancelled 0
ℹ skipped 0
ℹ todo 0
ℹ duration_ms 92.087708
✔ OrderHistory renders server order instant in Taipei (36.0865ms)
✔ ClaimLink renders claim expiry in Taipei (2.988083ms)
✔ BankTransfer renders deadline and proof instant in Taipei (2.009ms)
✔ BankTransfer proof echo labels store time in en (1.226875ms)
✔ BankTransfer proof echo labels store time in zh-TW (1.383375ms)
✔ BankTransfer proof echo labels store time in zh-CN (1.732166ms)
✔ BankTransfer input describes the device zone in en (2.118958ms)
✔ BankTransfer input describes the device zone in zh-TW (1.849792ms)
✔ BankTransfer input describes the device zone in zh-CN (1.398834ms)
✔ BankTransfer input has a generic label when Intl has no zone in en (1.263875ms)
✔ BankTransfer input has a generic label when Intl has no zone in zh-TW (1.061458ms)
✔ BankTransfer input has a generic label when Intl has no zone in zh-CN (0.964542ms)
✔ ShopFooter uses Taipei year across UTC year boundary (2.121583ms)
✔ BankTransfer deadline labels store time in en (1.259959ms)
✔ BankTransfer deadline labels store time in zh-TW (1.282125ms)
✔ BankTransfer deadline labels store time in zh-CN (1.398708ms)
✔ OrderHistory states the Taipei time zone once in en (1.0565ms)
✔ OrderHistory states the Taipei time zone once in zh-TW (1.365416ms)
✔ OrderHistory states the Taipei time zone once in zh-CN (1.279875ms)
✔ Meta rejection wording is preserved as bounded Unicode text, never translated (1.606916ms)
✔ frozen error codes: model list equals the frozen list, each is read from both error shapes (0.694041ms)
✔ copy: every code, status, op state and connect error has text in all three locales (0.384917ms)
✔ copy never calls a budget a hard stop and never offers resume (0.597208ms)
✔ draft: every §5.1 status parses; unknown status/template/op state is an error, never guessed (1.382083ms)
✔ draft: optional fields, remote ids and the Ads Manager link (0.669834ms)
✔ action hints: pause whenever a remote id exists and not ENDED; a paused draft is only ever copied (X7) (0.670208ms)
✔ money: whole units to minor with integer math; TWD must be whole (13.802625ms)
✔ Taipei schedule: wall inputs and draft projections ignore the viewer zone (5.314084ms)
✔ Taipei schedule: invalid calendar days are rejected and all copy names UTC+8 (0.298ms)
✔ draft input: exact 11-key body and every local rule (3.199708ms)
✔ draft form round trip and X7 copy (blank schedule, no id, no revision) (0.230792ms)
✔ settings parser: environment enum, connections, identities, capi (0.362167ms)
✔ connect state parser: pick list kinds and id match (0.108333ms)
✔ report: three separate blocks, orders may be null, no combined figure (0.25ms)
✔ default report window is the Asia/Taipei store day whatever the viewer's zone is (Taipei midnight boundary) (3.925416ms)
✔ capi body and validation (0.115917ms)
✔ W6-06B unbind response: exact keys, account, UUIDs and outcome semantics (0.185209ms)
✔ W6-06B in-flight details preserve bounded items and total, reject unknown shapes (0.22ms)
✔ W6-06B catalog feed has exact public URL/domain pairs or published-store empty (0.206208ms)
✔ W6-06B copy preserves unbind boundaries and feed recovery in three locales (0.071459ms)
✔ W6-06B feed selection follows origin order, not full feed URL order (0.070959ms)
✔ customer list accepts the frozen row and rejects unknown keys, dup ids, bad cursor, oversize (3.264542ms)
✔ customer row invariants: nulls for bundle-only/erased, counts, money, consents (0.323125ms)
✔ customer detail: bounded lists, order summaries reuse the orders parser, id must match (2.969416ms)
✔ erasure summary is four counts only (0.198291ms)
✔ finance summary: net = captured - refunded (I05), totals carry an empty day, sandbox flag (0.365041ms)
✔ financeDay is the UTC+8 day (0.135083ms)
✔ finance defaults keep Taipei dates across midnight, leap day and year end (0.202584ms)
✔ tags and notes are parsed strictly (W6-01B) (0.776791ms)
✔ TSX seam refuses an unlisted import (3.06075ms)
✔ Ads merchant timestamp uses Taipei at the year boundary (11.000833ms)
✔ Design version published_at cell uses Taipei at the year boundary (2.572625ms)
✔ ManualOrder bank-transfer expiry uses Taipei at the year boundary (2.872333ms)
ℹ tests 53
ℹ suites 0
ℹ pass 53
ℹ fail 0
ℹ cancelled 0
ℹ skipped 0
ℹ todo 0
ℹ duration_ms 178.879417
✔ OrderHistory renders server order instant in Taipei (10.12325ms)
✔ ClaimLink renders claim expiry in Taipei (2.44425ms)
✔ BankTransfer renders deadline and proof instant in Taipei (2.629792ms)
✔ BankTransfer proof echo labels store time in en (2.59025ms)
✔ BankTransfer proof echo labels store time in zh-TW (4.284708ms)
✔ BankTransfer proof echo labels store time in zh-CN (2.760625ms)
✔ BankTransfer input describes the device zone in en (2.065625ms)
✔ BankTransfer input describes the device zone in zh-TW (2.143791ms)
✔ BankTransfer input describes the device zone in zh-CN (1.77025ms)
✔ BankTransfer input has a generic label when Intl has no zone in en (7.229208ms)
✔ BankTransfer input has a generic label when Intl has no zone in zh-TW (1.709042ms)
✔ BankTransfer input has a generic label when Intl has no zone in zh-CN (1.490833ms)
✔ ShopFooter uses Taipei year across UTC year boundary (1.772334ms)
✔ BankTransfer deadline labels store time in en (1.306792ms)
✔ BankTransfer deadline labels store time in zh-TW (1.187625ms)
✔ BankTransfer deadline labels store time in zh-CN (1.042208ms)
✔ OrderHistory states the Taipei time zone once in en (0.761375ms)
✔ OrderHistory states the Taipei time zone once in zh-TW (0.654084ms)
✔ OrderHistory states the Taipei time zone once in zh-CN (0.6295ms)
✔ Meta rejection wording is preserved as bounded Unicode text, never translated (1.03325ms)
✔ frozen error codes: model list equals the frozen list, each is read from both error shapes (0.34675ms)
✔ copy: every code, status, op state and connect error has text in all three locales (5.763375ms)
✔ copy never calls a budget a hard stop and never offers resume (0.372542ms)
✔ draft: every §5.1 status parses; unknown status/template/op state is an error, never guessed (0.665292ms)
✔ draft: optional fields, remote ids and the Ads Manager link (1.059833ms)
✔ action hints: pause whenever a remote id exists and not ENDED; a paused draft is only ever copied (X7) (0.215417ms)
✔ money: whole units to minor with integer math; TWD must be whole (11.699083ms)
✔ Taipei schedule: wall inputs and draft projections ignore the viewer zone (5.60125ms)
✔ Taipei schedule: invalid calendar days are rejected and all copy names UTC+8 (0.311541ms)
✔ draft input: exact 11-key body and every local rule (4.293708ms)
✔ draft form round trip and X7 copy (blank schedule, no id, no revision) (0.38825ms)
✔ settings parser: environment enum, connections, identities, capi (0.562375ms)
✔ connect state parser: pick list kinds and id match (0.128042ms)
✔ report: three separate blocks, orders may be null, no combined figure (0.352584ms)
✔ default report window is the Asia/Taipei store day whatever the viewer's zone is (Taipei midnight boundary) (2.2485ms)
✔ capi body and validation (0.128292ms)
✔ W6-06B unbind response: exact keys, account, UUIDs and outcome semantics (0.192ms)
✔ W6-06B in-flight details preserve bounded items and total, reject unknown shapes (0.230791ms)
✔ W6-06B catalog feed has exact public URL/domain pairs or published-store empty (0.17825ms)
✔ W6-06B copy preserves unbind boundaries and feed recovery in three locales (0.064583ms)
✔ W6-06B feed selection follows origin order, not full feed URL order (0.126709ms)
✔ customer list accepts the frozen row and rejects unknown keys, dup ids, bad cursor, oversize (2.211792ms)
✔ customer row invariants: nulls for bundle-only/erased, counts, money, consents (0.258958ms)
✔ customer detail: bounded lists, order summaries reuse the orders parser, id must match (1.967041ms)
✔ erasure summary is four counts only (0.079959ms)
✔ finance summary: net = captured - refunded (I05), totals carry an empty day, sandbox flag (0.301541ms)
✔ financeDay is the UTC+8 day (0.054ms)
✔ finance defaults keep Taipei dates across midnight, leap day and year end (0.077292ms)
✔ tags and notes are parsed strictly (W6-01B) (0.491791ms)
✔ TSX seam refuses an unlisted import (12.528666ms)
✔ Ads merchant timestamp uses Taipei at the year boundary (28.3555ms)
✔ Design version published_at cell uses Taipei at the year boundary (5.246333ms)
✔ ManualOrder bank-transfer expiry uses Taipei at the year boundary (7.338041ms)
ℹ tests 53
ℹ suites 0
ℹ pass 53
ℹ fail 0
ℹ cancelled 0
ℹ skipped 0
ℹ todo 0
ℹ duration_ms 184.615708
✔ legacy display sentinels preserve a list row without admitting arbitrary or private data (1.755667ms)
✔ orders-v2 accepts bounded filters and Taipei inclusive dates; rejects ambiguity (0.872875ms)
✔ orders-v2 rejects client count approximations, unbounded or extra response data (0.156ms)
✔ all three locales label every task queue, payment and delivery mode (0.347958ms)
ℹ tests 4
ℹ suites 0
ℹ pass 4
ℹ fail 0
ℹ cancelled 0
ℹ skipped 0
ℹ todo 0
ℹ duration_ms 76.558875
✔ numeric store IDs have no suggestion BFF or browser client (1.227958ms)
ℹ tests 1
ℹ suites 0
ℹ pass 1
ℹ fail 0
ℹ cancelled 0
ℹ skipped 0
ℹ todo 0
ℹ duration_ms 65.747417
✔ ADM10 operator sentence is localized while product and company facts stay authoritative (0.374417ms)
✔ PS review: actual Host matching normalizes case, port and a terminal DNS dot, never forwarded authority (0.222417ms)
✔ PS review: privacy/terms retain Messenger and Instagram purpose disclosure; deletion uses exact UI labels (0.143541ms)
✔ P2-N1 zh-TW/privacy: current comments and private reply, conditional inbound messages (0.093667ms)
✔ P2-N1 zh-TW/terms: current comments and private reply, conditional inbound messages (0.046833ms)
✔ P2-N1 zh-CN/privacy: current comments and private reply, conditional inbound messages (0.035541ms)
✔ P2-N1 zh-CN/terms: current comments and private reply, conditional inbound messages (0.052791ms)
✔ P2-N1 en/privacy: current comments and private reply, conditional inbound messages (0.044458ms)
✔ P2-N1 en/terms: current comments and private reply, conditional inbound messages (0.040334ms)
✔ PS1 legal identity is one untranslated source (0.084ms)
✔ PS1 contact and hosts come only from configuration; production fails closed (0.357292ms)
✔ PS2 public routes default to zh-TW, restrict page/locale, and never include admin (0.39575ms)
✔ PS4 optional Meta verification value never has a fake default (0.05275ms)
✔ PS1 every locale uses the same product name in auth page titles (0.040125ms)
✔ PS1 public page copy has three complete locales, no invented operator identity or contact (0.210292ms)
✔ PS1 production build validates config; public data is not bundled through NEXT_PUBLIC (1.250792ms)
✔ PS review: admin image installs the manifests for its workspace dependencies before building (0.39625ms)
ℹ tests 17
ℹ suites 0
ℹ pass 17
ℹ fail 0
ℹ cancelled 0
ℹ skipped 0
ℹ todo 0
ℹ duration_ms 78.660125
✔ R11 SQL's exact receipt states are accepted; missing/forged operation/state remains unknown (0.739375ms)
✔ R11 durable receipt journal validates phase against exact operation state (0.326042ms)
✔ R11 actual read control distinguishes replay/inflight/unknown/failure in en (3.752583ms)
✔ R11 actual read control distinguishes replay/inflight/unknown/failure in zh-TW (0.620125ms)
✔ R11 actual read control distinguishes replay/inflight/unknown/failure in zh-CN (0.486333ms)
✔ unknown journal retains exact key/boundary and is scoped to store+session; malformed state fails closed (0.13125ms)
✔ R12 read hook keeps network UNKNOWN on one key and explicitly refreshes acknowledged UNKNOWN (11.329583ms)
✔ actual POST transport uses CSRF and session fence; 403 independent of response text (12.756083ms)
✔ R10 ROAS has exactly two decimals in en (10.493583ms)
✔ R10 unknown ROAS is never fabricated as zero in en (0.074375ms)
✔ R10 ROAS has exactly two decimals in zh-TW (0.150084ms)
✔ R10 unknown ROAS is never fabricated as zero in zh-TW (0.033834ms)
✔ R10 ROAS has exactly two decimals in zh-CN (0.294292ms)
✔ R10 unknown ROAS is never fabricated as zero in zh-CN (0.04425ms)
✔ shared presentation preserves registry title and one empty buyer message in en (25.695625ms)
✔ R11 large linked-draft list is complete but collapsed in en (3.430291ms)
✔ shared presentation preserves registry title and one empty buyer message in zh-TW (6.55675ms)
✔ R11 large linked-draft list is complete but collapsed in zh-TW (4.669917ms)
✔ shared presentation preserves registry title and one empty buyer message in zh-CN (5.937209ms)
✔ R11 large linked-draft list is complete but collapsed in zh-CN (2.618375ms)
✔ R11 timeline distinguishes local unknown spend from explicit Meta zero in en (3.017958ms)
✔ R11 timeline distinguishes local unknown spend from explicit Meta zero in zh-TW (5.177834ms)
✔ R11 timeline distinguishes local unknown spend from explicit Meta zero in zh-CN (2.45725ms)
✔ R11 I12 nullable Meta evidence survives without becoming zero (0.282708ms)
✔ R11 actual panel rendering preserves unknowns and reconnect route in en (10.172958ms)
✔ R11 actual panel rendering preserves unknowns and reconnect route in zh-TW (12.829959ms)
✔ R11 actual panel rendering preserves unknowns and reconnect route in zh-CN (13.151333ms)
✔ D1, D6, R7: exact amounts and sources remain independent, account days stay labelled (0.251833ms)
✔ R12: null stays unknown and unread / unauthorised / insufficient remain different states (0.240417ms)
✔ R12 granted but unread audience offers a read, never reconnect in en (1.672667ms)
✔ R12 granted but unread audience offers a read, never reconnect in zh-TW (1.604167ms)
✔ R12 granted but unread audience offers a read, never reconnect in zh-CN (1.578375ms)
✔ I12 forged / missing frozen fields never silently become zeros (0.925208ms)
✔ only whitelisted aggregates survive: extra identifiers and HTML are never interpreted (0.05925ms)
✔ attribution is a read-only BFF resource with exact bounded query grammar (0.336458ms)
✔ audience-read is exactly the new local intention POST and never a data GET or queried write (0.231458ms)
✔ route fails closed without ads:read and is not a duplicate navigation entry; locale keys match (0.100041ms)
ℹ tests 37
ℹ suites 0
ℹ pass 37
ℹ fail 0
ℹ cancelled 0
ℹ skipped 0
ℹ todo 0
ℹ duration_ms 405.258958
✔ card-payments copy: identical key sets in all three locales (0.755708ms)
✔ merchant terms are quoted verbatim (contract §5) in the enable dialog (0.088667ms)
✔ ruling-fixed strings: platform not OPEN and BLOCKED note (0.040291ms)
✔ error map covers every frozen refusal code from migrations/0137 (0.058917ms)
✔ no Stripe account id, key or approval id shape appears in any copy string (0.226041ms)
✔ storefront collector disclosure matches contract §5 templates in three languages (0.057625ms)
✔ the merchant terms in the dialog are the contract §5 sentence, extracted from the contract (0.086542ms)
✔ the storefront templates are the contract §5 lines, extracted from the contract (0.110083ms)
✔ settlement copy: deduction columns are labelled as deductions in every language, with a legend and the net formula (0.286333ms)
✔ there is no separate 'not on the allowlist' message: it reads as not open (review P1-2) (0.082042ms)
✔ card summary accepts the frozen shape incl. all-null platform NONE (0.786583ms)
✔ card summary rejects unknown keys, bad enums, bad money, bad version (0.256291ms)
✔ card result is exactly {state, version, max_minor, currency, descriptor_preview} (0.086792ms)
✔ descriptor suffix rule: charset, 2..10 chars, must contain a letter (0.116375ms)
✔ the suffix length rule is the charset rule's 10; the 22-character descriptor total stays the server's (SANDBOX L=10, LIVE PrefixLength) (0.051875ms)
✔ descriptor preview mirrors the contract projection (base + '* ' + suffix) (0.048875ms)
✔ settlement list accepts statements without payout/lines keys (omitempty) (0.374375ms)
✔ settlement detail carries lines whose count and sums match the totals (0.313625ms)
✔ settlement parsers reject malformed reads (0.561041ms)
✔ fees, refunds and disputes are signed exactly as the ledger stores them (0.133791ms)
✔ a returned fee is a positive line fee; the detail's lines must add up to the statement totals (0.524833ms)
✔ closed_at/paid_at accept the offsets PostgreSQL emits as well as Z (0.110458ms)
✔ a payout reference shaped like a Stripe key or account id is never displayed (0.112833ms)
✔ platform not OPEN: 'not open yet' and no enable control, for every non-OPEN state; the platform badge still tells why (0.365208ms)
✔ allowlisted + OPEN: enable from NONE/DISABLED, disable from ENABLED (0.070375ms)
✔ not allowlisted on an OPEN platform reads exactly like not open: the same message, no 'platform open' badge, no enable (review P1-2) (0.082834ms)
✔ BLOCKED: the suspended note, disable only, never enable (whatever the platform says) (0.067167ms)
✔ without billing:manage nothing can be changed, but the state is still readable (0.054667ms)
✔ enable carries the platform's current terms, the suffix and the version read; NONE starts at 0 (0.05875ms)
✔ disable never sends a suffix and quotes the terms the store accepted (the platform's may have moved on) (0.044416ms)
✔ a retained suffix is recovered from the final preview so a re-enable can keep it (0.038833ms)
✔ the period label shows the last day inside the (exclusive-end) week (3.037208ms)
✔ payout state: paid, pending only when money is due, none when the week nets to zero or less (0.081959ms)
✔ card-payments and settlements are nav:false routes, so no group loses or gains a nav button (0.235291ms)
✔ settlements need billing:manage, the card page integration:read; the owner opens both (0.114292ms)
✔ statement cells: a dispute reversal and a returned fee read as credits (+) and every deduction as -, and the columns add up to the server's net (12.20175ms)
✔ the detail parser requires the lines of a statement that has lines; a quiet week (line_count 0) may omit them (0.143875ms)
✔ route table: exactly the four resources, nothing generic (0.459833ms)
✔ query grammar: card and settlement-detail are exact; settlements takes before/limit only (0.213125ms)
✔ request fence: keyless PUT (CAS), bodyless GETs, no transfer-encoding (16.725292ms)
✔ PUT body is the exact frozen shape {enabled, terms_version, descriptor_suffix, expected_version} (0.447459ms)
✔ the BFF route wires the card grammar: keyless CAS PUT, exact body, no-store, auth required (3.300125ms)
✔ the real card summary parses and drives the display state machine (2.189834ms)
✔ the real statement list parses: newest first, no lines, three payout states (1.14825ms)
✔ every real detail parses with its lines and the lines add up to the statement (1.445625ms)
✔ an empty ledger parses to no statements (0.313625ms)
✔ no account id, key or approval shape is in any real body (0.515125ms)
✔ the real statements display literally as signed contributions that add up to the server's net (13.823291ms)
ℹ tests 48
ℹ suites 0
ℹ pass 48
ℹ fail 0
ℹ cancelled 0
ℹ skipped 0
ℹ todo 0
ℹ duration_ms 139.267708
✔ option/slug/SKU caps equal internal/catalog (options.go, catalog.go) (12.1695ms)
✔ text caps equal the Go validators (name 120, description 8000, SEO 70/160, collection title 80) (7.544583ms)
✔ photo caps equal Go (MaxMainImages, MaxDetailImages, MaxImageBytes) and the SKU code pattern (1.540625ms)
✔ PE13 Cartesian matrix is local, preserves edits and deduplicates values (0.644209ms)
✔ PE13 bulk quantity skips negative rows without modifying them (0.101083ms)
✔ PE12 untracked document uses whole currency and per-order cap, never quantity (8.393042ms)
✔ PE14 missing readback is not guessed or silently cleared by full replacement (0.067917ms)
✔ bulk status accepts explicit per-item results, never empty or duplicated confirmations (0.202625ms)
✔ matrix refuses over 100 SKUs before expansion (0.079834ms)
✔ PR #1 4212540344: per-row matrix labels reappear where the matrix header is not visible (≤900px), desktop untouched (3.813667ms)
✔ PR #1 4212540352: pre-publish missing-items list collapses behind a real toggle at ≤900px instead of being removed (1.446583ms)
✔ parity: admin caps equal the Go constants (1.581292ms)
✔ image list: 4 main + 20 detail + 2 sku in role order is accepted (0.3355ms)
✔ image list: 5 main, 21 detail, wrong role order, gaps and extra keys are refused (0.925291ms)
✔ single image: role is required and its position is bounded by the role cap (0.077417ms)
✔ option text limits count Go runes rather than UTF-16 units (0.656458ms)
✔ PE14 new edit SKU carries its own shipping and clears no existing fields (13.587667ms)
✔ PE14 patch changes only price and preserves unmentioned fields (0.29325ms)
✔ PE14 on_hand is not available, zero target is transmitted, ambiguous warehouse refuses (0.297291ms)
✔ PE14 explicit clears and shipping remain per SKU on an active row (0.128167ms)
✔ PE14 archive supersedes every other edit on that SKU (b77eeb11) (0.146541ms)
✔ PE14 no-op has no command fields and changed axes explicitly archive omitted variants (0.108792ms)
✔ PE14 replacement SKU edit excludes create-only code from the strict patch grammar (0.218875ms)
ℹ tests 23
ℹ suites 0
ℹ pass 23
ℹ fail 0
ℹ cancelled 0
ℹ skipped 0
ℹ todo 0
ℹ duration_ms 125.350459
(node:41412) ExperimentalWarning: Transform Types is an experimental feature and might change at any time
(Use `node --trace-warnings ...` to show where the warning was created)
✔ UNKNOWN retry client authorization loss requires reconciliation, not a fresh command (2.9975ms)
✔ UNKNOWN retry 401 authorization loss requires reconciliation, not a fresh command (9.001792ms)
✔ UNKNOWN retry 403 authorization loss requires reconciliation, not a fresh command (0.620334ms)
✔ a conclusive command rejection stays distinct from authorization loss (0.800334ms)
ℹ tests 4
ℹ suites 0
ℹ pass 4
ℹ fail 0
ℹ cancelled 0
ℹ skipped 0
ℹ todo 0
ℹ duration_ms 114.421875
(node:41416) ExperimentalWarning: Transform Types is an experimental feature and might change at any time
(Use `node --trace-warnings ...` to show where the warning was created)
✔ offer controls read authoritative limits without parsing unrelated KEYWORD_QTY_CONTAINS window/stats (12.436083ms)
✔ offer controls accept 101 through the backend cap of 200 distinct offers, reject 201 (1.804833ms)
✔ offer toggle preserves exactly the authoritative maximum in the real M4 payload (2.47625ms)
✔ console BFF admits exactly A1/A7/A6 and A5 read/copy methods (0.399833ms)
✔ Next proxy admits the exact console family and results query before the BFF (146.959833ms)
✔ results query is canonical repeated session_id 1..50, everything else queryless (0.102416ms)
✔ real BFF route forwards only exact resources, authenticates scope and returns private scrubbed errors (47.35025ms)
✔ new commands reject unknown keys and preserve frozen copy/lifecycle/recommend body (0.1445ms)
✔ browser commands reuse Studio fences, exact no-comment recommend body and backend refusal codes (1.303709ms)
✔ results client preserves canonical ids/order and rejects invalid list before fetch (0.285875ms)
✔ stock client reuses catalog transport/key/parser and fences a changed login without retries (1.083917ms)
✔ journal replay sends the exact original method/path/body/key for all five commands (2.152292ms)
(node:41417) ExperimentalWarning: Transform Types is an experimental feature and might change at any time
(Use `node --trace-warnings ...` to show where the warning was created)
✔ A1 strict MOCK snapshot preserves unavailable counts, capability unknown and server stock (2.094917ms)
✔ A7 returns a separate lifecycle version and closed full KEYWORD_QTY_CONTAINS window (0.11825ms)
✔ A5 results retain separate environments/currencies and bind exact requested ids/order (0.155292ms)
✔ A5 copy parses real Go envelope, copied offer prices and KEYWORD_QTY_CONTAINS window (0.335541ms)
✔ A6 accepts optional operation UUID, never guessed send success (0.087833ms)
(node:41418) ExperimentalWarning: Transform Types is an experimental feature and might change at any time
(Use `node --trace-warnings ...` to show where the warning was created)
✔ Live settings navigation accepts a scene picker entry but never a malformed or unscoped deep link (5.993209ms)
✔ LC-B7 stock permission admits live_adjust without inventory:write, not unrelated grants (0.28025ms)
✔ Instagram comment total stays unavailable; Facebook observed count is not a platform total (0.246125ms)
✔ LC-U1 one primary action follows lifecycle, never planning or transport state (0.269458ms)
✔ LC-U1 stock target uses sellable delta and rejects fractions, negative and over-limit changes (0.451583ms)
✔ LC-U1 links only explicit FB post identities, never arbitrary URLs or guessed videos (0.341292ms)
✔ LC-U1 Facebook preview keeps the original no-frame CSP and uses a safe external link (1.0215ms)
✔ LC-U1 delayed copy completion cannot navigate after store switch or unmount (0.152791ms)
✔ LC-U1 receipt fence survives cookie rotation; pending replay still has a separate session boundary (0.492208ms)
ℹ tests 26
ℹ suites 0
ℹ pass 26
ℹ fail 0
ℹ cancelled 0
ℹ skipped 0
ℹ todo 0
ℹ duration_ms 372.936708
✔ secondary failures preserve A1; only A1 is periodic; IG notice follows the platform/embeddability observation (217.74075ms)
✔ the existing console refresh also explicitly refreshes its parent list; no automatic list read (15.885583ms)
✔ parent forwards only an explicit refresh callback and retains the scene when list is unavailable (10.536708ms)
✔ every explicit browser response/event/navigation waiter has a finite sub-test budget (6.007958ms)
✔ A1 failures back off 3/6/12/24/30 seconds and success resets to five seconds (83.124917ms)
✔ Retry-After is a minimum; hidden tabs cancel polling; forbidden locks and conceals (38.8145ms)
✔ secondary reads are mount/refresh only, independent from A1 and non-fatal (22.371458ms)
✔ UNKNOWN journal restores the exact key/method/path/body and explicit retry after reload (23.855083ms)
✔ first definite 403 clears journal but locks commands; late success after navigation clears only its own key (31.769208ms)
✔ private reads preserve Retry-After seconds and dates, without changing existing error codes (23.450416ms)
✔ a restored in-flight or UNKNOWN request retains its journal after a replay 403 (59.960125ms)
✔ restored copy success dispatches completion only in the still-current scene (34.990042ms)
✔ SessionCopy resyncs closed same-ID titles, preserves open edits and cancels to latest draft (25.607209ms)
✔ SessionCopy submit uses latest version; UNKNOWN request survives later draft/input changes (22.925542ms)
ℹ tests 14
ℹ suites 0
ℹ pass 14
ℹ fail 0
ℹ cancelled 0
ℹ skipped 0
ℹ todo 0
ℹ duration_ms 586.086584
✔ claims window modes match Go constants and every SQL match_mode CHECK (8.247125ms)
✔ host prompt stays verbatim at the frozen trunk contract; Japanese is absent (0.989375ms)
✔ bundle parser accepts manual (labelled) and Meta (unlabelled) bundles (1.687916ms)
✔ bundle parser rejects unknown platforms and label/platform mismatches (0.21175ms)
✔ offer parser carries the live price and rejects every out-of-range or missing field (0.278917ms)
✔ library and import parsers are closed; removal receipt is the only version-0 shape (0.195125ms)
✔ price input: exact decimal minor units, never float, bounded to the currency's places (11.137833ms)
✔ live-tools copy exists in all three locales with the same conflict reasons (0.774166ms)
✔ claims BFF allowlist is exactly M1–M7 per method (2.5385ms)
✔ M7 link response shape is closed (0.201875ms)
✔ host prompt copy is the frozen text, verbatim (0.088208ms)
ℹ tests 11
ℹ suites 0
ℹ pass 11
ℹ fail 0
ℹ cancelled 0
ℹ skipped 0
ℹ todo 0
ℹ duration_ms 108.048291
NOT_RUN: tests/media/r04-input-runner.test.mjs (COMMERCE_R04_LIVEKIT_BINARY unset)
✔ main/detail/sku caps use the existing frozen image contract (0.637ms)
✔ phone and tall dimensions fit2000 without enlarging small assets (0.149666ms)
✔ upload query requires one exact role and sku value; reads/actions carry no query (0.396083ms)
✔ role transport encodes current option values and refuses invalid identities (0.168625ms)
✔ effective image axis follows current options, then falls back to first (0.069708ms)
✔ detail and option photos cannot satisfy the main-photo recommendation (0.06025ms)
✔ PM-U copy has matching keys in ja and all currently routed locales (0.126542ms)
✔ real-upload mode builds both Next applications on a clean CI checkout (12.060958ms)
✔ upload recovery journal survives a new session while remaining product/store scoped (0.115833ms)
✔ an option upload receipt requires its captured axis, value and image id on canonical readback (0.108375ms)
✔ failed durable recovery storage cannot authorize a media write (0.078416ms)
✔ an active product needs a main image after canonical media is known; repair paths stay possible (0.055583ms)
✔ empty media sections render a readable localized placeholder until photos are present (4.972833ms)
✔ real-upload mode never exits through the storefront MOCK shortcut (33.815375ms)
✔ a valid active zero-main product keeps an inline repair hint rather than a page error (3.468583ms)
✔ a new product issues the image-axis stage only for a chosen axis (1.068666ms)
ℹ tests 16
ℹ suites 0
ℹ pass 16
ℹ fail 0
ℹ cancelled 0
ℹ skipped 0
ℹ todo 0
ℹ duration_ms 278.261417
(node:41472) ExperimentalWarning: Transform Types is an experimental feature and might change at any time
(Use `node --trace-warnings ...` to show where the warning was created)
✔ a fitting PNG keeps the exact original File, bytes and alpha-capable format (0.950042ms)
✔ a JPEG exactly at both limits remains original, not a lossy re-encode (0.420125ms)
✔ an oversized phone JPEG is encoded below the cap after oriented scaling (0.742875ms)
✔ a large transparent PNG stays alpha-capable and is never painted with an opaque matte (0.482625ms)
ℹ tests 4
ℹ suites 0
ℹ pass 4
ℹ fail 0
ℹ cancelled 0
ℹ skipped 0
ℹ todo 0
ℹ duration_ms 95.036541
✔ HTTPS picklist fixture carries Secure session cookies automatically while preserving CSRF refusals (88.814458ms)
✔ batch controls stay compact until an order selection or live-session scope exists (0.214875ms)
✔ selection has XOR bodies, canonical unique IDs and separate 500/100 limits (0.366959ms)
✔ cross-page selection retains existing rows, deduplicates and refuses overflow atomically (0.72475ms)
✔ pick projection rejects PII/extra keys, invalid quantities and unmatched order identities (0.524083ms)
✔ batch replies bind one-for-one to confirmed orders and preserve uncertainty code (0.117375ms)
✔ pick/export POSTs reject keys and all query variants except one exact template (1.814625ms)
✔ CSV filename binds to selected template and store; no path/header injection (0.204666ms)
✔ MOCK browser fixture list matches the incumbent closed order parser (11.584958ms)
✔ recovery never clears an unknown or missing current attempt (0.177667ms)
✔ recovery and order-detail MOCK fixtures satisfy real read parsers (9.156375ms)
✔ order selection can read its session fence during SSR without browser globals (0.868208ms)
✔ MOU keeps native headed checks runnable on a Linux CI worker without DISPLAY (17.356833ms)
✔ pick fixture serves the scoped parcel reads required by the orders page (6.038666ms)
ℹ tests 14
ℹ suites 0
ℹ pass 14
ℹ fail 0
ℹ cancelled 0
ℹ skipped 0
ℹ todo 0
ℹ duration_ms 375.50325
✔ bodyless dissolve DELETE (empty body stream, no content-length) reaches Go with the CAS query, no body, no key (14.828708ms)
✔ every parcel DELETE must carry exactly one expected_version >= 1 (never forwarded without it) (3.350709ms)
✔ a DELETE that declares a body or chunked framing is refused (0.324958ms)
✔ DELETE needs the session, origin and CSRF like every command; other DELETEs stay unsupported (0.777375ms)
✔ GET parcel-groups (open groups read) and merge-suggestions pass with no query; a query or key is refused (6.87425ms)
✔ actual MOU parcel runner selects and collects the real parcel browser case (353.806541ms)
✔ merge suggestions accept the frozen shape (server-masked recipient) and reject drift (1.417917ms)
✔ created group requires the OPEN state and its members (0.589875ms)
✔ dissolved group is exactly id/state/version (0.516083ms)
✔ group shipment carries one SHIPPED version per member (2.348542ms)
✔ open groups (GET parcel-groups) accept the frozen shape and fail closed on drift (2.322167ms)
✔ reconcile: a reload rebuilds OPEN panels, a vanished OPEN group is dropped, history and live versions are kept (0.349917ms)
✔ three locales cover the same keys and every refusal code (0.400125ms)
✔ the owner-ruling sentence is exact in all three locales (0.059666ms)
✔ the in_parcel_group copy is the same sentence in parcels-copy (blocked + errors) and orders-copy, in every locale (0.073375ms)
✔ groupOfOrder prefers the OPEN group over retained SHIPPED/DISSOLVED history (0.141709ms)
✔ parcelOrderNumber is the canonical LC-<32 uppercase hex> order number and matches the open-group parser (0.120583ms)
✔ parcel refresh generation: bumped by every successful poll, whatever the cursor (0.044541ms)
✔ parcel refresh generation: an in_parcel_group refusal bumps it, other refusals do not (0.05ms)
✔ exactly the five W3-07B resources route (0.613208ms)
✔ dissolve carries exactly ?expected_version=N (N >= 1) (0.319833ms)
✔ readMergeSuggestions 401 immediately purges parent scope and refuses late sibling 200 (22.398708ms)
✔ readMergeSuggestions 403 immediately purges parent scope and refuses late sibling 200 (5.794042ms)
✔ readMergeSuggestions 404 immediately purges parent scope and refuses late sibling 200 (5.04075ms)
✔ readOpenParcelGroups 401 immediately purges parent scope and refuses late sibling 200 (3.960667ms)
✔ readOpenParcelGroups 403 immediately purges parent scope and refuses late sibling 200 (3.763042ms)
✔ readOpenParcelGroups 404 immediately purges parent scope and refuses late sibling 200 (8.278584ms)
✔ readMergeSuggestions 503 preserves parent and local retry recovers actual DTOs (5.281625ms)
✔ readOpenParcelGroups 503 preserves parent and local retry recovers actual DTOs (4.917708ms)
✔ captured parent groups callback refuses hidden scope (2.225584ms)
ℹ tests 30
ℹ suites 0
ℹ pass 30
ℹ fail 0
ℹ cancelled 0
ℹ skipped 0
ℹ todo 0
ℹ duration_ms 431.602708
✔ exactly the nine W6-01B resources are admitted, each only under its own method (0.815959ms)
✔ the customer list is claimed only when a tag filter is present (customers-request.ts stays the owner otherwise) (0.115541ms)
✔ near misses are refused (no generic proxying) (0.081583ms)
✔ reads: no body, no key, no transfer-encoding; tag-list takes no query at all (40.158292ms)
✔ customer-list query: closed keys, tag must be a canonical uuid, list bounds identical to customers-request (0.619625ms)
✔ note-list query: only limit and after, with the customers-list bounds (0.124333ms)
✔ writes: exactly one well-formed Idempotency-Key; the two DELETEs carry no body but still need the key (1.176375ms)
✔ validTagName mirrors Go (NFC first, 1..20, trimmed, no control/Cf) (0.642ms)
✔ validNoteBody mirrors Go (1..1000, not blank, only \n \r \t controls) (0.252916ms)
✔ tag-create body: closed keys, valid name and one of the eight colors (0.208709ms)
✔ tag-patch body: at least one of name/color, nothing else (0.093708ms)
✔ owner-tags body: tag_ids (<=100 canonical uuids) + 64-hex revision, exact keys (0.13375ms)
✔ note bodies: create {body}; patch {body, version>=1}; deletes and reads carry no body at all (0.138ms)
✔ parseTagCatalog decodes {items: TagRecord[]} with the store-catalogue bounds (0.682333ms)
✔ parseTagSet / parseDeletedTag / parseDeletedNote decode the frozen write receipts (0.223542ms)
✔ parseNoteRecord / parseNotePage decode notes with the Go note rules (1.209833ms)
✔ customer-tags copy: three locales, identical key sets, the integrator's ruled note-privacy text verbatim (0.530125ms)
✔ components wire the ruled copy and the tag/note controls the specs click (1.373709ms)
✔ tag read names must already be trimmed NFC and Unicode code-point bounded (0.153167ms)
✔ session change before network sends nothing (9.179958ms)
✔ session changes after network or during body parse drop the response (26.581708ms)
✔ transient session digest failure is settled only before dispatch (3.023583ms)
✔ lost response followed by a changed session is UNKNOWN after dispatch (1.130958ms)
✔ lost response does not auto-retry; explicit replay keeps method/key/payload/scope (3.053542ms)
✔ 5xx or malformed success is uncertain, coded refusal is settled (4.304542ms)
✔ passive tag/detail refresh preserves an unsaved new-note draft (40.193292ms)
✔ passive refresh updates visible notes but preserves edit draft and original CAS version (1.062375ms)
✔ explicit refresh signal clears old edit draft while passive array changes do not (1.986625ms)
✔ an unauthorized note read clears private note bodies and the draft (7.929292ms)
✔ a transient note read failure keeps the notes already shown (0.897541ms)
✔ an unauthorized note read signals the global logout once; a transient failure does not (5.299125ms)
✔ non-privacy writer: own notes keep Edit and Delete on a fresh mount, others' notes do not (2.152083ms)
✔ notes forbidden/not_found signals scope loss exactly once per mount, never on transient failure (14.086083ms)
✔ bad path/store/method/query/header is refused without authority or backend calls (16.675333ms)
✔ the actual proxy admits a tagged customer list with scoped search/cursor and rejects malformed tag authority (6.95525ms)
✔ signed-out/cross-store/Origin-CSRF denials short circuit before body or forwarding (1.291291ms)
✔ closed bodies and DELETE payloads cannot reach Go (2.930084ms)
✔ all write methods preserve exact key/body/store and private success status (20.631541ms)
✔ note pagination preserved and hostile backend errors/bodies sanitized (12.460958ms)
✔ a catalogue forbidden or not_found asks the parent to re-run its guarded reads, with no logout (163.432292ms)
✔ transient catalogue failures stay local; unauthorized logs out but is not a scope loss (58.600834ms)
✔ after a tag write the manager stays mounted: the catalogue refreshes in place, never reloads (48.469583ms)
✔ a manager-reported scope loss reloads the customer list and catalogue guarded reads (13.094208ms)
✔ CustomerDetail forwards a scope-lost signal to the guarded read once per page (26.478042ms)
✔ badges are escaped server tag facts with human-readable names (4.111125ms)
✔ actual customer notes render privacy notice, safe content, author fallback and read-only permissions (47.605958ms)
✔ unknown permissions and erased customer never offer note mutations (3.305333ms)
✔ write-only notes permit add but not edit/delete of notes the server does not mark own; privacy permission permits both (2.246125ms)
✔ manager trigger and all three localized buyer-export notices render through actual components (1.931125ms)
✔ UNKNOWN survives settled unauthorized retry until trusted success; fresh run ignored (9.59175ms)
✔ UNKNOWN survives settled forbidden retry until trusted success; fresh run ignored (0.5425ms)
✔ UNKNOWN survives settled version_changed retry until trusted success; fresh run ignored (0.835833ms)
✔ first-attempt preflight refusal is settled and permits a fresh action (1.609083ms)
✔ UNKNOWN and in-flight retries prevent duplicate dispatch; unmount discards stale outcome (0.470875ms)
✔ an unauthorized write signals the global logout; forbidden does not (0.551ms)
✔ UNKNOWN command survives unmount/remount: still locked, same-key retry, cleared by trusted success (0.398ms)
✔ a command unmounted while in flight is treated as UNKNOWN on remount (0.294083ms)
✔ a session boundary change drops the remembered UNKNOWN command (0.319209ms)
✔ a guarded read that ends signed-out signals the global logout once (2.66375ms)
✔ forbidden/unavailable failures and a successful read signal no logout (14.028167ms)
✔ refresh ending signed-out clears the view, blocks and signals the global logout once (6.0565ms)
✔ refresh ending forbidden or not-found clears the data without a logout (13.286875ms)
✔ a transient refresh failure keeps the ready view and signals nothing (6.847083ms)
✔ exactly the eight report GETs are admitted; every other method or path is refused (1.057459ms)
✔ report reads: query required, no body, no key, no transfer-encoding (28.0435ms)
✔ from/to: exactly once each, calendar-valid days, 0..91 apart (0.364167ms)
✔ session_id: only on the funnel (json and csv), a canonical uuid, once (0.255667ms)
✔ parseProductReport: echoed range/zone, <=1000 rows sorted by net desc, net = captured - refunded (2.927959ms)
✔ parseChannelReport: closed vocabulary order, money per environment strictly ascending, I05 inside every bucket (0.385125ms)
✔ parseFunnelReport: nested counts, session echo, ordered_without_link bound (0.2165ms)
✔ parseManualReport: nullable principal/session ids, bucketed money like channels (0.189583ms)
✔ reports copy: three locales, identical key sets, the integrator's ruled money annotation verbatim (0.200208ms)
✔ Reports.tsx: four tabs, CSV per tab, ruled annotation, CSS/SVG charts only (no new dependencies) (1.386625ms)
✔ report CSV closed headers use actual Go slug, echoed dates and private no-store (0.395292ms)
✔ report response projection rejects unknown keys, mismatched range and non-private responses (5.126916ms)
✔ manual buckets follow Go's uncapped row count rather than a made-up 500-row limit (1.631292ms)
✔ display sorts only inside currency/environment groups, never sums money or mutates server rows (19.989ms)
✔ page report query accepts exactly the four report names and defaults to products (0.121917ms)
✔ actual product table renders offline separately, both modes, no UUID copy and sortable headers (26.774667ms)
✔ actual channel chart exposes exact numbers and both money modes using SVG (1.0145ms)
✔ actual funnel has four stages, nested widths and truthful zero-denominator text (2.075125ms)
✔ manual table resolves authorized labels, has honest fallback, and never presents UUIDs (1.556875ms)
✔ all report views render localized empty states (1.972333ms)
✔ actual BFF refuses malformed query, unknown store/session, disabled auth and missing CSV fences before Go (58.57825ms)
✔ actual BFF closed JSON projection and CSV scope/query preserve trusted token; no forwarded client authority (16.669042ms)
✔ actual BFF permission and malformed CSV response fences do not masquerade as a download (14.851167ms)
✔ audited browser GET accepts same-origin Fetch Metadata plus CSRF, never cross-site or forwarded Host (17.866375ms)
✔ actual CSV client preflight sends nothing after session change, and a lost audit response is uncertain with no retry (17.399542ms)
✔ actual CSV client refuses stale-session bytes and downloads only a closed private response (10.52575ms)
✔ report leaf gives the actual trusted fetch 65 seconds, rejects redirects and forwards only server bearer (3.727375ms)
✔ incoming request cancellation aborts the real report fetch once, returns safe unavailable and never retries (3.425208ms)
✔ CSV final synchronous fence conceals bytes when cancellation, hide or cookie rotation happens inside final await (19.747167ms)
✔ CSV end-to-end deadline covers store lookup and report budget; aborted preflight sends no audited request (10.927542ms)
✔ an uncertain export stays locked for its scope after another scope's export (7.207208ms)
✔ an uncertain export scope persists per store in tab storage and re-locks a fresh render (29.25225ms)
✔ unavailable tab storage fails closed to the in-memory lock without throwing (3.376958ms)
✔ export lock is stored before dispatch; refused/delivered outcomes release it, uncertain and cut-short keep it (37.346417ms)
✔ releasing one scope keeps the other uncertain scopes of the store (8.93525ms)
✔ export is refused and nothing is dispatched when the lock cannot be saved (denied, full or no storage) (10.637416ms)
✔ copy for an unsaved export lock exists in every locale (0.1175ms)
✔ product sort query parses strictly and defaults to net_minor descending (0.206167ms)
✔ legacy-store permission probe: forbidden/not-found/signed-out fail the read closed, transient falls back (11.060459ms)
✔ channel and funnel data retain their applied dates while draft dates wait for Show (92.902333ms)
✔ an uncertain export lock is bound to the session boundary, so a different user does not inherit it (22.457791ms)
✔ Finance landing links to reports under the same canSeeReports rule (11.68ms)
✔ selected tag survives searches and cursor pagination while an empty filter is omitted (49.089167ms)
✔ customer list dispatch preserves legacy requests and sends every tag query to the closed W6 authority (322.808208ms)
✔ customers reports link is hidden only when permissions are present and lack orders:read (0.132917ms)
✔ reports are a finance subpage and preserve the existing single finance navigation entry (0.11775ms)
✔ an authoritative erased customer immediately unmounts the cached private tags/notes subtree (22.6465ms)
✔ the actual customer row shows manual tags and imported status without changing consent (4.542041ms)
✔ P1 actual tag DELETE accepts an empty Next-style stream without JSON MIME (467.314084ms)
✔ P1 actual note DELETE accepts an empty Next-style stream without JSON MIME (1.429958ms)
✔ P1 body-carrying tag writes still require JSON MIME through the real BFF (0.391541ms)
✔ P2 customer bare/encoded tag keys are invalid422 through the actual leaf before any backend (2.806334ms)
✔ P2 report products real session/CSRF response is private and Vary Cookie (1.095792ms)
✔ P2 report products.csv real session/CSRF response is private and Vary Cookie (0.339333ms)
✔ P2 report malformed query and wrong CSRF are rejected by actual helpers before upstream (0.216792ms)
ℹ tests 118
ℹ suites 0
ℹ pass 118
ℹ fail 0
ℹ cancelled 0
ℹ skipped 0
ℹ todo 0
ℹ duration_ms 1122.525458
✔ real coded errors retain baseline classification and normalize import leaf cache to private,no-store (55.092208ms)
✔ preflight missing CSRF is definite and sends nothing; actual route CSRF and session refusals stay definite (9.935958ms)
✔ actual route uses real cookies/store membership and method/error envelopes, no helper substitutions (3.379834ms)
✔ actual client/route preserves original Blob bytes, trusted transport and privacy projection on200/409 (4.3555ms)
✔ success or stale preview must remain private; malformed/unknown/mismatched coded errors are uncertain after commit (9.089584ms)
✔ lost/unreadable/session-changed dispatched commit remains UNKNOWN; no automatic retry (1.668417ms)
✔ actual failed-only result route strips IDs and real final session/cancel fence exposes no download (2.7105ms)
✔ actual route refuses unknown resource/query and duplicate session cookies before any upstream call (0.361209ms)
✔ actual route incoming cancellation aborts one dispatched transport and preserves client UNKNOWN (1.519958ms)
✔ real coded error cache may not be public, and closed payload may not acquire data-bearing fields (4.466708ms)
✔ copy still exposes specific merchant field reasons across three locales (5.573833ms)
✔ all real local and upstream import refusals including HEAD/unsupported are exact private,no-store (1.089417ms)
✔ fresh mismatched receipt stays UNKNOWN, exact manual replay mismatch becomes terminal without a third send (1.786166ms)
✔ terminal is impossible for malformed replay receipts or matching replayed counts (1.117ms)
✔ Big5 bytes pass unchanged to upstream and real422 import envelope surfaces encoding_not_utf8 (0.483792ms)
✔ oversize file uses the actual header guard and specific size guidance in all locales without dispatch (10.572917ms)
✔ commit uses the original requested mapping, including an empty optional field, not resolved preview metadata (3.541708ms)
✔ an UNKNOWN commit remains locked through a later forbidden retry and only explicit same-file success unlocks (3.771125ms)
✔ leaving during a dispatched commit drops its payload and keeps an unconfirmed boolean without replay (3.456875ms)
✔ a definite first preflight refusal clears pending before sign-out and does not invent an unconfirmed import (2.265834ms)
✔ a replayed mismatched receipt ends UNKNOWN without offering another retry or unlocking historical orders (3.617916ms)
✔ real cookie and CSRF helpers generate and validate the actual host-cookie pair (1.112916ms)
✔ exact route rejects methods/keys/body/query/scope before any upstream request using real localError (4.768916ms)
✔ missing/duplicate session cookies reject and real clearAuthCookies expires session and CSRF (0.449833ms)
✔ actual authenticatedStores denies a store absent from the server projection (0.650583ms)
✔ private success routes server cookie token and exact canonical after, never caller bearer/cookie to Go (4.544209ms)
✔ actual safeError/localError preserve coded status with no-store and redact upstream diagnostics (2.282792ms)
✔ actual readBody and strict projection refuse MIME/oversize/extra private fields/city; network loss stays private (1.868791ms)
✔ actual client issues GET50/after through real route/private successful projection (7.716792ms)
✔ actual helper-issued browser fence rejects changed parent before dispatch (1.310416ms)
✔ private success from real route is discarded when the browser session changes during upstream read (4.177917ms)
✔ real localError no-store 401/403/404/503 preserves correct read category with no retry (5.366833ms)
✔ malformed sensitive backend projection becomes real unavailable, never a fake BFF success (0.760041ms)
✔ strict archive rows decode external order text, safe minor units and public keys (10.259083ms)
✔ PII-shaped city and extra sensitive fields never pass the safe projection (0.573625ms)
✔ all canonical Go cities pass; malformed types/bounds/order/time/money/cursor fail (1.522875ms)
✔ read grammar is exact limit/after, not the stale brief's cursor name (18.412083ms)
✔ three locales retain truthful history-not-revenue basis and copy parity (0.161334ms)
✔ SSR renders actual safe rows, shared money/time, total count and read-only three-locale basis (35.17275ms)
✔ SSR distinguishes empty archive, 403, session loss and unavailable without stale rows/count (6.846167ms)
✔ actual pagination callbacks use opaque trail; double click cannot skip; refresh/scope reset page1 (3.795625ms)
✔ the static import subpage wins over customer detail and leaves the single customers nav intact (0.377ms)
✔ the actual list offers import only to privacy holders and carries the current authorized store (123.25575ms)
✔ the actual detail mounts archive only for an active imported customer and passes its fenced identity (20.965333ms)
✔ MIUI-READY-VISIBLE-STORE actual signed helper waits on the visible selector and retains cookie/wizard assertions (172.65375ms)
✔ MIUI-READY-DENIED read-only staff reaches the real shell refusal instead of waiting for a private wizard (7.511375ms)
✔ failure verdicts precede successful rows, by source row number, without mutating the input (0.583083ms)
✔ the failure download contains only failed row metadata, with no source cell or success identifier (0.197208ms)
✔ reads quoted/BOM header only, without decoding malformed bytes from data rows (7.859333ms)
✔ guess only unique metadata aliases with explicit unmapped values (0.649ms)
✔ shared dynamic leaf admits only exact import methods/actions and bounded mapping/count (32.099625ms)
✔ failed CSV emits only row/outcome/code, refusing any unexpected identifier or raw cell (0.205458ms)
✔ raw-byte cap does not decode/rebuild uploads and cancels oversized chunks (4.167291ms)
✔ backend privacy projection strips all source IDs on successful and failed rows (1.489583ms)
✔ closed preview parser refuses data-bearing rows, unknown keys and inconsistent counts (0.268917ms)
✔ order preview counts units while first CSV record numbers can exceed rows_total (0.080458ms)
✔ commit receipt has exactly five keys and no extra customer cells (0.093875ms)
ℹ tests 57
ℹ suites 0
ℹ pass 57
ℹ fail 0
ℹ cancelled 0
ℹ skipped 0
ℹ todo 0
ℹ duration_ms 628.754083
✔ G-UI8 storefront pages and the sweep's STOREFRONT_ROUTES are the same set (1.239584ms)
✔ parseShard: i/N, empty means unsharded, anything malformed throws (0.261ms)
✔ assignShards: deterministic, every key owned once, near-balanced (LPT bound) (0.931375ms)
✔ planClick: for every N the shards partition the whole universe (every registry route x variant, storefront walk, journey) (1.651125ms)
✔ planClick at N=10 keeps every shard within ~1.3x of the mean planned cost (0.344375ms)
✔ aggregate click: honest shards pass for several N (2.960625ms)
✔ aggregate click: a missing shard, a dropped page row, a lost journey, a failing row, a stale known defect and a missing platform marker are each a failure (3.432791ms)
✔ aggregate click: a route added to the registry after the shards ran cannot pass (the registry is re-read) (0.372459ms)
✔ aggregate visual: honest shards pass; a missing shard, a missing shot, a blocking verdict and a registry route outside the universe each fail (4.912791ms)
ℹ tests 9
ℹ suites 0
ℹ pass 9
ℹ fail 0
ℹ cancelled 0
ℹ skipped 0
ℹ todo 0
ℹ duration_ms 91.073792
ci-plan: 10 job(s); click-sweep x10 (aggregate)
  --browser-click-sweep@1/10  -> artifact gate-browser-click-sweep_1_10
  --browser-click-sweep@2/10  -> artifact gate-browser-click-sweep_2_10
  --browser-click-sweep@3/10  -> artifact gate-browser-click-sweep_3_10
  --browser-click-sweep@4/10  -> artifact gate-browser-click-sweep_4_10
  --browser-click-sweep@5/10  -> artifact gate-browser-click-sweep_5_10
  --browser-click-sweep@6/10  -> artifact gate-browser-click-sweep_6_10
  --browser-click-sweep@7/10  -> artifact gate-browser-click-sweep_7_10
  --browser-click-sweep@8/10  -> artifact gate-browser-click-sweep_8_10
  --browser-click-sweep@9/10  -> artifact gate-browser-click-sweep_9_10
  --browser-click-sweep@10/10  -> artifact gate-browser-click-sweep_10_10
✔ the full sweep and the full visual lint fan out into every shard and ask for the aggregate (0.896667ms)
✔ foundation-shards = the unit shard + every plan group; the serial `foundation` mode is untouched (0.75875ms)
✔ an explicit shard re-run (or a partial list) never claims the whole-run aggregate (0.101541ms)
✔ duplicates collapse, artifact names are safe and unique, bad input is refused (0.319542ms)
✔ main writes matrix / sweep_n / visual_n to GITHUB_OUTPUT (1.000875ms)
✔ mode discovery has no Docker/build dependency and includes the existing universe (33.914ms)
✔ dry-run resolves a mode without executing dependencies and keeps its command environment (61.749292ms)
✔ one appended case is discovered and dispatched; malformed and duplicate registry entries fail closed (44.547333ms)
✔ registry discovery cannot silently lose indented, aliased or unrecognised Bash case arms (4.248209ms)
✔ backend-only paths run foundation-shards only (0.928958ms)
✔ node tests of deploy scripts and of the CI planner are backend-only (they cannot change a browser) (2.675875ms)
✔ a UI path adds the whole browser set, including click-sweep and visual-lint (7.263208ms)
✔ docs-only and output-only diffs keep the single required check (foundation-shards) (0.252708ms)
✔ legacy browser_* paths still select all browsers; a known untagged foundation file stays backend-only (0.494042ms)
✔ legacy deploy prefixes remain selected and unrelated paths do not select smoke (1.664708ms)
✔ the browser set is release-gate's browser-mode universe minus the documented exclusions (57.481417ms)
✔ every real browser-tagged foundation file selects registry browser modes, including non-browser names (138.024917ms)
✔ tagged runner discovery follows registry additions, command arrays and line continuations (0.977417ms)
✔ deploy smoke is selected for its workflow, verdict/helpers and executable test inputs (1.627209ms)
✔ new selection never drops legacy modes or deploy for any tracked path (455.414208ms)
✔ CLI classifies merge-base and explicit head, including removed tags, deleted files and renames (481.559292ms)
✔ CLI selects modes the base added after divergence when the checkout is the PR merge (PR #22 review P1) (236.653625ms)
✔ CLI reads the merge checkout's source when the base adds a browser tag after the fork (PR #22 review P1) (242.874584ms)
✔ CLI explicit head and stdin include tags outside the checkout and uncommitted tag removals (228.21575ms)
✔ compound/legacy tags and unknown source are conservative; known untagged source stays backend-only (3.763083ms)
✔ explicit-head CLI derives tagged runner modes from that head's real registry (193.894459ms)
✔ real Git CLI preserves legacy selection: quotePath=true, "架构.md" (172.116542ms)
✔ real Git CLI preserves legacy selection: quotePath=true, "internal/示例.go" (168.575542ms)
✔ real Git CLI preserves legacy selection: quotePath=true, "tests/foundation/plain\tname_test.go" (185.659792ms)
✔ real Git CLI preserves legacy selection: quotePath=true, " deploy/scripts/synthetic-smoke.sh" (168.609ms)
✔ real Git CLI preserves legacy selection: quotePath=false, "架构.md" (157.752ms)
✔ real Git CLI preserves legacy selection: quotePath=false, "internal/示例.go" (166.240125ms)
✔ real Git CLI preserves legacy selection: quotePath=false, "tests/foundation/plain\tname_test.go" (175.783959ms)
✔ real Git CLI preserves legacy selection: quotePath=false, " deploy/scripts/synthetic-smoke.sh" (176.483333ms)
✔ stdin unions legacy trimming without trimming the source lookup path (95.450708ms)
✔ parser: only compiled, correctly-shaped Test functions of untagged _test.go files (2.620083ms)
✔ the real plan: every top-level test of tests/foundation runs in exactly one group (634.03ms)
✔ a new test (in no list) still runs, exactly once, in the catch-all group; the same name with no catch-all is red (929.219958ms)
✔ a test listed in two groups is red; drift beyond the limit is red (932.072ms)
✔ regexes: anchored explicit lists; the catch-all skips exactly everyone else's tests (0.470459ms)
✔ pack: deterministic, balanced to within the longest test, every name once (4.940708ms)
✔ parseDurations: top-level lines only (0.206083ms)
ℹ tests 42
ℹ suites 0
ℹ pass 42
ℹ fail 0
ℹ cancelled 0
ℹ skipped 0
ℹ todo 0
ℹ duration_ms 3569.613542
✔ A8/A9/A13 and published templates: exact reads forward once with no-store (20.042583ms)
✔ real streamed POST bodies: A10-A14 exact keys reach upstream (15.47125ms)
✔ query, read headers, methods and body allowlists refuse before upstream (9.9045ms)
✔ session, CSRF and store authority precede content forwarding (6.270208ms)
✔ A12 fixed codes preserved; arbitrary upstream diagnostics stripped (7.22975ms)
✔ client preserves codes and receipt; changed/aborted session cannot publish private response (6.91175ms)
✔ A9 admits a full page of valid Unicode replies while bounding private response bytes (5.3485ms)
✔ non-JSON upstream 401 still expires both authentication cookies without diagnostic leakage (11.082958ms)
✔ real M7 response keeps no-referrer after matching Next production header rules (13.957208ms)
✔ three unit languages cover identical fixed labels and delivery states (0.720334ms)
✔ hiding aborts requests and rejects late responses, even after reveal (0.393209ms)
✔ switching selection invalidates both reads and write completions (0.063708ms)
✔ owner and explicit inbox permissions only; viewer fails closed (0.05825ms)
✔ Messenger counts Unicode codepoints; Instagram counts NFC UTF8 bytes (0.617ms)
✔ uncertain transport retries retain the exact submission; definitive conflicts retire it (0.398042ms)
✔ privacy calibration cannot activate with production origin or ordinary caller env (0.13075ms)
✔ late focus/pageshow while native document remains hidden cannot reveal requests (0.081792ms)
✔ terminal navigation revocation cannot be undone by focus or refresh until a new page fence (0.052084ms)
✔ a ticket from another store/page fence is never accepted (0.0515ms)
✔ focus while already visible preserves the active epoch and the uncertain reply receipt (0.082125ms)
ℹ tests 20
ℹ suites 0
ℹ pass 20
ℹ fail 0
ℹ cancelled 0
ℹ skipped 0
ℹ todo 0
ℹ duration_ms 208.674167
✔ installed APIRequestContext cookie rules exclude Secure cookie from HTTP127 but retain HTTPS/localhost (0.408583ms)
✔ actual INU02 cross uses browser auth and retains exact 404/DM absence (28.73025ms)
✔ actual INU02 cross still rejects wrong authority 401 (2.705875ms)
✔ actual INU02 cross still rejects wrong authority 200 (2.851375ms)
✔ actual INU02 cross still rejects DM in denied response (1.713375ms)
✔ actual INU02 denied uses browser auth and retains exact 403/DM absence (2.67375ms)
✔ actual INU02 denied still rejects wrong authority 401 (3.782834ms)
✔ actual INU02 denied still rejects wrong authority 200 (3.280459ms)
✔ actual INU02 denied still rejects DM in denied response (2.084625ms)
✔ actual login settles /en and fixture store (real switch, scoped=false) (67.591ms)
✔ actual login settles /en and fixture store (real switch, scoped=true) (9.865708ms)
✔ actual login settles /en/inventory and fixture store (real switch, scoped=false) (9.684292ms)
✔ actual login settles /en/inventory and fixture store (real switch, scoped=true) (10.297333ms)
✔ actual login settles /en/messages and fixture store (real switch, scoped=false) (3.264959ms)
✔ actual login settles /en/messages and fixture store (real switch, scoped=true) (12.649959ms)
✔ actual login settles /en and fixture store (already selected, scoped=false) (3.128167ms)
✔ actual login settles /en and fixture store (already selected, scoped=true) (8.55475ms)
✔ actual login settles /en/inventory and fixture store (already selected, scoped=false) (4.459417ms)
✔ actual login settles /en/inventory and fixture store (already selected, scoped=true) (7.098209ms)
✔ actual login settles /en/messages and fixture store (already selected, scoped=false) (6.937417ms)
✔ actual login settles /en/messages and fixture store (already selected, scoped=true) (1.313542ms)
✔ bundle fixture uses real claim commands and mounts existing M6/M7 without issuing early (0.763334ms)
✔ sensitive bundle scenario clicks native clipboard with trace/video disabled and no token body reads (0.35ms)
✔ persisted link and token-free command receipt are compared without disclosing credentials (0.159958ms)
✔ actual clipboard evaluator exports only safe summary and detects malformed or retained synthetic credentials (319.385666ms)
✔ claim-window fixture isolates recovery after the current migration permits multiple OPEN windows (1.483917ms)
✔ ordinary Playwright diagnostics still capture failed-page ARIA when private guard is absent (1.676917ms)
✔ sensitive worker lifecycle prevents actual installed snapshot capture without masking the failure (26.85225ms)
✔ worker restores prior environment even when use rejects (absent) (18.370791ms)
✔ worker restores prior environment even when use rejects (empty) (5.479875ms)
✔ worker restores prior environment even when use rejects (existing-policy) (4.302834ms)
✔ fixture is worker-auto and module collection does not suppress ordinary diagnostics (146.686375ms)
✔ ordinary matcher ARIA context bypasses fallback flag and remains in actual installed diagnostics (0.813083ms)
✔ private test teardown removes only matcher page context while preserving failure (failed status) (9.769875ms)
✔ private test teardown removes only matcher page context while preserving failure (rejected use) (1.528209ms)
✔ matcher guard is test-auto without replacing the installed artifact auto fixture (1.225ms)
✔ real Playwright --list collects each original INU case and isolated INU09 exactly once (1181.029625ms)
✔ A real Inbox selection admits Go A9 attachments null without losing thread (111.954291ms)
✔ A real Inbox selection admits Go A9 attachments empty array without losing thread (11.28975ms)
✔ A malformed non-array A9 attachments is refused without painting DM or crashing selected entry (4.790375ms)
✔ C A8 HTTP200 empty list is ordinary data with no alert, selection or focus request storm (6.173709ms)
✔ C A8 list404 is scoped inbox unavailable in en, never an empty list or conversation denial (1.356041ms)
✔ C A8 list404 is scoped inbox unavailable in zh-TW, never an empty list or conversation denial (3.307875ms)
✔ C A8 list404 is scoped inbox unavailable in zh-CN, never an empty list or conversation denial (8.597083ms)
✔ C click-sweep Go harness mounts existing Inbox/templates services (STRUCTURE_ONLY, Go NOT_RUN) (1.740084ms)
✔ C click-sweep includes actual-router owner200 empty inbox assertion (STRUCTURE_ONLY, Go NOT_RUN) (2.096916ms)
✔ inbox evidence is covered by the CI upload root (2.799834ms)
✔ failed Playwright closes its log and emits sanitized diagnostics before Fatalf (0.633667ms)
✔ failure diagnostics match INU cases/counts without admitting private text (1.300875ms)
✔ INU04 delayed handler 1 signals completion when fulfillment rejects (42.253667ms)
✔ INU04 delayed handler 2 signals completion when fulfillment rejects (1.575083ms)
✔ recoveryDone waits for actual held M7 completion in zh-TW (54.524ms)
✔ recoveryDone waits for actual held M7 completion in zh-CN (2.12025ms)
✔ recoveryDone waits for actual held M7 completion in en (2.303875ms)
✔ review2 P1 bundle-only row opens real A13 and issues existing M7 claim link to clipboard (108.404ms)
✔ review2 P1 clipboard denial recopy reuses cached issued URL without another M7 POST (4.277583ms)
✔ review2 P1 lost M7 ACK retries exact receipt and null replay token never mints a fresh key (6.646167ms)
✔ review2 P1 missing CSRF before cached recopy cannot copy or issue again (4.696959ms)
✔ review2 P1 missing CSRF before uncertain retry rejects preserved receipt dispatch (7.297167ms)
✔ review2 P1 late issued-link completion after hide cannot write clipboard (6.532292ms)
✔ review2 P1 late issued-link completion after selection cannot write clipboard (7.075333ms)
✔ review2 P1 late issued-link completion after unmount cannot write clipboard (14.900792ms)
✔ review2 P1 late issued-link completion after logout cannot write clipboard (3.154958ms)
✔ review2 P1 claim-link issuance denied without both live read/manage (inbox:read,live:read) (5.609083ms)
✔ review2 P1 claim-link issuance denied without both live read/manage (inbox:read,live:manage) (5.321542ms)
✔ review2 P1 missing authoritative recovery identity never guesses generation {"missingSession":true} (4.654542ms)
✔ review2 P1 missing authoritative recovery identity never guesses generation {"noBundle":true} (10.410041ms)
✔ review2 P2 exactly one matching binding uses named DM hard gate ok (13.368709ms)
✔ review2 P2 exactly one matching binding uses named DM hard gate review_required (9.186791ms)
✔ review2 P2 exactly one matching binding uses named DM hard gate missing_permission (9.29025ms)
✔ review2 P2 multiple same-provider bindings advisory only (dm_session:ok,dm_session:missing_permission) (2.070167ms)
✔ review2 P2 multiple same-provider bindings advisory only (dm_session:missing_permission,dm_session:reauth_required) (3.881917ms)
✔ review2 P2 multiple same-provider bindings advisory only (dm_session:ok,read_comment:missing_permission) (1.719208ms)
✔ review2 P2 multiple same-provider bindings advisory only (dm_session:review_required,dm_session:ok) (1.309666ms)
✔ review2 P2 actual scoped A12 409 capability refusal remains visible after advisory submit (15.396166ms)
✔ review2 P2 missing health and single binding without named DM remain disabled (1.061292ms)
✔ review2 P2 expired cached issued link cannot be recopied or silently reissued (7.691417ms)
✔ P1-1 actual visible focus preserves pending ticket, selection, revision and real retry receipt (5.544916ms)
✔ P1-1 actual unchanged-session pageshow checks without clearing; changed-session focus expires (1.551625ms)
✔ P1-1 actual hide/reveal clears and requests fresh revision, never accepts obsolete completion (0.879583ms)
✔ P1-1 changed-session visible focus expires even with a pending request (0.241916ms)
✔ P1-2 actual A9 refresh 404 removes rendered DM and unsent draft (28.044875ms)
✔ P1-2 actual send-finally A9 404 removes DM, draft and uncertain immutable receipt (6.316458ms)
✔ actual uncertain send still retains exact receipt when A9 authority remains (0ms post-send A9) (5.309ms)
✔ actual uncertain send still retains exact receipt when A9 authority remains (50ms post-send A9) (112.396375ms)
✔ actual A9 stale held completion cannot paint after component cleanup (1.589625ms)
✔ P2 actual A14 404 clears buyer facts and customer draft (explicit future-version MOCK) (2.245459ms)
✔ safe authority errors remain the actual InboxError transport class (0.0575ms)
✔ actual current A13 without version keeps A14 disabled; future MOCK grants no backend claim (1.072125ms)
✔ P1-2 actual A11 takeover write 404 clears private state despite failing follow-up A9 (1.653042ms)
✔ P1-2 actual A12 send write 404 clears private state despite failing follow-up A9 (2.814209ms)
✔ A13 server orders omission remains distinct from authorized omitted data (1.608584ms)
✔ A13 server orders omission remains distinct from authorized empty data (0.71225ms)
✔ A13 server orders omission remains distinct from authorized populated data (0.633334ms)
✔ actual shell-store-selector captures selection before synchronous privacy teardown (allowed=true) (45.944542ms)
✔ actual shell-store-selector captures selection before synchronous privacy teardown (allowed=false) (4.800083ms)
✔ actual locale-switch captures selection before synchronous privacy teardown (allowed=true) (4.429334ms)
✔ actual locale-switch captures selection before synchronous privacy teardown (allowed=false) (4.350916ms)
✔ persisted A9 UNKNOWN after page entry warns and blocks the real composer in en (28.961875ms)
✔ persisted A9 UNKNOWN after page entry warns and blocks the real composer in zh-TW (3.479542ms)
✔ persisted A9 UNKNOWN after page entry warns and blocks the real composer in zh-CN (3.378958ms)
✔ A12 queued ACK followed by final A9 UNKNOWN overrides the local queued notice and blocks another send (6.471666ms)
✔ a captured previously enabled composer cannot bypass final UNKNOWN learned by Refresh (4.645458ms)
✔ a later A9 page omitting the known UNKNOWN is not delivery reconciliation (5.660542ms)
✔ persisted queued is not mislabeled UNKNOWN and retains ordinary composer eligibility (1.045042ms)
✔ persisted sent is not mislabeled UNKNOWN and retains ordinary composer eligibility (0.832458ms)
✔ persisted failed is not mislabeled UNKNOWN and retains ordinary composer eligibility (0.805209ms)
✔ persisted blocked is not mislabeled UNKNOWN and retains ordinary composer eligibility (1.93825ms)
✔ fresh mount refuses when an old UNKNOWN is beyond 51 newer messages (fact=true) (12.863625ms)
✔ fresh mount refuses when an old UNKNOWN is beyond 51 newer messages (fact=null) (1.728417ms)
✔ fresh mount refuses when an old UNKNOWN is beyond 51 newer messages (fact=undefined) (4.450916ms)
✔ fresh mount refuses when an old UNKNOWN is beyond 51 newer messages (fact=false) (3.251083ms)
✔ a refreshed unknown authority replaces old clear authority even for a captured composer (5.610958ms)
✔ window strict eligibility with 300001ms before hard 24h deadline (19.931916ms)
✔ window strict eligibility with 300000ms before hard 24h deadline (1.582667ms)
✔ window strict eligibility with 60000ms before hard 24h deadline (1.05825ms)
✔ window strict eligibility with 0ms before hard 24h deadline (1.074875ms)
✔ window invalid server deadline fails closed without preparing a send (0.896875ms)
✔ window captured enabled form callback cannot POST after crossing safe cutoff (0.829625ms)
✔ window deadline timer closes controls at cutoff and hard end without waiting for 15s poll (0.934167ms)
✔ quota recovery gives exact zh-TW comment-quota and DM-window instructions beside copy only (0.686709ms)
✔ quota recovery gives exact zh-CN comment-quota and DM-window instructions beside copy only (0.213125ms)
✔ quota recovery gives exact en comment-quota and DM-window instructions beside copy only (0.111167ms)
ℹ tests 123
ℹ suites 0
ℹ pass 123
ℹ fail 0
ℹ cancelled 0
ℹ skipped 0
ℹ todo 0
ℹ duration_ms 1378.854083
