✔ /products/{uuid} redirects permanently to the zh-TW product page (56.946708ms)
✔ non-uuid ids are 404, never redirected (0.994375ms)
✔ AT1: the locale redirect preserves the ad-click query without allowing a redirect target (0.1325ms)
✔ R10: standalone signed signals survive a missing or expired seven-day touch (42.739958ms)
✔ R10: standalone signals reject expiry, bad signature, duplicates and another host (0.215ms)
✔ AT1 R5: browser identity survives expired touch and rolls for ninety days (0.159875ms)
✔ AT1 R5: missing ad parameters create no cookies; fbclid alone creates no touch (0.326541ms)
✔ AT1 R5: lc_ad alone updates attribution and does not replace fbc (0.133458ms)
✔ AT1: host-only first-party cookies contain no PII and read back exactly (0.253625ms)
✔ AT1: a later valid click replaces the draft but preserves the browser identifier (0.119667ms)
✔ R10: only a different fbclid replaces fbc and its first-seen timestamp (0.205792ms)
✔ AT1: malformed and ambiguous links do not overwrite a valid prior touch (0.357708ms)
✔ AT1: host and key binding reject copied cookies (0.180792ms)
✔ AT1: duplicates and tampering invalidate the entire envelope (0.135125ms)
✔ AT1: exactly seven days is valid, the next millisecond and future clicks are not (0.131125ms)
✔ catalog list query limits equal the Go v2 parser (internal/buyerhttp/catalogv2.go) (28.753333ms)
✔ collection list cap equals Go maxCollectionsPerStore (12.53375ms)
✔ design caps equal internal/design/schema.go (nav, sections, pages) (3.683292ms)
✔ CVS buyer-entered store bounds and return path equal Go (internal/checkout/cvs.go, migration 0093) (2.399375ms)
✔ transfer view: closed shape and state rules mirror Go validTransferView (0.755417ms)
✔ proof body and result: five digits, positive minor amount, ISO instant (0.179042ms)
✔ minorFromText: major units with at most two decimals, never a float surprise (0.094917ms)
✔ buyer email mirror: one plain address, 254 characters at most (0.102209ms)
✔ countdown: whole hours and minutes, never negative (0.355583ms)
✔ copy: three locales carry every key and every refusal code (0.228209ms)
✔ options: a home row lists modes only with bank_transfer and then needs its window (0.308333ms)
✔ checkoutInput: a home bank_transfer body, the optional trimmed email, and every refusal before any request (1.095291ms)
✔ order: AWAITING_TRANSFER is a valid commercial state without a hold time (0.421666ms)
✔ BFF: exact transfer routes, keyed proof PUT, strict body, validated answers, no generic proxy (27.802708ms)
✔ BFF: transfer refusal codes pass through as definite 422; checkout accepts bank_transfer and a valid email only (4.770333ms)
✔ D06 order heading follows a settled transfer: never 'waiting for transfer' above a confirmed or expired one (0.096375ms)
✔ uncertain prepare blocks all mutations; changed cookie context resolves journal (41.592416ms)
✔ fully parsed local denial clears only its own pending operation (1.529ms)
✔ malformed journal, unavailable lock and stale context fail before writes (8.436208ms)
✔ BPT05 exact handoff permits absent body/key, one fetch, no form persistence (54.671125ms)
✔ BPT05 wrong handoff form and ordinary writes fail before any fetch (1.01875ms)
✔ BPT05 unresolved cookie journal blocks handoff; lost response is one fetch without persistence (0.334666ms)
✔ SU02 refresh permits absent body/key, one fetch, no persistence (0.354792ms)
✔ SU02 refresh rejects a body, a key or a malformed path before any fetch (0.264875ms)
✔ SU02 cancel permits absent body/key, one fetch, no persistence (0.239917ms)
✔ SU02 cancel rejects a body, a key or a malformed path before any fetch (0.209541ms)
✔ BPT01 exact private path, headers, body and three-locale one-fetch transport (57.099458ms)
✔ BPT02 payment routes reject untrusted path, context, headers, key and body before fetch (7.484875ms)
✔ BPT03 hostile upstream success is sanitized, never returned as payment data (11.87575ms)
✔ BPT04 every handoff failure is nonretryable, including pre-route and transport loss (3.853ms)
✔ SU02 five routes: exact upstream path, method, key, body, one fetch each (0.985334ms)
✔ SU02 refresh and cancel are keyless and pass every CSRF/context denial before fetch (1.213333ms)
✔ SU02 every handoff/refresh/cancel failure is nonretryable and sanitized (1.973042ms)
✔ SU02 hostile Stripe bodies become the sanitized 503; PAYUNi and Stripe bodies stay byte-identical (2.782084ms)
✔ SU02 prepare accepts only the two known method codes (0.473ms)
✔ disabled and invalid configuration fail closed before private fetch (42.337708ms)
✔ private authority, cookie lifecycle and strict local denial (15.787958ms)
✔ bad host, cookie, query and method never reach private API (1.104ms)
✔ stalled inbound POST body is canceled at its deadline without a cookie or private call (0.677417ms)
✔ R10: Begin forwards independently signed signals; browser attribution and forwarded hosts are not authority (2.1775ms)
✔ CVS BFF: exact routes, keyed open/store, keyless verify, validated answers, no generic proxy (3.724417ms)
✔ CVS BFF: contract refusal codes pass through; pay_at_pickup_limit is a definite (non-retryable) 429 (2.292708ms)
✔ failed later transport session refresh keeps an earlier observed cart eligible (132.566125ms)
✔ failed later 503 session refresh keeps an earlier observed cart eligible (14.317792ms)
✔ newer successful session supersedes a delayed valid A cart on cart (19.888167ms)
✔ newer successful session supersedes a delayed valid A cart on cart-fails (13.691084ms)
✔ newer successful session supersedes a delayed valid A cart on absent (17.797917ms)
✔ a completed same-context command fences an earlier valid cart read (129.790833ms)
✔ unmount still fences a delayed session refresh after separating issued and observed generations (4.993708ms)
✔ unmount still fences a delayed cart refresh after separating issued and observed generations (6.307833ms)
✔ round2 stale A session response cannot supersede newer refresh B or its lost-write Retry (11.853709ms)
✔ round2 stale A session response cannot supersede newer mutation B or its lost-write Retry (10.652ms)
✔ rotated buyer context clears the prior cart on read and preserves the B receipt (12.318208ms)
✔ rotated buyer context clears the prior cart on lost-write and preserves the B receipt (26.512292ms)
✔ rotated buyer context clears the prior cart on refresh-read and preserves the B receipt (67.736375ms)
✔ lost first write keeps Retry alive: same context, same idempotency key, no second purchase (62.096791ms)
✔ fragment grammar accepts only one canonical token (0.532416ms)
✔ claim projections are closed (0.24925ms)
✔ claim token rides only its header on B1/B2 and is never echoed (36.302583ms)
✔ claim-priced cart edits send only SKU and quantity, keeping server price authority (14.659583ms)
✔ direct-checkout sold-out projection is mandatory, boolean and closed (0.143584ms)
✔ claim redeem shares the purchase lock, guards recovery and never persists the token (2.36975ms)
✔ ClaimLink removal projects live-priced survivors on ready and conflict pages (280.524125ms)
✔ ClaimLink revisit checks out applied A while pending B is sold out or unavailable (7.725917ms)
✔ ClaimLink refreshes a nothing result after a second tab applied the claim (8.210958ms)
✔ ClaimLink does not navigate when a buyable claim target is absent or has changed quantity (5.478917ms)
✔ ClaimLink optional prior-order notice tolerates unreadable storage without bypassing recovery (25.280084ms)
✔ CVS01 map form: only the two ECPay e-map actions, exact fields, top-level-safe values (1.747792ms)
✔ CVS02 return path allowlist excludes /claim and anything but the checkout or product page (0.160667ms)
✔ CVS03 selection projection: VERIFIED<=>pickup, REJECTED<=>reject_code, absent keys read as null (0.487708ms)
✔ CVS04 buyer-entered store answer and request body (0.288833ms)
✔ CVS05 store code table (§16.1) keeps leading zeros and per-chain lengths (0.145709ms)
✔ CVS06 recipient mirror: real-name width 4..10 (CJK=2), no digits/symbols/emoji; 09 mobile (0.520209ms)
✔ CVS07 checkout draft: name, phone and mode only; read once; corrupt/foreign shapes are dropped (0.189792ms)
✔ CVS08 return URL: only ?cvs_selection=<uuid> is accepted (0.079125ms)
✔ CVS09 buyer order projection and copy keys: nothing but PICKED_UP says picked up (0.099541ms)
✔ CVS10 error codes: field mapping, definite refusals, official links are https constants (0.190833ms)
✔ CVS11 client transport: verify is the one new keyless POST; the server refusal code rides BuyerClientError.detail (22.651583ms)
✔ every locale x page has a title, an updated line and at least one section (0.630833ms)
✔ locales share the section count and per-section body count of every page (4.993459ms)
✔ final text is only the owner-confirmed company facts (CR 81215167 name + registered address); nothing else is final (0.255458ms)
✔ a legal page is published only when every text on it is final; buyers see no link to an unpublished one (0.573541ms)
✔ data-deletion path is named in the privacy page of every locale (0.080834ms)
✔ pendingOwnerText lists exactly the texts that keep a page unpublished and is written for the owner (2.030791ms)
✔ a live (claim-origin) price replaces the catalog price and strikes it through (2.089625ms)
✔ without a live price the catalog price and its compare-at are shown unchanged (0.185ms)
✔ a live price equal to or above the catalog price is shown as set (strike hidden by the UI guard) (0.139792ms)
✔ a live price strikes the catalog price, never the variant sale price (0.121791ms)
✔ order ref: 12 hex (dashes or spaces, any case) or a full id (1.180541ms)
✔ contact: one email or a phone of 6..20 digits (0.375625ms)
✔ body is exactly {order_ref, contact}; the answer is exactly {order_id} (0.323917ms)
✔ BFF lookup: no cookie needed, fresh token goes upstream, cookie only on 200 and it carries that same token (35.813042ms)
✔ BFF lookup: strict local denial before any private fetch (2.979584ms)
✔ copy: three locales carry every key (0.3785ms)
✔ MS4 srcset descriptors use actual decoded widths and deduplicate small renditions (0.888291ms)
✔ MS1 product rendition allowlist preserves trusted Host and never forwards buyer cookies (30.735541ms)
✔ MS2 invalid, duplicate, extra, encoded widths and non-product variants fail before fetch (1.029875ms)
✔ MS3 old-image fallback is never promoted to immutable; committed variants are cacheable (2.972333ms)
✔ TWD whole amounts show no decimals in every locale and at every magnitude (line, subtotal, total, zero) (35.146834ms)
✔ cents appear only when there are cents, then always as two digits; the minor-unit arithmetic is untouched (0.191333ms)
✔ digits come from the currency: JPY none, USD two when there are cents (1.80825ms)
✔ one formatter: no component, page or lib builds a currency Intl.NumberFormat outside lib/money.ts (39.132416ms)
✔ locale probe bounds a missing destination head with a route/device diagnostic (6.745583ms)
✔ locale probe clears its deadline when the real head promise completes (0.429ms)
✔ warmup request interception has a precise local deadline and clears its timer (1.800333ms)
✔ warmup upstream completion has a precise local deadline and clears its timer (1.204625ms)
✔ warmup timer is cleared on upstream success and upstream rejection (1.223667ms)
✔ EARLY_HEAD route continues a missing-Referer request without resolving the English barrier (0.541417ms)
✔ fragment: exactly #o=<order id>&t=<43-char token>; anything else is null (0.655833ms)
✔ body is exactly {order_id, token, proof}; the answer is exactly the order the link named (0.296542ms)
✔ BFF link: no cookie needed, fresh token upstream, cookie only on a 200 naming the same order, link token never echoed (47.373791ms)
✔ BFF link: strict local denial before any private fetch (2.821875ms)
✔ copy: three locales, one refusal text, a retry and a lookup path (0.11625ms)
✔ BPU01 fresh payment writes exact metadata before prepare, one bodyless Take, no persistent form (34.338916ms)
✔ BPU01 lost prepare response replays original key/body only on explicit next click (1.394667ms)
✔ BPU01 lost handoff is permanently GET-only, even after a second click (0.800417ms)
✔ BPU01 storage, amount, scope and child/screen fences reject before irreversible writes (0.657708ms)
✔ BPU01 document/child loss after prepare but before Take leaves exact replay marker (0.812208ms)
✔ BPU01 malformed server handoff never submits and Take remains nonretryable (1.681291ms)
✔ BPU01 marker replacement before Take and after Take blocks release/form reuse (3.630709ms)
✔ BPU01 context replacement after prepare and after Take closes destination without form (8.158416ms)
✔ BPU01 synchronous destination refuses invalid locale before opening a window (0.143167ms)
✔ SU03 fresh Stripe pay: marker before prepare, one prepare, one handoff, navigate, URL never stored (2.466875ms)
✔ SU03 marker replay: lost prepare response replays key/body, no uncertain on PENDING view with leftover marker (3.653709ms)
✔ SU03 cross-device Continue needs no marker and never prepares (0.507625ms)
✔ SU03 marker/view matrix: PAYUNi marker on Stripe view and Stripe marker on PAYUNi view send nothing (4.537709ms)
✔ SU03 any other view renders without a POST (1.722ms)
✔ SU03 CREATING: waits on the schedule without the lock, then hands off once when READY (19.344125ms)
✔ SU03 CREATING budget: 10 reads over 30 s, then the blank child is closed, no POST, no throw (5.330458ms)
✔ SU03 cancel_requested seen on the re-GET aborts before the handoff POST (0.59ms)
✔ SU03 handoff outcomes: CREATING closes child, CLOSED/UNAVAILABLE/error/malformed reject; one POST each, never retried (2.455208ms)
✔ SU03 Stripe prepare errors, amount/currency mismatch and popup loss stop before any handoff (1.444292ms)
✔ SU03 two clicks make two handoff POSTs only because there were two clicks; sequential, none from reads (0.725583ms)
✔ SU03 navigate: validates again, needs an owned blank child, sets used before replace, no URL in errors (0.385834ms)
✔ SU03 refresh signal: keyless single POST, validated, throttled 1/10 s and 30 per page life, cancel never throttled (48.338875ms)
✔ SU03 signal failures are single-shot and sanitized: HTTP error, malformed body, wrong order (0.351ms)
✔ private quote/option authority fields are required; only exact MANUAL home can checkout (1.485666ms)
✔ continue shopping advances only ordered version, clears hint, keeps SQL history authoritative (11.900166ms)
✔ lost next-cart response retries identical key/body and preserves a newer cart (1.533417ms)
✔ continuation never overwrites an already advanced cart (0.391459ms)
✔ unknown checkout blocks continuation without any business request (17.856292ms)
✔ two queued continuation clicks mutate once; stale order ID cannot clear another order (3.158875ms)
✔ CAS conflict resolves only after a newer cart is read (2.586167ms)
✔ locator removal failure retains next-cart journal and recovery survives missing locator (0.772584ms)
✔ order history summary rejects PII/unknown fields and malformed scope IDs (0.087334ms)
✔ native address validation mirrors printable Unicode, limits and phone; journal forbids PII (6.801875ms)
✔ address lost reply replays exact in-memory intent, then confirms current head (1.109375ms)
✔ address reload requires explicit new intent and exact observed CAS; stale head never auto-bumps (0.624584ms)
✔ old address receipt cannot confirm another tab's newer current head (0.183542ms)
✔ a late address CAS winner requires another explicit confirmation, not an automatic version bump (0.939459ms)
✔ checkout lost reply, queued duplicate and current GET reuse one key and one order (2.094458ms)
✔ uncertain checkout retains original journal across later 401/403/404/5xx and malformed success (0.77375ms)
✔ only a fresh definitive denial clears checkout; no order locator is invented (0.168292ms)
✔ locator storage failure after commit retains same key; reload GET failure keeps locator (0.386041ms)
✔ locator persisted but journal removal failed resumes pending receipt, not unrelated pointer (0.342083ms)
✔ unavailable storage, invalid locator and late changed context fail closed (0.190291ms)
✔ order locator readback mismatch and no-op journal removal both retain checkout recovery (0.766459ms)
✔ direct claim continuation refuses a newer ordered cart inside the purchase lock (0.810959ms)
✔ direct claim continuation keeps next-cart recovery after a conflicting clear (0.399167ms)
✔ collector projection: admitted for derived connections, absent/null for primary (0.637833ms)
✔ collector rejects identifiers, extra keys and malformed text (0.113625ms)
✔ disclosure renders the contract §5 line with all three slots substituted (0.087958ms)
✔ the disclosure line exists exactly when the hosted view returns a collector (0.076083ms)
✔ a shop or collector name with a replacement pattern is shown literally (1.015292ms)
✔ OrderPayment renders the disclosure with the view, above every pay button, through the helper only (0.672125ms)
✔ BPT03 exact valid projection and Go nanosecond UTC timestamps (3.259542ms)
✔ BPT03 view rejects private fields, inconsistent state and malformed names (0.399125ms)
✔ BPT03 prepared receipt enforces exact original credit-card amount (0.800458ms)
✔ BPT03 hosted form and replay are exact, bounded and action-allowlisted (0.383625ms)
✔ SU01 Stripe views: fresh, both methods, attempt states, PAYUNi unchanged (0.33375ms)
✔ SU01 Stripe view negatives (0.305083ms)
✔ SU01 prepared amounts follow the corrected per-currency table (0.249333ms)
✔ SU01 Stripe handoff union and every redirect_url negative (0.611167ms)
✔ SU01 payment signal is exactly {order_id, scheduled:boolean} (0.209708ms)
✔ RUI01 refund summary: refunded states, pending money, absent ≡ null (0.61075ms)
✔ RUI01 refund summary negatives (1.312834ms)
✔ BPU03 neutral GET and POST return ignore every callback field and cookie (14.884834ms)
✔ primary origin: exact path/query, same host, and no URL-controlled destination (7.732459ms)
✔ GET and HEAD use trusted Host, private bounded uncached resolver and exact 301 (26.177959ms)
✔ no writes redirected; resolution failures fail closed; unknown hosts keep native 404 (3.55725ms)
✔ policy version is the frozen constant, in the customers-core D4 shape (1.049875ms)
✔ route table: exactly the four buyer privacy routes, methods and body kinds (0.394959ms)
✔ body shapes are closed and mirror the frozen Go inputs (no source, no policy_version) (0.091375ms)
✔ GET privacy validator: closed shape, erased owner holds no consent (0.119375ms)
✔ consent result and erasure summary validators (0.243208ms)
✔ buyer export envelope never carries customer_id (0.092041ms)
✔ failure classification: 410 and erased are the erased state (1.323708ms)
✔ copy: every locale has the same keys, the ads box discloses that sent events cannot be recalled (0.289ms)
✔ selected option photo uses a main display slot without adding a fifth main image (0.716875ms)
✔ use-cover selection and a main-thumbnail selection restore the original main gallery (0.08625ms)
✔ cart thumbnail uses variant then catalog image_id, including when main images are absent (0.091625ms)
✔ migrated four-main/five-detail images stay separate when the option photo changes (0.115083ms)
✔ real cart-detail composition uses server SKU image_id (v2 detail available) (59.05575ms)
✔ real cart-detail composition uses server SKU image_id (v2 detail unavailable) (1.378959ms)
✔ parity: frontend caps equal the Go constants (4.680292ms)
✔ detail parser: 4 main + 20 detail + option-value images are accepted and mapped (0.702667ms)
✔ detail parser: 5 main, 21 detail, bad ids and over-cap option images are refused (0.140292ms)
✔ detail parser: a backend before product-media-v2 (no new keys) still parses with empty defaults (0.074459ms)
✔ v1 catalog row: images are main-only (<= 4) and image_id is a uuid or null (0.184041ms)
✔ PRO-S1 code mirror: any case and spaces normalise; impossible codes never become a request (0.4735ms)
✔ PRO-S2 promotion object: closed keys, kind/value pairing (0.165959ms)
✔ PRO-S3 quote validator: promotion is optional but never malformed; the discount stays the server's own number (0.259ms)
✔ PRO-S4 journal grammar: a quote write may carry one canonical promo_code, nothing else (0.338375ms)
✔ PRO-S5 copy: three locales cover every refusal code and the same keys (0.416292ms)
✔ PRO-S6 BFF quote route: promo_code relayed untouched when canonical, refused before the private API otherwise (44.8605ms)
✔ PRO-S7 BFF: every promo_* refusal is a definite, non-retryable 422 with its own code (41.396458ms)
✔ demonstration disclosure is explicit and local-only (1.33975ms)
✔ cart selection preserves unrelated SKUs and the observed CAS version (6.8145ms)
✔ minor amounts are bounded before multiplication, including zero (0.08425ms)
✔ delivery identity includes country for one market and method (0.063ms)
✔ journal is bound to context and rejects PII/unknown fields (0.217167ms)
✔ lost response replays exact key/body, then clears only after parsed receipt (62.93475ms)
✔ RUI02 buyer order admits MERCHANT_SHIPPED only with a SHIPPED head; absent shipment ≡ null (0.420834ms)
✔ RUI02 shipment shape negatives (incl. unsafe links) (0.22975ms)
✔ RUI02 history summary admits MERCHANT_SHIPPED (a shipped order must not break the list) (0.077416ms)
✔ CVSP01 options: CVS rows carry pickup_selection/payment_modes; unavailable rows are a separate shape (0.335375ms)
✔ CVSP02 CVS destination write: TW only, pickup_id required, empty home address; home unchanged (15.690083ms)
✔ CVSP03 checkoutInput: payment_mode only for CVS rows and only a mode the row offers (0.379791ms)
✔ COD confirmation includes expected fee, enforces collect cap and validates immutable order money (0.273833ms)
✔ CVSP04 buyer order: pay_at_pickup <=> collection_state; cvs_shipment only on a matching CVS destination (0.211708ms)
✔ CVSP05 journal accepts a CVS destination marker and a checkout body with payment_mode, nothing else (1.897458ms)
✔ validProduct accepts up to the Go photo cap and rejects one more (1.046542ms)
✔ design: garbage and hostile documents collapse to the safe default shape (1.049125ms)
✔ design: links, preview token propagation, nav resolution (0.124625ms)
✔ design: any merchant accent yields readable button text and link colour (WCAG AA) (0.231958ms)
✔ variants: resolution, disabled out-of-stock combinations, initial choice, price bounds (0.151584ms)
✔ catalog-v2 parsers accept the frozen shapes and refuse drift (0.492ms)
✔ free-delivery progress words the hint only when a threshold exists (0.066708ms)
✔ list query: only whitelisted, canonical values survive (0.264875ms)
✔ seo: JSON-LD cannot break out of its script tag; offers reflect stock and price range (29.094417ms)
✔ seo: sitemap escapes and carries hreflang; robots refuses everything for a closed host (0.491208ms)
✔ money: whole amounts drop cents, minor digits come from the currency, filters round-trip (1.564417ms)
✔ cart line write: replaces one line, keeps the others, 0 removes, CAS version is the one shown (1.761375ms)
✔ cart problems map to buyer-facing classes without leaking transport detail (0.178791ms)
✔ checkout options accept the optional free-shipping threshold only as a positive integer or null (0.348375ms)
✔ no-image placeholder copy: exactly the locale label a photo-less card or gallery renders (0.103459ms)
✔ storefront image caps equal the Go catalog caps (internal/catalog MaxMainImages, MaxDetailImages) (8.958125ms)
✔ design text limits count code points like Go, never splitting a surrogate pair (0.255042ms)
✔ G3: same-series cards exclude the current product and never invent absent draft/foreign products (0.56525ms)
✔ G5: safety guidance exists in three languages without changing the five merchant policy approval boundaries (1.05275ms)
✔ G4: category chips omit empty collections; hidden collections absent from the public API stay absent (0.16675ms)
✔ OrderHistory renders server order instant in Taipei (21.811875ms)
✔ ClaimLink renders claim expiry in Taipei (5.113791ms)
✔ BankTransfer renders deadline and proof instant in Taipei (4.326917ms)
✔ BankTransfer proof echo labels store time in en (3.81125ms)
✔ BankTransfer proof echo labels store time in zh-TW (2.282584ms)
✔ BankTransfer proof echo labels store time in zh-CN (18.684458ms)
✔ BankTransfer input describes the device zone in en (1.73125ms)
✔ BankTransfer input describes the device zone in zh-TW (2.744042ms)
✔ BankTransfer input describes the device zone in zh-CN (9.142375ms)
✔ BankTransfer input has a generic label when Intl has no zone in en (31.260667ms)
✔ BankTransfer input has a generic label when Intl has no zone in zh-TW (3.225625ms)
✔ BankTransfer input has a generic label when Intl has no zone in zh-CN (1.317833ms)
✔ ShopFooter uses Taipei year across UTC year boundary (2.193ms)
✔ BankTransfer deadline labels store time in en (1.339375ms)
✔ BankTransfer deadline labels store time in zh-TW (1.373334ms)
✔ BankTransfer deadline labels store time in zh-CN (1.421291ms)
✔ OrderHistory states the Taipei time zone once in en (0.905208ms)
✔ OrderHistory states the Taipei time zone once in zh-TW (0.696209ms)
✔ OrderHistory states the Taipei time zone once in zh-CN (0.63175ms)
✔ dictionaries have exact parity and non-empty values (1.382875ms)
✔ locale precedence and language quality mapping (1.32625ms)
✔ localized paths preserve deep links and reject dangerous input (0.749834ms)
✔ path locale only matches a canonical first segment (0.118833ms)
✔ the four constructs render (1.32675ms)
✔ XSS payloads stay inert text (0.967042ms)
✔ fuzz: any string over a hostile alphabet renders only whitelisted tags (24.781875ms)
✔ validator mirrors the Go rules (1.714167ms)
✔ SDN1 allowlist: exactly the contract routes, per method (0.557333ms)
✔ SDN1 allowlist: traversal, case, suffix and prefix tricks never match (0.233375ms)
✔ SDN1 request shape: no query string anywhere, reads carry no body, key, length or transfer-encoding (10.2205ms)
✔ SDN1 cap: 260 KiB = Go's 256 KiB document + 4 KiB envelope, and a body of exactly the cap is still below it (0.059833ms)
✔ SDN2 renderer: every XSS payload comes out as whitelisted tags and escaped text only (0.706208ms)
✔ SDN2 renderer: escape-first means the merchant's text never becomes markup (0.096708ms)
✔ SDN2 renderer: fuzz (seeded) never produces a tag outside the whitelist (22.694375ms)
✔ SDN2 client validator rejects what the server rejects (HTML, non-https links, `<` anywhere) (0.950333ms)
✔ cleanForSave turns cleared fields into null but keeps an empty body (0.40875ms)
✔ localIssues names each missing mandatory value by server path (0.511125ms)
✔ moved swaps neighbours and ignores out-of-range moves (0.0725ms)
✔ parsers accept the exact Go shapes and refuse extra or missing keys (0.400042ms)
✔ BFF allowlist covers exactly the design resources (0.224917ms)
✔ validDesignRequest refuses queries and bodies on reads, ignores other paths (20.429875ms)
✔ designDetails forwards only a bounded {path, reason} pair (0.166541ms)
✔ accepts exactly the three locale invite paths with a 20-200 char token (0.904542ms)
✔ rejects anything that is not an exact same-origin relative invite path (0.251208ms)
✔ rejects percent-encoded variants of the exact shape (0.134875ms)
✔ the token is an opaque invite token shape, never a URL (0.131833ms)
✔ fragment carrier: round-trips the exact invite path, is never a query string, and rejects hostile fragments (0.511709ms)
✔ dashboard: accepts the frozen shape, rejects drift (2.66275ms)
✔ import result: strict keys, closed error codes, committed never carries errors (0.283417ms)
✔ csv file guard mirrors the Go bounds (0.073708ms)
✔ manual options: a COD home row parses with its offer (D01: the page used to refuse the whole list) (0.679708ms)
✔ manual options: only bank_transfer / pay_at_pickup / cash_on_delivery, key must equal market|country|code (0.123ms)
✔ manual result: link is https with the order id and a 43-char capability in the fragment only (0.233125ms)
✔ draft: first problem, and the body has no price-like field at all (0.403ms)
✔ BFF grammar: exactly the seven tools resources (0.07625ms)
✔ regenerate body/result: exactly {order_id, locale} and a fresh https link naming that order (0.126792ms)
✔ copy parity: every locale has every key, import rules and error codes (0.410292ms)
✔ callback redirect target is always a same-origin /<locale>/settings path whatever the cookies, store, code or error say (2.504542ms)
✔ the binding cookie: exactly one canonical store uuid, path-scoped to the callback, HttpOnly, Lax, 10 minutes, Secure (0.243625ms)
✔ callback query: exactly one code and one state within charset/length bounds; Meta's error=… and repeats are not forwarded (1.201541ms)
✔ the dialog URL the BFF hands the browser is https://www.facebook.com only (0.350208ms)
✔ callback error mapping only ever yields fixed codes, never an upstream message (0.290083ms)
✔ selected Page qualifies only a bare Facebook id, never rewrites another Page or external URL (0.521584ms)
✔ status: not connected, connected with and without Instagram, and every deviation throws (1.566334ms)
✔ pick state: closed shape, optional Instagram keys come as a pair, id must match (0.606125ms)
✔ route grammar: only status/states/pick/disconnect; start and callback are dedicated routes; no query; reads carry no body or key (20.086333ms)
✔ connect cookie, body and callback redirect never carry code/state and only fixed codes (0.275791ms)
✔ copy: three locales have the same keys and every Go error code has a message (0.090667ms)
✔ review-required remains restricted; evidence does not promote state (6.579083ms)
✔ legacy omission remains unidentified, independent of array order (0.495625ms)
✔ closed shapes reject unknown state/provider/evidence, leaked fields and inconsistent severity (0.350833ms)
✔ duplicate capabilities/pages and unbounded arrays cannot become trusted state (0.124666ms)
✔ worst Page determines advice, no raw upstream reason reaches copy (0.127292ms)
✔ recheck receipt means scheduled; timestamps and closed keys are checked (0.0975ms)
✔ exact keyless route grammar rejects query/key/body confusion (27.861875ms)
✔ recheck takes exactly page_id and no caller-provided scope (0.216625ms)
✔ blocking advice comes from the blocking capability, not a secondary public-reply warning (0.17875ms)
✔ clean health browser mode prepares admin standalone before starting its fixture (47.234375ms)
✔ en: expired connection retains its full refusal inside a wrapping badge (9.594208ms)
✔ zh-TW: expired connection retains its full refusal inside a wrapping badge (8.173583ms)
✔ zh-CN: expired connection retains its full refusal inside a wrapping badge (2.013834ms)
✔ actual B1 snapshot state remains ok even when a fixture expected review_required (0.173416ms)
✔ D02 TWD input: whole dollars only, x100 on the wire (17.162709ms)
✔ D02 TWD edit text: whole dollars have no decimals; a legacy amount with cents is never shown as another price (5.3575ms)
✔ D02 display: NT$ without decimals in every language, cents only when there are cents (1.269791ms)
✔ D02 live-price input (Studio claims): TWD whole dollars, other currencies their decimals (0.192875ms)
✔ D02 discount code amounts: TWD whole dollars, a decimal is refused before it is sent (0.267459ms)
✔ D02 no admin copy or component says 'minor units' to the merchant (99.34ms)
✔ M06 time: Asia/Taipei everywhere, labelled, never UTC (10.938791ms)
✔ settings answer: exactly one boolean key (1.886041ms)
✔ PUT body is the frozen single key (0.350959ms)
✔ BFF grammar: GET read, PUT keyed command, nothing else (2.588292ms)
✔ copy: three locales, same keys, no empty text (0.176125ms)
✔ PRM01 parse: exact keys, kind/value pairing and ranges; duplicates and unknown keys are refused (1.924ms)
✔ PRM02 Taipei wall time: +08:00 on the wire, instant shown back in Taipei, impossible dates refused (28.213834ms)
✔ PRM03 create body: normalised code, major units to minor units, optional fields null, whole body validated (11.394041ms)
✔ PRM04 update + toggle: version CAS key, form round trip, pause keeps every other field (0.394584ms)
✔ PRM05 BFF grammar: exactly list, create and update; nothing generic (0.165583ms)
✔ PRM06 copy: three locales carry the same keys and every refusal code the Go routes can answer (0.115208ms)
✔ G-UI3/G-UI5 architecture constraints pass with shrinking legacy exceptions (1092.583667ms)
✔ G-UI3/G-UI5 negatives: new formatter, component fetch, >800 lines and wider allowance fail (1.803875ms)
✔ Readiness jump controls expose the actual active section, not a click flag (1.814458ms)
✔ Integrator P2: legal CN comment ordering and a distinct three-image recommendation (0.1905ms)
✔ ADM04 and ADM06 explain unavailable SKUs and keep collection vocabulary consistent (1.157958ms)
✔ ADM06 create/detail titles share the route vocabulary without adding a phantom Next page (0.371875ms)
✔ G-UI1 Next pages and route registry are bidirectional, unique, typed, documented (4.744541ms)
✔ G-UI1 copy key parity: no missing or extra key in any locale (0.109375ms)
✔ G-UI2 staff without catalog:read cannot see products/inventory or open a product URL (0.171333ms)
✔ G-UI2 every route permission is a permission Go knows, and /orders/new needs inventory:reserve (376.698625ms)
✔ G-UI1 dynamic and public routes match, details never appear as navigation (0.379791ms)
✔ W6-U2 ledger is a settings in-page route, preserving existing navigation (0.207625ms)
✔ Every browser spec clicks nav-orders: the orders group stays a singleton, so returns/new/print routes are nav: false (0.624792ms)
✔ shell-registry: every routed path has exactly one nonempty shared h1 in all three locales (296.37425ms)
✔ shell-registry: orders stays one actual group button on live and non-live routes (7.672125ms)
✔ shell-registry: loading/expired/unavailable/forbidden keep one safe heading and never leak private content (9.900875ms)
✔ created address is a strict HTTPS origin matching the assigned handle (0.790916ms)
✔ DNS instructions must name the requested origin and a bare hostname target (0.2395ms)
✔ domain kind is authoritative and closed, not inferred from host or token (0.121125ms)
✔ apex DNS retains every concrete IPv4/IPv6 address and rejects malformed values (0.7615ms)
✔ pending domain journal preserves exact action/key/target; legacy or corrupt markers never replay (0.438708ms)
✔ browser-origin gate: every refusal happens before Go is called, for every action (42.262417ms)
✔ only POST exists on the team routes (1.070334ms)
✔ unknown action is a local 404 and never reaches Go (0.679084ms)
✔ strict request grammar: wrong keys, types, ids, roles, locales and token shapes are 422 locally (4.829375ms)
✔ what reaches Go: BFF key, bearer from the cookie, no Cookie/Origin, body unchanged, exactly one call per request (44.165959ms)
✔ Go failures are rebuilt locally from allow-listed codes, never retried, and never echo the token (22.383791ms)
✔ team answer: accepts the frozen shape, null role and OIDC member without email (0.548583ms)
✔ team answer: unknown key, unknown role, bad id, bad mail state are rejected (0.283416ms)
✔ invite and accept answers are strict (0.366875ms)
✔ request grammar: every action has an exact key set and rejects junk values (0.71175ms)
✔ copy: three locales carry the same keys and a label for every role (0.968916ms)
✔ role-aware navigation: hides entries the member's permissions cannot use; unknown shows all; Team is owner-only (0.498625ms)
✔ P02 settlements directory rejects missing/link/owner/group/mode with a valid control (874.149709ms)
✔ preflight health permission grammars and API/worker consistency fail closed (3257.859833ms)
✔ merchant alert flag is explicit 0|1 and independently requires SMTP (1799.558625ms)
✔ shared loader makes API/worker LIVE pair file-only before Compose interpolation (356.638ms)
✔ export bind accepts omitted JSON false but rejects unsafe source/config mutations (1.774666ms)
✔ sanctioned operator allowlist and fail-closed gates (fake docker, no network) (2351.1075ms)
✔ platform operator custody, export mount and binary are wired (187.437833ms)
✔ actual export bind refuses a missing directory; enabling auto-create is detected (491.949958ms)
✔ R3 preflight rejects cancelled PAYUNi, validates Page app and keeps LIVE pair mandatory (805.482208ms)
✔ R3 smoke exercises exact denied probes, accepts 404 only for disabled mounts (102.544792ms)
✔ positive control: a complete, valid configuration raises no META_LOGIN finding (1992.016792ms)
✔ feature off (COMMERCE_META_LOGIN_CONFIG_ID empty): no rule applies even with the other keys empty (264.635375ms)
✔ P06: the Page route needs the webhook receiver (307.738792ms)
✔ P06: sessions come from identity (242.134625ms)
✔ P06: without the claims profile nobody sends the private replies (a WARN, not a FAIL) (255.164417ms)
✔ P08: COMMERCE_META_LOGIN_CONFIG_ID must be numeric ("abc") (344.823208ms)
✔ P08: COMMERCE_META_LOGIN_CONFIG_ID must be numeric ("12 34") (263.173709ms)
✔ P08: COMMERCE_META_LOGIN_CONFIG_ID must be numeric ("111111111111") (213.238959ms)
✔ P08: COMMERCE_META_LOGIN_CONFIG_ID must be numeric ("0x10") (250.924042ms)
✔ P08: COMMERCE_META_LOGIN_CONFIG_ID must be numeric ("-1") (251.873417ms)
✔ P08: COMMERCE_META_LOGIN_REDIRECT_URI must be exactly https://<LC_ADMIN_HOST>/api/meta/callback (wrong host) (244.453458ms)
✔ P08: COMMERCE_META_LOGIN_REDIRECT_URI must be exactly https://<LC_ADMIN_HOST>/api/meta/callback (http scheme) (233.641375ms)
✔ P08: COMMERCE_META_LOGIN_REDIRECT_URI must be exactly https://<LC_ADMIN_HOST>/api/meta/callback (the ads callback path) (203.584708ms)
✔ P08: COMMERCE_META_LOGIN_REDIRECT_URI must be exactly https://<LC_ADMIN_HOST>/api/meta/callback (trailing slash) (215.104917ms)
✔ P08: COMMERCE_META_LOGIN_REDIRECT_URI must be exactly https://<LC_ADMIN_HOST>/api/meta/callback (query string) (205.477959ms)
✔ P08: COMMERCE_META_LOGIN_REDIRECT_URI must be exactly https://<LC_ADMIN_HOST>/api/meta/callback (empty) (204.997542ms)
✔ P08: COMMERCE_META_LOGIN_GRAPH_VERSION grammar vNN.N ("26.0") (207.588875ms)
✔ P08: COMMERCE_META_LOGIN_GRAPH_VERSION grammar vNN.N ("v26") (178.083541ms)
✔ P08: COMMERCE_META_LOGIN_GRAPH_VERSION grammar vNN.N ("v26.0.1") (167.283958ms)
✔ P08: COMMERCE_META_LOGIN_GRAPH_VERSION grammar vNN.N ("latest") (229.094542ms)
✔ P08: COMMERCE_META_LOGIN_GRAPH_VERSION grammar vNN.N ("") (266.477584ms)
✔ P08: COMMERCE_META_LOGIN_GRAPH_VERSION grammar vNN.N ("v1000.0") (291.360125ms)
✔ P08: COMMERCE_META_LOGIN_GRAPH_VERSION accepts v26.0 (195.153416ms)
✔ P08: COMMERCE_META_LOGIN_GRAPH_VERSION accepts v22.0 (198.36ms)
✔ P08: COMMERCE_META_LOGIN_GRAPH_VERSION accepts v99.9 (164.893625ms)
✔ production without any alert channel is a FAIL (nobody would hear the next outage) (1896.198167ms)
✔ outside production the same gap is only a WARN (280.727625ms)
✔ a webhook alone satisfies the rule (293.3655ms)
✔ an e-mail target with a complete relay (host, username, secret) satisfies the rule (241.96325ms)
✔ an e-mail target without the relay secret cannot be sent: FAIL in production, WARN elsewhere (598.290583ms)
✔ the example's CHANGE_ME_SENDER placeholder is not a relay: the e-mail target cannot be sent (264.763166ms)
✔ LC_ALERT_EMAIL must be one plain address ("not-an-address") (259.857375ms)
✔ LC_ALERT_EMAIL must be one plain address ("two@fake.invalid,three@fake.invalid") (229.07175ms)
✔ LC_ALERT_EMAIL must be one plain address ("a b@fake.invalid") (233.055667ms)
✔ LC_ALERT_EMAIL must be one plain address ("<owner@fake.invalid>") (237.330375ms)
✔ LC_ALERT_EMAIL must be one plain address ("owner@fake") (224.092042ms)
✔ storefront cart-line removal is reversible: clicked for real, not guarded (1.456583ms)
✔ destructive / irreversible / sign-out classification (owner list, en + zh) (1.234333ms)
✔ alike controls (rows with ids / numbers) share one class key (0.183083ms)
✔ known defects classify, never silence: stale entries are reported (0.471708ms)
✔ the markdown ledger has one row per interaction and names the verdict (0.214042ms)
✔ protocolHrefOK accepts well-formed tel:/mailto: and rejects malformed ones (0.474125ms)
✔ J1 waits for enabled media and clicks a real chooser; the uploaded cover is bound to the main section (715.855292ms)
✔ J1 cannot credit a detail-image receipt as the main cover (0.827709ms)
✔ J1 refuses a failed cover upload rather than continuing to activate (0.231458ms)
✔ thresholds are the named constants of the brief (8.843541ms)
✔ R1: document wider than the viewport, and the outermost element past the edge (0.909417ms)
✔ R2: label tops, control tops and control heights of one visual row (1.432041ms)
✔ R2: what is one row and what is not (0.402125ms)
✔ R2: a button beside a field has to line up with its control (0.448542ms)
✔ R3: a row made tall by stacked controls, a control wider than its cell (3.334208ms)
✔ R3: a matrix whose EVERY row is doubled by a stacked stock cell (the median cannot see it) (1.241083ms)
✔ R4: small text, helper text apart, icons and duplicates excepted (1.504416ms)
✔ R5: tap targets on the 390 viewport only (1.331833ms)
✔ R6: interactive elements and text boxes that overlap (3.288166ms)
✔ R7: text clipped inside a control or label (either side), and select values that do not fit (0.857792ms)
✔ R8: the same visible label twice in one list (0.163833ms)
✔ evaluate() tags severity, selectRecords() keeps distinct groups first and counts every instance (1.785833ms)
✔ R9: text and controls flush to the screen edge at 390 (1.010125ms)
✔ R6/R9 judge the visible (ancestor-clipped) rectangle, not the raw one (integrator ruling 2026-10-05) (1.280625ms)
✔ R10: a fixed or sticky bar covering main content after scrolling (1.281ms)
✔ R11: controls narrower than a usable width (0.601708ms)
ℹ tests 460
ℹ suites 0
ℹ pass 460
ℹ fail 0
ℹ cancelled 0
ℹ skipped 0
ℹ todo 0
ℹ duration_ms 11265.370083
✔ closed projections reject secret-shaped extras, invalid enums, IDs and contradictory capabilities (0.738959ms)
✔ detail accepts only bounded events and keeps actual server action flags (0.3435ms)
✔ BFF exact routes and request grammar forbid keys/body on reads, filters on detail and arbitrary writes (9.516ms)
✔ copy parity, safe object navigation and UNKNOWN/protective reasons (0.16075ms)
✔ read-only store capability never exposes a command even if the state allows one (0.058542ms)
✔ duplicate escaped keys cannot bypass the exact command grammar (0.044792ms)
✔ query backoff affects only its operation and expires without another action (0.06425ms)
✔ merchant reason text translates ledger events and conceals unknown or prototype codes (0.109291ms)
✔ ledger read navigation requires effective integration:read permission regardless of role (0.075584ms)
ℹ tests 9
ℹ suites 0
ℹ pass 9
ℹ fail 0
ℹ cancelled 0
ℹ skipped 0
ℹ todo 0
ℹ duration_ms 77.792958
✔ OrderHistory renders server order instant in Taipei (50.413084ms)
✔ ClaimLink renders claim expiry in Taipei (2.248958ms)
✔ BankTransfer renders deadline and proof instant in Taipei (1.752ms)
✔ BankTransfer proof echo labels store time in en (1.182666ms)
✔ BankTransfer proof echo labels store time in zh-TW (1.255958ms)
✔ BankTransfer proof echo labels store time in zh-CN (1.093208ms)
✔ BankTransfer input describes the device zone in en (1.030709ms)
✔ BankTransfer input describes the device zone in zh-TW (1.244583ms)
✔ BankTransfer input describes the device zone in zh-CN (0.978667ms)
✔ BankTransfer input has a generic label when Intl has no zone in en (0.906041ms)
✔ BankTransfer input has a generic label when Intl has no zone in zh-TW (0.819792ms)
✔ BankTransfer input has a generic label when Intl has no zone in zh-CN (0.877458ms)
✔ ShopFooter uses Taipei year across UTC year boundary (1.749209ms)
✔ BankTransfer deadline labels store time in en (1.214292ms)
✔ BankTransfer deadline labels store time in zh-TW (1.060625ms)
✔ BankTransfer deadline labels store time in zh-CN (1.059333ms)
✔ OrderHistory states the Taipei time zone once in en (0.79425ms)
✔ OrderHistory states the Taipei time zone once in zh-TW (0.669458ms)
✔ OrderHistory states the Taipei time zone once in zh-CN (0.574375ms)
✔ Meta rejection wording is preserved as bounded Unicode text, never translated (1.98825ms)
✔ frozen error codes: model list equals the frozen list, each is read from both error shapes (0.370334ms)
✔ copy: every code, status, op state and connect error has text in all three locales (0.31325ms)
✔ copy never calls a budget a hard stop and never offers resume (0.237125ms)
✔ draft: every §5.1 status parses; unknown status/template/op state is an error, never guessed (0.3565ms)
✔ draft: optional fields, remote ids and the Ads Manager link (0.162291ms)
✔ action hints: pause whenever a remote id exists and not ENDED; a paused draft is only ever copied (X7) (0.184333ms)
✔ money: whole units to minor with integer math; TWD must be whole (8.462292ms)
✔ Taipei schedule: wall inputs and draft projections ignore the viewer zone (3.256458ms)
✔ Taipei schedule: invalid calendar days are rejected and all copy names UTC+8 (0.295667ms)
✔ draft input: exact 11-key body and every local rule (3.135625ms)
✔ draft form round trip and X7 copy (blank schedule, no id, no revision) (0.215958ms)
✔ settings parser: environment enum, connections, identities, capi (0.352708ms)
✔ connect state parser: pick list kinds and id match (0.10525ms)
✔ report: three separate blocks, orders may be null, no combined figure (0.241667ms)
✔ default report window is the Asia/Taipei store day whatever the viewer's zone is (Taipei midnight boundary) (3.863542ms)
✔ capi body and validation (0.108667ms)
✔ W6-06B unbind response: exact keys, account, UUIDs and outcome semantics (0.176542ms)
✔ W6-06B in-flight details preserve bounded items and total, reject unknown shapes (0.162541ms)
✔ W6-06B catalog feed has exact public URL/domain pairs or published-store empty (0.163417ms)
✔ W6-06B copy preserves unbind boundaries and feed recovery in three locales (0.058292ms)
✔ W6-06B feed selection follows origin order, not full feed URL order (0.062208ms)
✔ customer list accepts the frozen row and rejects unknown keys, dup ids, bad cursor, oversize (1.951875ms)
✔ customer row invariants: nulls for bundle-only/erased, counts, money, consents (0.205208ms)
✔ customer detail: bounded lists, order summaries reuse the orders parser, id must match (1.755042ms)
✔ erasure summary is four counts only (0.079708ms)
✔ finance summary: net = captured - refunded (I05), totals carry an empty day, sandbox flag (0.274375ms)
✔ financeDay is the UTC+8 day (0.055583ms)
✔ finance defaults keep Taipei dates across midnight, leap day and year end (0.069333ms)
✔ tags and notes are parsed strictly (W6-01B) (0.492584ms)
✔ TSX seam refuses an unlisted import (3.006792ms)
✔ Ads merchant timestamp uses Taipei at the year boundary (9.593375ms)
✔ Design version published_at cell uses Taipei at the year boundary (1.761709ms)
✔ ManualOrder bank-transfer expiry uses Taipei at the year boundary (2.095125ms)
ℹ tests 53
ℹ suites 0
ℹ pass 53
ℹ fail 0
ℹ cancelled 0
ℹ skipped 0
ℹ todo 0
ℹ duration_ms 159.380708
✔ OrderHistory renders server order instant in Taipei (6.595083ms)
✔ ClaimLink renders claim expiry in Taipei (1.753959ms)
✔ BankTransfer renders deadline and proof instant in Taipei (1.709292ms)
✔ BankTransfer proof echo labels store time in en (1.13375ms)
✔ BankTransfer proof echo labels store time in zh-TW (1.205875ms)
✔ BankTransfer proof echo labels store time in zh-CN (1.207875ms)
✔ BankTransfer input describes the device zone in en (1.072834ms)
✔ BankTransfer input describes the device zone in zh-TW (1.381625ms)
✔ BankTransfer input describes the device zone in zh-CN (1.348334ms)
✔ BankTransfer input has a generic label when Intl has no zone in en (1.266542ms)
✔ BankTransfer input has a generic label when Intl has no zone in zh-TW (1.085834ms)
✔ BankTransfer input has a generic label when Intl has no zone in zh-CN (1.277041ms)
✔ ShopFooter uses Taipei year across UTC year boundary (1.51425ms)
✔ BankTransfer deadline labels store time in en (1.087667ms)
✔ BankTransfer deadline labels store time in zh-TW (0.972459ms)
✔ BankTransfer deadline labels store time in zh-CN (0.930459ms)
✔ OrderHistory states the Taipei time zone once in en (0.657042ms)
✔ OrderHistory states the Taipei time zone once in zh-TW (0.593917ms)
✔ OrderHistory states the Taipei time zone once in zh-CN (0.565291ms)
✔ Meta rejection wording is preserved as bounded Unicode text, never translated (1.024542ms)
✔ frozen error codes: model list equals the frozen list, each is read from both error shapes (0.329583ms)
✔ copy: every code, status, op state and connect error has text in all three locales (0.242791ms)
✔ copy never calls a budget a hard stop and never offers resume (0.227833ms)
✔ draft: every §5.1 status parses; unknown status/template/op state is an error, never guessed (0.342083ms)
✔ draft: optional fields, remote ids and the Ads Manager link (0.155916ms)
✔ action hints: pause whenever a remote id exists and not ENDED; a paused draft is only ever copied (X7) (0.188917ms)
✔ money: whole units to minor with integer math; TWD must be whole (8.006792ms)
✔ Taipei schedule: wall inputs and draft projections ignore the viewer zone (3.057833ms)
✔ Taipei schedule: invalid calendar days are rejected and all copy names UTC+8 (0.268958ms)
✔ draft input: exact 11-key body and every local rule (2.997084ms)
✔ draft form round trip and X7 copy (blank schedule, no id, no revision) (0.2355ms)
✔ settings parser: environment enum, connections, identities, capi (0.334291ms)
✔ connect state parser: pick list kinds and id match (0.105916ms)
✔ report: three separate blocks, orders may be null, no combined figure (0.243041ms)
✔ default report window is the Asia/Taipei store day whatever the viewer's zone is (Taipei midnight boundary) (1.769792ms)
✔ capi body and validation (0.079583ms)
✔ W6-06B unbind response: exact keys, account, UUIDs and outcome semantics (0.175666ms)
✔ W6-06B in-flight details preserve bounded items and total, reject unknown shapes (0.405333ms)
✔ W6-06B catalog feed has exact public URL/domain pairs or published-store empty (0.153167ms)
✔ W6-06B copy preserves unbind boundaries and feed recovery in three locales (0.05575ms)
✔ W6-06B feed selection follows origin order, not full feed URL order (0.062166ms)
✔ customer list accepts the frozen row and rejects unknown keys, dup ids, bad cursor, oversize (2.578042ms)
✔ customer row invariants: nulls for bundle-only/erased, counts, money, consents (0.220167ms)
✔ customer detail: bounded lists, order summaries reuse the orders parser, id must match (1.515584ms)
✔ erasure summary is four counts only (0.084541ms)
✔ finance summary: net = captured - refunded (I05), totals carry an empty day, sandbox flag (0.282333ms)
✔ financeDay is the UTC+8 day (0.054209ms)
✔ finance defaults keep Taipei dates across midnight, leap day and year end (0.072375ms)
✔ tags and notes are parsed strictly (W6-01B) (0.49975ms)
✔ TSX seam refuses an unlisted import (3.089625ms)
✔ Ads merchant timestamp uses Taipei at the year boundary (13.510292ms)
✔ Design version published_at cell uses Taipei at the year boundary (2.483625ms)
✔ ManualOrder bank-transfer expiry uses Taipei at the year boundary (2.847417ms)
ℹ tests 53
ℹ suites 0
ℹ pass 53
ℹ fail 0
ℹ cancelled 0
ℹ skipped 0
ℹ todo 0
ℹ duration_ms 115.604084
✔ legacy display sentinels preserve a list row without admitting arbitrary or private data (1.607625ms)
✔ orders-v2 accepts bounded filters and Taipei inclusive dates; rejects ambiguity (0.724333ms)
✔ orders-v2 rejects client count approximations, unbounded or extra response data (0.1365ms)
✔ all three locales label every task queue, payment and delivery mode (0.277541ms)
ℹ tests 4
ℹ suites 0
ℹ pass 4
ℹ fail 0
ℹ cancelled 0
ℹ skipped 0
ℹ todo 0
ℹ duration_ms 65.317875
✔ numeric store IDs have no suggestion BFF or browser client (0.730583ms)
ℹ tests 1
ℹ suites 0
ℹ pass 1
ℹ fail 0
ℹ cancelled 0
ℹ skipped 0
ℹ todo 0
ℹ duration_ms 59.001208
✔ ADM10 operator sentence is localized while product and company facts stay authoritative (0.321666ms)
✔ PS review: actual Host matching normalizes case, port and a terminal DNS dot, never forwarded authority (0.1845ms)
✔ PS review: privacy/terms retain Messenger and Instagram purpose disclosure; deletion uses exact UI labels (0.083625ms)
✔ P2-N1 zh-TW/privacy: current comments and private reply, conditional inbound messages (0.062375ms)
✔ P2-N1 zh-TW/terms: current comments and private reply, conditional inbound messages (0.033625ms)
✔ P2-N1 zh-CN/privacy: current comments and private reply, conditional inbound messages (0.026916ms)
✔ P2-N1 zh-CN/terms: current comments and private reply, conditional inbound messages (0.040375ms)
✔ P2-N1 en/privacy: current comments and private reply, conditional inbound messages (0.041666ms)
✔ P2-N1 en/terms: current comments and private reply, conditional inbound messages (0.034125ms)
✔ PS1 legal identity is one untranslated source (0.0935ms)
✔ PS1 contact and hosts come only from configuration; production fails closed (0.272083ms)
✔ PS2 public routes default to zh-TW, restrict page/locale, and never include admin (0.326709ms)
✔ PS4 optional Meta verification value never has a fake default (0.048041ms)
✔ PS1 every locale uses the same product name in auth page titles (0.038459ms)
✔ PS1 public page copy has three complete locales, no invented operator identity or contact (0.17875ms)
✔ PS1 production build validates config; public data is not bundled through NEXT_PUBLIC (0.182125ms)
✔ PS review: admin image installs the manifests for its workspace dependencies before building (0.370625ms)
ℹ tests 17
ℹ suites 0
ℹ pass 17
ℹ fail 0
ℹ cancelled 0
ℹ skipped 0
ℹ todo 0
ℹ duration_ms 66.927208
✔ R11 SQL's exact receipt states are accepted; missing/forged operation/state remains unknown (0.713291ms)
✔ R11 durable receipt journal validates phase against exact operation state (0.328083ms)
✔ R11 actual read control distinguishes replay/inflight/unknown/failure in en (3.97275ms)
✔ R11 actual read control distinguishes replay/inflight/unknown/failure in zh-TW (0.985458ms)
✔ R11 actual read control distinguishes replay/inflight/unknown/failure in zh-CN (0.4865ms)
✔ unknown journal retains exact key/boundary and is scoped to store+session; malformed state fails closed (0.136709ms)
✔ R12 read hook keeps network UNKNOWN on one key and explicitly refreshes acknowledged UNKNOWN (10.071209ms)
✔ actual POST transport uses CSRF and session fence; 403 independent of response text (12.574333ms)
✔ R10 ROAS has exactly two decimals in en (8.204958ms)
✔ R10 unknown ROAS is never fabricated as zero in en (0.072458ms)
✔ R10 ROAS has exactly two decimals in zh-TW (0.146125ms)
✔ R10 unknown ROAS is never fabricated as zero in zh-TW (0.031625ms)
✔ R10 ROAS has exactly two decimals in zh-CN (0.125083ms)
✔ R10 unknown ROAS is never fabricated as zero in zh-CN (0.027ms)
✔ shared presentation preserves registry title and one empty buyer message in en (22.373625ms)
✔ R11 large linked-draft list is complete but collapsed in en (2.810834ms)
✔ shared presentation preserves registry title and one empty buyer message in zh-TW (5.00175ms)
✔ R11 large linked-draft list is complete but collapsed in zh-TW (2.331042ms)
✔ shared presentation preserves registry title and one empty buyer message in zh-CN (4.862167ms)
✔ R11 large linked-draft list is complete but collapsed in zh-CN (2.3335ms)
✔ R11 timeline distinguishes local unknown spend from explicit Meta zero in en (2.620917ms)
✔ R11 timeline distinguishes local unknown spend from explicit Meta zero in zh-TW (2.814917ms)
✔ R11 timeline distinguishes local unknown spend from explicit Meta zero in zh-CN (1.758209ms)
✔ R11 I12 nullable Meta evidence survives without becoming zero (0.199666ms)
✔ R11 actual panel rendering preserves unknowns and reconnect route in en (9.544875ms)
✔ R11 actual panel rendering preserves unknowns and reconnect route in zh-TW (10.018083ms)
✔ R11 actual panel rendering preserves unknowns and reconnect route in zh-CN (10.774875ms)
✔ D1, D6, R7: exact amounts and sources remain independent, account days stay labelled (0.173458ms)
✔ R12: null stays unknown and unread / unauthorised / insufficient remain different states (0.21175ms)
✔ R12 granted but unread audience offers a read, never reconnect in en (1.520083ms)
✔ R12 granted but unread audience offers a read, never reconnect in zh-TW (1.534416ms)
✔ R12 granted but unread audience offers a read, never reconnect in zh-CN (1.517625ms)
✔ I12 forged / missing frozen fields never silently become zeros (0.849208ms)
✔ only whitelisted aggregates survive: extra identifiers and HTML are never interpreted (0.060125ms)
✔ attribution is a read-only BFF resource with exact bounded query grammar (0.290917ms)
✔ audience-read is exactly the new local intention POST and never a data GET or queried write (0.228917ms)
✔ route fails closed without ads:read and is not a duplicate navigation entry; locale keys match (0.085208ms)
ℹ tests 37
ℹ suites 0
ℹ pass 37
ℹ fail 0
ℹ cancelled 0
ℹ skipped 0
ℹ todo 0
ℹ duration_ms 343.673166
✔ card-payments copy: identical key sets in all three locales (2.466459ms)
✔ merchant terms are quoted verbatim (contract §5) in the enable dialog (0.119917ms)
✔ ruling-fixed strings: platform not OPEN and BLOCKED note (0.046167ms)
✔ error map covers every frozen refusal code from migrations/0137 (0.064041ms)
✔ no Stripe account id, key or approval id shape appears in any copy string (0.218417ms)
✔ storefront collector disclosure matches contract §5 templates in three languages (0.05925ms)
✔ the merchant terms in the dialog are the contract §5 sentence, extracted from the contract (0.084042ms)
✔ the storefront templates are the contract §5 lines, extracted from the contract (0.192625ms)
✔ settlement copy: deduction columns are labelled as deductions in every language, with a legend and the net formula (0.225ms)
✔ there is no separate 'not on the allowlist' message: it reads as not open (review P1-2) (0.077917ms)
✔ card summary accepts the frozen shape incl. all-null platform NONE (0.741333ms)
✔ card summary rejects unknown keys, bad enums, bad money, bad version (0.254167ms)
✔ card result is exactly {state, version, max_minor, currency, descriptor_preview} (0.093333ms)
✔ descriptor suffix rule: charset, 2..10 chars, must contain a letter (0.118167ms)
✔ the suffix length rule is the charset rule's 10; the 22-character descriptor total stays the server's (SANDBOX L=10, LIVE PrefixLength) (0.054958ms)
✔ descriptor preview mirrors the contract projection (base + '* ' + suffix) (0.053125ms)
✔ settlement list accepts statements without payout/lines keys (omitempty) (0.371833ms)
✔ settlement detail carries lines whose count and sums match the totals (0.332875ms)
✔ settlement parsers reject malformed reads (0.592666ms)
✔ fees, refunds and disputes are signed exactly as the ledger stores them (0.446375ms)
✔ a returned fee is a positive line fee; the detail's lines must add up to the statement totals (0.138875ms)
✔ closed_at/paid_at accept the offsets PostgreSQL emits as well as Z (0.113917ms)
✔ a payout reference shaped like a Stripe key or account id is never displayed (0.11725ms)
✔ platform not OPEN: 'not open yet' and no enable control, for every non-OPEN state; the platform badge still tells why (0.371375ms)
✔ allowlisted + OPEN: enable from NONE/DISABLED, disable from ENABLED (0.073125ms)
✔ not allowlisted on an OPEN platform reads exactly like not open: the same message, no 'platform open' badge, no enable (review P1-2) (0.085417ms)
✔ BLOCKED: the suspended note, disable only, never enable (whatever the platform says) (0.062292ms)
✔ without billing:manage nothing can be changed, but the state is still readable (0.060666ms)
✔ enable carries the platform's current terms, the suffix and the version read; NONE starts at 0 (0.06125ms)
✔ disable never sends a suffix and quotes the terms the store accepted (the platform's may have moved on) (0.044125ms)
✔ a retained suffix is recovered from the final preview so a re-enable can keep it (0.03925ms)
✔ the period label shows the last day inside the (exclusive-end) week (0.810583ms)
✔ payout state: paid, pending only when money is due, none when the week nets to zero or less (0.064417ms)
✔ card-payments and settlements are nav:false routes, so no group loses or gains a nav button (0.161042ms)
✔ settlements need billing:manage, the card page integration:read; the owner opens both (0.135125ms)
✔ statement cells: a dispute reversal and a returned fee read as credits (+) and every deduction as -, and the columns add up to the server's net (9.142792ms)
✔ the detail parser requires the lines of a statement that has lines; a quiet week (line_count 0) may omit them (0.144583ms)
✔ route table: exactly the four resources, nothing generic (0.470709ms)
✔ query grammar: card and settlement-detail are exact; settlements takes before/limit only (0.213083ms)
✔ request fence: keyless PUT (CAS), bodyless GETs, no transfer-encoding (20.290667ms)
✔ PUT body is the exact frozen shape {enabled, terms_version, descriptor_suffix, expected_version} (0.450541ms)
✔ the BFF route wires the card grammar: keyless CAS PUT, exact body, no-store, auth required (0.33125ms)
✔ the real card summary parses and drives the display state machine (1.240875ms)
✔ the real statement list parses: newest first, no lines, three payout states (0.722583ms)
✔ every real detail parses with its lines and the lines add up to the statement (0.902041ms)
✔ an empty ledger parses to no statements (0.228ms)
✔ no account id, key or approval shape is in any real body (0.354333ms)
✔ the real statements display literally as signed contributions that add up to the server's net (12.6065ms)
ℹ tests 48
ℹ suites 0
ℹ pass 48
ℹ fail 0
ℹ cancelled 0
ℹ skipped 0
ℹ todo 0
ℹ duration_ms 98.897625
✔ option/slug/SKU caps equal internal/catalog (options.go, catalog.go) (5.837708ms)
✔ text caps equal the Go validators (name 120, description 8000, SEO 70/160, collection title 80) (1.428791ms)
✔ photo caps equal Go (MaxMainImages, MaxDetailImages, MaxImageBytes) and the SKU code pattern (1.368667ms)
✔ PE13 Cartesian matrix is local, preserves edits and deduplicates values (0.541291ms)
✔ PE13 bulk quantity skips negative rows without modifying them (0.367959ms)
✔ PE12 untracked document uses whole currency and per-order cap, never quantity (8.80125ms)
✔ PE14 missing readback is not guessed or silently cleared by full replacement (0.063667ms)
✔ bulk status accepts explicit per-item results, never empty or duplicated confirmations (0.191208ms)
✔ matrix refuses over 100 SKUs before expansion (0.081542ms)
✔ PR #1 4212540344: per-row matrix labels reappear where the matrix header is not visible (≤900px), desktop untouched (0.933875ms)
✔ PR #1 4212540352: pre-publish missing-items list collapses behind a real toggle at ≤900px instead of being removed (0.344833ms)
✔ parity: admin caps equal the Go constants (1.506667ms)
✔ image list: 4 main + 20 detail + 2 sku in role order is accepted (0.668291ms)
✔ image list: 5 main, 21 detail, wrong role order, gaps and extra keys are refused (0.315708ms)
✔ single image: role is required and its position is bounded by the role cap (0.124417ms)
✔ option text limits count Go runes rather than UTF-16 units (0.240292ms)
✔ PE14 new edit SKU carries its own shipping and clears no existing fields (10.14525ms)
✔ PE14 patch changes only price and preserves unmentioned fields (0.149792ms)
✔ PE14 on_hand is not available, zero target is transmitted, ambiguous warehouse refuses (0.270875ms)
✔ PE14 explicit clears and shipping remain per SKU on an active row (0.11925ms)
✔ PE14 archive supersedes every other edit on that SKU (b77eeb11) (0.143ms)
✔ PE14 no-op has no command fields and changed axes explicitly archive omitted variants (0.093625ms)
✔ PE14 replacement SKU edit excludes create-only code from the strict patch grammar (0.188417ms)
ℹ tests 23
ℹ suites 0
ℹ pass 23
ℹ fail 0
ℹ cancelled 0
ℹ skipped 0
ℹ todo 0
ℹ duration_ms 93.782833
(node:80174) ExperimentalWarning: Transform Types is an experimental feature and might change at any time
(Use `node --trace-warnings ...` to show where the warning was created)
✔ UNKNOWN retry client authorization loss requires reconciliation, not a fresh command (2.975125ms)
✔ UNKNOWN retry 401 authorization loss requires reconciliation, not a fresh command (7.942333ms)
✔ UNKNOWN retry 403 authorization loss requires reconciliation, not a fresh command (0.53975ms)
✔ a conclusive command rejection stays distinct from authorization loss (0.674333ms)
ℹ tests 4
ℹ suites 0
ℹ pass 4
ℹ fail 0
ℹ cancelled 0
ℹ skipped 0
ℹ todo 0
ℹ duration_ms 101.440292
(node:80177) ExperimentalWarning: Transform Types is an experimental feature and might change at any time
(Use `node --trace-warnings ...` to show where the warning was created)
✔ offer controls read authoritative limits without parsing unrelated KEYWORD_QTY_CONTAINS window/stats (10.36025ms)
✔ offer controls accept 101 through the backend cap of 200 distinct offers, reject 201 (1.7965ms)
✔ offer toggle preserves exactly the authoritative maximum in the real M4 payload (2.357ms)
✔ console BFF admits exactly A1/A7/A6 and A5 read/copy methods (0.305583ms)
✔ Next proxy admits the exact console family and results query before the BFF (76.163ms)
✔ PR18 proxy preserves malformed A2 cursor as 400 invalid_cursor (0.470792ms)
✔ results query is canonical repeated session_id 1..50, everything else queryless (0.083291ms)
✔ real BFF route forwards only exact resources, authenticates scope and returns private scrubbed errors (33.597792ms)
✔ new commands reject unknown keys and preserve frozen copy/lifecycle/recommend body (0.12875ms)
✔ browser commands reuse Studio fences, exact no-comment recommend body and backend refusal codes (1.273083ms)
✔ results client preserves canonical ids/order and rejects invalid list before fetch (0.229625ms)
✔ stock client reuses catalog transport/key/parser and fences a changed login without retries (0.911916ms)
✔ journal replay sends the exact original method/path/body/key for all five commands (2.282917ms)
(node:80178) ExperimentalWarning: Transform Types is an experimental feature and might change at any time
(Use `node --trace-warnings ...` to show where the warning was created)
✔ A1 strict MOCK snapshot preserves unavailable counts, capability unknown and server stock (2.225167ms)
✔ A7 returns a separate lifecycle version and closed full KEYWORD_QTY_CONTAINS window (0.129083ms)
✔ A5 results retain separate environments/currencies and bind exact requested ids/order (0.161125ms)
✔ A5 copy parses real Go envelope, copied offer prices and KEYWORD_QTY_CONTAINS window (0.342041ms)
✔ A6 accepts optional operation UUID, never guessed send success (0.09ms)
(node:80179) ExperimentalWarning: Transform Types is an experimental feature and might change at any time
(Use `node --trace-warnings ...` to show where the warning was created)
✔ Live settings navigation accepts a scene picker entry but never a malformed or unscoped deep link (0.6975ms)
✔ LC-B7 stock permission admits live_adjust without inventory:write, not unrelated grants (0.079042ms)
✔ Instagram comment total stays unavailable; Facebook observed count is not a platform total (0.073083ms)
✔ LC-U1 one primary action follows lifecycle, never planning or transport state (0.048709ms)
✔ LC-U1 stock target uses sellable delta and rejects fractions, negative and over-limit changes (0.08425ms)
✔ LC-U1 links only explicit FB post identities, never arbitrary URLs or guessed videos (0.075291ms)
✔ LC-U1 Facebook preview keeps the original no-frame CSP and uses a safe external link (0.192791ms)
✔ LC-U1 delayed copy completion cannot navigate after store switch or unmount (0.102959ms)
✔ LC-U1 receipt fence survives cookie rotation; pending replay still has a separate session boundary (0.102708ms)
ℹ tests 27
ℹ suites 0
ℹ pass 27
ℹ fail 0
ℹ cancelled 0
ℹ skipped 0
ℹ todo 0
ℹ duration_ms 256.352458
✔ Host subset: nested Provider and React19 context shadow defaults without sibling leakage (11.876833ms)
✔ Host subset: provider updates reach stable children and separate roots keep their own values (0.312667ms)
✔ Host subset: render errors restore context and hook ownership (12.897ms)
✔ Host subset: portal children inherit logical context and retain handlers/state (0.282ms)
✔ Host subset: portal target/key changes remount children and removal runs cleanup (0.673708ms)
✔ Host subset: createPortal rejects invalid DOM targets rather than swallowing children (0.115792ms)
✔ PR18 final public unresolved receipt survives relogin but coarse fence stays session-bound (0.116959ms)
✔ PR18 enabled downgrade gates hook output before passive cleanup (13.49725ms)
✔ PR18 enabled downgrade first all render hides rows buyer and composer (4.503875ms)
✔ PR18 enabled downgrade first private render hides rows buyer and composer (2.281ms)
✔ PR18 R2 scoped404 a2 clears both private views and stops recovery reads (2.827333ms)
✔ PR18 R2 scoped404 a8 clears both private views and stops recovery reads (2.14125ms)
✔ PR18 R2 scoped404 older clears both private views and stops recovery reads (4.073834ms)
✔ PR18 A8 clears names synchronously and keeps loaded older pages through a head poll (2.351667ms)
✔ PR18 A8 paged list stays bounded across fresh heads and stops older at cap (82.703375ms)
✔ PR18 A8 hides clear before effects even without pagination (1.098625ms)
✔ PR18 deletion HEAD clears selected comment composer but keeps history and public guard (4.842ms)
✔ PR18 short complete HEAD clears a covered selected comment and composer (3.093625ms)
✔ PR18 quiet A2 stream refreshes delayed claim marks without a new sequence or user refresh (1.587083ms)
✔ PR18 late claim automatically exposes keyword view and the reused BuyerPanel (2.87725ms)
✔ K3 A8 private polls every 10s, backs off, resets, pauses hidden and stops off-filter (6.750208ms)
✔ K3 A8 unreplied polls every 10s, backs off, resets, pauses hidden and stops off-filter (6.115833ms)
✔ K3 pasted tab is refused with invalid_text copy before any reply POST (0.699667ms)
✔ PR18 facts_unavailable mark uses actionable copy zh-TW (0.475292ms)
✔ PR18 facts_unavailable mark uses actionable copy zh-CN (0.38375ms)
✔ PR18 facts_unavailable mark uses actionable copy en (0.413208ms)
✔ real SQL UNKNOWN mark blocks public-mode switching without a local receipt (0.435ms)
✔ PR18 unknown public receipt has the correct cross-comment fence (3.821542ms)
✔ PR18 queued public receipt has the correct cross-comment fence (2.181083ms)
✔ PR18 public guard releases only definite sent (0.77425ms)
✔ PR18 public guard releases only definite failed (0.670458ms)
✔ PR18 public guard releases only definite blocked (0.677417ms)
✔ PR18 public guard releases only definite refused (0.64625ms)
✔ PR18 P1 IG earliest50 refresh preserves100 rows selection and private draft (40.659875ms)
✔ PR18 final expired older cursor keeps live buffer selection and polling (1.272583ms)
✔ PR18 command refresh keeps epoch evidence while cursorless initial=0 (0.811417ms)
✔ PR18 command refresh keeps epoch evidence while cursorless initial=1 (0.691ms)
✔ PR18 bounded window refresh removes FB deletion behind60 arrivals history=false (2.752625ms)
✔ PR18 bounded window refresh removes FB deletion behind60 arrivals history=true (2.969625ms)
✔ PR18 bounded window refresh preserves explicit history until manual refresh (1.6345ms)
✔ PR18 bounded window refresh atomically rebuilds IG100 deleted75=false (10.642458ms)
✔ PR18 bounded window refresh atomically rebuilds IG100 deleted75=true (9.800125ms)
✔ PR18 bounded window refresh stalled never publishes an incomplete IG window (10.00725ms)
✔ PR18 bounded window refresh budget never publishes an incomplete IG window (13.045042ms)
✔ PR18 bounded window refresh removes deleted IG final sequence (2.417709ms)
✔ actual A2 hook fake clock: 3/6/12/24/30 backoff, success reset, hide clears and stops, 403 locks (3.139875ms)
✔ actual reset clears selected buyer and rereads without the old epoch cursor (0.690041ms)
✔ reply hints, coded error, UNKNOWN and capability state execute the actual composer (0.942291ms)
✔ PR18 R2 templates read 404 denies the composer (0.379958ms)
✔ PR18 buyer-panel read 404: stays local (retention-purged or gone selection), console keeps access (0.41225ms)
✔ PR18 buyer-panel read 403: revokes the console scope (0.356709ms)
✔ PR18 seq coverage keeps older arrival with newer time and out-of-range rows (0.972125ms)
✔ PR18 seq coverage removes a missing numeric row despite its older created_at (0.087667ms)
✔ PR18 seq coverage never absence-deletes null history (0.096583ms)
✔ PR18 seq coverage treats epoch0 as an initialized cursor (0.058458ms)
✔ PR18 protected null history reserves capacity and never becomes numeric on overlap (4.812958ms)
✔ PR18 P1 IG earliest page and unknown authority never delete by absence (0.621125ms)
✔ PR18 short complete HEAD never expands numeric coverage to an absent oldest row (0.069875ms)
✔ PR18 full or cursor-bearing HEAD uses the same numeric coverage (0.066041ms)
✔ PR18 loaded history stays protected from short complete HEAD (0.067292ms)
✔ PR18 deletion HEAD removes absent refs inside its window (0.08625ms)
✔ PR18 deletion HEAD keeps paged history below its oldest tuple (0.295958ms)
✔ PR18 deletion is never inferred from incremental or older pages (0.094041ms)
✔ PR18 empty deletion HEAD is not evidence that any ref was deleted (0.045375ms)
✔ PR18 deletion coverage ignores equal timestamps and timezone spellings (0.07225ms)
✔ PR18 mixed FB and IG page orders normalize chronologically after dedupe (0.100334ms)
✔ PR18 cap keeps newest1000 with mixed page order older=false (4.259ms)
✔ PR18 cap keeps newest1000 with mixed page order older=true (3.985833ms)
✔ PR18 A3 invalid_ref remains a definite 422 refusal (0.044209ms)
✔ PR18 a full history buffer stops paging without discarding rows or advancing its cursor (0.10575ms)
✔ K3 reply text rejects every C0/C1 control except newline (0.280917ms)
✔ PR18 scan exhaustion parser requires a trusted explicit boolean (0.292666ms)
✔ PR18 approved seq DTO parser accepts safe numbers and explicit history null (0.19475ms)
✔ SQL operation marks map to every merchant-visible delivery state (0.03775ms)
✔ real bridge sealCursor uses payload.signature rather than plain base64url (8.416625ms)
✔ A2 grammar refuses private/duplicate/ambiguous cursors and keys on reads (0.753125ms)
✔ A3-A5 exact comment ref and bodies; explicit preemption private only (0.117375ms)
✔ A4/A5 preserve frozen refusal codes, never provider/debug text (0.036708ms)
✔ reset invalidates old buffers and cursor before reread; older page cannot advance live cursor (0.102042ms)
✔ filter resources have only authorised opaque ids; backoff is capped and success resets (0.054083ms)
ℹ tests 80
ℹ suites 0
ℹ pass 80
ℹ fail 0
ℹ cancelled 0
ℹ skipped 0
ℹ todo 0
ℹ duration_ms 517.573375
✔ Host subset: nested Provider and React19 context shadow defaults without sibling leakage (8.917916ms)
✔ Host subset: provider updates reach stable children and separate roots keep their own values (0.208458ms)
✔ Host subset: render errors restore context and hook ownership (0.211791ms)
✔ Host subset: portal children inherit logical context and retain handlers/state (0.304667ms)
✔ Host subset: portal target/key changes remount children and removal runs cleanup (0.150083ms)
✔ Host subset: createPortal rejects invalid DOM targets rather than swallowing children (0.08525ms)
✔ W3U3 ledger actual comes from an independent observation (4.528875ms)
✔ W3U3 ledger records failed observed criteria rather than constant PASS (3.97275ms)
✔ W3U3 denied 401 resets busy and running without remount (12.343708ms)
✔ W3U3 denied 403 resets busy and running without remount (1.429958ms)
✔ W3U3 denied 404 resets busy and running without remount (1.299167ms)
ℹ tests 11
ℹ suites 0
ℹ pass 11
ℹ fail 0
ℹ cancelled 0
ℹ skipped 0
ℹ todo 0
ℹ duration_ms 239.074333
✔ secondary failures preserve A1; only A1 is periodic; IG notice follows the platform/embeddability observation (179.437334ms)
✔ the existing console refresh also explicitly refreshes its parent list; no automatic list read (12.321375ms)
✔ parent forwards only an explicit refresh callback and retains the scene when list is unavailable (6.690209ms)
✔ every explicit browser response/event/navigation waiter has a finite sub-test budget (7.083708ms)
✔ A1 failures back off 3/6/12/24/30 seconds and success resets to five seconds (70.622791ms)
✔ Retry-After is a minimum; hidden tabs cancel polling; forbidden locks and conceals (32.707584ms)
✔ secondary reads are mount/refresh only, independent from A1 and non-fatal (18.526042ms)
✔ UNKNOWN journal restores the exact key/method/path/body and explicit retry after reload (21.732209ms)
✔ first definite 403 clears journal but locks commands; late success after navigation clears only its own key (24.941583ms)
✔ private reads preserve Retry-After seconds and dates, without changing existing error codes (17.868583ms)
✔ a restored in-flight or UNKNOWN request retains its journal after a replay 403 (51.809458ms)
✔ restored copy success dispatches completion only in the still-current scene (29.057125ms)
✔ SessionCopy resyncs closed same-ID titles, preserves open edits and cancels to latest draft (19.473167ms)
✔ SessionCopy submit uses latest version; UNKNOWN request survives later draft/input changes (18.065792ms)
ℹ tests 14
ℹ suites 0
ℹ pass 14
ℹ fail 0
ℹ cancelled 0
ℹ skipped 0
ℹ todo 0
ℹ duration_ms 482.136583
✔ claims window modes match Go constants and every SQL match_mode CHECK (7.502917ms)
✔ host prompt stays verbatim at the frozen trunk contract; Japanese is absent (1.871375ms)
✔ bundle parser accepts manual (labelled) and Meta (unlabelled) bundles (0.50225ms)
✔ bundle parser rejects unknown platforms and label/platform mismatches (0.136792ms)
✔ offer parser carries the live price and rejects every out-of-range or missing field (0.220625ms)
✔ library and import parsers are closed; removal receipt is the only version-0 shape (0.181ms)
✔ price input: exact decimal minor units, never float, bounded to the currency's places (7.505041ms)
✔ live-tools copy exists in all three locales with the same conflict reasons (0.382708ms)
✔ claims BFF allowlist is exactly M1–M7 per method (2.963042ms)
✔ M7 link response shape is closed (0.352167ms)
✔ host prompt copy is the frozen text, verbatim (0.31125ms)
ℹ tests 11
ℹ suites 0
ℹ pass 11
ℹ fail 0
ℹ cancelled 0
ℹ skipped 0
ℹ todo 0
ℹ duration_ms 91.657958
NOT_RUN: tests/media/r04-input-runner.test.mjs (COMMERCE_R04_LIVEKIT_BINARY unset)
✔ main/detail/sku caps use the existing frozen image contract (0.545458ms)
✔ phone and tall dimensions fit2000 without enlarging small assets (0.123291ms)
✔ upload query requires one exact role and sku value; reads/actions carry no query (0.31725ms)
✔ role transport encodes current option values and refuses invalid identities (0.136084ms)
✔ effective image axis follows current options, then falls back to first (0.059208ms)
✔ detail and option photos cannot satisfy the main-photo recommendation (0.05275ms)
✔ PM-U copy has matching keys in ja and all currently routed locales (0.100625ms)
✔ real-upload mode builds both Next applications on a clean CI checkout (9.264ms)
✔ upload recovery journal survives a new session while remaining product/store scoped (0.094459ms)
✔ an option upload receipt requires its captured axis, value and image id on canonical readback (0.090333ms)
✔ failed durable recovery storage cannot authorize a media write (0.073125ms)
✔ an active product needs a main image after canonical media is known; repair paths stay possible (0.047334ms)
✔ empty media sections render a readable localized placeholder until photos are present (4.272583ms)
✔ real-upload mode never exits through the storefront MOCK shortcut (28.704417ms)
✔ a valid active zero-main product keeps an inline repair hint rather than a page error (3.2065ms)
✔ a new product issues the image-axis stage only for a chosen axis (0.661917ms)
ℹ tests 16
ℹ suites 0
ℹ pass 16
ℹ fail 0
ℹ cancelled 0
ℹ skipped 0
ℹ todo 0
ℹ duration_ms 236.02675
(node:80247) ExperimentalWarning: Transform Types is an experimental feature and might change at any time
(Use `node --trace-warnings ...` to show where the warning was created)
✔ a fitting PNG keeps the exact original File, bytes and alpha-capable format (0.800292ms)
✔ a JPEG exactly at both limits remains original, not a lossy re-encode (0.213209ms)
✔ an oversized phone JPEG is encoded below the cap after oriented scaling (0.503542ms)
✔ a large transparent PNG stays alpha-capable and is never painted with an opaque matte (0.371625ms)
ℹ tests 4
ℹ suites 0
ℹ pass 4
ℹ fail 0
ℹ cancelled 0
ℹ skipped 0
ℹ todo 0
ℹ duration_ms 78.385125
✔ HTTPS picklist fixture carries Secure session cookies automatically while preserving CSRF refusals (84.424792ms)
✔ batch controls stay compact until an order selection or live-session scope exists (0.110625ms)
✔ selection has XOR bodies, canonical unique IDs and separate 500/100 limits (0.303709ms)
✔ cross-page selection retains existing rows, deduplicates and refuses overflow atomically (0.611292ms)
✔ pick projection rejects PII/extra keys, invalid quantities and unmatched order identities (0.443958ms)
✔ batch replies bind one-for-one to confirmed orders and preserve uncertainty code (0.099459ms)
✔ pick/export POSTs reject keys and all query variants except one exact template (1.499ms)
✔ CSV filename binds to selected template and store; no path/header injection (0.15375ms)
✔ MOCK browser fixture list matches the incumbent closed order parser (10.767541ms)
✔ recovery never clears an unknown or missing current attempt (0.121ms)
✔ recovery and order-detail MOCK fixtures satisfy real read parsers (5.834583ms)
✔ order selection can read its session fence during SSR without browser globals (0.702958ms)
✔ MOU keeps native headed checks runnable on a Linux CI worker without DISPLAY (10.426916ms)
✔ pick fixture serves the scoped parcel reads required by the orders page (4.717125ms)
ℹ tests 14
ℹ suites 0
ℹ pass 14
ℹ fail 0
ℹ cancelled 0
ℹ skipped 0
ℹ todo 0
ℹ duration_ms 320.971791
✔ bodyless dissolve DELETE (empty body stream, no content-length) reaches Go with the CAS query, no body, no key (12.719375ms)
✔ every parcel DELETE must carry exactly one expected_version >= 1 (never forwarded without it) (1.46975ms)
✔ a DELETE that declares a body or chunked framing is refused (0.279417ms)
✔ DELETE needs the session, origin and CSRF like every command; other DELETEs stay unsupported (0.747209ms)
✔ GET parcel-groups (open groups read) and merge-suggestions pass with no query; a query or key is refused (4.525208ms)
✔ actual MOU parcel runner selects and collects the real parcel browser case (275.118292ms)
✔ merge suggestions accept the frozen shape (server-masked recipient) and reject drift (1.033459ms)
✔ created group requires the OPEN state and its members (0.117125ms)
✔ dissolved group is exactly id/state/version (0.074667ms)
✔ group shipment carries one SHIPPED version per member (1.307042ms)
✔ open groups (GET parcel-groups) accept the frozen shape and fail closed on drift (2.048417ms)
✔ reconcile: a reload rebuilds OPEN panels, a vanished OPEN group is dropped, history and live versions are kept (0.254375ms)
✔ three locales cover the same keys and every refusal code (0.227625ms)
✔ the owner-ruling sentence is exact in all three locales (0.057958ms)
✔ the in_parcel_group copy is the same sentence in parcels-copy (blocked + errors) and orders-copy, in every locale (0.072541ms)
✔ groupOfOrder prefers the OPEN group over retained SHIPPED/DISSOLVED history (0.137959ms)
✔ parcelOrderNumber is the canonical LC-<32 uppercase hex> order number and matches the open-group parser (0.133334ms)
✔ parcel refresh generation: bumped by every successful poll, whatever the cursor (0.040625ms)
✔ parcel refresh generation: an in_parcel_group refusal bumps it, other refusals do not (0.046208ms)
✔ exactly the five W3-07B resources route (0.483166ms)
✔ dissolve carries exactly ?expected_version=N (N >= 1) (0.097125ms)
✔ readMergeSuggestions 401 immediately purges parent scope and refuses late sibling 200 (15.382167ms)
✔ readMergeSuggestions 403 immediately purges parent scope and refuses late sibling 200 (3.766583ms)
✔ readMergeSuggestions 404 immediately purges parent scope and refuses late sibling 200 (3.115042ms)
✔ readOpenParcelGroups 401 immediately purges parent scope and refuses late sibling 200 (2.799458ms)
✔ readOpenParcelGroups 403 immediately purges parent scope and refuses late sibling 200 (2.915292ms)
✔ readOpenParcelGroups 404 immediately purges parent scope and refuses late sibling 200 (4.483083ms)
✔ readMergeSuggestions 503 preserves parent and local retry recovers actual DTOs (3.826666ms)
✔ readOpenParcelGroups 503 preserves parent and local retry recovers actual DTOs (4.049583ms)
✔ captured parent groups callback refuses hidden scope (1.652458ms)
ℹ tests 30
ℹ suites 0
ℹ pass 30
ℹ fail 0
ℹ cancelled 0
ℹ skipped 0
ℹ todo 0
ℹ duration_ms 340.102
✔ exactly the nine W6-01B resources are admitted, each only under its own method (0.717917ms)
✔ the customer list is claimed only when a tag filter is present (customers-request.ts stays the owner otherwise) (0.074917ms)
✔ near misses are refused (no generic proxying) (0.073875ms)
✔ reads: no body, no key, no transfer-encoding; tag-list takes no query at all (66.300292ms)
✔ customer-list query: closed keys, tag must be a canonical uuid, list bounds identical to customers-request (1.396708ms)
✔ note-list query: only limit and after, with the customers-list bounds (0.341667ms)
✔ writes: exactly one well-formed Idempotency-Key; the two DELETEs carry no body but still need the key (2.805875ms)
✔ validTagName mirrors Go (NFC first, 1..20, trimmed, no control/Cf) (0.812792ms)
✔ validNoteBody mirrors Go (1..1000, not blank, only \n \r \t controls) (0.244167ms)
✔ tag-create body: closed keys, valid name and one of the eight colors (0.204125ms)
✔ tag-patch body: at least one of name/color, nothing else (0.080292ms)
✔ owner-tags body: tag_ids (<=100 canonical uuids) + 64-hex revision, exact keys (0.143666ms)
✔ note bodies: create {body}; patch {body, version>=1}; deletes and reads carry no body at all (0.151875ms)
✔ parseTagCatalog decodes {items: TagRecord[]} with the store-catalogue bounds (0.713ms)
✔ parseTagSet / parseDeletedTag / parseDeletedNote decode the frozen write receipts (0.207666ms)
✔ parseNoteRecord / parseNotePage decode notes with the Go note rules (1.2725ms)
✔ customer-tags copy: three locales, identical key sets, the integrator's ruled note-privacy text verbatim (0.22325ms)
✔ components wire the ruled copy and the tag/note controls the specs click (0.947042ms)
✔ tag read names must already be trimmed NFC and Unicode code-point bounded (0.127583ms)
✔ session change before network sends nothing (5.614125ms)
✔ session changes after network or during body parse drop the response (24.608833ms)
✔ transient session digest failure is settled only before dispatch (4.514041ms)
✔ lost response followed by a changed session is UNKNOWN after dispatch (2.753333ms)
✔ lost response does not auto-retry; explicit replay keeps method/key/payload/scope (1.99275ms)
✔ 5xx or malformed success is uncertain, coded refusal is settled (14.500708ms)
✔ passive tag/detail refresh preserves an unsaved new-note draft (30.693792ms)
✔ passive refresh updates visible notes but preserves edit draft and original CAS version (0.838167ms)
✔ explicit refresh signal clears old edit draft while passive array changes do not (0.58125ms)
✔ an unauthorized note read clears private note bodies and the draft (15.048375ms)
✔ a transient note read failure keeps the notes already shown (2.524959ms)
✔ an unauthorized note read signals the global logout once; a transient failure does not (7.220625ms)
✔ non-privacy writer: own notes keep Edit and Delete on a fresh mount, others' notes do not (3.435708ms)
✔ notes forbidden/not_found signals scope loss exactly once per mount, never on transient failure (21.611917ms)
✔ bad path/store/method/query/header is refused without authority or backend calls (13.855083ms)
✔ the actual proxy admits a tagged customer list with scoped search/cursor and rejects malformed tag authority (2.380208ms)
✔ signed-out/cross-store/Origin-CSRF denials short circuit before body or forwarding (0.317625ms)
✔ closed bodies and DELETE payloads cannot reach Go (0.992ms)
✔ all write methods preserve exact key/body/store and private success status (1.5005ms)
✔ note pagination preserved and hostile backend errors/bodies sanitized (6.4455ms)
✔ a catalogue forbidden or not_found asks the parent to re-run its guarded reads, with no logout (134.722416ms)
✔ transient catalogue failures stay local; unauthorized logs out but is not a scope loss (42.683ms)
✔ after a tag write the manager stays mounted: the catalogue refreshes in place, never reloads (13.756083ms)
✔ a manager-reported scope loss reloads the customer list and catalogue guarded reads (6.74975ms)
✔ CustomerDetail forwards a scope-lost signal to the guarded read once per page (12.136583ms)
✔ badges are escaped server tag facts with human-readable names (6.425583ms)
✔ actual customer notes render privacy notice, safe content, author fallback and read-only permissions (10.578333ms)
✔ unknown permissions and erased customer never offer note mutations (1.917958ms)
✔ write-only notes permit add but not edit/delete of notes the server does not mark own; privacy permission permits both (1.968416ms)
✔ manager trigger and all three localized buyer-export notices render through actual components (1.824083ms)
✔ UNKNOWN survives settled unauthorized retry until trusted success; fresh run ignored (1.732583ms)
✔ UNKNOWN survives settled forbidden retry until trusted success; fresh run ignored (0.451041ms)
✔ UNKNOWN survives settled version_changed retry until trusted success; fresh run ignored (0.362208ms)
✔ first-attempt preflight refusal is settled and permits a fresh action (0.342583ms)
✔ UNKNOWN and in-flight retries prevent duplicate dispatch; unmount discards stale outcome (0.323417ms)
✔ an unauthorized write signals the global logout; forbidden does not (0.481291ms)
✔ UNKNOWN command survives unmount/remount: still locked, same-key retry, cleared by trusted success (3.272083ms)
✔ a command unmounted while in flight is treated as UNKNOWN on remount (0.408625ms)
✔ a session boundary change drops the remembered UNKNOWN command (1.931375ms)
✔ a guarded read that ends signed-out signals the global logout once (2.457334ms)
✔ forbidden/unavailable failures and a successful read signal no logout (13.510333ms)
✔ refresh ending signed-out clears the view, blocks and signals the global logout once (14.123792ms)
✔ refresh ending forbidden or not-found clears the data without a logout (9.864334ms)
✔ a transient refresh failure keeps the ready view and signals nothing (8.843584ms)
✔ exactly the eight report GETs are admitted; every other method or path is refused (1.1655ms)
✔ report reads: query required, no body, no key, no transfer-encoding (11.31775ms)
✔ from/to: exactly once each, calendar-valid days, 0..91 apart (0.345959ms)
✔ session_id: only on the funnel (json and csv), a canonical uuid, once (0.232291ms)
✔ parseProductReport: echoed range/zone, <=1000 rows sorted by net desc, net = captured - refunded (4.54075ms)
✔ parseChannelReport: closed vocabulary order, money per environment strictly ascending, I05 inside every bucket (0.423459ms)
✔ parseFunnelReport: nested counts, session echo, ordered_without_link bound (0.243583ms)
✔ parseManualReport: nullable principal/session ids, bucketed money like channels (0.185542ms)
✔ reports copy: three locales, identical key sets, the integrator's ruled money annotation verbatim (0.17725ms)
✔ Reports.tsx: four tabs, CSV per tab, ruled annotation, CSS/SVG charts only (no new dependencies) (1.046ms)
✔ report CSV closed headers use actual Go slug, echoed dates and private no-store (0.287958ms)
✔ report response projection rejects unknown keys, mismatched range and non-private responses (1.330708ms)
✔ manual buckets follow Go's uncapped row count rather than a made-up 500-row limit (8.002209ms)
✔ display sorts only inside currency/environment groups, never sums money or mutates server rows (23.174084ms)
✔ page report query accepts exactly the four report names and defaults to products (0.070042ms)
✔ actual product table renders offline separately, both modes, no UUID copy and sortable headers (24.219208ms)
✔ actual channel chart exposes exact numbers and both money modes using SVG (0.806375ms)
✔ actual funnel has four stages, nested widths and truthful zero-denominator text (1.252875ms)
✔ manual table resolves authorized labels, has honest fallback, and never presents UUIDs (1.435667ms)
✔ all report views render localized empty states (0.498792ms)
✔ actual BFF refuses malformed query, unknown store/session, disabled auth and missing CSV fences before Go (47.019625ms)
✔ actual BFF closed JSON projection and CSV scope/query preserve trusted token; no forwarded client authority (13.756958ms)
✔ actual BFF permission and malformed CSV response fences do not masquerade as a download (12.384625ms)
✔ audited browser GET accepts same-origin Fetch Metadata plus CSRF, never cross-site or forwarded Host (17.236708ms)
✔ actual CSV client preflight sends nothing after session change, and a lost audit response is uncertain with no retry (8.209833ms)
✔ actual CSV client refuses stale-session bytes and downloads only a closed private response (5.458541ms)
✔ report leaf gives the actual trusted fetch 65 seconds, rejects redirects and forwards only server bearer (3.011833ms)
✔ incoming request cancellation aborts the real report fetch once, returns safe unavailable and never retries (6.117625ms)
✔ CSV final synchronous fence conceals bytes when cancellation, hide or cookie rotation happens inside final await (19.586917ms)
✔ CSV end-to-end deadline covers store lookup and report budget; aborted preflight sends no audited request (7.03825ms)
✔ an uncertain export stays locked for its scope after another scope's export (3.203959ms)
✔ an uncertain export scope persists per store in tab storage and re-locks a fresh render (23.061958ms)
✔ unavailable tab storage fails closed to the in-memory lock without throwing (3.261792ms)
✔ export lock is stored before dispatch; refused/delivered outcomes release it, uncertain and cut-short keep it (32.898292ms)
✔ releasing one scope keeps the other uncertain scopes of the store (6.087ms)
✔ export is refused and nothing is dispatched when the lock cannot be saved (denied, full or no storage) (5.979833ms)
✔ copy for an unsaved export lock exists in every locale (0.102417ms)
✔ product sort query parses strictly and defaults to net_minor descending (0.164ms)
✔ legacy-store permission probe: forbidden/not-found/signed-out fail the read closed, transient falls back (9.413875ms)
✔ channel and funnel data retain their applied dates while draft dates wait for Show (84.996417ms)
✔ an uncertain export lock is bound to the session boundary, so a different user does not inherit it (18.17075ms)
✔ Finance landing links to reports under the same canSeeReports rule (7.802791ms)
✔ selected tag survives searches and cursor pagination while an empty filter is omitted (58.83075ms)
✔ customer list dispatch preserves legacy requests and sends every tag query to the closed W6 authority (217.052083ms)
✔ customers reports link is hidden only when permissions are present and lack orders:read (0.119958ms)
✔ reports are a finance subpage and preserve the existing single finance navigation entry (0.111291ms)
✔ an authoritative erased customer immediately unmounts the cached private tags/notes subtree (19.605166ms)
✔ the actual customer row shows manual tags and imported status without changing consent (6.859416ms)
✔ P1 actual tag DELETE accepts an empty Next-style stream without JSON MIME (348.057625ms)
✔ P1 actual note DELETE accepts an empty Next-style stream without JSON MIME (1.058709ms)
✔ P1 body-carrying tag writes still require JSON MIME through the real BFF (0.24675ms)
✔ P2 customer bare/encoded tag keys are invalid422 through the actual leaf before any backend (2.655917ms)
✔ P2 report products real session/CSRF response is private and Vary Cookie (0.93375ms)
✔ P2 report products.csv real session/CSRF response is private and Vary Cookie (0.3075ms)
✔ P2 report malformed query and wrong CSRF are rejected by actual helpers before upstream (0.215084ms)
ℹ tests 118
ℹ suites 0
ℹ pass 118
ℹ fail 0
ℹ cancelled 0
ℹ skipped 0
ℹ todo 0
ℹ duration_ms 909.032709
✔ real coded errors retain baseline classification and normalize import leaf cache to private,no-store (39.703708ms)
✔ preflight missing CSRF is definite and sends nothing; actual route CSRF and session refusals stay definite (4.218209ms)
✔ actual route uses real cookies/store membership and method/error envelopes, no helper substitutions (2.717042ms)
✔ actual client/route preserves original Blob bytes, trusted transport and privacy projection on200/409 (1.8075ms)
✔ success or stale preview must remain private; malformed/unknown/mismatched coded errors are uncertain after commit (2.399584ms)
✔ lost/unreadable/session-changed dispatched commit remains UNKNOWN; no automatic retry (0.936791ms)
✔ actual failed-only result route strips IDs and real final session/cancel fence exposes no download (1.210833ms)
✔ actual route refuses unknown resource/query and duplicate session cookies before any upstream call (0.426625ms)
✔ actual route incoming cancellation aborts one dispatched transport and preserves client UNKNOWN (6.47575ms)
✔ real coded error cache may not be public, and closed payload may not acquire data-bearing fields (4.027166ms)
✔ copy still exposes specific merchant field reasons across three locales (3.069167ms)
✔ all real local and upstream import refusals including HEAD/unsupported are exact private,no-store (0.470959ms)
✔ fresh mismatched receipt stays UNKNOWN, exact manual replay mismatch becomes terminal without a third send (1.084917ms)
✔ terminal is impossible for malformed replay receipts or matching replayed counts (0.748875ms)
✔ Big5 bytes pass unchanged to upstream and real422 import envelope surfaces encoding_not_utf8 (0.40825ms)
✔ oversize file uses the actual header guard and specific size guidance in all locales without dispatch (10.002708ms)
✔ commit uses the original requested mapping, including an empty optional field, not resolved preview metadata (4.915584ms)
✔ an UNKNOWN commit remains locked through a later forbidden retry and only explicit same-file success unlocks (1.936917ms)
✔ leaving during a dispatched commit drops its payload and keeps an unconfirmed boolean without replay (2.369ms)
✔ a definite first preflight refusal clears pending before sign-out and does not invent an unconfirmed import (2.662541ms)
✔ a replayed mismatched receipt ends UNKNOWN without offering another retry or unlocking historical orders (24.492042ms)
✔ real cookie and CSRF helpers generate and validate the actual host-cookie pair (1.112958ms)
✔ exact route rejects methods/keys/body/query/scope before any upstream request using real localError (2.712709ms)
✔ missing/duplicate session cookies reject and real clearAuthCookies expires session and CSRF (0.808291ms)
✔ actual authenticatedStores denies a store absent from the server projection (0.683375ms)
✔ private success routes server cookie token and exact canonical after, never caller bearer/cookie to Go (1.172708ms)
✔ actual safeError/localError preserve coded status with no-store and redact upstream diagnostics (1.085208ms)
✔ actual readBody and strict projection refuse MIME/oversize/extra private fields/city; network loss stays private (1.381708ms)
✔ actual client issues GET50/after through real route/private successful projection (9.567083ms)
✔ actual helper-issued browser fence rejects changed parent before dispatch (1.225375ms)
✔ private success from real route is discarded when the browser session changes during upstream read (2.041125ms)
✔ real localError no-store 401/403/404/503 preserves correct read category with no retry (4.268125ms)
✔ malformed sensitive backend projection becomes real unavailable, never a fake BFF success (0.64325ms)
✔ strict archive rows decode external order text, safe minor units and public keys (1.703833ms)
✔ PII-shaped city and extra sensitive fields never pass the safe projection (0.2845ms)
✔ all canonical Go cities pass; malformed types/bounds/order/time/money/cursor fail (0.430333ms)
✔ read grammar is exact limit/after, not the stale brief's cursor name (9.855792ms)
✔ three locales retain truthful history-not-revenue basis and copy parity (0.155958ms)
✔ SSR renders actual safe rows, shared money/time, total count and read-only three-locale basis (61.714917ms)
✔ SSR distinguishes empty archive, 403, session loss and unavailable without stale rows/count (2.840333ms)
✔ actual pagination callbacks use opaque trail; double click cannot skip; refresh/scope reset page1 (1.134375ms)
✔ the static import subpage wins over customer detail and leaves the single customers nav intact (0.343459ms)
✔ the actual list offers import only to privacy holders and carries the current authorized store (126.795542ms)
✔ the actual detail mounts archive only for an active imported customer and passes its fenced identity (17.363084ms)
✔ MIUI-READY-VISIBLE-STORE actual signed helper waits on the visible selector and retains cookie/wizard assertions (134.882375ms)
✔ MIUI-READY-DENIED read-only staff reaches the real shell refusal instead of waiting for a private wizard (4.679417ms)
✔ failure verdicts precede successful rows, by source row number, without mutating the input (0.567208ms)
✔ the failure download contains only failed row metadata, with no source cell or success identifier (0.191167ms)
✔ reads quoted/BOM header only, without decoding malformed bytes from data rows (1.316584ms)
✔ guess only unique metadata aliases with explicit unmapped values (0.217708ms)
✔ shared dynamic leaf admits only exact import methods/actions and bounded mapping/count (9.075417ms)
✔ failed CSV emits only row/outcome/code, refusing any unexpected identifier or raw cell (0.173875ms)
✔ raw-byte cap does not decode/rebuild uploads and cancels oversized chunks (1.624625ms)
✔ backend privacy projection strips all source IDs on successful and failed rows (0.852416ms)
✔ closed preview parser refuses data-bearing rows, unknown keys and inconsistent counts (0.212584ms)
✔ order preview counts units while first CSV record numbers can exceed rows_total (0.069458ms)
✔ commit receipt has exactly five keys and no extra customer cells (0.081834ms)
ℹ tests 57
ℹ suites 0
ℹ pass 57
ℹ fail 0
ℹ cancelled 0
ℹ skipped 0
ℹ todo 0
ℹ duration_ms 483.809459
✔ G-UI8 storefront pages and the sweep's STOREFRONT_ROUTES are the same set (1.13075ms)
✔ parseShard: i/N, empty means unsharded, anything malformed throws (0.205125ms)
✔ assignShards: deterministic, every key owned once, near-balanced (LPT bound) (0.871958ms)
✔ planClick: for every N the shards partition the whole universe (every registry route x variant, storefront walk, journey) (1.483458ms)
✔ planClick at N=10 keeps every shard within ~1.3x of the mean planned cost (0.163833ms)
✔ aggregate click: honest shards pass for several N (2.40725ms)
✔ aggregate click: a missing shard, a dropped page row, a lost journey, a failing row, a stale known defect and a missing platform marker are each a failure (3.029167ms)
✔ aggregate click: a route added to the registry after the shards ran cannot pass (the registry is re-read) (0.344333ms)
✔ aggregate visual: honest shards pass; a missing shard, a missing shot, a blocking verdict and a registry route outside the universe each fail (4.547167ms)
✔ artifact discovery finds nested run evidence and retains platform marker refusal (2.922875ms)
ℹ tests 10
ℹ suites 0
ℹ pass 10
ℹ fail 0
ℹ cancelled 0
ℹ skipped 0
ℹ todo 0
ℹ duration_ms 82.04275
ci-plan: 10 job(s); click-sweep x10 (aggregate)
  --browser-click-sweep@1/10  -> artifact gate-browser-click-sweep_1_10
  --browser-click-sweep@2/10  -> artifact gate-browser-click-sweep_2_10
  --browser-click-sweep@3/10  -> artifact gate-browser-click-sweep_3_10
  --browser-click-sweep@4/10  -> artifact gate-browser-click-sweep_4_10
  --browser-click-sweep@5/10  -> artifact gate-browser-click-sweep_5_10
  --browser-click-sweep@6/10  -> artifact gate-browser-click-sweep_6_10
  --browser-click-sweep@7/10  -> artifact gate-browser-click-sweep_7_10
  --browser-click-sweep@8/10  -> artifact gate-browser-click-sweep_8_10
  --browser-click-sweep@9/10  -> artifact gate-browser-click-sweep_9_10
  --browser-click-sweep@10/10  -> artifact gate-browser-click-sweep_10_10
✔ the full sweep and the full visual lint fan out into every shard and ask for the aggregate (0.863208ms)
✔ foundation-shards = the unit shard + every plan group; the serial `foundation` mode is untouched (1.504667ms)
✔ an explicit shard re-run (or a partial list) never claims the whole-run aggregate (0.122125ms)
✔ duplicates collapse, artifact names are safe and unique, bad input is refused (0.347792ms)
✔ main writes matrix / sweep_n / visual_n to GITHUB_OUTPUT (1.490667ms)
✔ mode discovery has no Docker/build dependency and includes the existing universe (29.376833ms)
✔ dry-run resolves a mode without executing dependencies and keeps its command environment (61.681833ms)
✔ one appended case is discovered and dispatched; malformed and duplicate registry entries fail closed (42.225917ms)
✔ registry discovery cannot silently lose indented, aliased or unrecognised Bash case arms (2.865833ms)
✔ ordinary and sharded browser jobs require only Chromium; default mixed modes keep WebKit (4.580458ms)
✔ explicit WebKit calibration takes the union without dropping Chromium (0.979667ms)
✔ every current browser arm declares requirements; unknown or missing declarations fail closed (18.498792ms)
✔ coverage assertion derives mixed Go roots and catches a new mode reusing them (73.51275ms)
✔ installer retries transient dependency failure at most three times under root timeouts (2378.0625ms)
✔ persistent dependency failure stops after three attempts and never downloads browsers (1877.725416ms)
✔ mixed engine installer preserves both dependencies and both binaries; first success needs no retry (1760.121209ms)
✔ invalid browser set cannot invoke dependency installer or browser downloads (352.032875ms)
✔ dependency CLI resolves from the directly declared package in the frozen pnpm installation (1776.800167ms)
✔ workflow keeps the overall fifteen-minute bound and partitions cache by planned engine set (0.864708ms)
✔ backend-only paths run foundation-shards only (0.808917ms)
✔ node tests of deploy scripts and of the CI planner are backend-only (they cannot change a browser) (1.134708ms)
✔ a UI path adds the whole browser set, including click-sweep and visual-lint (4.552208ms)
✔ docs-only and output-only diffs keep the single required check (foundation-shards) (0.250625ms)
✔ legacy browser_* paths still select all browsers; a known untagged foundation file stays backend-only (0.45675ms)
✔ legacy deploy prefixes remain selected and unrelated paths do not select smoke (1.695167ms)
✔ the browser set is release-gate's browser-mode universe minus the documented exclusions (55.220792ms)
✔ every real browser-tagged foundation file selects registry browser modes, including non-browser names (55.280792ms)
✔ tagged runner discovery follows registry additions, command arrays and line continuations (0.934083ms)
✔ deploy smoke is selected for its workflow, verdict/helpers and executable test inputs (1.50775ms)
✔ new selection never drops legacy modes or deploy for any tracked path (417.551917ms)
✔ CLI classifies merge-base and explicit head, including removed tags, deleted files and renames (410.106958ms)
✔ CLI selects modes the base added after divergence when the checkout is the PR merge (PR #22 review P1) (209.302083ms)
✔ CLI reads the merge checkout's source when the base adds a browser tag after the fork (PR #22 review P1) (195.815917ms)
✔ CLI explicit head and stdin include tags outside the checkout and uncommitted tag removals (186.325625ms)
✔ compound/legacy tags and unknown source are conservative; known untagged source stays backend-only (3.386375ms)
✔ explicit-head CLI derives tagged runner modes from that head's real registry (164.772208ms)
✔ real Git CLI preserves legacy selection: quotePath=true, "架构.md" (141.376209ms)
✔ real Git CLI preserves legacy selection: quotePath=true, "internal/示例.go" (142.775375ms)
✔ real Git CLI preserves legacy selection: quotePath=true, "tests/foundation/plain\tname_test.go" (157.988208ms)
✔ real Git CLI preserves legacy selection: quotePath=true, " deploy/scripts/synthetic-smoke.sh" (138.292625ms)
✔ real Git CLI preserves legacy selection: quotePath=false, "架构.md" (134.219375ms)
✔ real Git CLI preserves legacy selection: quotePath=false, "internal/示例.go" (132.239583ms)
✔ real Git CLI preserves legacy selection: quotePath=false, "tests/foundation/plain\tname_test.go" (136.178291ms)
✔ real Git CLI preserves legacy selection: quotePath=false, " deploy/scripts/synthetic-smoke.sh" (134.918959ms)
✔ stdin unions legacy trimming without trimming the source lookup path (77.185417ms)
✔ parser: only compiled, correctly-shaped Test functions of untagged _test.go files (1.071583ms)
✔ the real plan: every top-level test of tests/foundation runs in exactly one group (590.36275ms)
✔ a new test (in no list) still runs, exactly once, in the catch-all group; the same name with no catch-all is red (872.230833ms)
✔ a test listed in two groups is red; drift beyond the limit is red (907.225375ms)
✔ regexes: anchored explicit lists; the catch-all skips exactly everyone else's tests (0.340292ms)
✔ pack: deterministic, balanced to within the longest test, every name once (3.662958ms)
✔ parseDurations: top-level lines only (0.164958ms)
ℹ tests 52
ℹ suites 0
ℹ pass 52
ℹ fail 0
ℹ cancelled 0
ℹ skipped 0
ℹ todo 0
ℹ duration_ms 8298.150333
✔ PR18 real BFF preserves invalid_ref and cursor errors without upstream retry (17.15225ms)
✔ PR18 valid A2 Unicode/escaped pages exceed 1 MiB but A8 cap stays unchanged (118.244708ms)
✔ K3 comment-only no_source cannot widen the existing inbox error seam (3.74575ms)
✔ LC-U2a real BFF seam A2-A5 exact grammar, privacy, denial and no diagnostic reflection (5.363667ms)
✔ A8/A9/A13 and published templates: exact reads forward once with no-store (2.684458ms)
✔ real streamed POST bodies: A10-A14 exact keys reach upstream (4.45925ms)
✔ query, read headers, methods and body allowlists refuse before upstream (3.768458ms)
✔ session, CSRF and store authority precede content forwarding (0.861541ms)
✔ A12 fixed codes preserved; arbitrary upstream diagnostics stripped (4.558875ms)
✔ client preserves codes and receipt; changed/aborted session cannot publish private response (2.830084ms)
✔ A9 admits a full page of valid Unicode replies while bounding private response bytes (2.9255ms)
✔ non-JSON upstream 401 still expires both authentication cookies without diagnostic leakage (0.593833ms)
✔ real M7 response keeps no-referrer after matching Next production header rules (14.970333ms)
✔ three unit languages cover identical fixed labels and delivery states (0.682333ms)
✔ hiding aborts requests and rejects late responses, even after reveal (0.374833ms)
✔ switching selection invalidates both reads and write completions (0.060667ms)
✔ owner and explicit inbox permissions only; viewer fails closed (0.05325ms)
✔ Messenger counts Unicode codepoints; Instagram counts NFC UTF8 bytes (0.549625ms)
✔ uncertain transport retries retain the exact submission; definitive conflicts retire it (0.371959ms)
✔ privacy calibration cannot activate with production origin or ordinary caller env (0.126666ms)
✔ late focus/pageshow while native document remains hidden cannot reveal requests (0.077667ms)
✔ terminal navigation revocation cannot be undone by focus or refresh until a new page fence (0.051667ms)
✔ a ticket from another store/page fence is never accepted (0.046ms)
✔ focus while already visible preserves the active epoch and the uncertain reply receipt (0.081792ms)
ℹ tests 24
ℹ suites 0
ℹ pass 24
ℹ fail 0
ℹ cancelled 0
ℹ skipped 0
ℹ todo 0
ℹ duration_ms 293.5665
✔ installed APIRequestContext cookie rules exclude Secure cookie from HTTP127 but retain HTTPS/localhost (0.425333ms)
✔ actual INU02 cross uses browser auth and retains exact 404/DM absence (23.3165ms)
✔ actual INU02 cross still rejects wrong authority 401 (2.790167ms)
✔ actual INU02 cross still rejects wrong authority 200 (1.654625ms)
✔ actual INU02 cross still rejects DM in denied response (1.428792ms)
✔ actual INU02 denied uses browser auth and retains exact 403/DM absence (1.239292ms)
✔ actual INU02 denied still rejects wrong authority 401 (1.11125ms)
✔ actual INU02 denied still rejects wrong authority 200 (1.032458ms)
✔ actual INU02 denied still rejects DM in denied response (1.00375ms)
✔ actual login settles /en and fixture store (real switch, scoped=false) (17.732125ms)
✔ actual login settles /en and fixture store (real switch, scoped=true) (21.940125ms)
✔ actual login settles /en/inventory and fixture store (real switch, scoped=false) (3.981083ms)
✔ actual login settles /en/inventory and fixture store (real switch, scoped=true) (19.630458ms)
✔ actual login settles /en/messages and fixture store (real switch, scoped=false) (3.051083ms)
✔ actual login settles /en/messages and fixture store (real switch, scoped=true) (5.109834ms)
✔ actual login settles /en and fixture store (already selected, scoped=false) (3.816834ms)
✔ actual login settles /en and fixture store (already selected, scoped=true) (10.007459ms)
✔ actual login settles /en/inventory and fixture store (already selected, scoped=false) (3.096542ms)
✔ actual login settles /en/inventory and fixture store (already selected, scoped=true) (5.193792ms)
✔ actual login settles /en/messages and fixture store (already selected, scoped=false) (12.459667ms)
✔ actual login settles /en/messages and fixture store (already selected, scoped=true) (1.571125ms)
✔ bundle fixture uses real claim commands and mounts existing M6/M7 without issuing early (2.045333ms)
✔ sensitive bundle scenario clicks native clipboard with trace/video disabled and no token body reads (0.307917ms)
✔ persisted link and token-free command receipt are compared without disclosing credentials (0.326875ms)
✔ actual clipboard evaluator exports only safe summary and detects malformed or retained synthetic credentials (222.486375ms)
✔ claim-window fixture isolates recovery after the current migration permits multiple OPEN windows (2.56325ms)
✔ ordinary Playwright diagnostics still capture failed-page ARIA when private guard is absent (1.789042ms)
✔ sensitive worker lifecycle prevents actual installed snapshot capture without masking the failure (76.089709ms)
✔ worker restores prior environment even when use rejects (absent) (16.82225ms)
✔ worker restores prior environment even when use rejects (empty) (3.800833ms)
✔ worker restores prior environment even when use rejects (existing-policy) (1.508042ms)
✔ fixture is worker-auto and module collection does not suppress ordinary diagnostics (63.314791ms)
✔ ordinary matcher ARIA context bypasses fallback flag and remains in actual installed diagnostics (0.76275ms)
✔ private test teardown removes only matcher page context while preserving failure (failed status) (3.174083ms)
✔ private test teardown removes only matcher page context while preserving failure (rejected use) (1.325334ms)
✔ matcher guard is test-auto without replacing the installed artifact auto fixture (1.385333ms)
✔ real Playwright --list collects each original INU case and isolated INU09 exactly once (934.151167ms)
✔ Host subset: nested Provider and React19 context shadow defaults without sibling leakage (1.765416ms)
✔ Host subset: provider updates reach stable children and separate roots keep their own values (0.32475ms)
✔ Host subset: render errors restore context and hook ownership (0.423875ms)
✔ Host subset: portal children inherit logical context and retain handlers/state (0.208875ms)
✔ Host subset: portal target/key changes remount children and removal runs cleanup (0.147625ms)
✔ Host subset: createPortal rejects invalid DOM targets rather than swallowing children (0.096541ms)
✔ A real Inbox selection admits Go A9 attachments null without losing thread (43.525208ms)
✔ A real Inbox selection admits Go A9 attachments empty array without losing thread (5.145459ms)
✔ A malformed non-array A9 attachments is refused without painting DM or crashing selected entry (12.729166ms)
✔ C A8 HTTP200 empty list is ordinary data with no alert, selection or focus request storm (4.859ms)
✔ C A8 list404 is scoped inbox unavailable in en, never an empty list or conversation denial (4.47475ms)
✔ C A8 list404 is scoped inbox unavailable in zh-TW, never an empty list or conversation denial (4.041916ms)
✔ C A8 list404 is scoped inbox unavailable in zh-CN, never an empty list or conversation denial (3.414541ms)
✔ C click-sweep Go harness mounts existing Inbox/templates services (STRUCTURE_ONLY, Go NOT_RUN) (0.91275ms)
✔ C click-sweep includes actual-router owner200 empty inbox assertion (STRUCTURE_ONLY, Go NOT_RUN) (0.866375ms)
✔ inbox evidence is covered by the CI upload root (2.244416ms)
✔ failed Playwright closes its log and emits sanitized diagnostics before Fatalf (0.1095ms)
✔ failure diagnostics match INU cases/counts without admitting private text (0.597041ms)
✔ INU04 delayed handler 1 signals completion when fulfillment rejects (62.859334ms)
✔ INU04 delayed handler 2 signals completion when fulfillment rejects (16.366292ms)
✔ Host subset: nested Provider and React19 context shadow defaults without sibling leakage (2.607667ms)
✔ Host subset: provider updates reach stable children and separate roots keep their own values (0.319416ms)
✔ Host subset: render errors restore context and hook ownership (0.366083ms)
✔ Host subset: portal children inherit logical context and retain handlers/state (0.208292ms)
✔ Host subset: portal target/key changes remount children and removal runs cleanup (0.143125ms)
✔ Host subset: createPortal rejects invalid DOM targets rather than swallowing children (14.445709ms)
✔ recoveryDone waits for actual held M7 completion in zh-TW (25.091209ms)
✔ recoveryDone waits for actual held M7 completion in zh-CN (6.057417ms)
✔ recoveryDone waits for actual held M7 completion in en (3.577625ms)
✔ Host subset: nested Provider and React19 context shadow defaults without sibling leakage (1.012292ms)
✔ Host subset: provider updates reach stable children and separate roots keep their own values (0.333417ms)
✔ Host subset: render errors restore context and hook ownership (0.620458ms)
✔ Host subset: portal children inherit logical context and retain handlers/state (0.198208ms)
✔ Host subset: portal target/key changes remount children and removal runs cleanup (0.160708ms)
✔ Host subset: createPortal rejects invalid DOM targets rather than swallowing children (0.105375ms)
✔ review2 P1 bundle-only row opens real A13 and issues existing M7 claim link to clipboard (51.503916ms)
✔ review2 P1 clipboard denial recopy reuses cached issued URL without another M7 POST (8.573875ms)
✔ review2 P1 lost M7 ACK retries exact receipt and null replay token never mints a fresh key (8.457584ms)
✔ review2 P1 missing CSRF before cached recopy cannot copy or issue again (3.968875ms)
✔ review2 P1 missing CSRF before uncertain retry rejects preserved receipt dispatch (8.236375ms)
✔ review2 P1 late issued-link completion after hide cannot write clipboard (3.585459ms)
✔ review2 P1 late issued-link completion after selection cannot write clipboard (3.141958ms)
✔ review2 P1 late issued-link completion after unmount cannot write clipboard (3.279334ms)
✔ review2 P1 late issued-link completion after logout cannot write clipboard (3.38475ms)
✔ review2 P1 claim-link issuance denied without both live read/manage (inbox:read,live:read) (2.064542ms)
✔ review2 P1 claim-link issuance denied without both live read/manage (inbox:read,live:manage) (2.232875ms)
✔ review2 P1 missing authoritative recovery identity never guesses generation {"missingSession":true} (2.341709ms)
✔ review2 P1 missing authoritative recovery identity never guesses generation {"noBundle":true} (2.626417ms)
✔ review2 P2 exactly one matching binding uses named DM hard gate ok (6.596584ms)
✔ review2 P2 exactly one matching binding uses named DM hard gate review_required (2.931209ms)
✔ review2 P2 exactly one matching binding uses named DM hard gate missing_permission (3.275542ms)
✔ review2 P2 multiple same-provider bindings advisory only (dm_session:ok,dm_session:missing_permission) (2.060958ms)
✔ review2 P2 multiple same-provider bindings advisory only (dm_session:missing_permission,dm_session:reauth_required) (3.275292ms)
✔ review2 P2 multiple same-provider bindings advisory only (dm_session:ok,read_comment:missing_permission) (5.312083ms)
✔ review2 P2 multiple same-provider bindings advisory only (dm_session:review_required,dm_session:ok) (2.340542ms)
✔ review2 P2 actual scoped A12 409 capability refusal remains visible after advisory submit (17.004167ms)
✔ review2 P2 missing health and single binding without named DM remain disabled (5.976875ms)
✔ review2 P2 expired cached issued link cannot be recopied or silently reissued (7.096709ms)
✔ Host subset: nested Provider and React19 context shadow defaults without sibling leakage (1.014333ms)
✔ Host subset: provider updates reach stable children and separate roots keep their own values (0.184292ms)
✔ Host subset: render errors restore context and hook ownership (0.195167ms)
✔ Host subset: portal children inherit logical context and retain handlers/state (0.186291ms)
✔ Host subset: portal target/key changes remount children and removal runs cleanup (0.147208ms)
✔ Host subset: createPortal rejects invalid DOM targets rather than swallowing children (0.087375ms)
✔ P1-1 actual visible focus preserves pending ticket, selection, revision and real retry receipt (7.413458ms)
✔ P1-1 actual unchanged-session pageshow checks without clearing; changed-session focus expires (0.879166ms)
✔ P1-1 actual hide/reveal clears and requests fresh revision, never accepts obsolete completion (0.667208ms)
✔ P1-1 changed-session visible focus expires even with a pending request (0.244625ms)
✔ P1-2 actual A9 refresh 404 removes rendered DM and unsent draft (16.584667ms)
✔ P1-2 actual send-finally A9 404 removes DM, draft and uncertain immutable receipt (3.967334ms)
✔ actual uncertain send still retains exact receipt when A9 authority remains (0ms post-send A9) (2.940792ms)
✔ actual uncertain send still retains exact receipt when A9 authority remains (50ms post-send A9) (106.30225ms)
✔ actual A9 stale held completion cannot paint after component cleanup (1.07125ms)
✔ P2 actual A14 404 clears buyer facts and customer draft (explicit future-version MOCK) (1.781291ms)
✔ safe authority errors remain the actual InboxError transport class (0.080375ms)
✔ actual current A13 without version keeps A14 disabled; future MOCK grants no backend claim (0.676125ms)
✔ P1-2 actual A11 takeover write 404 clears private state despite failing follow-up A9 (0.95975ms)
✔ P1-2 actual A12 send write 404 clears private state despite failing follow-up A9 (0.765ms)
✔ A13 server orders omission remains distinct from authorized omitted data (0.453542ms)
✔ A13 server orders omission remains distinct from authorized empty data (0.292792ms)
✔ A13 server orders omission remains distinct from authorized populated data (0.307584ms)
✔ PR18 host digest hardening sync-throw (221.234875ms)
✔ PR18 host digest hardening never-settles (1446.236042ms)
✔ actual shell-store-selector captures selection before synchronous privacy teardown (allowed=true) (23.4975ms)
✔ actual shell-store-selector captures selection before synchronous privacy teardown (allowed=false) (1.659959ms)
✔ actual locale-switch captures selection before synchronous privacy teardown (allowed=true) (6.246166ms)
✔ actual locale-switch captures selection before synchronous privacy teardown (allowed=false) (1.390833ms)
✔ Host subset: nested Provider and React19 context shadow defaults without sibling leakage (1.104125ms)
✔ Host subset: provider updates reach stable children and separate roots keep their own values (0.172875ms)
✔ Host subset: render errors restore context and hook ownership (0.188708ms)
✔ Host subset: portal children inherit logical context and retain handlers/state (0.173708ms)
✔ Host subset: portal target/key changes remount children and removal runs cleanup (0.1395ms)
✔ Host subset: createPortal rejects invalid DOM targets rather than swallowing children (0.085542ms)
✔ persisted A9 UNKNOWN after page entry warns and blocks the real composer in en (27.251916ms)
✔ persisted A9 UNKNOWN after page entry warns and blocks the real composer in zh-TW (1.499083ms)
✔ persisted A9 UNKNOWN after page entry warns and blocks the real composer in zh-CN (1.364292ms)
✔ A12 queued ACK followed by final A9 UNKNOWN overrides the local queued notice and blocks another send (1.911375ms)
✔ a captured previously enabled composer cannot bypass final UNKNOWN learned by Refresh (2.630292ms)
✔ a later A9 page omitting the known UNKNOWN is not delivery reconciliation (1.679792ms)
✔ persisted queued is not mislabeled UNKNOWN and retains ordinary composer eligibility (0.559334ms)
✔ persisted sent is not mislabeled UNKNOWN and retains ordinary composer eligibility (0.481791ms)
✔ persisted failed is not mislabeled UNKNOWN and retains ordinary composer eligibility (0.518833ms)
✔ persisted blocked is not mislabeled UNKNOWN and retains ordinary composer eligibility (0.507167ms)
✔ fresh mount refuses when an old UNKNOWN is beyond 51 newer messages (fact=true) (1.28675ms)
✔ fresh mount refuses when an old UNKNOWN is beyond 51 newer messages (fact=null) (1.042417ms)
✔ fresh mount refuses when an old UNKNOWN is beyond 51 newer messages (fact=undefined) (1.388959ms)
✔ fresh mount refuses when an old UNKNOWN is beyond 51 newer messages (fact=false) (3.199042ms)
✔ a refreshed unknown authority replaces old clear authority even for a captured composer (1.619458ms)
✔ Host subset: nested Provider and React19 context shadow defaults without sibling leakage (41.788166ms)
✔ Host subset: provider updates reach stable children and separate roots keep their own values (0.226167ms)
✔ Host subset: render errors restore context and hook ownership (0.315208ms)
✔ Host subset: portal children inherit logical context and retain handlers/state (1.927417ms)
✔ Host subset: portal target/key changes remount children and removal runs cleanup (0.227ms)
✔ Host subset: createPortal rejects invalid DOM targets rather than swallowing children (0.112666ms)
✔ window strict eligibility with 300001ms before hard 24h deadline (14.421375ms)
✔ window strict eligibility with 300000ms before hard 24h deadline (1.668084ms)
✔ window strict eligibility with 60000ms before hard 24h deadline (0.967625ms)
✔ window strict eligibility with 0ms before hard 24h deadline (0.76275ms)
✔ window invalid server deadline fails closed without preparing a send (0.661125ms)
✔ window captured enabled form callback cannot POST after crossing safe cutoff (0.6625ms)
✔ window deadline timer closes controls at cutoff and hard end without waiting for 15s poll (0.881625ms)
✔ quota recovery gives exact zh-TW comment-quota and DM-window instructions beside copy only (0.350334ms)
✔ quota recovery gives exact zh-CN comment-quota and DM-window instructions beside copy only (0.08275ms)
✔ quota recovery gives exact en comment-quota and DM-window instructions beside copy only (0.082ms)
ℹ tests 161
ℹ suites 0
ℹ pass 161
ℹ fail 0
ℹ cancelled 0
ℹ skipped 0
ℹ todo 0
ℹ duration_ms 2622.1835
✔ browser evidence uses unique local runs or the selected harness parent without rewriting history (75.505292ms)
✔ browser evidence rejects labels that escape the harness directory before creating files (23.88275ms)
✔ shell isolates visual fixtures from a click ledger when caller reuses its evidence root (25.35575ms)
✔ ops disk guard allocation isolates its log and child evidence from committed history (9.470166ms)
✔ visual artifact upload selects lint/index/shots and excludes raw unrelated evidence (6.243042ms)
✔ visual reviewer discovers nested per-run artifact shots through its real copy loop (51.816416ms)
✔ explicit evidence roots inside a repository must be ignored and untracked (PR #23 review) (498.988625ms)
✔ visual review refuses an incomplete report: every captured page needs exactly one PASS|FIX section (PR #23 review) (201.527833ms)
✔ reject quoted screenshot path (2.829875ms)
✔ reject computed writer (0.30575ms)
✔ reject renamed import (0.440209ms)
✔ reject local writer alias (0.320875ms)
✔ reject quoted reporter (0.168208ms)
✔ reject openSync write (0.204333ms)
✔ reject open write (0.170708ms)
✔ reject URL writer (0.203125ms)
✔ reject bound writer (0.148042ms)
✔ reject bound path (0.193125ms)
✔ reject direct (0.09275ms)
✔ reject alias (0.18275ms)
✔ reject split join (0.119958ms)
✔ reject template (0.28875ms)
✔ reject helper (0.318833ms)
✔ reject copy destination (0.0565ms)
✔ reject reporter (0.127875ms)
✔ reject traversal (0.069583ms)
✔ reject tracked nonoutput (0.058209ms)
✔ allow read-only open (0.3735ms)
✔ allow read-only URL open (0.144875ms)
✔ allow historical read (0.115125ms)
✔ allow copy source (0.055667ms)
✔ allow comment (0.181ms)
✔ allow string data (0.048791ms)
✔ allow run directory (0.147083ms)
✔ Go Join aliases flag writes but not read-only history or comments (1.696666ms)
✔ producer discovery covers acceptance suites and helpers, not documentation/artifacts (0.170208ms)
✔ synthetic Go historical fixtures stay inside t.TempDir; real CopyFS destinations are audited (0.301125ms)
✔ Go OpenFile rejects create/write flags but preserves historical read-only descriptors (0.985584ms)
ℹ tests 38
ℹ suites 0
ℹ pass 38
ℹ fail 0
ℹ cancelled 0
ℹ skipped 0
ℹ todo 0
ℹ duration_ms 928.287208
