✔ /products/{uuid} redirects permanently to the zh-TW product page (102.288458ms)
✔ non-uuid ids are 404, never redirected (3.079042ms)
✔ AT1: the locale redirect preserves the ad-click query without allowing a redirect target (0.426416ms)
✔ R10: standalone signed signals survive a missing or expired seven-day touch (74.99825ms)
✔ R10: standalone signals reject expiry, bad signature, duplicates and another host (0.353417ms)
✔ AT1 R5: browser identity survives expired touch and rolls for ninety days (0.193042ms)
✔ AT1 R5: missing ad parameters create no cookies; fbclid alone creates no touch (0.176208ms)
✔ AT1 R5: lc_ad alone updates attribution and does not replace fbc (0.12775ms)
✔ AT1: host-only first-party cookies contain no PII and read back exactly (0.270333ms)
✔ AT1: a later valid click replaces the draft but preserves the browser identifier (0.37825ms)
✔ R10: only a different fbclid replaces fbc and its first-seen timestamp (0.227459ms)
✔ AT1: malformed and ambiguous links do not overwrite a valid prior touch (0.328375ms)
✔ AT1: host and key binding reject copied cookies (0.186ms)
✔ AT1: duplicates and tampering invalidate the entire envelope (0.124667ms)
✔ AT1: exactly seven days is valid, the next millisecond and future clicks are not (0.125625ms)
✔ catalog list query limits equal the Go v2 parser (internal/buyerhttp/catalogv2.go) (22.17775ms)
✔ collection list cap equals Go maxCollectionsPerStore (12.218959ms)
✔ design caps equal internal/design/schema.go (nav, sections, pages) (58.890583ms)
✔ CVS buyer-entered store bounds and return path equal Go (internal/checkout/cvs.go, migration 0093) (6.907459ms)
✔ transfer view: closed shape and state rules mirror Go validTransferView (2.566542ms)
✔ proof body and result: five digits, positive minor amount, ISO instant (0.245875ms)
✔ minorFromText: major units with at most two decimals, never a float surprise (0.107583ms)
✔ buyer email mirror: one plain address, 254 characters at most (0.111ms)
✔ countdown: whole hours and minutes, never negative (0.352125ms)
✔ copy: three locales carry every key and every refusal code (0.215709ms)
✔ options: a home row lists modes only with bank_transfer and then needs its window (0.248667ms)
✔ checkoutInput: a home bank_transfer body, the optional trimmed email, and every refusal before any request (0.386459ms)
✔ order: AWAITING_TRANSFER is a valid commercial state without a hold time (0.373042ms)
✔ BFF: exact transfer routes, keyed proof PUT, strict body, validated answers, no generic proxy (90.349208ms)
✔ BFF: transfer refusal codes pass through as definite 422; checkout accepts bank_transfer and a valid email only (6.948041ms)
✔ D06 order heading follows a settled transfer: never 'waiting for transfer' above a confirmed or expired one (0.338542ms)
✔ uncertain prepare blocks all mutations; changed cookie context resolves journal (28.24675ms)
✔ fully parsed local denial clears only its own pending operation (0.750375ms)
✔ malformed journal, unavailable lock and stale context fail before writes (4.996292ms)
✔ BPT05 exact handoff permits absent body/key, one fetch, no form persistence (14.5445ms)
✔ BPT05 wrong handoff form and ordinary writes fail before any fetch (0.556416ms)
✔ BPT05 unresolved cookie journal blocks handoff; lost response is one fetch without persistence (0.171333ms)
✔ SU02 refresh permits absent body/key, one fetch, no persistence (1.039959ms)
✔ SU02 refresh rejects a body, a key or a malformed path before any fetch (0.754209ms)
✔ SU02 cancel permits absent body/key, one fetch, no persistence (0.312542ms)
✔ SU02 cancel rejects a body, a key or a malformed path before any fetch (0.137917ms)
✔ BPT01 exact private path, headers, body and three-locale one-fetch transport (91.38225ms)
✔ BPT02 payment routes reject untrusted path, context, headers, key and body before fetch (11.178584ms)
✔ BPT03 hostile upstream success is sanitized, never returned as payment data (3.550166ms)
✔ BPT04 every handoff failure is nonretryable, including pre-route and transport loss (1.215ms)
✔ SU02 five routes: exact upstream path, method, key, body, one fetch each (0.936667ms)
✔ SU02 refresh and cancel are keyless and pass every CSRF/context denial before fetch (2.870208ms)
✔ SU02 every handoff/refresh/cancel failure is nonretryable and sanitized (11.388167ms)
✔ SU02 hostile Stripe bodies become the sanitized 503; PAYUNi and Stripe bodies stay byte-identical (89.223125ms)
✔ SU02 prepare accepts only the two known method codes (3.396083ms)
✔ disabled and invalid configuration fail closed before private fetch (107.53875ms)
✔ private authority, cookie lifecycle and strict local denial (72.670209ms)
✔ bad host, cookie, query and method never reach private API (2.801542ms)
✔ stalled inbound POST body is canceled at its deadline without a cookie or private call (1.136083ms)
✔ R10: Begin forwards independently signed signals; browser attribution and forwarded hosts are not authority (6.024083ms)
✔ CVS BFF: exact routes, keyed open/store, keyless verify, validated answers, no generic proxy (8.450917ms)
✔ CVS BFF: contract refusal codes pass through; pay_at_pickup_limit is a definite (non-retryable) 429 (2.182625ms)
✔ fragment grammar accepts only one canonical token (2.108292ms)
✔ claim projections are closed (0.588291ms)
✔ claim token rides only its header on B1/B2 and is never echoed (57.35275ms)
✔ claim-priced cart edits send only SKU and quantity, keeping server price authority (80.225458ms)
✔ direct-checkout sold-out projection is mandatory, boolean and closed (0.359875ms)
✔ claim redeem shares the purchase lock, guards recovery and never persists the token (17.993791ms)
✔ ClaimLink removal projects live-priced survivors on ready and conflict pages (188.365625ms)
✔ ClaimLink revisit checks out applied A while pending B is sold out or unavailable (22.242166ms)
✔ ClaimLink refreshes a nothing result after a second tab applied the claim (6.208083ms)
✔ ClaimLink does not navigate when a buyable claim target is absent or has changed quantity (32.137542ms)
✔ ClaimLink optional prior-order notice tolerates unreadable storage without bypassing recovery (25.232167ms)
✔ CVS01 map form: only the two ECPay e-map actions, exact fields, top-level-safe values (1.899416ms)
✔ CVS02 return path allowlist excludes /claim and anything but the checkout or product page (0.514541ms)
✔ CVS03 selection projection: VERIFIED<=>pickup, REJECTED<=>reject_code, absent keys read as null (0.696ms)
✔ CVS04 buyer-entered store answer and request body (0.315292ms)
✔ CVS05 store code table (§16.1) keeps leading zeros and per-chain lengths (0.151583ms)
✔ CVS06 recipient mirror: real-name width 4..10 (CJK=2), no digits/symbols/emoji; 09 mobile (0.546458ms)
✔ CVS07 checkout draft: name, phone and mode only; read once; corrupt/foreign shapes are dropped (0.192083ms)
✔ CVS08 return URL: only ?cvs_selection=<uuid> is accepted (0.079834ms)
✔ CVS09 buyer order projection and copy keys: nothing but PICKED_UP says picked up (2.013625ms)
✔ CVS10 error codes: field mapping, definite refusals, official links are https constants (1.301625ms)
✔ CVS11 client transport: verify is the one new keyless POST; the server refusal code rides BuyerClientError.detail (78.006708ms)
✔ every locale x page has a title, an updated line and at least one section (1.22875ms)
✔ locales share the section count and per-section body count of every page (2.151959ms)
✔ final text is only the owner-confirmed company facts (CR 81215167 name + registered address); nothing else is final (3.359167ms)
✔ a legal page is published only when every text on it is final; buyers see no link to an unpublished one (1.311833ms)
✔ data-deletion path is named in the privacy page of every locale (0.091042ms)
✔ pendingOwnerText lists exactly the texts that keep a page unpublished and is written for the owner (2.107083ms)
✔ a live (claim-origin) price replaces the catalog price and strikes it through (2.586958ms)
✔ without a live price the catalog price and its compare-at are shown unchanged (0.074209ms)
✔ a live price equal to or above the catalog price is shown as set (strike hidden by the UI guard) (0.054958ms)
✔ a live price strikes the catalog price, never the variant sale price (0.044166ms)
✔ order ref: 12 hex (dashes or spaces, any case) or a full id (0.500917ms)
✔ contact: one email or a phone of 6..20 digits (38.440125ms)
✔ body is exactly {order_ref, contact}; the answer is exactly {order_id} (7.841333ms)
✔ BFF lookup: no cookie needed, fresh token goes upstream, cookie only on 200 and it carries that same token (66.97475ms)
✔ BFF lookup: strict local denial before any private fetch (3.425416ms)
✔ copy: three locales carry every key (0.473083ms)
✔ MS4 srcset descriptors use actual decoded widths and deduplicate small renditions (0.994166ms)
✔ MS1 product rendition allowlist preserves trusted Host and never forwards buyer cookies (43.998ms)
✔ MS2 invalid, duplicate, extra, encoded widths and non-product variants fail before fetch (2.085125ms)
✔ MS3 old-image fallback is never promoted to immutable; committed variants are cacheable (3.537583ms)
✔ TWD whole amounts show no decimals in every locale and at every magnitude (line, subtotal, total, zero) (36.987167ms)
✔ cents appear only when there are cents, then always as two digits; the minor-unit arithmetic is untouched (0.606334ms)
✔ digits come from the currency: JPY none, USD two when there are cents (2.533667ms)
✔ one formatter: no component, page or lib builds a currency Intl.NumberFormat outside lib/money.ts (15.474208ms)
✔ locale probe bounds a missing destination head with a route/device diagnostic (6.169792ms)
✔ locale probe clears its deadline when the real head promise completes (1.319375ms)
✔ fragment: exactly #o=<order id>&t=<43-char token>; anything else is null (0.807916ms)
✔ body is exactly {order_id, token, proof}; the answer is exactly the order the link named (0.17075ms)
✔ BFF link: no cookie needed, fresh token upstream, cookie only on a 200 naming the same order, link token never echoed (95.67325ms)
✔ BFF link: strict local denial before any private fetch (5.946042ms)
✔ copy: three locales, one refusal text, a retry and a lookup path (0.331ms)
✔ BPU01 fresh payment writes exact metadata before prepare, one bodyless Take, no persistent form (69.407167ms)
✔ BPU01 lost prepare response replays original key/body only on explicit next click (9.487083ms)
✔ BPU01 lost handoff is permanently GET-only, even after a second click (4.147792ms)
✔ BPU01 storage, amount, scope and child/screen fences reject before irreversible writes (9.123666ms)
✔ BPU01 document/child loss after prepare but before Take leaves exact replay marker (2.396084ms)
✔ BPU01 malformed server handoff never submits and Take remains nonretryable (1.92975ms)
✔ BPU01 marker replacement before Take and after Take blocks release/form reuse (1.35825ms)
✔ BPU01 context replacement after prepare and after Take closes destination without form (5.889833ms)
✔ BPU01 synchronous destination refuses invalid locale before opening a window (0.374083ms)
✔ SU03 fresh Stripe pay: marker before prepare, one prepare, one handoff, navigate, URL never stored (51.290917ms)
✔ SU03 marker replay: lost prepare response replays key/body, no uncertain on PENDING view with leftover marker (60.030458ms)
✔ SU03 cross-device Continue needs no marker and never prepares (5.599875ms)
✔ SU03 marker/view matrix: PAYUNi marker on Stripe view and Stripe marker on PAYUNi view send nothing (25.01025ms)
✔ SU03 any other view renders without a POST (0.751916ms)
✔ SU03 CREATING: waits on the schedule without the lock, then hands off once when READY (23.434541ms)
✔ SU03 CREATING budget: 10 reads over 30 s, then the blank child is closed, no POST, no throw (9.84825ms)
✔ SU03 cancel_requested seen on the re-GET aborts before the handoff POST (0.494167ms)
✔ SU03 handoff outcomes: CREATING closes child, CLOSED/UNAVAILABLE/error/malformed reject; one POST each, never retried (5.952375ms)
✔ SU03 Stripe prepare errors, amount/currency mismatch and popup loss stop before any handoff (92.918959ms)
✔ SU03 two clicks make two handoff POSTs only because there were two clicks; sequential, none from reads (33.20925ms)
✔ SU03 navigate: validates again, needs an owned blank child, sets used before replace, no URL in errors (0.825208ms)
✔ SU03 refresh signal: keyless single POST, validated, throttled 1/10 s and 30 per page life, cancel never throttled (6.400666ms)
✔ SU03 signal failures are single-shot and sanitized: HTTP error, malformed body, wrong order (7.347625ms)
✔ private quote/option authority fields are required; only exact MANUAL home can checkout (9.536833ms)
✔ continue shopping advances only ordered version, clears hint, keeps SQL history authoritative (74.899333ms)
✔ lost next-cart response retries identical key/body and preserves a newer cart (11.468709ms)
✔ continuation never overwrites an already advanced cart (2.083833ms)
✔ unknown checkout blocks continuation without any business request (5.660875ms)
✔ two queued continuation clicks mutate once; stale order ID cannot clear another order (3.258333ms)
✔ CAS conflict resolves only after a newer cart is read (4.037459ms)
✔ locator removal failure retains next-cart journal and recovery survives missing locator (2.213125ms)
✔ order history summary rejects PII/unknown fields and malformed scope IDs (0.261583ms)
✔ native address validation mirrors printable Unicode, limits and phone; journal forbids PII (14.661917ms)
✔ address lost reply replays exact in-memory intent, then confirms current head (6.256375ms)
✔ address reload requires explicit new intent and exact observed CAS; stale head never auto-bumps (3.609ms)
✔ old address receipt cannot confirm another tab's newer current head (3.035292ms)
✔ a late address CAS winner requires another explicit confirmation, not an automatic version bump (1.532042ms)
✔ checkout lost reply, queued duplicate and current GET reuse one key and one order (0.744291ms)
✔ uncertain checkout retains original journal across later 401/403/404/5xx and malformed success (35.797041ms)
✔ only a fresh definitive denial clears checkout; no order locator is invented (17.228209ms)
✔ locator storage failure after commit retains same key; reload GET failure keeps locator (37.4515ms)
✔ locator persisted but journal removal failed resumes pending receipt, not unrelated pointer (17.009667ms)
✔ unavailable storage, invalid locator and late changed context fail closed (10.764625ms)
✔ order locator readback mismatch and no-op journal removal both retain checkout recovery (13.22825ms)
✔ direct claim continuation refuses a newer ordered cart inside the purchase lock (4.867125ms)
✔ direct claim continuation keeps next-cart recovery after a conflicting clear (6.388667ms)
✔ collector projection: admitted for derived connections, absent/null for primary (9.517875ms)
✔ collector rejects identifiers, extra keys and malformed text (3.376167ms)
✔ disclosure renders the contract §5 line with all three slots substituted (0.7005ms)
✔ the disclosure line exists exactly when the hosted view returns a collector (0.624792ms)
✔ a shop or collector name with a replacement pattern is shown literally (5.670042ms)
✔ OrderPayment renders the disclosure with the view, above every pay button, through the helper only (0.879792ms)
✔ BPT03 exact valid projection and Go nanosecond UTC timestamps (15.340708ms)
✔ BPT03 view rejects private fields, inconsistent state and malformed names (1.460667ms)
✔ BPT03 prepared receipt enforces exact original credit-card amount (0.109792ms)
✔ BPT03 hosted form and replay are exact, bounded and action-allowlisted (0.192ms)
✔ SU01 Stripe views: fresh, both methods, attempt states, PAYUNi unchanged (0.290209ms)
✔ SU01 Stripe view negatives (0.410375ms)
✔ SU01 prepared amounts follow the corrected per-currency table (0.157708ms)
✔ SU01 Stripe handoff union and every redirect_url negative (0.266625ms)
✔ SU01 payment signal is exactly {order_id, scheduled:boolean} (0.105333ms)
✔ RUI01 refund summary: refunded states, pending money, absent ≡ null (0.154542ms)
✔ RUI01 refund summary negatives (0.122625ms)
✔ BPU03 neutral GET and POST return ignore every callback field and cookie (26.606708ms)
✔ primary origin: exact path/query, same host, and no URL-controlled destination (9.384292ms)
✔ GET and HEAD use trusted Host, private bounded uncached resolver and exact 301 (32.869041ms)
✔ no writes redirected; resolution failures fail closed; unknown hosts keep native 404 (1.899542ms)
✔ policy version is the frozen constant, in the customers-core D4 shape (0.957291ms)
✔ route table: exactly the four buyer privacy routes, methods and body kinds (0.587125ms)
✔ body shapes are closed and mirror the frozen Go inputs (no source, no policy_version) (0.11575ms)
✔ GET privacy validator: closed shape, erased owner holds no consent (0.198542ms)
✔ consent result and erasure summary validators (0.23ms)
✔ buyer export envelope never carries customer_id (0.634166ms)
✔ failure classification: 410 and erased are the erased state (0.069ms)
✔ copy: every locale has the same keys, the ads box discloses that sent events cannot be recalled (0.119916ms)
✔ selected option photo uses a main display slot without adding a fifth main image (2.948333ms)
✔ use-cover selection and a main-thumbnail selection restore the original main gallery (0.148041ms)
✔ cart thumbnail uses variant then catalog image_id, including when main images are absent (0.109875ms)
✔ migrated four-main/five-detail images stay separate when the option photo changes (0.126541ms)
✔ real cart-detail composition uses server SKU image_id (v2 detail available) (127.263583ms)
✔ real cart-detail composition uses server SKU image_id (v2 detail unavailable) (6.87975ms)
✔ parity: frontend caps equal the Go constants (3.706375ms)
✔ detail parser: 4 main + 20 detail + option-value images are accepted and mapped (53.792666ms)
✔ detail parser: 5 main, 21 detail, bad ids and over-cap option images are refused (0.212084ms)
✔ detail parser: a backend before product-media-v2 (no new keys) still parses with empty defaults (0.506583ms)
✔ v1 catalog row: images are main-only (<= 4) and image_id is a uuid or null (0.459625ms)
✔ PRO-S1 code mirror: any case and spaces normalise; impossible codes never become a request (0.605583ms)
✔ PRO-S2 promotion object: closed keys, kind/value pairing (61.433542ms)
✔ PRO-S3 quote validator: promotion is optional but never malformed; the discount stays the server's own number (34.565917ms)
✔ PRO-S4 journal grammar: a quote write may carry one canonical promo_code, nothing else (2.071125ms)
✔ PRO-S5 copy: three locales cover every refusal code and the same keys (13.090708ms)
✔ PRO-S6 BFF quote route: promo_code relayed untouched when canonical, refused before the private API otherwise (77.552042ms)
✔ PRO-S7 BFF: every promo_* refusal is a definite, non-retryable 422 with its own code (8.545375ms)
✔ demonstration disclosure is explicit and local-only (2.508292ms)
✔ cart selection preserves unrelated SKUs and the observed CAS version (21.057958ms)
✔ minor amounts are bounded before multiplication, including zero (0.403458ms)
✔ delivery identity includes country for one market and method (0.705292ms)
✔ journal is bound to context and rejects PII/unknown fields (0.298958ms)
✔ lost response replays exact key/body, then clears only after parsed receipt (61.126917ms)
✔ RUI02 buyer order admits MERCHANT_SHIPPED only with a SHIPPED head; absent shipment ≡ null (0.525167ms)
✔ RUI02 shipment shape negatives (incl. unsafe links) (0.452709ms)
✔ RUI02 history summary admits MERCHANT_SHIPPED (a shipped order must not break the list) (0.38875ms)
✔ CVSP01 options: CVS rows carry pickup_selection/payment_modes; unavailable rows are a separate shape (0.732666ms)
✔ CVSP02 CVS destination write: TW only, pickup_id required, empty home address; home unchanged (4.566041ms)
✔ CVSP03 checkoutInput: payment_mode only for CVS rows and only a mode the row offers (1.227375ms)
✔ COD confirmation includes expected fee, enforces collect cap and validates immutable order money (1.438166ms)
✔ CVSP04 buyer order: pay_at_pickup <=> collection_state; cvs_shipment only on a matching CVS destination (0.440375ms)
✔ CVSP05 journal accepts a CVS destination marker and a checkout body with payment_mode, nothing else (0.222875ms)
✔ validProduct accepts up to the Go photo cap and rejects one more (0.381459ms)
✔ design: garbage and hostile documents collapse to the safe default shape (1.349667ms)
✔ design: links, preview token propagation, nav resolution (0.134833ms)
✔ design: any merchant accent yields readable button text and link colour (WCAG AA) (0.26425ms)
✔ variants: resolution, disabled out-of-stock combinations, initial choice, price bounds (0.254167ms)
✔ catalog-v2 parsers accept the frozen shapes and refuse drift (0.54225ms)
✔ free-delivery progress words the hint only when a threshold exists (0.166333ms)
✔ list query: only whitelisted, canonical values survive (0.682708ms)
✔ seo: JSON-LD cannot break out of its script tag; offers reflect stock and price range (81.839709ms)
✔ seo: sitemap escapes and carries hreflang; robots refuses everything for a closed host (0.226583ms)
✔ money: whole amounts drop cents, minor digits come from the currency, filters round-trip (0.425167ms)
✔ cart line write: replaces one line, keeps the others, 0 removes, CAS version is the one shown (0.833416ms)
✔ cart problems map to buyer-facing classes without leaking transport detail (0.095417ms)
✔ checkout options accept the optional free-shipping threshold only as a positive integer or null (0.176334ms)
✔ no-image placeholder copy: exactly the locale label a photo-less card or gallery renders (0.046ms)
✔ storefront image caps equal the Go catalog caps (internal/catalog MaxMainImages, MaxDetailImages) (54.100375ms)
✔ design text limits count code points like Go, never splitting a surrogate pair (0.736292ms)
✔ G3: same-series cards exclude the current product and never invent absent draft/foreign products (10.996792ms)
✔ G5: safety guidance exists in three languages without changing the five merchant policy approval boundaries (6.441792ms)
✔ G4: category chips omit empty collections; hidden collections absent from the public API stay absent (0.48075ms)
✔ OrderHistory renders server order instant in Taipei (17.719708ms)
✔ ClaimLink renders claim expiry in Taipei (2.8225ms)
✔ BankTransfer renders deadline and proof instant in Taipei (2.573083ms)
✔ BankTransfer proof echo labels store time in en (1.990333ms)
✔ BankTransfer proof echo labels store time in zh-TW (4.218834ms)
✔ BankTransfer proof echo labels store time in zh-CN (171.6575ms)
✔ BankTransfer input describes the device zone in en (46.094625ms)
✔ BankTransfer input describes the device zone in zh-TW (23.564833ms)
✔ BankTransfer input describes the device zone in zh-CN (2.319167ms)
✔ BankTransfer input has a generic label when Intl has no zone in en (3.237291ms)
✔ BankTransfer input has a generic label when Intl has no zone in zh-TW (5.341292ms)
✔ BankTransfer input has a generic label when Intl has no zone in zh-CN (3.455ms)
✔ ShopFooter uses Taipei year across UTC year boundary (5.512042ms)
✔ BankTransfer deadline labels store time in en (7.390375ms)
✔ BankTransfer deadline labels store time in zh-TW (1.623583ms)
✔ BankTransfer deadline labels store time in zh-CN (9.170834ms)
✔ OrderHistory states the Taipei time zone once in en (5.723667ms)
✔ OrderHistory states the Taipei time zone once in zh-TW (2.138291ms)
✔ OrderHistory states the Taipei time zone once in zh-CN (2.8865ms)
✔ dictionaries have exact parity and non-empty values (1.300792ms)
✔ locale precedence and language quality mapping (1.045167ms)
✔ localized paths preserve deep links and reject dangerous input (0.380625ms)
✔ path locale only matches a canonical first segment (0.052708ms)
✔ the four constructs render (0.791833ms)
✔ XSS payloads stay inert text (0.503166ms)
✔ fuzz: any string over a hostile alphabet renders only whitelisted tags (12.672ms)
✔ validator mirrors the Go rules (0.240292ms)
✔ SDN1 allowlist: exactly the contract routes, per method (0.87ms)
✔ SDN1 allowlist: traversal, case, suffix and prefix tricks never match (0.730458ms)
✔ SDN1 request shape: no query string anywhere, reads carry no body, key, length or transfer-encoding (36.805541ms)
✔ SDN1 cap: 260 KiB = Go's 256 KiB document + 4 KiB envelope, and a body of exactly the cap is still below it (5.340625ms)
✔ SDN2 renderer: every XSS payload comes out as whitelisted tags and escaped text only (2.028ms)
✔ SDN2 renderer: escape-first means the merchant's text never becomes markup (0.538666ms)
✔ SDN2 renderer: fuzz (seeded) never produces a tag outside the whitelist (27.222958ms)
✔ SDN2 client validator rejects what the server rejects (HTML, non-https links, `<` anywhere) (3.804584ms)
✔ cleanForSave turns cleared fields into null but keeps an empty body (1.007041ms)
✔ localIssues names each missing mandatory value by server path (2.398ms)
✔ moved swaps neighbours and ignores out-of-range moves (0.092167ms)
✔ parsers accept the exact Go shapes and refuse extra or missing keys (0.421167ms)
✔ BFF allowlist covers exactly the design resources (0.241541ms)
✔ validDesignRequest refuses queries and bodies on reads, ignores other paths (50.787125ms)
✔ designDetails forwards only a bounded {path, reason} pair (0.211083ms)
✔ accepts exactly the three locale invite paths with a 20-200 char token (4.4175ms)
✔ rejects anything that is not an exact same-origin relative invite path (0.341833ms)
✔ rejects percent-encoded variants of the exact shape (0.092542ms)
✔ the token is an opaque invite token shape, never a URL (0.063667ms)
✔ fragment carrier: round-trips the exact invite path, is never a query string, and rejects hostile fragments (0.237417ms)
✔ dashboard: accepts the frozen shape, rejects drift (5.8615ms)
✔ import result: strict keys, closed error codes, committed never carries errors (0.874875ms)
✔ csv file guard mirrors the Go bounds (0.302625ms)
✔ manual options: a COD home row parses with its offer (D01: the page used to refuse the whole list) (2.777334ms)
✔ manual options: only bank_transfer / pay_at_pickup / cash_on_delivery, key must equal market|country|code (0.489375ms)
✔ manual result: link is https with the order id and a 43-char capability in the fragment only (0.754541ms)
✔ draft: first problem, and the body has no price-like field at all (1.6765ms)
✔ BFF grammar: exactly the seven tools resources (0.331541ms)
✔ regenerate body/result: exactly {order_id, locale} and a fresh https link naming that order (0.523ms)
✔ copy parity: every locale has every key, import rules and error codes (18.780125ms)
✔ callback redirect target is always a same-origin /<locale>/settings path whatever the cookies, store, code or error say (3.283541ms)
✔ the binding cookie: exactly one canonical store uuid, path-scoped to the callback, HttpOnly, Lax, 10 minutes, Secure (0.328417ms)
✔ callback query: exactly one code and one state within charset/length bounds; Meta's error=… and repeats are not forwarded (6.902292ms)
✔ the dialog URL the BFF hands the browser is https://www.facebook.com only (1.805417ms)
✔ callback error mapping only ever yields fixed codes, never an upstream message (0.469209ms)
✔ selected Page qualifies only a bare Facebook id, never rewrites another Page or external URL (0.592583ms)
✔ status: not connected, connected with and without Instagram, and every deviation throws (1.864833ms)
✔ pick state: closed shape, optional Instagram keys come as a pair, id must match (2.362916ms)
✔ route grammar: only status/states/pick/disconnect; start and callback are dedicated routes; no query; reads carry no body or key (23.004583ms)
✔ connect cookie, body and callback redirect never carry code/state and only fixed codes (1.025208ms)
✔ copy: three locales have the same keys and every Go error code has a message (0.313625ms)
✔ review-required remains restricted; evidence does not promote state (1.773041ms)
✔ legacy omission remains unidentified, independent of array order (0.459667ms)
✔ closed shapes reject unknown state/provider/evidence, leaked fields and inconsistent severity (0.253708ms)
✔ duplicate capabilities/pages and unbounded arrays cannot become trusted state (0.109375ms)
✔ worst Page determines advice, no raw upstream reason reaches copy (0.129709ms)
✔ recheck receipt means scheduled; timestamps and closed keys are checked (0.09625ms)
✔ exact keyless route grammar rejects query/key/body confusion (113.657375ms)
✔ recheck takes exactly page_id and no caller-provided scope (0.329416ms)
✔ blocking advice comes from the blocking capability, not a secondary public-reply warning (0.306458ms)
✔ clean health browser mode prepares admin standalone before starting its fixture (16.284291ms)
✔ en: expired connection retains its full refusal inside a wrapping badge (24.287125ms)
✔ zh-TW: expired connection retains its full refusal inside a wrapping badge (1.528458ms)
✔ zh-CN: expired connection retains its full refusal inside a wrapping badge (1.265958ms)
✔ actual B1 snapshot state remains ok even when a fixture expected review_required (0.097375ms)
✔ D02 TWD input: whole dollars only, x100 on the wire (14.370167ms)
✔ D02 TWD edit text: whole dollars have no decimals; a legacy amount with cents is never shown as another price (0.231834ms)
✔ D02 display: NT$ without decimals in every language, cents only when there are cents (1.275416ms)
✔ D02 live-price input (Studio claims): TWD whole dollars, other currencies their decimals (0.197208ms)
✔ D02 discount code amounts: TWD whole dollars, a decimal is refused before it is sent (5.663416ms)
✔ D02 no admin copy or component says 'minor units' to the merchant (33.590875ms)
✔ M06 time: Asia/Taipei everywhere, labelled, never UTC (7.893709ms)
✔ settings answer: exactly one boolean key (0.826ms)
✔ PUT body is the frozen single key (0.072209ms)
✔ BFF grammar: GET read, PUT keyed command, nothing else (0.201709ms)
✔ copy: three locales, same keys, no empty text (0.136333ms)
✔ PRM01 parse: exact keys, kind/value pairing and ranges; duplicates and unknown keys are refused (3.720125ms)
✔ PRM02 Taipei wall time: +08:00 on the wire, instant shown back in Taipei, impossible dates refused (18.179166ms)
✔ PRM03 create body: normalised code, major units to minor units, optional fields null, whole body validated (5.323541ms)
✔ PRM04 update + toggle: version CAS key, form round trip, pause keeps every other field (0.95775ms)
✔ PRM05 BFF grammar: exactly list, create and update; nothing generic (0.461333ms)
✔ PRM06 copy: three locales carry the same keys and every refusal code the Go routes can answer (0.385708ms)
✔ G-UI3/G-UI5 architecture constraints pass with shrinking legacy exceptions (1831.360542ms)
✔ G-UI3/G-UI5 negatives: new formatter, component fetch, >800 lines and wider allowance fail (0.805167ms)
✔ Readiness jump controls expose the actual active section, not a click flag (0.879834ms)
✔ Integrator P2: legal CN comment ordering and a distinct three-image recommendation (0.175792ms)
✔ ADM04 and ADM06 explain unavailable SKUs and keep collection vocabulary consistent (0.266958ms)
✔ ADM06 create/detail titles share the route vocabulary without adding a phantom Next page (0.334083ms)
✔ G-UI1 Next pages and route registry are bidirectional, unique, typed, documented (1.30925ms)
✔ G-UI1 copy key parity: no missing or extra key in any locale (0.084709ms)
✔ G-UI2 staff without catalog:read cannot see products/inventory or open a product URL (0.515084ms)
✔ G-UI2 every route permission is a permission Go knows, and /orders/new needs inventory:reserve (77.550417ms)
✔ G-UI1 dynamic and public routes match, details never appear as navigation (8.752208ms)
✔ W6-U2 ledger is a settings in-page route, preserving existing navigation (2.47775ms)
✔ Every browser spec clicks nav-orders: the orders group stays a singleton, so returns/new/print routes are nav: false (0.62775ms)
✔ shell-registry: every routed path has exactly one nonempty shared h1 in all three locales (184.792834ms)
✔ shell-registry: orders stays one actual group button on live and non-live routes (1.197792ms)
✔ shell-registry: loading/expired/unavailable/forbidden keep one safe heading and never leak private content (2.159ms)
✔ created address is a strict HTTPS origin matching the assigned handle (2.825416ms)
✔ DNS instructions must name the requested origin and a bare hostname target (1.73175ms)
✔ domain kind is authoritative and closed, not inferred from host or token (1.159167ms)
✔ apex DNS retains every concrete IPv4/IPv6 address and rejects malformed values (1.432541ms)
✔ pending domain journal preserves exact action/key/target; legacy or corrupt markers never replay (2.096708ms)
✔ browser-origin gate: every refusal happens before Go is called, for every action (400.766042ms)
✔ only POST exists on the team routes (2.747417ms)
✔ unknown action is a local 404 and never reaches Go (7.831541ms)
✔ strict request grammar: wrong keys, types, ids, roles, locales and token shapes are 422 locally (62.204541ms)
✔ what reaches Go: BFF key, bearer from the cookie, no Cookie/Origin, body unchanged, exactly one call per request (644.260792ms)
✔ Go failures are rebuilt locally from allow-listed codes, never retried, and never echo the token (138.798792ms)
✔ team answer: accepts the frozen shape, null role and OIDC member without email (0.535ms)
✔ team answer: unknown key, unknown role, bad id, bad mail state are rejected (4.318583ms)
✔ invite and accept answers are strict (6.234208ms)
✔ request grammar: every action has an exact key set and rejects junk values (0.553833ms)
✔ copy: three locales carry the same keys and a label for every role (0.459792ms)
✔ role-aware navigation: hides entries the member's permissions cannot use; unknown shows all; Team is owner-only (0.230583ms)
✔ P02 settlements directory rejects missing/link/owner/group/mode with a valid control (1273.673042ms)
✔ preflight health permission grammars and API/worker consistency fail closed (4297.785584ms)
✔ merchant alert flag is explicit 0|1 and independently requires SMTP (3349.163875ms)
✔ shared loader makes API/worker LIVE pair file-only before Compose interpolation (581.089167ms)
✔ export bind accepts omitted JSON false but rejects unsafe source/config mutations (2.386375ms)
✔ sanctioned operator allowlist and fail-closed gates (fake docker, no network) (3330.147334ms)
✔ platform operator custody, export mount and binary are wired (187.662583ms)
✔ actual export bind refuses a missing directory; enabling auto-create is detected (654.312917ms)
✔ R3 preflight rejects cancelled PAYUNi, validates Page app and keeps LIVE pair mandatory (1187.654667ms)
✔ R3 smoke exercises exact denied probes, accepts 404 only for disabled mounts (123.945375ms)
✔ positive control: a complete, valid configuration raises no META_LOGIN finding (2311.411208ms)
✔ feature off (COMMERCE_META_LOGIN_CONFIG_ID empty): no rule applies even with the other keys empty (349.031833ms)
✔ P06: the Page route needs the webhook receiver (388.615375ms)
✔ P06: sessions come from identity (448.751917ms)
✔ P06: without the claims profile nobody sends the private replies (a WARN, not a FAIL) (351.6955ms)
✔ P08: COMMERCE_META_LOGIN_CONFIG_ID must be numeric ("abc") (380.168583ms)
✔ P08: COMMERCE_META_LOGIN_CONFIG_ID must be numeric ("12 34") (368.389041ms)
✔ P08: COMMERCE_META_LOGIN_CONFIG_ID must be numeric ("111111111111") (392.2065ms)
✔ P08: COMMERCE_META_LOGIN_CONFIG_ID must be numeric ("0x10") (525.314542ms)
✔ P08: COMMERCE_META_LOGIN_CONFIG_ID must be numeric ("-1") (420.595334ms)
✔ P08: COMMERCE_META_LOGIN_REDIRECT_URI must be exactly https://<LC_ADMIN_HOST>/api/meta/callback (wrong host) (567.982083ms)
✔ P08: COMMERCE_META_LOGIN_REDIRECT_URI must be exactly https://<LC_ADMIN_HOST>/api/meta/callback (http scheme) (257.760167ms)
✔ P08: COMMERCE_META_LOGIN_REDIRECT_URI must be exactly https://<LC_ADMIN_HOST>/api/meta/callback (the ads callback path) (261.994125ms)
✔ P08: COMMERCE_META_LOGIN_REDIRECT_URI must be exactly https://<LC_ADMIN_HOST>/api/meta/callback (trailing slash) (425.998833ms)
✔ P08: COMMERCE_META_LOGIN_REDIRECT_URI must be exactly https://<LC_ADMIN_HOST>/api/meta/callback (query string) (648.739708ms)
✔ P08: COMMERCE_META_LOGIN_REDIRECT_URI must be exactly https://<LC_ADMIN_HOST>/api/meta/callback (empty) (444.849959ms)
✔ P08: COMMERCE_META_LOGIN_GRAPH_VERSION grammar vNN.N ("26.0") (389.074083ms)
✔ P08: COMMERCE_META_LOGIN_GRAPH_VERSION grammar vNN.N ("v26") (313.041084ms)
✔ P08: COMMERCE_META_LOGIN_GRAPH_VERSION grammar vNN.N ("v26.0.1") (251.982708ms)
✔ P08: COMMERCE_META_LOGIN_GRAPH_VERSION grammar vNN.N ("latest") (380.303375ms)
✔ P08: COMMERCE_META_LOGIN_GRAPH_VERSION grammar vNN.N ("") (458.465917ms)
✔ P08: COMMERCE_META_LOGIN_GRAPH_VERSION grammar vNN.N ("v1000.0") (571.695458ms)
✔ P08: COMMERCE_META_LOGIN_GRAPH_VERSION accepts v26.0 (364.186959ms)
✔ P08: COMMERCE_META_LOGIN_GRAPH_VERSION accepts v22.0 (401.854542ms)
✔ P08: COMMERCE_META_LOGIN_GRAPH_VERSION accepts v99.9 (252.200333ms)
✔ production without any alert channel is a FAIL (nobody would hear the next outage) (2288.122416ms)
✔ outside production the same gap is only a WARN (333.693458ms)
✔ a webhook alone satisfies the rule (407.849875ms)
✔ an e-mail target with a complete relay (host, username, secret) satisfies the rule (413.87875ms)
✔ an e-mail target without the relay secret cannot be sent: FAIL in production, WARN elsewhere (682.694084ms)
✔ the example's CHANGE_ME_SENDER placeholder is not a relay: the e-mail target cannot be sent (333.743ms)
✔ LC_ALERT_EMAIL must be one plain address ("not-an-address") (342.794166ms)
✔ LC_ALERT_EMAIL must be one plain address ("two@fake.invalid,three@fake.invalid") (481.333292ms)
✔ LC_ALERT_EMAIL must be one plain address ("a b@fake.invalid") (378.238ms)
✔ LC_ALERT_EMAIL must be one plain address ("<owner@fake.invalid>") (419.627ms)
✔ LC_ALERT_EMAIL must be one plain address ("owner@fake") (467.829458ms)
✔ storefront cart-line removal is reversible: clicked for real, not guarded (1.69425ms)
✔ destructive / irreversible / sign-out classification (owner list, en + zh) (1.826958ms)
✔ alike controls (rows with ids / numbers) share one class key (0.533416ms)
✔ known defects classify, never silence: stale entries are reported (1.339375ms)
✔ the markdown ledger has one row per interaction and names the verdict (0.461209ms)
✔ protocolHrefOK accepts well-formed tel:/mailto: and rejects malformed ones (0.224959ms)
✔ J1 waits for enabled media and clicks a real chooser; the uploaded cover is bound to the main section (1570.547041ms)
✔ J1 cannot credit a detail-image receipt as the main cover (0.642583ms)
✔ J1 refuses a failed cover upload rather than continuing to activate (0.193375ms)
✔ thresholds are the named constants of the brief (2.342833ms)
✔ R1: document wider than the viewport, and the outermost element past the edge (0.556375ms)
✔ R2: label tops, control tops and control heights of one visual row (5.385667ms)
✔ R2: what is one row and what is not (0.4305ms)
✔ R2: a button beside a field has to line up with its control (1.608791ms)
✔ R3: a row made tall by stacked controls, a control wider than its cell (4.046875ms)
✔ R3: a matrix whose EVERY row is doubled by a stacked stock cell (the median cannot see it) (2.913084ms)
✔ R4: small text, helper text apart, icons and duplicates excepted (0.625208ms)
✔ R5: tap targets on the 390 viewport only (0.705917ms)
✔ R6: interactive elements and text boxes that overlap (0.265542ms)
✔ R7: text clipped inside a control or label (either side), and select values that do not fit (0.262834ms)
✔ R8: the same visible label twice in one list (0.120458ms)
✔ evaluate() tags severity, selectRecords() keeps distinct groups first and counts every instance (1.494208ms)
✔ R9: text and controls flush to the screen edge at 390 (0.377542ms)
✔ R6/R9 judge the visible (ancestor-clipped) rectangle, not the raw one (integrator ruling 2026-10-05) (0.157417ms)
✔ R10: a fixed or sticky bar covering main content after scrolling (0.286125ms)
✔ R11: controls narrower than a usable width (0.181125ms)
ℹ tests 442
ℹ suites 0
ℹ pass 442
ℹ fail 0
ℹ cancelled 0
ℹ skipped 0
ℹ todo 0
ℹ duration_ms 16706.473167
✔ closed projections reject secret-shaped extras, invalid enums, IDs and contradictory capabilities (1.632541ms)
✔ detail accepts only bounded events and keeps actual server action flags (1.894625ms)
✔ BFF exact routes and request grammar forbid keys/body on reads, filters on detail and arbitrary writes (26.815291ms)
✔ copy parity, safe object navigation and UNKNOWN/protective reasons (0.207541ms)
✔ read-only store capability never exposes a command even if the state allows one (0.064791ms)
✔ duplicate escaped keys cannot bypass the exact command grammar (0.17575ms)
✔ query backoff affects only its operation and expires without another action (0.068459ms)
✔ merchant reason text translates ledger events and conceals unknown or prototype codes (0.217792ms)
✔ ledger read navigation requires effective integration:read permission regardless of role (0.085041ms)
ℹ tests 9
ℹ suites 0
ℹ pass 9
ℹ fail 0
ℹ cancelled 0
ℹ skipped 0
ℹ todo 0
ℹ duration_ms 129.202708
✔ OrderHistory renders server order instant in Taipei (8.497709ms)
✔ ClaimLink renders claim expiry in Taipei (2.593916ms)
✔ BankTransfer renders deadline and proof instant in Taipei (2.981834ms)
✔ BankTransfer proof echo labels store time in en (2.923833ms)
✔ BankTransfer proof echo labels store time in zh-TW (2.170416ms)
✔ BankTransfer proof echo labels store time in zh-CN (1.713375ms)
✔ BankTransfer input describes the device zone in en (1.396958ms)
✔ BankTransfer input describes the device zone in zh-TW (1.682541ms)
✔ BankTransfer input describes the device zone in zh-CN (1.266166ms)
✔ BankTransfer input has a generic label when Intl has no zone in en (1.178917ms)
✔ BankTransfer input has a generic label when Intl has no zone in zh-TW (1.001875ms)
✔ BankTransfer input has a generic label when Intl has no zone in zh-CN (1.090375ms)
✔ ShopFooter uses Taipei year across UTC year boundary (2.233791ms)
✔ BankTransfer deadline labels store time in en (1.577958ms)
✔ BankTransfer deadline labels store time in zh-TW (1.246ms)
✔ BankTransfer deadline labels store time in zh-CN (1.189791ms)
✔ OrderHistory states the Taipei time zone once in en (1.204125ms)
✔ OrderHistory states the Taipei time zone once in zh-TW (0.77825ms)
✔ OrderHistory states the Taipei time zone once in zh-CN (0.663084ms)
✔ Meta rejection wording is preserved as bounded Unicode text, never translated (2.368334ms)
✔ frozen error codes: model list equals the frozen list, each is read from both error shapes (0.597666ms)
✔ copy: every code, status, op state and connect error has text in all three locales (0.446875ms)
✔ copy never calls a budget a hard stop and never offers resume (0.454875ms)
✔ draft: every §5.1 status parses; unknown status/template/op state is an error, never guessed (0.488667ms)
✔ draft: optional fields, remote ids and the Ads Manager link (0.252125ms)
✔ action hints: pause whenever a remote id exists and not ENDED; a paused draft is only ever copied (X7) (0.336083ms)
✔ money: whole units to minor with integer math; TWD must be whole (11.30475ms)
✔ Taipei schedule: wall inputs and draft projections ignore the viewer zone (5.105083ms)
✔ Taipei schedule: invalid calendar days are rejected and all copy names UTC+8 (0.375459ms)
✔ draft input: exact 11-key body and every local rule (4.144875ms)
✔ draft form round trip and X7 copy (blank schedule, no id, no revision) (0.347ms)
✔ settings parser: environment enum, connections, identities, capi (0.469291ms)
✔ connect state parser: pick list kinds and id match (0.137958ms)
✔ report: three separate blocks, orders may be null, no combined figure (0.278333ms)
✔ default report window is the Asia/Taipei store day whatever the viewer's zone is (Taipei midnight boundary) (4.39525ms)
✔ capi body and validation (0.1195ms)
✔ W6-06B unbind response: exact keys, account, UUIDs and outcome semantics (0.183958ms)
✔ W6-06B in-flight details preserve bounded items and total, reject unknown shapes (0.170125ms)
✔ W6-06B catalog feed has exact public URL/domain pairs or published-store empty (0.160583ms)
✔ W6-06B copy preserves unbind boundaries and feed recovery in three locales (0.060583ms)
✔ W6-06B feed selection follows origin order, not full feed URL order (0.063625ms)
✔ customer list accepts the frozen row and rejects unknown keys, dup ids, bad cursor, oversize (4.612959ms)
✔ customer row invariants: nulls for bundle-only/erased, counts, money, consents (0.37ms)
✔ customer detail: bounded lists, order summaries reuse the orders parser, id must match (2.775334ms)
✔ erasure summary is four counts only (0.2195ms)
✔ finance summary: net = captured - refunded (I05), totals carry an empty day, sandbox flag (0.786458ms)
✔ financeDay is the UTC+8 day (0.076167ms)
✔ finance defaults keep Taipei dates across midnight, leap day and year end (0.104ms)
✔ tags and notes are parsed strictly (W6-01B) (0.805792ms)
✔ TSX seam refuses an unlisted import (4.747667ms)
✔ Ads merchant timestamp uses Taipei at the year boundary (52.900666ms)
✔ Design version published_at cell uses Taipei at the year boundary (4.043041ms)
✔ ManualOrder bank-transfer expiry uses Taipei at the year boundary (4.388709ms)
ℹ tests 53
ℹ suites 0
ℹ pass 53
ℹ fail 0
ℹ cancelled 0
ℹ skipped 0
ℹ todo 0
ℹ duration_ms 177.387208
✔ OrderHistory renders server order instant in Taipei (8.361166ms)
✔ ClaimLink renders claim expiry in Taipei (2.176625ms)
✔ BankTransfer renders deadline and proof instant in Taipei (2.0185ms)
✔ BankTransfer proof echo labels store time in en (1.355166ms)
✔ BankTransfer proof echo labels store time in zh-TW (1.7805ms)
✔ BankTransfer proof echo labels store time in zh-CN (1.83075ms)
✔ BankTransfer input describes the device zone in en (2.34975ms)
✔ BankTransfer input describes the device zone in zh-TW (2.817041ms)
✔ BankTransfer input describes the device zone in zh-CN (1.61175ms)
✔ BankTransfer input has a generic label when Intl has no zone in en (1.39825ms)
✔ BankTransfer input has a generic label when Intl has no zone in zh-TW (1.149625ms)
✔ BankTransfer input has a generic label when Intl has no zone in zh-CN (1.25725ms)
✔ ShopFooter uses Taipei year across UTC year boundary (1.595291ms)
✔ BankTransfer deadline labels store time in en (1.335584ms)
✔ BankTransfer deadline labels store time in zh-TW (1.111417ms)
✔ BankTransfer deadline labels store time in zh-CN (1.012042ms)
✔ OrderHistory states the Taipei time zone once in en (0.759167ms)
✔ OrderHistory states the Taipei time zone once in zh-TW (0.614209ms)
✔ OrderHistory states the Taipei time zone once in zh-CN (0.981625ms)
✔ Meta rejection wording is preserved as bounded Unicode text, never translated (1.547958ms)
✔ frozen error codes: model list equals the frozen list, each is read from both error shapes (0.361208ms)
✔ copy: every code, status, op state and connect error has text in all three locales (0.29925ms)
✔ copy never calls a budget a hard stop and never offers resume (0.257667ms)
✔ draft: every §5.1 status parses; unknown status/template/op state is an error, never guessed (0.383667ms)
✔ draft: optional fields, remote ids and the Ads Manager link (0.174667ms)
✔ action hints: pause whenever a remote id exists and not ENDED; a paused draft is only ever copied (X7) (0.308583ms)
✔ money: whole units to minor with integer math; TWD must be whole (9.943208ms)
✔ Taipei schedule: wall inputs and draft projections ignore the viewer zone (3.655125ms)
✔ Taipei schedule: invalid calendar days are rejected and all copy names UTC+8 (0.279042ms)
✔ draft input: exact 11-key body and every local rule (3.014208ms)
✔ draft form round trip and X7 copy (blank schedule, no id, no revision) (0.193083ms)
✔ settings parser: environment enum, connections, identities, capi (0.33375ms)
✔ connect state parser: pick list kinds and id match (0.103458ms)
✔ report: three separate blocks, orders may be null, no combined figure (0.330292ms)
✔ default report window is the Asia/Taipei store day whatever the viewer's zone is (Taipei midnight boundary) (2.326917ms)
✔ capi body and validation (0.157ms)
✔ W6-06B unbind response: exact keys, account, UUIDs and outcome semantics (0.198833ms)
✔ W6-06B in-flight details preserve bounded items and total, reject unknown shapes (0.178ms)
✔ W6-06B catalog feed has exact public URL/domain pairs or published-store empty (0.169667ms)
✔ W6-06B copy preserves unbind boundaries and feed recovery in three locales (0.063292ms)
✔ W6-06B feed selection follows origin order, not full feed URL order (0.066334ms)
✔ customer list accepts the frozen row and rejects unknown keys, dup ids, bad cursor, oversize (2.831083ms)
✔ customer row invariants: nulls for bundle-only/erased, counts, money, consents (0.453833ms)
✔ customer detail: bounded lists, order summaries reuse the orders parser, id must match (2.0095ms)
✔ erasure summary is four counts only (0.081042ms)
✔ finance summary: net = captured - refunded (I05), totals carry an empty day, sandbox flag (0.274083ms)
✔ financeDay is the UTC+8 day (0.054583ms)
✔ finance defaults keep Taipei dates across midnight, leap day and year end (0.090667ms)
✔ tags and notes are parsed strictly (W6-01B) (0.690334ms)
✔ TSX seam refuses an unlisted import (5.934583ms)
✔ Ads merchant timestamp uses Taipei at the year boundary (19.072667ms)
✔ Design version published_at cell uses Taipei at the year boundary (4.2655ms)
✔ ManualOrder bank-transfer expiry uses Taipei at the year boundary (4.055375ms)
ℹ tests 53
ℹ suites 0
ℹ pass 53
ℹ fail 0
ℹ cancelled 0
ℹ skipped 0
ℹ todo 0
ℹ duration_ms 151.4135
✔ legacy display sentinels preserve a list row without admitting arbitrary or private data (2.522584ms)
✔ orders-v2 accepts bounded filters and Taipei inclusive dates; rejects ambiguity (0.489292ms)
✔ orders-v2 rejects client count approximations, unbounded or extra response data (0.154417ms)
✔ all three locales label every task queue, payment and delivery mode (0.31625ms)
ℹ tests 4
ℹ suites 0
ℹ pass 4
ℹ fail 0
ℹ cancelled 0
ℹ skipped 0
ℹ todo 0
ℹ duration_ms 78.599208
✔ numeric store IDs have no suggestion BFF or browser client (0.958208ms)
ℹ tests 1
ℹ suites 0
ℹ pass 1
ℹ fail 0
ℹ cancelled 0
ℹ skipped 0
ℹ todo 0
ℹ duration_ms 64.234375
✔ ADM10 operator sentence is localized while product and company facts stay authoritative (0.374584ms)
✔ PS review: actual Host matching normalizes case, port and a terminal DNS dot, never forwarded authority (0.219084ms)
✔ PS review: privacy/terms retain Messenger and Instagram purpose disclosure; deletion uses exact UI labels (0.100333ms)
✔ P2-N1 zh-TW/privacy: current comments and private reply, conditional inbound messages (0.072875ms)
✔ P2-N1 zh-TW/terms: current comments and private reply, conditional inbound messages (0.038417ms)
✔ P2-N1 zh-CN/privacy: current comments and private reply, conditional inbound messages (0.031208ms)
✔ P2-N1 zh-CN/terms: current comments and private reply, conditional inbound messages (0.04675ms)
✔ P2-N1 en/privacy: current comments and private reply, conditional inbound messages (0.039292ms)
✔ P2-N1 en/terms: current comments and private reply, conditional inbound messages (0.039084ms)
✔ PS1 legal identity is one untranslated source (0.0755ms)
✔ PS1 contact and hosts come only from configuration; production fails closed (0.31425ms)
✔ PS2 public routes default to zh-TW, restrict page/locale, and never include admin (0.36375ms)
✔ PS4 optional Meta verification value never has a fake default (0.043959ms)
✔ PS1 every locale uses the same product name in auth page titles (0.036875ms)
✔ PS1 public page copy has three complete locales, no invented operator identity or contact (0.250125ms)
✔ PS1 production build validates config; public data is not bundled through NEXT_PUBLIC (0.772083ms)
✔ PS review: admin image installs the manifests for its workspace dependencies before building (0.390459ms)
ℹ tests 17
ℹ suites 0
ℹ pass 17
ℹ fail 0
ℹ cancelled 0
ℹ skipped 0
ℹ todo 0
ℹ duration_ms 81.097083
✔ R11 SQL's exact receipt states are accepted; missing/forged operation/state remains unknown (0.749125ms)
✔ R11 durable receipt journal validates phase against exact operation state (0.33475ms)
✔ R11 actual read control distinguishes replay/inflight/unknown/failure in en (5.452875ms)
✔ R11 actual read control distinguishes replay/inflight/unknown/failure in zh-TW (1.104958ms)
✔ R11 actual read control distinguishes replay/inflight/unknown/failure in zh-CN (1.044916ms)
✔ unknown journal retains exact key/boundary and is scoped to store+session; malformed state fails closed (0.182958ms)
✔ R12 read hook keeps network UNKNOWN on one key and explicitly refreshes acknowledged UNKNOWN (13.591833ms)
✔ actual POST transport uses CSRF and session fence; 403 independent of response text (16.903584ms)
✔ R10 ROAS has exactly two decimals in en (10.699ms)
✔ R10 unknown ROAS is never fabricated as zero in en (0.082417ms)
✔ R10 ROAS has exactly two decimals in zh-TW (0.153625ms)
✔ R10 unknown ROAS is never fabricated as zero in zh-TW (0.035375ms)
✔ R10 ROAS has exactly two decimals in zh-CN (0.354458ms)
✔ R10 unknown ROAS is never fabricated as zero in zh-CN (0.186083ms)
✔ shared presentation preserves registry title and one empty buyer message in en (24.411791ms)
✔ R11 large linked-draft list is complete but collapsed in en (3.783958ms)
✔ shared presentation preserves registry title and one empty buyer message in zh-TW (5.921375ms)
✔ R11 large linked-draft list is complete but collapsed in zh-TW (2.495709ms)
✔ shared presentation preserves registry title and one empty buyer message in zh-CN (6.487ms)
✔ R11 large linked-draft list is complete but collapsed in zh-CN (2.526083ms)
✔ R11 timeline distinguishes local unknown spend from explicit Meta zero in en (2.852667ms)
✔ R11 timeline distinguishes local unknown spend from explicit Meta zero in zh-TW (3.088917ms)
✔ R11 timeline distinguishes local unknown spend from explicit Meta zero in zh-CN (2.13025ms)
✔ R11 I12 nullable Meta evidence survives without becoming zero (0.319167ms)
✔ R11 actual panel rendering preserves unknowns and reconnect route in en (14.959583ms)
✔ R11 actual panel rendering preserves unknowns and reconnect route in zh-TW (17.985333ms)
✔ R11 actual panel rendering preserves unknowns and reconnect route in zh-CN (17.2325ms)
✔ D1, D6, R7: exact amounts and sources remain independent, account days stay labelled (0.4045ms)
✔ R12: null stays unknown and unread / unauthorised / insufficient remain different states (0.635625ms)
✔ R12 granted but unread audience offers a read, never reconnect in en (5.061792ms)
✔ R12 granted but unread audience offers a read, never reconnect in zh-TW (2.48875ms)
✔ R12 granted but unread audience offers a read, never reconnect in zh-CN (1.971917ms)
✔ I12 forged / missing frozen fields never silently become zeros (1.210209ms)
✔ only whitelisted aggregates survive: extra identifiers and HTML are never interpreted (0.069083ms)
✔ attribution is a read-only BFF resource with exact bounded query grammar (0.344375ms)
✔ audience-read is exactly the new local intention POST and never a data GET or queried write (0.297709ms)
✔ route fails closed without ads:read and is not a duplicate navigation entry; locale keys match (0.120958ms)
ℹ tests 37
ℹ suites 0
ℹ pass 37
ℹ fail 0
ℹ cancelled 0
ℹ skipped 0
ℹ todo 0
ℹ duration_ms 495.644375
✔ card-payments copy: identical key sets in all three locales (2.421125ms)
✔ merchant terms are quoted verbatim (contract §5) in the enable dialog (0.250042ms)
✔ ruling-fixed strings: platform not OPEN and BLOCKED note (0.114375ms)
✔ error map covers every frozen refusal code from migrations/0137 (0.164625ms)
✔ no Stripe account id, key or approval id shape appears in any copy string (0.573042ms)
✔ storefront collector disclosure matches contract §5 templates in three languages (0.194708ms)
✔ the merchant terms in the dialog are the contract §5 sentence, extracted from the contract (4.170083ms)
✔ the storefront templates are the contract §5 lines, extracted from the contract (0.178792ms)
✔ settlement copy: deduction columns are labelled as deductions in every language, with a legend and the net formula (0.262125ms)
✔ there is no separate 'not on the allowlist' message: it reads as not open (review P1-2) (0.089375ms)
✔ card summary accepts the frozen shape incl. all-null platform NONE (1.72075ms)
✔ card summary rejects unknown keys, bad enums, bad money, bad version (0.917167ms)
✔ card result is exactly {state, version, max_minor, currency, descriptor_preview} (0.289792ms)
✔ descriptor suffix rule: charset, 2..10 chars, must contain a letter (0.363333ms)
✔ the suffix length rule is the charset rule's 10; the 22-character descriptor total stays the server's (SANDBOX L=10, LIVE PrefixLength) (0.190375ms)
✔ descriptor preview mirrors the contract projection (base + '* ' + suffix) (0.165166ms)
✔ settlement list accepts statements without payout/lines keys (omitempty) (1.100458ms)
✔ settlement detail carries lines whose count and sums match the totals (0.686208ms)
✔ settlement parsers reject malformed reads (0.797125ms)
✔ fees, refunds and disputes are signed exactly as the ledger stores them (1.186042ms)
✔ a returned fee is a positive line fee; the detail's lines must add up to the statement totals (0.147417ms)
✔ closed_at/paid_at accept the offsets PostgreSQL emits as well as Z (0.1675ms)
✔ a payout reference shaped like a Stripe key or account id is never displayed (0.114708ms)
✔ platform not OPEN: 'not open yet' and no enable control, for every non-OPEN state; the platform badge still tells why (0.673125ms)
✔ allowlisted + OPEN: enable from NONE/DISABLED, disable from ENABLED (0.276833ms)
✔ not allowlisted on an OPEN platform reads exactly like not open: the same message, no 'platform open' badge, no enable (review P1-2) (0.249292ms)
✔ BLOCKED: the suspended note, disable only, never enable (whatever the platform says) (0.088625ms)
✔ without billing:manage nothing can be changed, but the state is still readable (0.049958ms)
✔ enable carries the platform's current terms, the suffix and the version read; NONE starts at 0 (0.059875ms)
✔ disable never sends a suffix and quotes the terms the store accepted (the platform's may have moved on) (0.035834ms)
✔ a retained suffix is recovered from the final preview so a re-enable can keep it (0.046917ms)
✔ the period label shows the last day inside the (exclusive-end) week (0.861209ms)
✔ payout state: paid, pending only when money is due, none when the week nets to zero or less (0.058375ms)
✔ card-payments and settlements are nav:false routes, so no group loses or gains a nav button (0.456208ms)
✔ settlements need billing:manage, the card page integration:read; the owner opens both (0.369875ms)
✔ statement cells: a dispute reversal and a returned fee read as credits (+) and every deduction as -, and the columns add up to the server's net (10.250875ms)
✔ the detail parser requires the lines of a statement that has lines; a quiet week (line_count 0) may omit them (0.126666ms)
✔ route table: exactly the four resources, nothing generic (1.317083ms)
✔ query grammar: card and settlement-detail are exact; settlements takes before/limit only (0.740333ms)
✔ request fence: keyless PUT (CAS), bodyless GETs, no transfer-encoding (15.892459ms)
✔ PUT body is the exact frozen shape {enabled, terms_version, descriptor_suffix, expected_version} (0.940875ms)
✔ the BFF route wires the card grammar: keyless CAS PUT, exact body, no-store, auth required (3.184709ms)
✔ the real card summary parses and drives the display state machine (2.354584ms)
✔ the real statement list parses: newest first, no lines, three payout states (0.959458ms)
✔ every real detail parses with its lines and the lines add up to the statement (1.038125ms)
✔ an empty ledger parses to no statements (0.247667ms)
✔ no account id, key or approval shape is in any real body (0.451459ms)
✔ the real statements display literally as signed contributions that add up to the server's net (12.181833ms)
ℹ tests 48
ℹ suites 0
ℹ pass 48
ℹ fail 0
ℹ cancelled 0
ℹ skipped 0
ℹ todo 0
ℹ duration_ms 127.653209
✔ option/slug/SKU caps equal internal/catalog (options.go, catalog.go) (14.441042ms)
✔ text caps equal the Go validators (name 120, description 8000, SEO 70/160, collection title 80) (1.479417ms)
✔ photo caps equal Go (MaxMainImages, MaxDetailImages, MaxImageBytes) and the SKU code pattern (1.624292ms)
✔ PE13 Cartesian matrix is local, preserves edits and deduplicates values (0.541917ms)
✔ PE13 bulk quantity skips negative rows without modifying them (0.121875ms)
✔ PE12 untracked document uses whole currency and per-order cap, never quantity (11.538833ms)
✔ PE14 missing readback is not guessed or silently cleared by full replacement (0.056875ms)
✔ bulk status accepts explicit per-item results, never empty or duplicated confirmations (0.17925ms)
✔ matrix refuses over 100 SKUs before expansion (0.076208ms)
✔ parity: admin caps equal the Go constants (1.90675ms)
✔ image list: 4 main + 20 detail + 2 sku in role order is accepted (0.346417ms)
✔ image list: 5 main, 21 detail, wrong role order, gaps and extra keys are refused (0.142084ms)
✔ single image: role is required and its position is bounded by the role cap (0.064875ms)
✔ option text limits count Go runes rather than UTF-16 units (7.337208ms)
✔ PE14 new edit SKU carries its own shipping and clears no existing fields (9.593833ms)
✔ PE14 patch changes only price and preserves unmentioned fields (0.179792ms)
✔ PE14 on_hand is not available, zero target is transmitted, ambiguous warehouse refuses (0.278208ms)
✔ PE14 explicit clears and shipping remain per SKU on an active row (0.127125ms)
✔ PE14 archive supersedes every other edit on that SKU (b77eeb11) (0.132458ms)
✔ PE14 no-op has no command fields and changed axes explicitly archive omitted variants (0.09025ms)
ℹ tests 20
ℹ suites 0
ℹ pass 20
ℹ fail 0
ℹ cancelled 0
ℹ skipped 0
ℹ todo 0
ℹ duration_ms 96.84375
(node:70009) ExperimentalWarning: Transform Types is an experimental feature and might change at any time
(Use `node --trace-warnings ...` to show where the warning was created)
✔ UNKNOWN retry client authorization loss requires reconciliation, not a fresh command (4.198833ms)
✔ UNKNOWN retry 401 authorization loss requires reconciliation, not a fresh command (8.695833ms)
✔ UNKNOWN retry 403 authorization loss requires reconciliation, not a fresh command (0.644334ms)
✔ a conclusive command rejection stays distinct from authorization loss (0.753583ms)
ℹ tests 4
ℹ suites 0
ℹ pass 4
ℹ fail 0
ℹ cancelled 0
ℹ skipped 0
ℹ todo 0
ℹ duration_ms 113.426834
(node:70012) ExperimentalWarning: Transform Types is an experimental feature and might change at any time
(Use `node --trace-warnings ...` to show where the warning was created)
✔ offer controls read authoritative limits without parsing unrelated KEYWORD_QTY_CONTAINS window/stats (11.971709ms)
✔ offer controls accept 101 through the backend cap of 200 distinct offers, reject 201 (1.96875ms)
✔ offer toggle preserves exactly the authoritative maximum in the real M4 payload (2.455ms)
✔ console BFF admits exactly A1/A7/A6 and A5 read/copy methods (0.355333ms)
✔ Next proxy admits the exact console family and results query before the BFF (38.379834ms)
✔ PR18 proxy preserves malformed A2 cursor as 400 invalid_cursor (0.489791ms)
✔ results query is canonical repeated session_id 1..50, everything else queryless (0.07925ms)
✔ real BFF route forwards only exact resources, authenticates scope and returns private scrubbed errors (41.4065ms)
✔ new commands reject unknown keys and preserve frozen copy/lifecycle/recommend body (0.156916ms)
✔ browser commands reuse Studio fences, exact no-comment recommend body and backend refusal codes (1.331834ms)
✔ results client preserves canonical ids/order and rejects invalid list before fetch (0.263583ms)
✔ stock client reuses catalog transport/key/parser and fences a changed login without retries (1.247583ms)
✔ journal replay sends the exact original method/path/body/key for all five commands (2.504791ms)
(node:70013) ExperimentalWarning: Transform Types is an experimental feature and might change at any time
(Use `node --trace-warnings ...` to show where the warning was created)
✔ A1 strict MOCK snapshot preserves unavailable counts, capability unknown and server stock (2.463041ms)
✔ A7 returns a separate lifecycle version and closed full KEYWORD_QTY_CONTAINS window (0.141042ms)
✔ A5 results retain separate environments/currencies and bind exact requested ids/order (0.163542ms)
✔ A5 copy parses real Go envelope, copied offer prices and KEYWORD_QTY_CONTAINS window (0.37675ms)
✔ A6 accepts optional operation UUID, never guessed send success (0.087875ms)
(node:70014) ExperimentalWarning: Transform Types is an experimental feature and might change at any time
(Use `node --trace-warnings ...` to show where the warning was created)
✔ Live settings navigation accepts a scene picker entry but never a malformed or unscoped deep link (0.752584ms)
✔ LC-B7 stock permission admits live_adjust without inventory:write, not unrelated grants (0.082708ms)
✔ Instagram comment total stays unavailable; Facebook observed count is not a platform total (0.069208ms)
✔ LC-U1 one primary action follows lifecycle, never planning or transport state (0.06625ms)
✔ LC-U1 stock target uses sellable delta and rejects fractions, negative and over-limit changes (0.091ms)
✔ LC-U1 links only explicit FB post identities, never arbitrary URLs or guessed videos (0.08775ms)
✔ LC-U1 Facebook preview keeps the original no-frame CSP and uses a safe external link (0.479958ms)
✔ LC-U1 delayed copy completion cannot navigate after store switch or unmount (0.111708ms)
✔ LC-U1 receipt fence survives cookie rotation; pending replay still has a separate session boundary (0.308542ms)
ℹ tests 27
ℹ suites 0
ℹ pass 27
ℹ fail 0
ℹ cancelled 0
ℹ skipped 0
ℹ todo 0
ℹ duration_ms 264.340833
✔ PR18 R2 scoped404 a2 clears both private views and stops recovery reads (18.886ms)
✔ PR18 R2 scoped404 a8 clears both private views and stops recovery reads (2.945125ms)
✔ PR18 R2 scoped404 older clears both private views and stops recovery reads (1.985916ms)
✔ PR18 A8 clears names synchronously and keeps loaded older pages through a head poll (2.052375ms)
✔ PR18 A8 hides clear before effects even without pagination (0.928292ms)
✔ PR18 deletion HEAD clears selected comment composer but keeps history and public guard (5.77675ms)
✔ PR18 quiet A2 stream refreshes delayed claim marks without a new sequence or user refresh (2.056834ms)
✔ PR18 late claim automatically exposes keyword view and the reused BuyerPanel (4.518375ms)
✔ K3 A8 private polls every 10s, backs off, resets, pauses hidden and stops off-filter (8.244667ms)
✔ K3 A8 unreplied polls every 10s, backs off, resets, pauses hidden and stops off-filter (7.14725ms)
✔ K3 pasted tab is refused with invalid_text copy before any reply POST (0.862375ms)
✔ PR18 facts_unavailable mark uses actionable copy zh-TW (0.521167ms)
✔ PR18 facts_unavailable mark uses actionable copy zh-CN (0.506625ms)
✔ PR18 facts_unavailable mark uses actionable copy en (0.464292ms)
✔ real SQL UNKNOWN mark blocks public-mode switching without a local receipt (0.526208ms)
✔ PR18 unknown public receipt has the correct cross-comment fence (2.639292ms)
✔ PR18 queued public receipt has the correct cross-comment fence (4.294792ms)
✔ PR18 public guard releases only definite sent (1.205167ms)
✔ PR18 public guard releases only definite failed (1.027917ms)
✔ PR18 public guard releases only definite blocked (0.767625ms)
✔ PR18 public guard releases only definite refused (0.939ms)
✔ actual A2 hook fake clock: 3/6/12/24/30 backoff, success reset, hide clears and stops, 403 locks (3.953375ms)
✔ actual reset clears selected buyer and rereads without the old epoch cursor (1.203834ms)
✔ reply hints, coded error, UNKNOWN and capability state execute the actual composer (1.051334ms)
✔ PR18 R2 templates read 404 denies the composer (0.454875ms)
✔ PR18 buyer-panel read 404: stays local (retention-purged or gone selection), console keeps access (0.503458ms)
✔ PR18 buyer-panel read 403: revokes the console scope (0.457084ms)
✔ PR18 deletion HEAD removes absent refs inside its window (0.765ms)
✔ PR18 deletion HEAD keeps paged history below its oldest tuple (0.09275ms)
✔ PR18 deletion is never inferred from incremental or older pages (0.092459ms)
✔ PR18 empty deletion HEAD is not evidence that any ref was deleted (0.054917ms)
✔ PR18 deletion floor compares equal timestamp refs and timezone instants (0.533916ms)
✔ PR18 mixed FB and IG page orders normalize chronologically after dedupe (0.190917ms)
✔ PR18 cap keeps newest1000 with mixed page order older=false (2.856041ms)
✔ PR18 cap keeps newest1000 with mixed page order older=true (2.735ms)
✔ PR18 A3 invalid_ref remains a definite 422 refusal (0.090792ms)
✔ PR18 a full history buffer stops paging without discarding rows or advancing its cursor (0.172583ms)
✔ K3 reply text rejects every C0/C1 control except newline (0.319417ms)
✔ SQL operation marks map to every merchant-visible delivery state (0.058459ms)
✔ real bridge sealCursor uses payload.signature rather than plain base64url (8.552792ms)
✔ A2 grammar refuses private/duplicate/ambiguous cursors and keys on reads (0.807333ms)
✔ A3-A5 exact comment ref and bodies; explicit preemption private only (0.134459ms)
✔ A4/A5 preserve frozen refusal codes, never provider/debug text (0.045959ms)
✔ reset invalidates old buffers and cursor before reread; older page cannot advance live cursor (0.108125ms)
✔ filter resources have only authorised opaque ids; backoff is capped and success resets (0.05775ms)
ℹ tests 45
ℹ suites 0
ℹ pass 45
ℹ fail 0
ℹ cancelled 0
ℹ skipped 0
ℹ todo 0
ℹ duration_ms 360.080333
✔ secondary failures preserve A1; only A1 is periodic; IG notice follows the platform/embeddability observation (240.478917ms)
✔ the existing console refresh also explicitly refreshes its parent list; no automatic list read (14.622583ms)
✔ parent forwards only an explicit refresh callback and retains the scene when list is unavailable (11.081917ms)
✔ every explicit browser response/event/navigation waiter has a finite sub-test budget (11.293ms)
✔ A1 failures back off 3/6/12/24/30 seconds and success resets to five seconds (86.713875ms)
✔ Retry-After is a minimum; hidden tabs cancel polling; forbidden locks and conceals (41.91ms)
✔ secondary reads are mount/refresh only, independent from A1 and non-fatal (33.27725ms)
✔ UNKNOWN journal restores the exact key/method/path/body and explicit retry after reload (25.128333ms)
✔ first definite 403 clears journal but locks commands; late success after navigation clears only its own key (31.346625ms)
✔ private reads preserve Retry-After seconds and dates, without changing existing error codes (20.381459ms)
✔ a restored in-flight or UNKNOWN request retains its journal after a replay 403 (67.670292ms)
✔ restored copy success dispatches completion only in the still-current scene (45.853958ms)
✔ SessionCopy resyncs closed same-ID titles, preserves open edits and cancels to latest draft (25.748208ms)
✔ SessionCopy submit uses latest version; UNKNOWN request survives later draft/input changes (23.360583ms)
ℹ tests 14
ℹ suites 0
ℹ pass 14
ℹ fail 0
ℹ cancelled 0
ℹ skipped 0
ℹ todo 0
ℹ duration_ms 612.860041
✔ claims window modes match Go constants and every SQL match_mode CHECK (12.263542ms)
✔ host prompt stays verbatim at the frozen trunk contract; Japanese is absent (1.314458ms)
✔ bundle parser accepts manual (labelled) and Meta (unlabelled) bundles (1.124583ms)
✔ bundle parser rejects unknown platforms and label/platform mismatches (0.195125ms)
✔ offer parser carries the live price and rejects every out-of-range or missing field (0.270834ms)
✔ library and import parsers are closed; removal receipt is the only version-0 shape (0.1925ms)
✔ price input: exact decimal minor units, never float, bounded to the currency's places (8.143166ms)
✔ live-tools copy exists in all three locales with the same conflict reasons (0.470958ms)
✔ claims BFF allowlist is exactly M1–M7 per method (0.961583ms)
✔ M7 link response shape is closed (0.161625ms)
✔ host prompt copy is the frozen text, verbatim (0.071292ms)
ℹ tests 11
ℹ suites 0
ℹ pass 11
ℹ fail 0
ℹ cancelled 0
ℹ skipped 0
ℹ todo 0
ℹ duration_ms 112.780583
NOT_RUN: tests/media/r04-input-runner.test.mjs (COMMERCE_R04_LIVEKIT_BINARY unset)
✔ main/detail/sku caps use the existing frozen image contract (0.692584ms)
✔ phone and tall dimensions fit2000 without enlarging small assets (1.56925ms)
✔ upload query requires one exact role and sku value; reads/actions carry no query (12.257375ms)
✔ role transport encodes current option values and refuses invalid identities (0.706625ms)
✔ effective image axis follows current options, then falls back to first (0.181792ms)
✔ detail and option photos cannot satisfy the main-photo recommendation (0.091541ms)
✔ PM-U copy has matching keys in ja and all currently routed locales (0.170083ms)
✔ real-upload mode builds both Next applications on a clean CI checkout (13.48975ms)
✔ upload recovery journal survives a new session while remaining product/store scoped (0.170625ms)
✔ an option upload receipt requires its captured axis, value and image id on canonical readback (0.150792ms)
✔ failed durable recovery storage cannot authorize a media write (0.342125ms)
✔ an active product needs a main image after canonical media is known; repair paths stay possible (0.064459ms)
✔ empty media sections render a readable localized placeholder until photos are present (6.005625ms)
✔ real-upload mode never exits through the storefront MOCK shortcut (11.429917ms)
✔ a valid active zero-main product keeps an inline repair hint rather than a page error (6.639584ms)
✔ a new product issues the image-axis stage only for a chosen axis (1.515375ms)
ℹ tests 16
ℹ suites 0
ℹ pass 16
ℹ fail 0
ℹ cancelled 0
ℹ skipped 0
ℹ todo 0
ℹ duration_ms 303.203875
(node:70074) ExperimentalWarning: Transform Types is an experimental feature and might change at any time
(Use `node --trace-warnings ...` to show where the warning was created)
✔ a fitting PNG keeps the exact original File, bytes and alpha-capable format (0.806667ms)
✔ a JPEG exactly at both limits remains original, not a lossy re-encode (0.442958ms)
✔ an oversized phone JPEG is encoded below the cap after oriented scaling (0.590083ms)
✔ a large transparent PNG stays alpha-capable and is never painted with an opaque matte (0.684417ms)
ℹ tests 4
ℹ suites 0
ℹ pass 4
ℹ fail 0
ℹ cancelled 0
ℹ skipped 0
ℹ todo 0
ℹ duration_ms 103.406958
✔ HTTPS picklist fixture carries Secure session cookies automatically while preserving CSRF refusals (117.60775ms)
✔ batch controls stay compact until an order selection or live-session scope exists (0.184958ms)
✔ selection has XOR bodies, canonical unique IDs and separate 500/100 limits (0.379333ms)
✔ cross-page selection retains existing rows, deduplicates and refuses overflow atomically (0.71725ms)
✔ pick projection rejects PII/extra keys, invalid quantities and unmatched order identities (0.528542ms)
✔ batch replies bind one-for-one to confirmed orders and preserve uncertainty code (0.116209ms)
✔ pick/export POSTs reject keys and all query variants except one exact template (1.846583ms)
✔ CSV filename binds to selected template and store; no path/header injection (0.195167ms)
✔ MOCK browser fixture list matches the incumbent closed order parser (13.815ms)
✔ recovery never clears an unknown or missing current attempt (0.143666ms)
✔ recovery and order-detail MOCK fixtures satisfy real read parsers (8.480792ms)
✔ order selection can read its session fence during SSR without browser globals (1.699458ms)
✔ MOU keeps native headed checks runnable on a Linux CI worker without DISPLAY (22.626ms)
✔ pick fixture serves the scoped parcel reads required by the orders page (5.70575ms)
ℹ tests 14
ℹ suites 0
ℹ pass 14
ℹ fail 0
ℹ cancelled 0
ℹ skipped 0
ℹ todo 0
ℹ duration_ms 437.83275
✔ bodyless dissolve DELETE (empty body stream, no content-length) reaches Go with the CAS query, no body, no key (16.28575ms)
✔ every parcel DELETE must carry exactly one expected_version >= 1 (never forwarded without it) (1.80025ms)
✔ a DELETE that declares a body or chunked framing is refused (0.334208ms)
✔ DELETE needs the session, origin and CSRF like every command; other DELETEs stay unsupported (1.562375ms)
✔ GET parcel-groups (open groups read) and merge-suggestions pass with no query; a query or key is refused (8.873542ms)
✔ actual MOU parcel runner selects and collects the real parcel browser case (336.567542ms)
✔ merge suggestions accept the frozen shape (server-masked recipient) and reject drift (1.050042ms)
✔ created group requires the OPEN state and its members (0.121833ms)
✔ dissolved group is exactly id/state/version (0.091792ms)
✔ group shipment carries one SHIPPED version per member (1.350458ms)
✔ open groups (GET parcel-groups) accept the frozen shape and fail closed on drift (3.723167ms)
✔ reconcile: a reload rebuilds OPEN panels, a vanished OPEN group is dropped, history and live versions are kept (1.093959ms)
✔ three locales cover the same keys and every refusal code (0.353125ms)
✔ the owner-ruling sentence is exact in all three locales (0.32075ms)
✔ the in_parcel_group copy is the same sentence in parcels-copy (blocked + errors) and orders-copy, in every locale (0.244875ms)
✔ groupOfOrder prefers the OPEN group over retained SHIPPED/DISSOLVED history (0.572625ms)
✔ parcelOrderNumber is the canonical LC-<32 uppercase hex> order number and matches the open-group parser (0.138334ms)
✔ parcel refresh generation: bumped by every successful poll, whatever the cursor (0.6745ms)
✔ parcel refresh generation: an in_parcel_group refusal bumps it, other refusals do not (0.83025ms)
✔ exactly the five W3-07B resources route (0.584209ms)
✔ dissolve carries exactly ?expected_version=N (N >= 1) (0.110291ms)
✔ readMergeSuggestions 401 immediately purges parent scope and refuses late sibling 200 (19.846333ms)
✔ readMergeSuggestions 403 immediately purges parent scope and refuses late sibling 200 (5.521125ms)
✔ readMergeSuggestions 404 immediately purges parent scope and refuses late sibling 200 (3.79075ms)
✔ readOpenParcelGroups 401 immediately purges parent scope and refuses late sibling 200 (3.418125ms)
✔ readOpenParcelGroups 403 immediately purges parent scope and refuses late sibling 200 (7.149583ms)
✔ readOpenParcelGroups 404 immediately purges parent scope and refuses late sibling 200 (7.279958ms)
✔ readMergeSuggestions 503 preserves parent and local retry recovers actual DTOs (7.519792ms)
✔ readOpenParcelGroups 503 preserves parent and local retry recovers actual DTOs (4.623208ms)
✔ captured parent groups callback refuses hidden scope (1.897542ms)
ℹ tests 30
ℹ suites 0
ℹ pass 30
ℹ fail 0
ℹ cancelled 0
ℹ skipped 0
ℹ todo 0
ℹ duration_ms 433.079042
✔ exactly the nine W6-01B resources are admitted, each only under its own method (2.342709ms)
✔ the customer list is claimed only when a tag filter is present (customers-request.ts stays the owner otherwise) (0.285375ms)
✔ near misses are refused (no generic proxying) (0.248917ms)
✔ reads: no body, no key, no transfer-encoding; tag-list takes no query at all (19.478083ms)
✔ customer-list query: closed keys, tag must be a canonical uuid, list bounds identical to customers-request (0.607084ms)
✔ note-list query: only limit and after, with the customers-list bounds (0.140667ms)
✔ writes: exactly one well-formed Idempotency-Key; the two DELETEs carry no body but still need the key (3.02675ms)
✔ validTagName mirrors Go (NFC first, 1..20, trimmed, no control/Cf) (0.666125ms)
✔ validNoteBody mirrors Go (1..1000, not blank, only \n \r \t controls) (0.237125ms)
✔ tag-create body: closed keys, valid name and one of the eight colors (0.193542ms)
✔ tag-patch body: at least one of name/color, nothing else (0.074ms)
✔ owner-tags body: tag_ids (<=100 canonical uuids) + 64-hex revision, exact keys (0.13125ms)
✔ note bodies: create {body}; patch {body, version>=1}; deletes and reads carry no body at all (0.125708ms)
✔ parseTagCatalog decodes {items: TagRecord[]} with the store-catalogue bounds (3.501459ms)
✔ parseTagSet / parseDeletedTag / parseDeletedNote decode the frozen write receipts (1.030791ms)
✔ parseNoteRecord / parseNotePage decode notes with the Go note rules (10.628625ms)
✔ customer-tags copy: three locales, identical key sets, the integrator's ruled note-privacy text verbatim (4.485ms)
✔ components wire the ruled copy and the tag/note controls the specs click (1.305125ms)
✔ tag read names must already be trimmed NFC and Unicode code-point bounded (0.181208ms)
✔ session change before network sends nothing (32.4035ms)
✔ session changes after network or during body parse drop the response (9.978ms)
✔ transient session digest failure is settled only before dispatch (0.804833ms)
✔ lost response followed by a changed session is UNKNOWN after dispatch (0.581917ms)
✔ lost response does not auto-retry; explicit replay keeps method/key/payload/scope (2.529792ms)
✔ 5xx or malformed success is uncertain, coded refusal is settled (3.945833ms)
✔ passive tag/detail refresh preserves an unsaved new-note draft (44.320167ms)
✔ passive refresh updates visible notes but preserves edit draft and original CAS version (1.097625ms)
✔ explicit refresh signal clears old edit draft while passive array changes do not (0.561375ms)
✔ an unauthorized note read clears private note bodies and the draft (1.880459ms)
✔ a transient note read failure keeps the notes already shown (2.096ms)
✔ an unauthorized note read signals the global logout once; a transient failure does not (2.234167ms)
✔ non-privacy writer: own notes keep Edit and Delete on a fresh mount, others' notes do not (0.590709ms)
✔ notes forbidden/not_found signals scope loss exactly once per mount, never on transient failure (17.253167ms)
✔ bad path/store/method/query/header is refused without authority or backend calls (35.122125ms)
✔ the actual proxy admits a tagged customer list with scoped search/cursor and rejects malformed tag authority (24.861291ms)
✔ signed-out/cross-store/Origin-CSRF denials short circuit before body or forwarding (3.092167ms)
✔ closed bodies and DELETE payloads cannot reach Go (1.364417ms)
✔ all write methods preserve exact key/body/store and private success status (1.178167ms)
✔ note pagination preserved and hostile backend errors/bodies sanitized (3.782625ms)
✔ a catalogue forbidden or not_found asks the parent to re-run its guarded reads, with no logout (226.120083ms)
✔ transient catalogue failures stay local; unauthorized logs out but is not a scope loss (64.249ms)
✔ after a tag write the manager stays mounted: the catalogue refreshes in place, never reloads (37.936834ms)
✔ a manager-reported scope loss reloads the customer list and catalogue guarded reads (6.781167ms)
✔ CustomerDetail forwards a scope-lost signal to the guarded read once per page (16.964583ms)
✔ badges are escaped server tag facts with human-readable names (4.144ms)
✔ actual customer notes render privacy notice, safe content, author fallback and read-only permissions (58.222125ms)
✔ unknown permissions and erased customer never offer note mutations (1.073166ms)
✔ write-only notes permit add but not edit/delete of notes the server does not mark own; privacy permission permits both (1.449083ms)
✔ manager trigger and all three localized buyer-export notices render through actual components (2.226334ms)
✔ UNKNOWN survives settled unauthorized retry until trusted success; fresh run ignored (1.702ms)
✔ UNKNOWN survives settled forbidden retry until trusted success; fresh run ignored (0.423125ms)
✔ UNKNOWN survives settled version_changed retry until trusted success; fresh run ignored (0.389666ms)
✔ first-attempt preflight refusal is settled and permits a fresh action (0.353917ms)
✔ UNKNOWN and in-flight retries prevent duplicate dispatch; unmount discards stale outcome (0.428333ms)
✔ an unauthorized write signals the global logout; forbidden does not (0.49325ms)
✔ UNKNOWN command survives unmount/remount: still locked, same-key retry, cleared by trusted success (0.362292ms)
✔ a command unmounted while in flight is treated as UNKNOWN on remount (0.658167ms)
✔ a session boundary change drops the remembered UNKNOWN command (2.106458ms)
✔ a guarded read that ends signed-out signals the global logout once (2.620792ms)
✔ forbidden/unavailable failures and a successful read signal no logout (10.170042ms)
✔ refresh ending signed-out clears the view, blocks and signals the global logout once (5.236459ms)
✔ refresh ending forbidden or not-found clears the data without a logout (8.312458ms)
✔ a transient refresh failure keeps the ready view and signals nothing (28.129125ms)
✔ exactly the eight report GETs are admitted; every other method or path is refused (0.945542ms)
✔ report reads: query required, no body, no key, no transfer-encoding (12.889209ms)
✔ from/to: exactly once each, calendar-valid days, 0..91 apart (0.372667ms)
✔ session_id: only on the funnel (json and csv), a canonical uuid, once (0.863041ms)
✔ parseProductReport: echoed range/zone, <=1000 rows sorted by net desc, net = captured - refunded (25.297875ms)
✔ parseChannelReport: closed vocabulary order, money per environment strictly ascending, I05 inside every bucket (0.735333ms)
✔ parseFunnelReport: nested counts, session echo, ordered_without_link bound (0.25875ms)
✔ parseManualReport: nullable principal/session ids, bucketed money like channels (0.223625ms)
✔ reports copy: three locales, identical key sets, the integrator's ruled money annotation verbatim (0.200333ms)
✔ Reports.tsx: four tabs, CSV per tab, ruled annotation, CSS/SVG charts only (no new dependencies) (1.315417ms)
✔ report CSV closed headers use actual Go slug, echoed dates and private no-store (0.39425ms)
✔ report response projection rejects unknown keys, mismatched range and non-private responses (1.833583ms)
✔ manual buckets follow Go's uncapped row count rather than a made-up 500-row limit (1.7445ms)
✔ display sorts only inside currency/environment groups, never sums money or mutates server rows (20.439417ms)
✔ page report query accepts exactly the four report names and defaults to products (0.086959ms)
✔ actual product table renders offline separately, both modes, no UUID copy and sortable headers (20.399583ms)
✔ actual channel chart exposes exact numbers and both money modes using SVG (0.998333ms)
✔ actual funnel has four stages, nested widths and truthful zero-denominator text (1.262458ms)
✔ manual table resolves authorized labels, has honest fallback, and never presents UUIDs (1.498625ms)
✔ all report views render localized empty states (0.526875ms)
✔ actual BFF refuses malformed query, unknown store/session, disabled auth and missing CSV fences before Go (90.63525ms)
✔ actual BFF closed JSON projection and CSV scope/query preserve trusted token; no forwarded client authority (22.789042ms)
✔ actual BFF permission and malformed CSV response fences do not masquerade as a download (19.070875ms)
✔ audited browser GET accepts same-origin Fetch Metadata plus CSRF, never cross-site or forwarded Host (23.256417ms)
✔ actual CSV client preflight sends nothing after session change, and a lost audit response is uncertain with no retry (12.660709ms)
✔ actual CSV client refuses stale-session bytes and downloads only a closed private response (5.541166ms)
✔ report leaf gives the actual trusted fetch 65 seconds, rejects redirects and forwards only server bearer (4.07725ms)
✔ incoming request cancellation aborts the real report fetch once, returns safe unavailable and never retries (4.65275ms)
✔ CSV final synchronous fence conceals bytes when cancellation, hide or cookie rotation happens inside final await (24.626583ms)
✔ CSV end-to-end deadline covers store lookup and report budget; aborted preflight sends no audited request (10.778833ms)
✔ an uncertain export stays locked for its scope after another scope's export (3.85425ms)
✔ an uncertain export scope persists per store in tab storage and re-locks a fresh render (26.037167ms)
✔ unavailable tab storage fails closed to the in-memory lock without throwing (9.258792ms)
✔ export lock is stored before dispatch; refused/delivered outcomes release it, uncertain and cut-short keep it (44.4585ms)
✔ releasing one scope keeps the other uncertain scopes of the store (3.415208ms)
✔ export is refused and nothing is dispatched when the lock cannot be saved (denied, full or no storage) (12.716958ms)
✔ copy for an unsaved export lock exists in every locale (0.089292ms)
✔ product sort query parses strictly and defaults to net_minor descending (0.176541ms)
✔ legacy-store permission probe: forbidden/not-found/signed-out fail the read closed, transient falls back (12.396167ms)
✔ channel and funnel data retain their applied dates while draft dates wait for Show (108.1615ms)
✔ an uncertain export lock is bound to the session boundary, so a different user does not inherit it (26.105333ms)
✔ Finance landing links to reports under the same canSeeReports rule (10.698958ms)
✔ selected tag survives searches and cursor pagination while an empty filter is omitted (52.901584ms)
✔ customer list dispatch preserves legacy requests and sends every tag query to the closed W6 authority (335.062375ms)
✔ customers reports link is hidden only when permissions are present and lack orders:read (0.14425ms)
✔ reports are a finance subpage and preserve the existing single finance navigation entry (0.112791ms)
✔ an authoritative erased customer immediately unmounts the cached private tags/notes subtree (22.31175ms)
✔ the actual customer row shows manual tags and imported status without changing consent (7.583791ms)
✔ P1 actual tag DELETE accepts an empty Next-style stream without JSON MIME (483.9025ms)
✔ P1 actual note DELETE accepts an empty Next-style stream without JSON MIME (1.160917ms)
✔ P1 body-carrying tag writes still require JSON MIME through the real BFF (0.296542ms)
✔ P2 customer bare/encoded tag keys are invalid422 through the actual leaf before any backend (2.817708ms)
✔ P2 report products real session/CSRF response is private and Vary Cookie (1.018833ms)
✔ P2 report products.csv real session/CSRF response is private and Vary Cookie (0.311917ms)
✔ P2 report malformed query and wrong CSRF are rejected by actual helpers before upstream (0.2265ms)
ℹ tests 118
ℹ suites 0
ℹ pass 118
ℹ fail 0
ℹ cancelled 0
ℹ skipped 0
ℹ todo 0
ℹ duration_ms 1246.106458
✔ real coded errors retain baseline classification and normalize import leaf cache to private,no-store (34.455167ms)
✔ preflight missing CSRF is definite and sends nothing; actual route CSRF and session refusals stay definite (1.213875ms)
✔ actual route uses real cookies/store membership and method/error envelopes, no helper substitutions (1.990333ms)
✔ actual client/route preserves original Blob bytes, trusted transport and privacy projection on200/409 (4.720625ms)
✔ success or stale preview must remain private; malformed/unknown/mismatched coded errors are uncertain after commit (3.95775ms)
✔ lost/unreadable/session-changed dispatched commit remains UNKNOWN; no automatic retry (0.746625ms)
✔ actual failed-only result route strips IDs and real final session/cancel fence exposes no download (1.631417ms)
✔ actual route refuses unknown resource/query and duplicate session cookies before any upstream call (0.29325ms)
✔ actual route incoming cancellation aborts one dispatched transport and preserves client UNKNOWN (0.584ms)
✔ real coded error cache may not be public, and closed payload may not acquire data-bearing fields (1.1605ms)
✔ copy still exposes specific merchant field reasons across three locales (3.772ms)
✔ all real local and upstream import refusals including HEAD/unsupported are exact private,no-store (0.563584ms)
✔ fresh mismatched receipt stays UNKNOWN, exact manual replay mismatch becomes terminal without a third send (1.055041ms)
✔ terminal is impossible for malformed replay receipts or matching replayed counts (0.669834ms)
✔ Big5 bytes pass unchanged to upstream and real422 import envelope surfaces encoding_not_utf8 (0.400375ms)
✔ oversize file uses the actual header guard and specific size guidance in all locales without dispatch (32.496041ms)
✔ commit uses the original requested mapping, including an empty optional field, not resolved preview metadata (14.234792ms)
✔ an UNKNOWN commit remains locked through a later forbidden retry and only explicit same-file success unlocks (8.940125ms)
✔ leaving during a dispatched commit drops its payload and keeps an unconfirmed boolean without replay (10.248375ms)
✔ a definite first preflight refusal clears pending before sign-out and does not invent an unconfirmed import (7.316333ms)
✔ a replayed mismatched receipt ends UNKNOWN without offering another retry or unlocking historical orders (12.425833ms)
✔ real cookie and CSRF helpers generate and validate the actual host-cookie pair (1.466959ms)
✔ exact route rejects methods/keys/body/query/scope before any upstream request using real localError (3.809666ms)
✔ missing/duplicate session cookies reject and real clearAuthCookies expires session and CSRF (0.669958ms)
✔ actual authenticatedStores denies a store absent from the server projection (0.609458ms)
✔ private success routes server cookie token and exact canonical after, never caller bearer/cookie to Go (2.755625ms)
✔ actual safeError/localError preserve coded status with no-store and redact upstream diagnostics (1.547917ms)
✔ actual readBody and strict projection refuse MIME/oversize/extra private fields/city; network loss stays private (2.133667ms)
✔ actual client issues GET50/after through real route/private successful projection (10.331333ms)
✔ actual helper-issued browser fence rejects changed parent before dispatch (3.410875ms)
✔ private success from real route is discarded when the browser session changes during upstream read (7.022625ms)
✔ real localError no-store 401/403/404/503 preserves correct read category with no retry (5.094417ms)
✔ malformed sensitive backend projection becomes real unavailable, never a fake BFF success (1.202791ms)
✔ strict archive rows decode external order text, safe minor units and public keys (2.135292ms)
✔ PII-shaped city and extra sensitive fields never pass the safe projection (0.301375ms)
✔ all canonical Go cities pass; malformed types/bounds/order/time/money/cursor fail (0.476125ms)
✔ read grammar is exact limit/after, not the stale brief's cursor name (16.052584ms)
✔ three locales retain truthful history-not-revenue basis and copy parity (0.164666ms)
✔ SSR renders actual safe rows, shared money/time, total count and read-only three-locale basis (42.747875ms)
✔ SSR distinguishes empty archive, 403, session loss and unavailable without stale rows/count (6.3325ms)
✔ actual pagination callbacks use opaque trail; double click cannot skip; refresh/scope reset page1 (7.663958ms)
✔ the static import subpage wins over customer detail and leaves the single customers nav intact (0.368542ms)
✔ the actual list offers import only to privacy holders and carries the current authorized store (135.32875ms)
✔ the actual detail mounts archive only for an active imported customer and passes its fenced identity (67.157584ms)
✔ MIUI-READY-VISIBLE-STORE actual signed helper waits on the visible selector and retains cookie/wizard assertions (349.367459ms)
✔ MIUI-READY-DENIED read-only staff reaches the real shell refusal instead of waiting for a private wizard (5.933542ms)
✔ failure verdicts precede successful rows, by source row number, without mutating the input (0.689625ms)
✔ the failure download contains only failed row metadata, with no source cell or success identifier (0.21225ms)
✔ reads quoted/BOM header only, without decoding malformed bytes from data rows (4.404208ms)
✔ guess only unique metadata aliases with explicit unmapped values (0.468042ms)
✔ shared dynamic leaf admits only exact import methods/actions and bounded mapping/count (24.704541ms)
✔ failed CSV emits only row/outcome/code, refusing any unexpected identifier or raw cell (0.227125ms)
✔ raw-byte cap does not decode/rebuild uploads and cancels oversized chunks (11.650292ms)
✔ backend privacy projection strips all source IDs on successful and failed rows (0.893667ms)
✔ closed preview parser refuses data-bearing rows, unknown keys and inconsistent counts (0.251917ms)
✔ order preview counts units while first CSV record numbers can exceed rows_total (0.081667ms)
✔ commit receipt has exactly five keys and no extra customer cells (0.103917ms)
ℹ tests 57
ℹ suites 0
ℹ pass 57
ℹ fail 0
ℹ cancelled 0
ℹ skipped 0
ℹ todo 0
ℹ duration_ms 793.524375
✔ parseShard: i/N, empty means unsharded, anything malformed throws (1.232666ms)
✔ assignShards: deterministic, every key owned once, near-balanced (LPT bound) (1.415708ms)
✔ planClick: for every N the shards partition the whole universe (every registry route x variant, storefront walk, journey) (1.535084ms)
✔ planClick at N=10 keeps every shard within ~1.3x of the mean planned cost (0.152084ms)
✔ aggregate click: honest shards pass for several N (2.658125ms)
✔ aggregate click: a missing shard, a dropped page row, a lost journey, a failing row, a stale known defect and a missing platform marker are each a failure (3.791583ms)
✔ aggregate click: a route added to the registry after the shards ran cannot pass (the registry is re-read) (0.387208ms)
✔ aggregate visual: honest shards pass; a missing shard, a missing shot, a blocking verdict and a registry route outside the universe each fail (5.156792ms)
ℹ tests 8
ℹ suites 0
ℹ pass 8
ℹ fail 0
ℹ cancelled 0
ℹ skipped 0
ℹ todo 0
ℹ duration_ms 93.086041
ci-plan: 10 job(s); click-sweep x10 (aggregate)
  --browser-click-sweep@1/10  -> artifact gate-browser-click-sweep_1_10
  --browser-click-sweep@2/10  -> artifact gate-browser-click-sweep_2_10
  --browser-click-sweep@3/10  -> artifact gate-browser-click-sweep_3_10
  --browser-click-sweep@4/10  -> artifact gate-browser-click-sweep_4_10
  --browser-click-sweep@5/10  -> artifact gate-browser-click-sweep_5_10
  --browser-click-sweep@6/10  -> artifact gate-browser-click-sweep_6_10
  --browser-click-sweep@7/10  -> artifact gate-browser-click-sweep_7_10
  --browser-click-sweep@8/10  -> artifact gate-browser-click-sweep_8_10
  --browser-click-sweep@9/10  -> artifact gate-browser-click-sweep_9_10
  --browser-click-sweep@10/10  -> artifact gate-browser-click-sweep_10_10
✔ the full sweep and the full visual lint fan out into every shard and ask for the aggregate (0.942333ms)
✔ foundation-shards = the unit shard + every plan group; the serial `foundation` mode is untouched (0.6395ms)
✔ an explicit shard re-run (or a partial list) never claims the whole-run aggregate (0.087875ms)
✔ duplicates collapse, artifact names are safe and unique, bad input is refused (0.288792ms)
✔ main writes matrix / sweep_n / visual_n to GITHUB_OUTPUT (1.613667ms)
✔ backend-only paths run foundation-shards only (1.147625ms)
✔ node tests of deploy scripts and of the CI planner are backend-only (they cannot change a browser) (0.327625ms)
✔ a UI path adds the whole browser set, including click-sweep and visual-lint (1.614333ms)
✔ docs-only and output-only diffs keep the single required check (foundation-shards) (0.237625ms)
✔ tests/foundation/browser_* is a browser path, other tests/foundation files are not (0.259959ms)
✔ deploy flag: deploy/ and scripts/deploy* only (0.867417ms)
✔ the browser set is release-gate's browser-mode universe minus the documented exclusions (14.326709ms)
✔ parser: only compiled, correctly-shaped Test functions of untagged _test.go files (1.11125ms)
✔ the real plan: every top-level test of tests/foundation runs in exactly one group (717.538125ms)
✔ a new test (in no list) still runs, exactly once, in the catch-all group; the same name with no catch-all is red (912.476792ms)
✔ a test listed in two groups is red; drift beyond the limit is red (1110.186708ms)
✔ regexes: anchored explicit lists; the catch-all skips exactly everyone else's tests (0.513375ms)
✔ pack: deterministic, balanced to within the longest test, every name once (4.570792ms)
✔ parseDurations: top-level lines only (0.21475ms)
ℹ tests 19
ℹ suites 0
ℹ pass 19
ℹ fail 0
ℹ cancelled 0
ℹ skipped 0
ℹ todo 0
ℹ duration_ms 2937.063333
✔ PR18 real BFF preserves invalid_ref and cursor errors without upstream retry (19.531292ms)
✔ PR18 valid A2 Unicode/escaped pages exceed 1 MiB but A8 cap stays unchanged (170.971ms)
✔ K3 comment-only no_source cannot widen the existing inbox error seam (1.950292ms)
✔ LC-U2a real BFF seam A2-A5 exact grammar, privacy, denial and no diagnostic reflection (8.549834ms)
✔ A8/A9/A13 and published templates: exact reads forward once with no-store (7.671667ms)
✔ real streamed POST bodies: A10-A14 exact keys reach upstream (7.078875ms)
✔ query, read headers, methods and body allowlists refuse before upstream (7.692583ms)
✔ session, CSRF and store authority precede content forwarding (1.82875ms)
✔ A12 fixed codes preserved; arbitrary upstream diagnostics stripped (12.2855ms)
✔ client preserves codes and receipt; changed/aborted session cannot publish private response (11.333042ms)
✔ A9 admits a full page of valid Unicode replies while bounding private response bytes (7.432667ms)
✔ non-JSON upstream 401 still expires both authentication cookies without diagnostic leakage (4.274334ms)
✔ real M7 response keeps no-referrer after matching Next production header rules (16.967041ms)
✔ three unit languages cover identical fixed labels and delivery states (0.796583ms)
✔ hiding aborts requests and rejects late responses, even after reveal (1.249416ms)
✔ switching selection invalidates both reads and write completions (0.086584ms)
✔ owner and explicit inbox permissions only; viewer fails closed (0.063334ms)
✔ Messenger counts Unicode codepoints; Instagram counts NFC UTF8 bytes (1.278542ms)
✔ uncertain transport retries retain the exact submission; definitive conflicts retire it (0.5955ms)
✔ privacy calibration cannot activate with production origin or ordinary caller env (0.150333ms)
✔ late focus/pageshow while native document remains hidden cannot reveal requests (0.092166ms)
✔ terminal navigation revocation cannot be undone by focus or refresh until a new page fence (0.062291ms)
✔ a ticket from another store/page fence is never accepted (0.056458ms)
✔ focus while already visible preserves the active epoch and the uncertain reply receipt (0.082208ms)
ℹ tests 24
ℹ suites 0
ℹ pass 24
ℹ fail 0
ℹ cancelled 0
ℹ skipped 0
ℹ todo 0
ℹ duration_ms 429.001458
✔ installed APIRequestContext cookie rules exclude Secure cookie from HTTP127 but retain HTTPS/localhost (4.029542ms)
✔ actual INU02 cross uses browser auth and retains exact 404/DM absence (40.857292ms)
✔ actual INU02 cross still rejects wrong authority 401 (6.929166ms)
✔ actual INU02 cross still rejects wrong authority 200 (2.727958ms)
✔ actual INU02 cross still rejects DM in denied response (1.759875ms)
✔ actual INU02 denied uses browser auth and retains exact 403/DM absence (1.447666ms)
✔ actual INU02 denied still rejects wrong authority 401 (1.28525ms)
✔ actual INU02 denied still rejects wrong authority 200 (1.035792ms)
✔ actual INU02 denied still rejects DM in denied response (2.721709ms)
✔ actual login settles /en and fixture store (real switch, scoped=false) (116.907209ms)
✔ actual login settles /en and fixture store (real switch, scoped=true) (3.356583ms)
✔ actual login settles /en/inventory and fixture store (real switch, scoped=false) (7.631583ms)
✔ actual login settles /en/inventory and fixture store (real switch, scoped=true) (7.78975ms)
✔ actual login settles /en/messages and fixture store (real switch, scoped=false) (7.477417ms)
✔ actual login settles /en/messages and fixture store (real switch, scoped=true) (4.817208ms)
✔ actual login settles /en and fixture store (already selected, scoped=false) (14.975708ms)
✔ actual login settles /en and fixture store (already selected, scoped=true) (4.625834ms)
✔ actual login settles /en/inventory and fixture store (already selected, scoped=false) (6.615459ms)
✔ actual login settles /en/inventory and fixture store (already selected, scoped=true) (6.1905ms)
✔ actual login settles /en/messages and fixture store (already selected, scoped=false) (30.952125ms)
✔ actual login settles /en/messages and fixture store (already selected, scoped=true) (1.34775ms)
✔ bundle fixture uses real claim commands and mounts existing M6/M7 without issuing early (3.4605ms)
✔ sensitive bundle scenario clicks native clipboard with trace/video disabled and no token body reads (0.350542ms)
✔ persisted link and token-free command receipt are compared without disclosing credentials (0.200208ms)
✔ actual clipboard evaluator exports only safe summary and detects malformed or retained synthetic credentials (404.042042ms)
✔ claim-window fixture isolates recovery after the current migration permits multiple OPEN windows (2.437375ms)
✔ ordinary Playwright diagnostics still capture failed-page ARIA when private guard is absent (1.59175ms)
✔ sensitive worker lifecycle prevents actual installed snapshot capture without masking the failure (33.079333ms)
✔ worker restores prior environment even when use rejects (absent) (18.132292ms)
✔ worker restores prior environment even when use rejects (empty) (17.248083ms)
✔ worker restores prior environment even when use rejects (existing-policy) (13.480958ms)
✔ fixture is worker-auto and module collection does not suppress ordinary diagnostics (27.0685ms)
✔ ordinary matcher ARIA context bypasses fallback flag and remains in actual installed diagnostics (0.930709ms)
✔ private test teardown removes only matcher page context while preserving failure (failed status) (5.30675ms)
✔ private test teardown removes only matcher page context while preserving failure (rejected use) (2.946458ms)
✔ matcher guard is test-auto without replacing the installed artifact auto fixture (4.221291ms)
✔ real Playwright --list collects each original INU case and isolated INU09 exactly once (1304.208667ms)
✔ A real Inbox selection admits Go A9 attachments null without losing thread (41.77ms)
✔ A real Inbox selection admits Go A9 attachments empty array without losing thread (59.232417ms)
✔ A malformed non-array A9 attachments is refused without painting DM or crashing selected entry (6.687625ms)
✔ C A8 HTTP200 empty list is ordinary data with no alert, selection or focus request storm (7.281542ms)
✔ C A8 list404 is scoped inbox unavailable in en, never an empty list or conversation denial (6.047625ms)
✔ C A8 list404 is scoped inbox unavailable in zh-TW, never an empty list or conversation denial (1.989958ms)
✔ C A8 list404 is scoped inbox unavailable in zh-CN, never an empty list or conversation denial (2.557125ms)
✔ C click-sweep Go harness mounts existing Inbox/templates services (STRUCTURE_ONLY, Go NOT_RUN) (2.375583ms)
✔ C click-sweep includes actual-router owner200 empty inbox assertion (STRUCTURE_ONLY, Go NOT_RUN) (1.987875ms)
✔ inbox evidence is covered by the CI upload root (1.01275ms)
✔ failed Playwright closes its log and emits sanitized diagnostics before Fatalf (0.122ms)
✔ failure diagnostics match INU cases/counts without admitting private text (0.698125ms)
✔ INU04 delayed handler 1 signals completion when fulfillment rejects (85.882708ms)
✔ INU04 delayed handler 2 signals completion when fulfillment rejects (7.012583ms)
✔ recoveryDone waits for actual held M7 completion in zh-TW (30.350041ms)
✔ recoveryDone waits for actual held M7 completion in zh-CN (1.854ms)
✔ recoveryDone waits for actual held M7 completion in en (2.390334ms)
✔ review2 P1 bundle-only row opens real A13 and issues existing M7 claim link to clipboard (33.804083ms)
✔ review2 P1 clipboard denial recopy reuses cached issued URL without another M7 POST (58.889833ms)
✔ review2 P1 lost M7 ACK retries exact receipt and null replay token never mints a fresh key (21.876458ms)
✔ review2 P1 missing CSRF before cached recopy cannot copy or issue again (4.296833ms)
✔ review2 P1 missing CSRF before uncertain retry rejects preserved receipt dispatch (12.165375ms)
✔ review2 P1 late issued-link completion after hide cannot write clipboard (5.293125ms)
✔ review2 P1 late issued-link completion after selection cannot write clipboard (4.946042ms)
✔ review2 P1 late issued-link completion after unmount cannot write clipboard (17.70725ms)
✔ review2 P1 late issued-link completion after logout cannot write clipboard (14.375791ms)
✔ review2 P1 claim-link issuance denied without both live read/manage (inbox:read,live:read) (3.14275ms)
✔ review2 P1 claim-link issuance denied without both live read/manage (inbox:read,live:manage) (3.676542ms)
✔ review2 P1 missing authoritative recovery identity never guesses generation {"missingSession":true} (4.652291ms)
✔ review2 P1 missing authoritative recovery identity never guesses generation {"noBundle":true} (7.920083ms)
✔ review2 P2 exactly one matching binding uses named DM hard gate ok (8.63825ms)
✔ review2 P2 exactly one matching binding uses named DM hard gate review_required (4.811875ms)
✔ review2 P2 exactly one matching binding uses named DM hard gate missing_permission (4.18625ms)
✔ review2 P2 multiple same-provider bindings advisory only (dm_session:ok,dm_session:missing_permission) (3.674375ms)
✔ review2 P2 multiple same-provider bindings advisory only (dm_session:missing_permission,dm_session:reauth_required) (1.391708ms)
✔ review2 P2 multiple same-provider bindings advisory only (dm_session:ok,read_comment:missing_permission) (5.810166ms)
✔ review2 P2 multiple same-provider bindings advisory only (dm_session:review_required,dm_session:ok) (1.480583ms)
✔ review2 P2 actual scoped A12 409 capability refusal remains visible after advisory submit (7.282292ms)
✔ review2 P2 missing health and single binding without named DM remain disabled (3.198291ms)
✔ review2 P2 expired cached issued link cannot be recopied or silently reissued (12.146125ms)
✔ P1-1 actual visible focus preserves pending ticket, selection, revision and real retry receipt (9.254334ms)
✔ P1-1 actual unchanged-session pageshow checks without clearing; changed-session focus expires (0.46825ms)
✔ P1-1 actual hide/reveal clears and requests fresh revision, never accepts obsolete completion (0.312875ms)
✔ P1-1 changed-session visible focus expires even with a pending request (0.182084ms)
✔ P1-2 actual A9 refresh 404 removes rendered DM and unsent draft (25.91775ms)
✔ P1-2 actual send-finally A9 404 removes DM, draft and uncertain immutable receipt (11.906958ms)
✔ actual uncertain send still retains exact receipt when A9 authority remains (0ms post-send A9) (4.53975ms)
✔ actual uncertain send still retains exact receipt when A9 authority remains (50ms post-send A9) (110.12325ms)
✔ actual A9 stale held completion cannot paint after component cleanup (1.961708ms)
✔ P2 actual A14 404 clears buyer facts and customer draft (explicit future-version MOCK) (2.607375ms)
✔ safe authority errors remain the actual InboxError transport class (0.058208ms)
✔ actual current A13 without version keeps A14 disabled; future MOCK grants no backend claim (0.6275ms)
✔ P1-2 actual A11 takeover write 404 clears private state despite failing follow-up A9 (0.895084ms)
✔ P1-2 actual A12 send write 404 clears private state despite failing follow-up A9 (1.08875ms)
✔ A13 server orders omission remains distinct from authorized omitted data (0.54ms)
✔ A13 server orders omission remains distinct from authorized empty data (0.734292ms)
✔ A13 server orders omission remains distinct from authorized populated data (1.04825ms)
✔ actual shell-store-selector captures selection before synchronous privacy teardown (allowed=true) (82.533917ms)
✔ actual shell-store-selector captures selection before synchronous privacy teardown (allowed=false) (13.114625ms)
✔ actual locale-switch captures selection before synchronous privacy teardown (allowed=true) (13.928542ms)
✔ actual locale-switch captures selection before synchronous privacy teardown (allowed=false) (1.494041ms)
✔ persisted A9 UNKNOWN after page entry warns and blocks the real composer in en (22.775041ms)
✔ persisted A9 UNKNOWN after page entry warns and blocks the real composer in zh-TW (1.9445ms)
✔ persisted A9 UNKNOWN after page entry warns and blocks the real composer in zh-CN (1.131792ms)
✔ A12 queued ACK followed by final A9 UNKNOWN overrides the local queued notice and blocks another send (3.982292ms)
✔ a captured previously enabled composer cannot bypass final UNKNOWN learned by Refresh (4.721042ms)
✔ a later A9 page omitting the known UNKNOWN is not delivery reconciliation (3.012125ms)
✔ persisted queued is not mislabeled UNKNOWN and retains ordinary composer eligibility (0.630834ms)
✔ persisted sent is not mislabeled UNKNOWN and retains ordinary composer eligibility (1.251083ms)
✔ persisted failed is not mislabeled UNKNOWN and retains ordinary composer eligibility (1.177917ms)
✔ persisted blocked is not mislabeled UNKNOWN and retains ordinary composer eligibility (2.513459ms)
✔ fresh mount refuses when an old UNKNOWN is beyond 51 newer messages (fact=true) (2.17925ms)
✔ fresh mount refuses when an old UNKNOWN is beyond 51 newer messages (fact=null) (2.31775ms)
✔ fresh mount refuses when an old UNKNOWN is beyond 51 newer messages (fact=undefined) (2.409125ms)
✔ fresh mount refuses when an old UNKNOWN is beyond 51 newer messages (fact=false) (1.581458ms)
✔ a refreshed unknown authority replaces old clear authority even for a captured composer (1.35975ms)
✔ window strict eligibility with 300001ms before hard 24h deadline (17.759833ms)
✔ window strict eligibility with 300000ms before hard 24h deadline (2.1455ms)
✔ window strict eligibility with 60000ms before hard 24h deadline (1.6315ms)
✔ window strict eligibility with 0ms before hard 24h deadline (0.936542ms)
✔ window invalid server deadline fails closed without preparing a send (0.745625ms)
✔ window captured enabled form callback cannot POST after crossing safe cutoff (0.804375ms)
✔ window deadline timer closes controls at cutoff and hard end without waiting for 15s poll (0.884667ms)
✔ quota recovery gives exact zh-TW comment-quota and DM-window instructions beside copy only (0.38275ms)
✔ quota recovery gives exact zh-CN comment-quota and DM-window instructions beside copy only (0.139709ms)
✔ quota recovery gives exact en comment-quota and DM-window instructions beside copy only (0.093042ms)
ℹ tests 123
ℹ suites 0
ℹ pass 123
ℹ fail 0
ℹ cancelled 0
ℹ skipped 0
ℹ todo 0
ℹ duration_ms 1603.433334
