✔ /products/{uuid} redirects permanently to the zh-TW product page (39.692208ms)
✔ non-uuid ids are 404, never redirected (0.885417ms)
✔ AT1: the locale redirect preserves the ad-click query without allowing a redirect target (0.127084ms)
✔ R10: standalone signed signals survive a missing or expired seven-day touch (26.902584ms)
✔ R10: standalone signals reject expiry, bad signature, duplicates and another host (0.532042ms)
✔ AT1 R5: browser identity survives expired touch and rolls for ninety days (5.512167ms)
✔ AT1 R5: missing ad parameters create no cookies; fbclid alone creates no touch (1.002667ms)
✔ AT1 R5: lc_ad alone updates attribution and does not replace fbc (0.61ms)
✔ AT1: host-only first-party cookies contain no PII and read back exactly (0.555375ms)
✔ AT1: a later valid click replaces the draft but preserves the browser identifier (0.650042ms)
✔ R10: only a different fbclid replaces fbc and its first-seen timestamp (0.528833ms)
✔ AT1: malformed and ambiguous links do not overwrite a valid prior touch (0.626791ms)
✔ AT1: host and key binding reject copied cookies (0.434208ms)
✔ AT1: duplicates and tampering invalidate the entire envelope (0.31325ms)
✔ AT1: exactly seven days is valid, the next millisecond and future clicks are not (0.296458ms)
✔ catalog list query limits equal the Go v2 parser (internal/buyerhttp/catalogv2.go) (51.605709ms)
✔ collection list cap equals Go maxCollectionsPerStore (10.488834ms)
✔ design caps equal internal/design/schema.go (nav, sections, pages) (4.848417ms)
✔ CVS buyer-entered store bounds and return path equal Go (internal/checkout/cvs.go, migration 0093) (3.248917ms)
✔ transfer view: closed shape and state rules mirror Go validTransferView (0.726583ms)
✔ proof body and result: five digits, positive minor amount, ISO instant (0.180583ms)
✔ minorFromText: major units with at most two decimals, never a float surprise (0.095084ms)
✔ buyer email mirror: one plain address, 254 characters at most (0.098417ms)
✔ countdown: whole hours and minutes, never negative (0.336042ms)
✔ copy: three locales carry every key and every refusal code (0.18425ms)
✔ options: a home row lists modes only with bank_transfer and then needs its window (0.229958ms)
✔ checkoutInput: a home bank_transfer body, the optional trimmed email, and every refusal before any request (0.368542ms)
✔ order: AWAITING_TRANSFER is a valid commercial state without a hold time (0.177ms)
✔ BFF: exact transfer routes, keyed proof PUT, strict body, validated answers, no generic proxy (55.022209ms)
✔ BFF: transfer refusal codes pass through as definite 422; checkout accepts bank_transfer and a valid email only (16.356084ms)
✔ D06 order heading follows a settled transfer: never 'waiting for transfer' above a confirmed or expired one (0.096708ms)
✔ uncertain prepare blocks all mutations; changed cookie context resolves journal (53.443916ms)
✔ fully parsed local denial clears only its own pending operation (0.7325ms)
✔ malformed journal, unavailable lock and stale context fail before writes (1.714959ms)
✔ BPT05 exact handoff permits absent body/key, one fetch, no form persistence (55.0415ms)
✔ BPT05 wrong handoff form and ordinary writes fail before any fetch (0.518ms)
✔ BPT05 unresolved cookie journal blocks handoff; lost response is one fetch without persistence (0.148583ms)
✔ SU02 refresh permits absent body/key, one fetch, no persistence (0.181833ms)
✔ SU02 refresh rejects a body, a key or a malformed path before any fetch (0.133334ms)
✔ SU02 cancel permits absent body/key, one fetch, no persistence (0.104125ms)
✔ SU02 cancel rejects a body, a key or a malformed path before any fetch (0.098666ms)
✔ BPT01 exact private path, headers, body and three-locale one-fetch transport (50.017334ms)
✔ BPT02 payment routes reject untrusted path, context, headers, key and body before fetch (8.188583ms)
✔ BPT03 hostile upstream success is sanitized, never returned as payment data (4.616834ms)
✔ BPT04 every handoff failure is nonretryable, including pre-route and transport loss (1.712334ms)
✔ SU02 five routes: exact upstream path, method, key, body, one fetch each (0.95525ms)
✔ SU02 refresh and cancel are keyless and pass every CSRF/context denial before fetch (1.266583ms)
✔ SU02 every handoff/refresh/cancel failure is nonretryable and sanitized (21.880958ms)
✔ SU02 hostile Stripe bodies become the sanitized 503; PAYUNi and Stripe bodies stay byte-identical (2.601334ms)
✔ SU02 prepare accepts only the two known method codes (0.459209ms)
✔ disabled and invalid configuration fail closed before private fetch (42.771583ms)
✔ private authority, cookie lifecycle and strict local denial (19.441125ms)
✔ bad host, cookie, query and method never reach private API (0.953833ms)
✔ stalled inbound POST body is canceled at its deadline without a cookie or private call (0.961083ms)
✔ R10: Begin forwards independently signed signals; browser attribution and forwarded hosts are not authority (4.158708ms)
✔ CVS BFF: exact routes, keyed open/store, keyless verify, validated answers, no generic proxy (13.641ms)
✔ CVS BFF: contract refusal codes pass through; pay_at_pickup_limit is a definite (non-retryable) 429 (2.280041ms)
✔ rotated buyer context clears the prior cart on read and preserves the B receipt (250.871584ms)
✔ rotated buyer context clears the prior cart on lost-write and preserves the B receipt (25.885125ms)
✔ rotated buyer context clears the prior cart on refresh-read and preserves the B receipt (19.59175ms)
✔ lost first write keeps Retry alive: same context, same idempotency key, no second purchase (40.315042ms)
✔ fragment grammar accepts only one canonical token (0.463542ms)
✔ claim projections are closed (0.247875ms)
✔ claim token rides only its header on B1/B2 and is never echoed (33.516875ms)
✔ claim-priced cart edits send only SKU and quantity, keeping server price authority (6.822458ms)
✔ direct-checkout sold-out projection is mandatory, boolean and closed (0.130541ms)
✔ claim redeem shares the purchase lock, guards recovery and never persists the token (1.563083ms)
✔ ClaimLink removal projects live-priced survivors on ready and conflict pages (140.291083ms)
✔ ClaimLink revisit checks out applied A while pending B is sold out or unavailable (19.255709ms)
✔ ClaimLink refreshes a nothing result after a second tab applied the claim (17.749542ms)
✔ ClaimLink does not navigate when a buyable claim target is absent or has changed quantity (19.491ms)
✔ ClaimLink optional prior-order notice tolerates unreadable storage without bypassing recovery (44.148917ms)
✔ CVS01 map form: only the two ECPay e-map actions, exact fields, top-level-safe values (18.588083ms)
✔ CVS02 return path allowlist excludes /claim and anything but the checkout or product page (0.397375ms)
✔ CVS03 selection projection: VERIFIED<=>pickup, REJECTED<=>reject_code, absent keys read as null (1.041ms)
✔ CVS04 buyer-entered store answer and request body (1.127834ms)
✔ CVS05 store code table (§16.1) keeps leading zeros and per-chain lengths (0.187209ms)
✔ CVS06 recipient mirror: real-name width 4..10 (CJK=2), no digits/symbols/emoji; 09 mobile (0.832625ms)
✔ CVS07 checkout draft: name, phone and mode only; read once; corrupt/foreign shapes are dropped (2.767958ms)
✔ CVS08 return URL: only ?cvs_selection=<uuid> is accepted (0.606167ms)
✔ CVS09 buyer order projection and copy keys: nothing but PICKED_UP says picked up (0.484792ms)
✔ CVS10 error codes: field mapping, definite refusals, official links are https constants (0.453292ms)
✔ CVS11 client transport: verify is the one new keyless POST; the server refusal code rides BuyerClientError.detail (14.553708ms)
✔ every locale x page has a title, an updated line and at least one section (0.631125ms)
✔ locales share the section count and per-section body count of every page (14.277542ms)
✔ final text is only the owner-confirmed company facts (CR 81215167 name + registered address); nothing else is final (1.318ms)
✔ a legal page is published only when every text on it is final; buyers see no link to an unpublished one (0.63725ms)
✔ data-deletion path is named in the privacy page of every locale (0.093041ms)
✔ pendingOwnerText lists exactly the texts that keep a page unpublished and is written for the owner (9.6035ms)
✔ a live (claim-origin) price replaces the catalog price and strikes it through (0.607584ms)
✔ without a live price the catalog price and its compare-at are shown unchanged (0.063709ms)
✔ a live price equal to or above the catalog price is shown as set (strike hidden by the UI guard) (0.052917ms)
✔ a live price strikes the catalog price, never the variant sale price (0.047334ms)
✔ order ref: 12 hex (dashes or spaces, any case) or a full id (13.962666ms)
✔ contact: one email or a phone of 6..20 digits (0.211166ms)
✔ body is exactly {order_ref, contact}; the answer is exactly {order_id} (0.145875ms)
✔ BFF lookup: no cookie needed, fresh token goes upstream, cookie only on 200 and it carries that same token (162.573875ms)
✔ BFF lookup: strict local denial before any private fetch (4.32325ms)
✔ copy: three locales carry every key (0.335708ms)
✔ MS4 srcset descriptors use actual decoded widths and deduplicate small renditions (0.37525ms)
✔ MS1 product rendition allowlist preserves trusted Host and never forwards buyer cookies (25.78375ms)
✔ MS2 invalid, duplicate, extra, encoded widths and non-product variants fail before fetch (2.216333ms)
✔ MS3 old-image fallback is never promoted to immutable; committed variants are cacheable (1.083541ms)
✔ TWD whole amounts show no decimals in every locale and at every magnitude (line, subtotal, total, zero) (19.878458ms)
✔ cents appear only when there are cents, then always as two digits; the minor-unit arithmetic is untouched (0.192375ms)
✔ digits come from the currency: JPY none, USD two when there are cents (1.008833ms)
✔ one formatter: no component, page or lib builds a currency Intl.NumberFormat outside lib/money.ts (33.943542ms)
✔ locale probe bounds a missing destination head with a route/device diagnostic (2.861833ms)
✔ locale probe clears its deadline when the real head promise completes (0.403792ms)
✔ fragment: exactly #o=<order id>&t=<43-char token>; anything else is null (1.560834ms)
✔ body is exactly {order_id, token, proof}; the answer is exactly the order the link named (0.3055ms)
✔ BFF link: no cookie needed, fresh token upstream, cookie only on a 200 naming the same order, link token never echoed (123.737333ms)
✔ BFF link: strict local denial before any private fetch (3.900625ms)
✔ copy: three locales, one refusal text, a retry and a lookup path (0.200541ms)
✔ BPU01 fresh payment writes exact metadata before prepare, one bodyless Take, no persistent form (27.143208ms)
✔ BPU01 lost prepare response replays original key/body only on explicit next click (1.272417ms)
✔ BPU01 lost handoff is permanently GET-only, even after a second click (0.756ms)
✔ BPU01 storage, amount, scope and child/screen fences reject before irreversible writes (0.633417ms)
✔ BPU01 document/child loss after prepare but before Take leaves exact replay marker (0.299583ms)
✔ BPU01 malformed server handoff never submits and Take remains nonretryable (0.793458ms)
✔ BPU01 marker replacement before Take and after Take blocks release/form reuse (1.14875ms)
✔ BPU01 context replacement after prepare and after Take closes destination without form (2.922458ms)
✔ BPU01 synchronous destination refuses invalid locale before opening a window (0.27825ms)
✔ SU03 fresh Stripe pay: marker before prepare, one prepare, one handoff, navigate, URL never stored (35.749292ms)
✔ SU03 marker replay: lost prepare response replays key/body, no uncertain on PENDING view with leftover marker (3.128125ms)
✔ SU03 cross-device Continue needs no marker and never prepares (0.459ms)
✔ SU03 marker/view matrix: PAYUNi marker on Stripe view and Stripe marker on PAYUNi view send nothing (0.876541ms)
✔ SU03 any other view renders without a POST (0.556333ms)
✔ SU03 CREATING: waits on the schedule without the lock, then hands off once when READY (8.054917ms)
✔ SU03 CREATING budget: 10 reads over 30 s, then the blank child is closed, no POST, no throw (8.165ms)
✔ SU03 cancel_requested seen on the re-GET aborts before the handoff POST (0.343ms)
✔ SU03 handoff outcomes: CREATING closes child, CLOSED/UNAVAILABLE/error/malformed reject; one POST each, never retried (2.369041ms)
✔ SU03 Stripe prepare errors, amount/currency mismatch and popup loss stop before any handoff (7.114833ms)
✔ SU03 two clicks make two handoff POSTs only because there were two clicks; sequential, none from reads (7.592917ms)
✔ SU03 navigate: validates again, needs an owned blank child, sets used before replace, no URL in errors (0.429375ms)
✔ SU03 refresh signal: keyless single POST, validated, throttled 1/10 s and 30 per page life, cancel never throttled (12.450125ms)
✔ SU03 signal failures are single-shot and sanitized: HTTP error, malformed body, wrong order (1.323958ms)
✔ private quote/option authority fields are required; only exact MANUAL home can checkout (2.921541ms)
✔ continue shopping advances only ordered version, clears hint, keeps SQL history authoritative (61.109417ms)
✔ lost next-cart response retries identical key/body and preserves a newer cart (1.424167ms)
✔ continuation never overwrites an already advanced cart (0.608875ms)
✔ unknown checkout blocks continuation without any business request (0.301333ms)
✔ two queued continuation clicks mutate once; stale order ID cannot clear another order (1.32825ms)
✔ CAS conflict resolves only after a newer cart is read (2.269208ms)
✔ locator removal failure retains next-cart journal and recovery survives missing locator (1.606875ms)
✔ order history summary rejects PII/unknown fields and malformed scope IDs (0.193167ms)
✔ native address validation mirrors printable Unicode, limits and phone; journal forbids PII (4.053583ms)
✔ address lost reply replays exact in-memory intent, then confirms current head (5.476375ms)
✔ address reload requires explicit new intent and exact observed CAS; stale head never auto-bumps (4.722291ms)
✔ old address receipt cannot confirm another tab's newer current head (0.197417ms)
✔ a late address CAS winner requires another explicit confirmation, not an automatic version bump (4.548458ms)
✔ checkout lost reply, queued duplicate and current GET reuse one key and one order (0.822416ms)
✔ uncertain checkout retains original journal across later 401/403/404/5xx and malformed success (0.735ms)
✔ only a fresh definitive denial clears checkout; no order locator is invented (0.209792ms)
✔ locator storage failure after commit retains same key; reload GET failure keeps locator (0.405375ms)
✔ locator persisted but journal removal failed resumes pending receipt, not unrelated pointer (0.368959ms)
✔ unavailable storage, invalid locator and late changed context fail closed (0.199542ms)
✔ order locator readback mismatch and no-op journal removal both retain checkout recovery (0.349ms)
✔ direct claim continuation refuses a newer ordered cart inside the purchase lock (0.246625ms)
✔ direct claim continuation keeps next-cart recovery after a conflicting clear (0.199708ms)
✔ collector projection: admitted for derived connections, absent/null for primary (0.679ms)
✔ collector rejects identifiers, extra keys and malformed text (0.141167ms)
✔ disclosure renders the contract §5 line with all three slots substituted (0.104708ms)
✔ the disclosure line exists exactly when the hosted view returns a collector (0.086ms)
✔ a shop or collector name with a replacement pattern is shown literally (0.054834ms)
✔ OrderPayment renders the disclosure with the view, above every pay button, through the helper only (2.470583ms)
✔ BPT03 exact valid projection and Go nanosecond UTC timestamps (9.858625ms)
✔ BPT03 view rejects private fields, inconsistent state and malformed names (0.19825ms)
✔ BPT03 prepared receipt enforces exact original credit-card amount (0.07625ms)
✔ BPT03 hosted form and replay are exact, bounded and action-allowlisted (1.54225ms)
✔ SU01 Stripe views: fresh, both methods, attempt states, PAYUNi unchanged (0.170791ms)
✔ SU01 Stripe view negatives (0.131792ms)
✔ SU01 prepared amounts follow the corrected per-currency table (0.108625ms)
✔ SU01 Stripe handoff union and every redirect_url negative (0.237375ms)
✔ SU01 payment signal is exactly {order_id, scheduled:boolean} (0.097583ms)
✔ RUI01 refund summary: refunded states, pending money, absent ≡ null (0.141208ms)
✔ RUI01 refund summary negatives (0.1285ms)
✔ BPU03 neutral GET and POST return ignore every callback field and cookie (13.259083ms)
✔ primary origin: exact path/query, same host, and no URL-controlled destination (8.98075ms)
✔ GET and HEAD use trusted Host, private bounded uncached resolver and exact 301 (71.293167ms)
✔ no writes redirected; resolution failures fail closed; unknown hosts keep native 404 (10.50925ms)
✔ policy version is the frozen constant, in the customers-core D4 shape (0.429708ms)
✔ route table: exactly the four buyer privacy routes, methods and body kinds (5.998167ms)
✔ body shapes are closed and mirror the frozen Go inputs (no source, no policy_version) (0.208416ms)
✔ GET privacy validator: closed shape, erased owner holds no consent (0.156ms)
✔ consent result and erasure summary validators (0.269458ms)
✔ buyer export envelope never carries customer_id (0.089875ms)
✔ failure classification: 410 and erased are the erased state (1.844625ms)
✔ copy: every locale has the same keys, the ads box discloses that sent events cannot be recalled (0.156417ms)
✔ selected option photo uses a main display slot without adding a fifth main image (0.840125ms)
✔ use-cover selection and a main-thumbnail selection restore the original main gallery (0.083042ms)
✔ cart thumbnail uses variant then catalog image_id, including when main images are absent (0.08775ms)
✔ migrated four-main/five-detail images stay separate when the option photo changes (0.111583ms)
✔ real cart-detail composition uses server SKU image_id (v2 detail available) (24.544834ms)
✔ real cart-detail composition uses server SKU image_id (v2 detail unavailable) (0.59375ms)
✔ parity: frontend caps equal the Go constants (2.34475ms)
✔ detail parser: 4 main + 20 detail + option-value images are accepted and mapped (1.430417ms)
✔ detail parser: 5 main, 21 detail, bad ids and over-cap option images are refused (0.353084ms)
✔ detail parser: a backend before product-media-v2 (no new keys) still parses with empty defaults (0.163667ms)
✔ v1 catalog row: images are main-only (<= 4) and image_id is a uuid or null (0.450292ms)
✔ PRO-S1 code mirror: any case and spaces normalise; impossible codes never become a request (3.588875ms)
✔ PRO-S2 promotion object: closed keys, kind/value pairing (1.00175ms)
✔ PRO-S3 quote validator: promotion is optional but never malformed; the discount stays the server's own number (6.207333ms)
✔ PRO-S4 journal grammar: a quote write may carry one canonical promo_code, nothing else (0.614083ms)
✔ PRO-S5 copy: three locales cover every refusal code and the same keys (5.895875ms)
✔ PRO-S6 BFF quote route: promo_code relayed untouched when canonical, refused before the private API otherwise (71.128083ms)
✔ PRO-S7 BFF: every promo_* refusal is a definite, non-retryable 422 with its own code (2.744125ms)
✔ demonstration disclosure is explicit and local-only (4.364458ms)
✔ cart selection preserves unrelated SKUs and the observed CAS version (8.151ms)
✔ minor amounts are bounded before multiplication, including zero (0.082417ms)
✔ delivery identity includes country for one market and method (0.062583ms)
✔ journal is bound to context and rejects PII/unknown fields (0.208041ms)
✔ lost response replays exact key/body, then clears only after parsed receipt (32.898375ms)
✔ RUI02 buyer order admits MERCHANT_SHIPPED only with a SHIPPED head; absent shipment ≡ null (3.125667ms)
✔ RUI02 shipment shape negatives (incl. unsafe links) (1.115083ms)
✔ RUI02 history summary admits MERCHANT_SHIPPED (a shipped order must not break the list) (0.446125ms)
✔ CVSP01 options: CVS rows carry pickup_selection/payment_modes; unavailable rows are a separate shape (0.536958ms)
✔ CVSP02 CVS destination write: TW only, pickup_id required, empty home address; home unchanged (2.794375ms)
✔ CVSP03 checkoutInput: payment_mode only for CVS rows and only a mode the row offers (0.711042ms)
✔ COD confirmation includes expected fee, enforces collect cap and validates immutable order money (0.986375ms)
✔ CVSP04 buyer order: pay_at_pickup <=> collection_state; cvs_shipment only on a matching CVS destination (0.540667ms)
✔ CVSP05 journal accepts a CVS destination marker and a checkout body with payment_mode, nothing else (0.388958ms)
✔ validProduct accepts up to the Go photo cap and rejects one more (1.440917ms)
✔ design: garbage and hostile documents collapse to the safe default shape (2.595584ms)
✔ design: links, preview token propagation, nav resolution (0.308667ms)
✔ design: any merchant accent yields readable button text and link colour (WCAG AA) (0.635666ms)
✔ variants: resolution, disabled out-of-stock combinations, initial choice, price bounds (0.435208ms)
✔ catalog-v2 parsers accept the frozen shapes and refuse drift (1.178917ms)
✔ free-delivery progress words the hint only when a threshold exists (0.169625ms)
✔ list query: only whitelisted, canonical values survive (0.576291ms)
✔ seo: JSON-LD cannot break out of its script tag; offers reflect stock and price range (11.445167ms)
✔ seo: sitemap escapes and carries hreflang; robots refuses everything for a closed host (0.226333ms)
✔ money: whole amounts drop cents, minor digits come from the currency, filters round-trip (0.513042ms)
✔ cart line write: replaces one line, keeps the others, 0 removes, CAS version is the one shown (0.93525ms)
✔ cart problems map to buyer-facing classes without leaking transport detail (0.088ms)
✔ checkout options accept the optional free-shipping threshold only as a positive integer or null (0.168959ms)
✔ no-image placeholder copy: exactly the locale label a photo-less card or gallery renders (0.064333ms)
✔ storefront image caps equal the Go catalog caps (internal/catalog MaxMainImages, MaxDetailImages) (6.027833ms)
✔ design text limits count code points like Go, never splitting a surrogate pair (0.255709ms)
✔ G3: same-series cards exclude the current product and never invent absent draft/foreign products (0.58625ms)
✔ G5: safety guidance exists in three languages without changing the five merchant policy approval boundaries (0.964958ms)
✔ G4: category chips omit empty collections; hidden collections absent from the public API stay absent (0.074583ms)
✔ OrderHistory renders server order instant in Taipei (6.559167ms)
✔ ClaimLink renders claim expiry in Taipei (13.239792ms)
✔ BankTransfer renders deadline and proof instant in Taipei (18.526708ms)
✔ BankTransfer proof echo labels store time in en (3.251ms)
✔ BankTransfer proof echo labels store time in zh-TW (4.287625ms)
✔ BankTransfer proof echo labels store time in zh-CN (3.795167ms)
✔ BankTransfer input describes the device zone in en (3.29875ms)
✔ BankTransfer input describes the device zone in zh-TW (3.558084ms)
✔ BankTransfer input describes the device zone in zh-CN (3.338334ms)
✔ BankTransfer input has a generic label when Intl has no zone in en (3.894666ms)
✔ BankTransfer input has a generic label when Intl has no zone in zh-TW (2.655334ms)
✔ BankTransfer input has a generic label when Intl has no zone in zh-CN (2.292333ms)
✔ ShopFooter uses Taipei year across UTC year boundary (6.105875ms)
✔ BankTransfer deadline labels store time in en (2.348417ms)
✔ BankTransfer deadline labels store time in zh-TW (1.715292ms)
✔ BankTransfer deadline labels store time in zh-CN (2.394209ms)
✔ OrderHistory states the Taipei time zone once in en (2.60475ms)
✔ OrderHistory states the Taipei time zone once in zh-TW (2.270083ms)
✔ OrderHistory states the Taipei time zone once in zh-CN (1.996625ms)
✔ dictionaries have exact parity and non-empty values (1.48075ms)
✔ locale precedence and language quality mapping (1.300667ms)
✔ localized paths preserve deep links and reject dangerous input (0.756916ms)
✔ path locale only matches a canonical first segment (0.124792ms)
✔ the four constructs render (1.360333ms)
✔ XSS payloads stay inert text (0.949541ms)
✔ fuzz: any string over a hostile alphabet renders only whitelisted tags (11.46125ms)
✔ validator mirrors the Go rules (0.2335ms)
✔ SDN1 allowlist: exactly the contract routes, per method (1.128125ms)
✔ SDN1 allowlist: traversal, case, suffix and prefix tricks never match (0.554791ms)
✔ SDN1 request shape: no query string anywhere, reads carry no body, key, length or transfer-encoding (18.125583ms)
✔ SDN1 cap: 260 KiB = Go's 256 KiB document + 4 KiB envelope, and a body of exactly the cap is still below it (0.068917ms)
✔ SDN2 renderer: every XSS payload comes out as whitelisted tags and escaped text only (1.614291ms)
✔ SDN2 renderer: escape-first means the merchant's text never becomes markup (0.228375ms)
✔ SDN2 renderer: fuzz (seeded) never produces a tag outside the whitelist (18.692584ms)
✔ SDN2 client validator rejects what the server rejects (HTML, non-https links, `<` anywhere) (0.41ms)
✔ cleanForSave turns cleared fields into null but keeps an empty body (0.996875ms)
✔ localIssues names each missing mandatory value by server path (1.091834ms)
✔ moved swaps neighbours and ignores out-of-range moves (0.176459ms)
✔ parsers accept the exact Go shapes and refuse extra or missing keys (0.801208ms)
✔ BFF allowlist covers exactly the design resources (0.283959ms)
✔ validDesignRequest refuses queries and bodies on reads, ignores other paths (19.49025ms)
✔ designDetails forwards only a bounded {path, reason} pair (0.4025ms)
✔ accepts exactly the three locale invite paths with a 20-200 char token (0.842791ms)
✔ rejects anything that is not an exact same-origin relative invite path (0.206542ms)
✔ rejects percent-encoded variants of the exact shape (0.108792ms)
✔ the token is an opaque invite token shape, never a URL (0.10175ms)
✔ fragment carrier: round-trips the exact invite path, is never a query string, and rejects hostile fragments (0.387292ms)
✔ dashboard: accepts the frozen shape, rejects drift (3.674791ms)
✔ import result: strict keys, closed error codes, committed never carries errors (0.706292ms)
✔ csv file guard mirrors the Go bounds (0.169166ms)
✔ manual options: a COD home row parses with its offer (D01: the page used to refuse the whole list) (1.546584ms)
✔ manual options: only bank_transfer / pay_at_pickup / cash_on_delivery, key must equal market|country|code (0.329916ms)
✔ manual result: link is https with the order id and a 43-char capability in the fragment only (0.558625ms)
✔ draft: first problem, and the body has no price-like field at all (5.283334ms)
✔ BFF grammar: exactly the seven tools resources (0.235542ms)
✔ regenerate body/result: exactly {order_id, locale} and a fresh https link naming that order (0.366ms)
✔ copy parity: every locale has every key, import rules and error codes (0.975125ms)
✔ callback redirect target is always a same-origin /<locale>/settings path whatever the cookies, store, code or error say (8.094292ms)
✔ the binding cookie: exactly one canonical store uuid, path-scoped to the callback, HttpOnly, Lax, 10 minutes, Secure (0.30125ms)
✔ callback query: exactly one code and one state within charset/length bounds; Meta's error=… and repeats are not forwarded (1.301875ms)
✔ the dialog URL the BFF hands the browser is https://www.facebook.com only (0.511709ms)
✔ callback error mapping only ever yields fixed codes, never an upstream message (0.281375ms)
✔ selected Page qualifies only a bare Facebook id, never rewrites another Page or external URL (0.529042ms)
✔ status: not connected, connected with and without Instagram, and every deviation throws (4.665541ms)
✔ pick state: closed shape, optional Instagram keys come as a pair, id must match (0.598708ms)
✔ route grammar: only status/states/pick/disconnect; start and callback are dedicated routes; no query; reads carry no body or key (22.651708ms)
✔ connect cookie, body and callback redirect never carry code/state and only fixed codes (0.593542ms)
✔ copy: three locales have the same keys and every Go error code has a message (0.207459ms)
✔ review-required remains restricted; evidence does not promote state (2.0645ms)
✔ legacy omission remains unidentified, independent of array order (0.43075ms)
✔ closed shapes reject unknown state/provider/evidence, leaked fields and inconsistent severity (0.820041ms)
✔ duplicate capabilities/pages and unbounded arrays cannot become trusted state (0.157125ms)
✔ worst Page determines advice, no raw upstream reason reaches copy (0.141792ms)
✔ recheck receipt means scheduled; timestamps and closed keys are checked (0.109375ms)
✔ exact keyless route grammar rejects query/key/body confusion (149.362917ms)
✔ recheck takes exactly page_id and no caller-provided scope (0.461667ms)
✔ blocking advice comes from the blocking capability, not a secondary public-reply warning (1.341167ms)
✔ clean health browser mode prepares admin standalone before starting its fixture (27.459416ms)
✔ en: expired connection retains its full refusal inside a wrapping badge (81.657458ms)
✔ zh-TW: expired connection retains its full refusal inside a wrapping badge (2.741167ms)
✔ zh-CN: expired connection retains its full refusal inside a wrapping badge (1.627583ms)
✔ actual B1 snapshot state remains ok even when a fixture expected review_required (0.166166ms)
✔ D02 TWD input: whole dollars only, x100 on the wire (13.839125ms)
✔ D02 TWD edit text: whole dollars have no decimals; a legacy amount with cents is never shown as another price (0.28525ms)
✔ D02 display: NT$ without decimals in every language, cents only when there are cents (1.207375ms)
✔ D02 live-price input (Studio claims): TWD whole dollars, other currencies their decimals (0.280333ms)
✔ D02 discount code amounts: TWD whole dollars, a decimal is refused before it is sent (0.722ms)
✔ D02 no admin copy or component says 'minor units' to the merchant (83.644709ms)
✔ M06 time: Asia/Taipei everywhere, labelled, never UTC (13.258959ms)
✔ settings answer: exactly one boolean key (0.93975ms)
✔ PUT body is the frozen single key (0.117083ms)
✔ BFF grammar: GET read, PUT keyed command, nothing else (0.250209ms)
✔ copy: three locales, same keys, no empty text (0.142042ms)
✔ PRM01 parse: exact keys, kind/value pairing and ranges; duplicates and unknown keys are refused (2.29075ms)
✔ PRM02 Taipei wall time: +08:00 on the wire, instant shown back in Taipei, impossible dates refused (22.559542ms)
✔ PRM03 create body: normalised code, major units to minor units, optional fields null, whole body validated (3.427459ms)
✔ PRM04 update + toggle: version CAS key, form round trip, pause keeps every other field (0.595ms)
✔ PRM05 BFF grammar: exactly list, create and update; nothing generic (0.204959ms)
✔ PRM06 copy: three locales carry the same keys and every refusal code the Go routes can answer (0.186208ms)
✔ G-UI3/G-UI5 architecture constraints pass with shrinking legacy exceptions (1011.911541ms)
✔ G-UI3/G-UI5 negatives: new formatter, component fetch, >800 lines and wider allowance fail (0.935167ms)
✔ Readiness jump controls expose the actual active section, not a click flag (1.575833ms)
✔ Integrator P2: legal CN comment ordering and a distinct three-image recommendation (0.386792ms)
✔ ADM04 and ADM06 explain unavailable SKUs and keep collection vocabulary consistent (1.42325ms)
✔ ADM06 create/detail titles share the route vocabulary without adding a phantom Next page (0.4325ms)
✔ G-UI1 Next pages and route registry are bidirectional, unique, typed, documented (1.8045ms)
✔ G-UI1 copy key parity: no missing or extra key in any locale (0.097542ms)
✔ G-UI2 staff without catalog:read cannot see products/inventory or open a product URL (0.40175ms)
✔ G-UI2 every route permission is a permission Go knows, and /orders/new needs inventory:reserve (331.421291ms)
✔ G-UI1 dynamic and public routes match, details never appear as navigation (0.250041ms)
✔ W6-U2 ledger is a settings in-page route, preserving existing navigation (0.119875ms)
✔ Every browser spec clicks nav-orders: the orders group stays a singleton, so returns/new/print routes are nav: false (1.891083ms)
✔ shell-registry: every routed path has exactly one nonempty shared h1 in all three locales (299.483833ms)
✔ shell-registry: orders stays one actual group button on live and non-live routes (12.684208ms)
✔ shell-registry: loading/expired/unavailable/forbidden keep one safe heading and never leak private content (14.632542ms)
✔ created address is a strict HTTPS origin matching the assigned handle (0.87ms)
✔ DNS instructions must name the requested origin and a bare hostname target (0.551667ms)
✔ domain kind is authoritative and closed, not inferred from host or token (0.274208ms)
✔ apex DNS retains every concrete IPv4/IPv6 address and rejects malformed values (1.022708ms)
✔ pending domain journal preserves exact action/key/target; legacy or corrupt markers never replay (1.089417ms)
✔ browser-origin gate: every refusal happens before Go is called, for every action (24.179583ms)
✔ only POST exists on the team routes (1.823541ms)
✔ unknown action is a local 404 and never reaches Go (0.8975ms)
✔ strict request grammar: wrong keys, types, ids, roles, locales and token shapes are 422 locally (6.039708ms)
✔ what reaches Go: BFF key, bearer from the cookie, no Cookie/Origin, body unchanged, exactly one call per request (57.019583ms)
✔ Go failures are rebuilt locally from allow-listed codes, never retried, and never echo the token (11.177167ms)
✔ team answer: accepts the frozen shape, null role and OIDC member without email (0.532ms)
✔ team answer: unknown key, unknown role, bad id, bad mail state are rejected (0.27425ms)
✔ invite and accept answers are strict (0.480917ms)
✔ request grammar: every action has an exact key set and rejects junk values (0.253292ms)
✔ copy: three locales carry the same keys and a label for every role (0.798625ms)
✔ role-aware navigation: hides entries the member's permissions cannot use; unknown shows all; Team is owner-only (0.524333ms)
✔ P02 settlements directory rejects missing/link/owner/group/mode with a valid control (631.511667ms)
✔ preflight health permission grammars and API/worker consistency fail closed (3257.93925ms)
✔ merchant alert flag is explicit 0|1 and independently requires SMTP (2286.837167ms)
✔ shared loader makes API/worker LIVE pair file-only before Compose interpolation (477.359167ms)
✔ export bind accepts omitted JSON false but rejects unsafe source/config mutations (1.069625ms)
✔ sanctioned operator allowlist and fail-closed gates (fake docker, no network) (2005.72275ms)
✔ platform operator custody, export mount and binary are wired (168.245541ms)
✔ actual export bind refuses a missing directory; enabling auto-create is detected (389.109333ms)
✔ R3 preflight rejects cancelled PAYUNi, validates Page app and keeps LIVE pair mandatory (921.465958ms)
✔ R3 smoke exercises exact denied probes, accepts 404 only for disabled mounts (100.289708ms)
✔ positive control: a complete, valid configuration raises no META_LOGIN finding (1339.090666ms)
✔ feature off (COMMERCE_META_LOGIN_CONFIG_ID empty): no rule applies even with the other keys empty (300.430292ms)
✔ P06: the Page route needs the webhook receiver (278.933167ms)
✔ P06: sessions come from identity (346.893084ms)
✔ P06: without the claims profile nobody sends the private replies (a WARN, not a FAIL) (369.567375ms)
✔ P08: COMMERCE_META_LOGIN_CONFIG_ID must be numeric ("abc") (338.2565ms)
✔ P08: COMMERCE_META_LOGIN_CONFIG_ID must be numeric ("12 34") (342.103583ms)
✔ P08: COMMERCE_META_LOGIN_CONFIG_ID must be numeric ("111111111111") (247.0515ms)
✔ P08: COMMERCE_META_LOGIN_CONFIG_ID must be numeric ("0x10") (246.841667ms)
✔ P08: COMMERCE_META_LOGIN_CONFIG_ID must be numeric ("-1") (319.727042ms)
✔ P08: COMMERCE_META_LOGIN_REDIRECT_URI must be exactly https://<LC_ADMIN_HOST>/api/meta/callback (wrong host) (257.740708ms)
✔ P08: COMMERCE_META_LOGIN_REDIRECT_URI must be exactly https://<LC_ADMIN_HOST>/api/meta/callback (http scheme) (281.178917ms)
✔ P08: COMMERCE_META_LOGIN_REDIRECT_URI must be exactly https://<LC_ADMIN_HOST>/api/meta/callback (the ads callback path) (345.043417ms)
✔ P08: COMMERCE_META_LOGIN_REDIRECT_URI must be exactly https://<LC_ADMIN_HOST>/api/meta/callback (trailing slash) (277.446084ms)
✔ P08: COMMERCE_META_LOGIN_REDIRECT_URI must be exactly https://<LC_ADMIN_HOST>/api/meta/callback (query string) (266.006459ms)
✔ P08: COMMERCE_META_LOGIN_REDIRECT_URI must be exactly https://<LC_ADMIN_HOST>/api/meta/callback (empty) (202.978ms)
✔ P08: COMMERCE_META_LOGIN_GRAPH_VERSION grammar vNN.N ("26.0") (206.881417ms)
✔ P08: COMMERCE_META_LOGIN_GRAPH_VERSION grammar vNN.N ("v26") (253.88125ms)
✔ P08: COMMERCE_META_LOGIN_GRAPH_VERSION grammar vNN.N ("v26.0.1") (202.058ms)
✔ P08: COMMERCE_META_LOGIN_GRAPH_VERSION grammar vNN.N ("latest") (227.985416ms)
✔ P08: COMMERCE_META_LOGIN_GRAPH_VERSION grammar vNN.N ("") (335.271667ms)
✔ P08: COMMERCE_META_LOGIN_GRAPH_VERSION grammar vNN.N ("v1000.0") (389.549ms)
✔ P08: COMMERCE_META_LOGIN_GRAPH_VERSION accepts v26.0 (238.938583ms)
✔ P08: COMMERCE_META_LOGIN_GRAPH_VERSION accepts v22.0 (233.761875ms)
✔ P08: COMMERCE_META_LOGIN_GRAPH_VERSION accepts v99.9 (164.024083ms)
✔ production without any alert channel is a FAIL (nobody would hear the next outage) (1301.899792ms)
✔ outside production the same gap is only a WARN (299.868333ms)
✔ a webhook alone satisfies the rule (268.584125ms)
✔ an e-mail target with a complete relay (host, username, secret) satisfies the rule (315.141792ms)
✔ an e-mail target without the relay secret cannot be sent: FAIL in production, WARN elsewhere (713.793584ms)
✔ the example's CHANGE_ME_SENDER placeholder is not a relay: the e-mail target cannot be sent (373.982041ms)
✔ LC_ALERT_EMAIL must be one plain address ("not-an-address") (246.950667ms)
✔ LC_ALERT_EMAIL must be one plain address ("two@fake.invalid,three@fake.invalid") (245.726167ms)
✔ LC_ALERT_EMAIL must be one plain address ("a b@fake.invalid") (323.232417ms)
✔ LC_ALERT_EMAIL must be one plain address ("<owner@fake.invalid>") (260.217667ms)
✔ LC_ALERT_EMAIL must be one plain address ("owner@fake") (276.840167ms)
✔ storefront cart-line removal is reversible: clicked for real, not guarded (3.554666ms)
✔ destructive / irreversible / sign-out classification (owner list, en + zh) (1.54675ms)
✔ alike controls (rows with ids / numbers) share one class key (0.335417ms)
✔ known defects classify, never silence: stale entries are reported (0.618209ms)
✔ the markdown ledger has one row per interaction and names the verdict (0.485791ms)
✔ protocolHrefOK accepts well-formed tel:/mailto: and rejects malformed ones (0.447041ms)
✔ J1 waits for enabled media and clicks a real chooser; the uploaded cover is bound to the main section (589.7515ms)
✔ J1 cannot credit a detail-image receipt as the main cover (1.654ms)
✔ J1 refuses a failed cover upload rather than continuing to activate (0.235958ms)
✔ thresholds are the named constants of the brief (1.534917ms)
✔ R1: document wider than the viewport, and the outermost element past the edge (0.350292ms)
✔ R2: label tops, control tops and control heights of one visual row (0.708709ms)
✔ R2: what is one row and what is not (0.143875ms)
✔ R2: a button beside a field has to line up with its control (0.14975ms)
✔ R3: a row made tall by stacked controls, a control wider than its cell (0.360209ms)
✔ R3: a matrix whose EVERY row is doubled by a stacked stock cell (the median cannot see it) (0.203916ms)
✔ R4: small text, helper text apart, icons and duplicates excepted (0.784084ms)
✔ R5: tap targets on the 390 viewport only (0.564708ms)
✔ R6: interactive elements and text boxes that overlap (0.32625ms)
✔ R7: text clipped inside a control or label (either side), and select values that do not fit (0.5195ms)
✔ R8: the same visible label twice in one list (0.285334ms)
✔ evaluate() tags severity, selectRecords() keeps distinct groups first and counts every instance (0.871917ms)
✔ R9: text and controls flush to the screen edge at 390 (0.784167ms)
✔ R6/R9 judge the visible (ancestor-clipped) rectangle, not the raw one (integrator ruling 2026-10-05) (0.656084ms)
✔ R10: a fixed or sticky bar covering main content after scrolling (0.675667ms)
✔ R11: controls narrower than a usable width (0.4975ms)
ℹ tests 446
ℹ suites 0
ℹ pass 446
ℹ fail 0
ℹ cancelled 0
ℹ skipped 0
ℹ todo 0
ℹ duration_ms 11340.507917
✔ closed projections reject secret-shaped extras, invalid enums, IDs and contradictory capabilities (0.679291ms)
✔ detail accepts only bounded events and keeps actual server action flags (0.331042ms)
✔ BFF exact routes and request grammar forbid keys/body on reads, filters on detail and arbitrary writes (8.572792ms)
✔ copy parity, safe object navigation and UNKNOWN/protective reasons (0.143959ms)
✔ read-only store capability never exposes a command even if the state allows one (0.050625ms)
✔ duplicate escaped keys cannot bypass the exact command grammar (0.038083ms)
✔ query backoff affects only its operation and expires without another action (0.042833ms)
✔ merchant reason text translates ledger events and conceals unknown or prototype codes (0.0905ms)
✔ ledger read navigation requires effective integration:read permission regardless of role (0.070875ms)
ℹ tests 9
ℹ suites 0
ℹ pass 9
ℹ fail 0
ℹ cancelled 0
ℹ skipped 0
ℹ todo 0
ℹ duration_ms 76.530917
✔ OrderHistory renders server order instant in Taipei (6.315291ms)
✔ ClaimLink renders claim expiry in Taipei (1.762167ms)
✔ BankTransfer renders deadline and proof instant in Taipei (1.662875ms)
✔ BankTransfer proof echo labels store time in en (1.153334ms)
✔ BankTransfer proof echo labels store time in zh-TW (1.249292ms)
✔ BankTransfer proof echo labels store time in zh-CN (1.158958ms)
✔ BankTransfer input describes the device zone in en (1.075ms)
✔ BankTransfer input describes the device zone in zh-TW (1.255292ms)
✔ BankTransfer input describes the device zone in zh-CN (1.0485ms)
✔ BankTransfer input has a generic label when Intl has no zone in en (1.014125ms)
✔ BankTransfer input has a generic label when Intl has no zone in zh-TW (0.945667ms)
✔ BankTransfer input has a generic label when Intl has no zone in zh-CN (0.929708ms)
✔ ShopFooter uses Taipei year across UTC year boundary (1.389916ms)
✔ BankTransfer deadline labels store time in en (1.075833ms)
✔ BankTransfer deadline labels store time in zh-TW (0.950583ms)
✔ BankTransfer deadline labels store time in zh-CN (0.888792ms)
✔ OrderHistory states the Taipei time zone once in en (0.656041ms)
✔ OrderHistory states the Taipei time zone once in zh-TW (0.586709ms)
✔ OrderHistory states the Taipei time zone once in zh-CN (0.5695ms)
✔ Meta rejection wording is preserved as bounded Unicode text, never translated (1.007834ms)
✔ frozen error codes: model list equals the frozen list, each is read from both error shapes (0.327167ms)
✔ copy: every code, status, op state and connect error has text in all three locales (0.244792ms)
✔ copy never calls a budget a hard stop and never offers resume (0.213292ms)
✔ draft: every §5.1 status parses; unknown status/template/op state is an error, never guessed (0.408917ms)
✔ draft: optional fields, remote ids and the Ads Manager link (0.172875ms)
✔ action hints: pause whenever a remote id exists and not ENDED; a paused draft is only ever copied (X7) (0.195542ms)
✔ money: whole units to minor with integer math; TWD must be whole (7.987709ms)
✔ Taipei schedule: wall inputs and draft projections ignore the viewer zone (2.95725ms)
✔ Taipei schedule: invalid calendar days are rejected and all copy names UTC+8 (0.265292ms)
✔ draft input: exact 11-key body and every local rule (2.894459ms)
✔ draft form round trip and X7 copy (blank schedule, no id, no revision) (0.185542ms)
✔ settings parser: environment enum, connections, identities, capi (0.32725ms)
✔ connect state parser: pick list kinds and id match (0.09775ms)
✔ report: three separate blocks, orders may be null, no combined figure (0.237792ms)
✔ default report window is the Asia/Taipei store day whatever the viewer's zone is (Taipei midnight boundary) (3.44975ms)
✔ capi body and validation (0.110709ms)
✔ W6-06B unbind response: exact keys, account, UUIDs and outcome semantics (0.184125ms)
✔ W6-06B in-flight details preserve bounded items and total, reject unknown shapes (0.173792ms)
✔ W6-06B catalog feed has exact public URL/domain pairs or published-store empty (0.168167ms)
✔ W6-06B copy preserves unbind boundaries and feed recovery in three locales (0.059792ms)
✔ W6-06B feed selection follows origin order, not full feed URL order (0.067125ms)
✔ customer list accepts the frozen row and rejects unknown keys, dup ids, bad cursor, oversize (1.781666ms)
✔ customer row invariants: nulls for bundle-only/erased, counts, money, consents (0.21275ms)
✔ customer detail: bounded lists, order summaries reuse the orders parser, id must match (1.673542ms)
✔ erasure summary is four counts only (0.085667ms)
✔ finance summary: net = captured - refunded (I05), totals carry an empty day, sandbox flag (0.283625ms)
✔ financeDay is the UTC+8 day (0.054458ms)
✔ finance defaults keep Taipei dates across midnight, leap day and year end (0.070166ms)
✔ tags and notes are parsed strictly (W6-01B) (0.496709ms)
✔ TSX seam refuses an unlisted import (3.441083ms)
✔ Ads merchant timestamp uses Taipei at the year boundary (10.742958ms)
✔ Design version published_at cell uses Taipei at the year boundary (2.402541ms)
✔ ManualOrder bank-transfer expiry uses Taipei at the year boundary (2.556291ms)
ℹ tests 53
ℹ suites 0
ℹ pass 53
ℹ fail 0
ℹ cancelled 0
ℹ skipped 0
ℹ todo 0
ℹ duration_ms 117.071541
✔ OrderHistory renders server order instant in Taipei (7.057958ms)
✔ ClaimLink renders claim expiry in Taipei (2.049917ms)
✔ BankTransfer renders deadline and proof instant in Taipei (2.036458ms)
✔ BankTransfer proof echo labels store time in en (1.378291ms)
✔ BankTransfer proof echo labels store time in zh-TW (1.466708ms)
✔ BankTransfer proof echo labels store time in zh-CN (1.3435ms)
✔ BankTransfer input describes the device zone in en (1.203958ms)
✔ BankTransfer input describes the device zone in zh-TW (1.570209ms)
✔ BankTransfer input describes the device zone in zh-CN (1.344166ms)
✔ BankTransfer input has a generic label when Intl has no zone in en (1.151958ms)
✔ BankTransfer input has a generic label when Intl has no zone in zh-TW (0.957875ms)
✔ BankTransfer input has a generic label when Intl has no zone in zh-CN (0.927958ms)
✔ ShopFooter uses Taipei year across UTC year boundary (1.460708ms)
✔ BankTransfer deadline labels store time in en (1.10625ms)
✔ BankTransfer deadline labels store time in zh-TW (1.010125ms)
✔ BankTransfer deadline labels store time in zh-CN (0.988959ms)
✔ OrderHistory states the Taipei time zone once in en (0.697ms)
✔ OrderHistory states the Taipei time zone once in zh-TW (0.59375ms)
✔ OrderHistory states the Taipei time zone once in zh-CN (0.58475ms)
✔ Meta rejection wording is preserved as bounded Unicode text, never translated (2.697292ms)
✔ frozen error codes: model list equals the frozen list, each is read from both error shapes (0.345542ms)
✔ copy: every code, status, op state and connect error has text in all three locales (0.254333ms)
✔ copy never calls a budget a hard stop and never offers resume (0.230375ms)
✔ draft: every §5.1 status parses; unknown status/template/op state is an error, never guessed (0.328833ms)
✔ draft: optional fields, remote ids and the Ads Manager link (0.151458ms)
✔ action hints: pause whenever a remote id exists and not ENDED; a paused draft is only ever copied (X7) (0.1875ms)
✔ money: whole units to minor with integer math; TWD must be whole (10.7935ms)
✔ Taipei schedule: wall inputs and draft projections ignore the viewer zone (4.1135ms)
✔ Taipei schedule: invalid calendar days are rejected and all copy names UTC+8 (0.312459ms)
✔ draft input: exact 11-key body and every local rule (3.163708ms)
✔ draft form round trip and X7 copy (blank schedule, no id, no revision) (0.206083ms)
✔ settings parser: environment enum, connections, identities, capi (0.349833ms)
✔ connect state parser: pick list kinds and id match (0.107916ms)
✔ report: three separate blocks, orders may be null, no combined figure (0.2455ms)
✔ default report window is the Asia/Taipei store day whatever the viewer's zone is (Taipei midnight boundary) (1.889959ms)
✔ capi body and validation (0.112125ms)
✔ W6-06B unbind response: exact keys, account, UUIDs and outcome semantics (0.181833ms)
✔ W6-06B in-flight details preserve bounded items and total, reject unknown shapes (0.167875ms)
✔ W6-06B catalog feed has exact public URL/domain pairs or published-store empty (0.165583ms)
✔ W6-06B copy preserves unbind boundaries and feed recovery in three locales (0.061959ms)
✔ W6-06B feed selection follows origin order, not full feed URL order (0.06525ms)
✔ customer list accepts the frozen row and rejects unknown keys, dup ids, bad cursor, oversize (3.872375ms)
✔ customer row invariants: nulls for bundle-only/erased, counts, money, consents (0.228ms)
✔ customer detail: bounded lists, order summaries reuse the orders parser, id must match (1.446333ms)
✔ erasure summary is four counts only (0.0815ms)
✔ finance summary: net = captured - refunded (I05), totals carry an empty day, sandbox flag (0.281125ms)
✔ financeDay is the UTC+8 day (0.055709ms)
✔ finance defaults keep Taipei dates across midnight, leap day and year end (0.076083ms)
✔ tags and notes are parsed strictly (W6-01B) (0.513792ms)
✔ TSX seam refuses an unlisted import (3.3895ms)
✔ Ads merchant timestamp uses Taipei at the year boundary (13.133166ms)
✔ Design version published_at cell uses Taipei at the year boundary (4.83025ms)
✔ ManualOrder bank-transfer expiry uses Taipei at the year boundary (7.026875ms)
ℹ tests 53
ℹ suites 0
ℹ pass 53
ℹ fail 0
ℹ cancelled 0
ℹ skipped 0
ℹ todo 0
ℹ duration_ms 130.463792
✔ legacy display sentinels preserve a list row without admitting arbitrary or private data (1.560292ms)
✔ orders-v2 accepts bounded filters and Taipei inclusive dates; rejects ambiguity (0.753833ms)
✔ orders-v2 rejects client count approximations, unbounded or extra response data (0.1455ms)
✔ all three locales label every task queue, payment and delivery mode (0.291334ms)
ℹ tests 4
ℹ suites 0
ℹ pass 4
ℹ fail 0
ℹ cancelled 0
ℹ skipped 0
ℹ todo 0
ℹ duration_ms 69.304083
✔ numeric store IDs have no suggestion BFF or browser client (0.49125ms)
ℹ tests 1
ℹ suites 0
ℹ pass 1
ℹ fail 0
ℹ cancelled 0
ℹ skipped 0
ℹ todo 0
ℹ duration_ms 57.650708
✔ ADM10 operator sentence is localized while product and company facts stay authoritative (0.349ms)
✔ PS review: actual Host matching normalizes case, port and a terminal DNS dot, never forwarded authority (0.208833ms)
✔ PS review: privacy/terms retain Messenger and Instagram purpose disclosure; deletion uses exact UI labels (0.086ms)
✔ P2-N1 zh-TW/privacy: current comments and private reply, conditional inbound messages (0.077166ms)
✔ P2-N1 zh-TW/terms: current comments and private reply, conditional inbound messages (0.037292ms)
✔ P2-N1 zh-CN/privacy: current comments and private reply, conditional inbound messages (0.03ms)
✔ P2-N1 zh-CN/terms: current comments and private reply, conditional inbound messages (0.038791ms)
✔ P2-N1 en/privacy: current comments and private reply, conditional inbound messages (0.040208ms)
✔ P2-N1 en/terms: current comments and private reply, conditional inbound messages (0.039208ms)
✔ PS1 legal identity is one untranslated source (0.071417ms)
✔ PS1 contact and hosts come only from configuration; production fails closed (0.305458ms)
✔ PS2 public routes default to zh-TW, restrict page/locale, and never include admin (0.352667ms)
✔ PS4 optional Meta verification value never has a fake default (0.044292ms)
✔ PS1 every locale uses the same product name in auth page titles (0.037375ms)
✔ PS1 public page copy has three complete locales, no invented operator identity or contact (0.177958ms)
✔ PS1 production build validates config; public data is not bundled through NEXT_PUBLIC (0.196083ms)
✔ PS review: admin image installs the manifests for its workspace dependencies before building (0.378584ms)
ℹ tests 17
ℹ suites 0
ℹ pass 17
ℹ fail 0
ℹ cancelled 0
ℹ skipped 0
ℹ todo 0
ℹ duration_ms 67.687875
✔ R11 SQL's exact receipt states are accepted; missing/forged operation/state remains unknown (0.754542ms)
✔ R11 durable receipt journal validates phase against exact operation state (0.335042ms)
✔ R11 actual read control distinguishes replay/inflight/unknown/failure in en (3.834709ms)
✔ R11 actual read control distinguishes replay/inflight/unknown/failure in zh-TW (0.61225ms)
✔ R11 actual read control distinguishes replay/inflight/unknown/failure in zh-CN (0.4385ms)
✔ unknown journal retains exact key/boundary and is scoped to store+session; malformed state fails closed (0.1185ms)
✔ R12 read hook keeps network UNKNOWN on one key and explicitly refreshes acknowledged UNKNOWN (10.191875ms)
✔ actual POST transport uses CSRF and session fence; 403 independent of response text (12.731625ms)
✔ R10 ROAS has exactly two decimals in en (9.969458ms)
✔ R10 unknown ROAS is never fabricated as zero in en (0.18125ms)
✔ R10 ROAS has exactly two decimals in zh-TW (0.322834ms)
✔ R10 unknown ROAS is never fabricated as zero in zh-TW (0.049666ms)
✔ R10 ROAS has exactly two decimals in zh-CN (0.135833ms)
✔ R10 unknown ROAS is never fabricated as zero in zh-CN (0.031334ms)
✔ shared presentation preserves registry title and one empty buyer message in en (23.29175ms)
✔ R11 large linked-draft list is complete but collapsed in en (3.494291ms)
✔ shared presentation preserves registry title and one empty buyer message in zh-TW (5.682458ms)
✔ R11 large linked-draft list is complete but collapsed in zh-TW (2.489375ms)
✔ shared presentation preserves registry title and one empty buyer message in zh-CN (5.414541ms)
✔ R11 large linked-draft list is complete but collapsed in zh-CN (2.5935ms)
✔ R11 timeline distinguishes local unknown spend from explicit Meta zero in en (2.880875ms)
✔ R11 timeline distinguishes local unknown spend from explicit Meta zero in zh-TW (2.903958ms)
✔ R11 timeline distinguishes local unknown spend from explicit Meta zero in zh-CN (2.010875ms)
✔ R11 I12 nullable Meta evidence survives without becoming zero (0.256167ms)
✔ R11 actual panel rendering preserves unknowns and reconnect route in en (9.97175ms)
✔ R11 actual panel rendering preserves unknowns and reconnect route in zh-TW (10.325791ms)
✔ R11 actual panel rendering preserves unknowns and reconnect route in zh-CN (11.024333ms)
✔ D1, D6, R7: exact amounts and sources remain independent, account days stay labelled (0.175375ms)
✔ R12: null stays unknown and unread / unauthorised / insufficient remain different states (0.20825ms)
✔ R12 granted but unread audience offers a read, never reconnect in en (1.608583ms)
✔ R12 granted but unread audience offers a read, never reconnect in zh-TW (1.603541ms)
✔ R12 granted but unread audience offers a read, never reconnect in zh-CN (1.512792ms)
✔ I12 forged / missing frozen fields never silently become zeros (0.794917ms)
✔ only whitelisted aggregates survive: extra identifiers and HTML are never interpreted (0.055417ms)
✔ attribution is a read-only BFF resource with exact bounded query grammar (0.286334ms)
✔ audience-read is exactly the new local intention POST and never a data GET or queried write (0.235208ms)
✔ route fails closed without ads:read and is not a duplicate navigation entry; locale keys match (0.09175ms)
ℹ tests 37
ℹ suites 0
ℹ pass 37
ℹ fail 0
ℹ cancelled 0
ℹ skipped 0
ℹ todo 0
ℹ duration_ms 370.308667
✔ card-payments copy: identical key sets in all three locales (0.766334ms)
✔ merchant terms are quoted verbatim (contract §5) in the enable dialog (0.086292ms)
✔ ruling-fixed strings: platform not OPEN and BLOCKED note (0.041542ms)
✔ error map covers every frozen refusal code from migrations/0137 (0.060792ms)
✔ no Stripe account id, key or approval id shape appears in any copy string (0.223083ms)
✔ storefront collector disclosure matches contract §5 templates in three languages (0.054125ms)
✔ the merchant terms in the dialog are the contract §5 sentence, extracted from the contract (0.083792ms)
✔ the storefront templates are the contract §5 lines, extracted from the contract (0.11175ms)
✔ settlement copy: deduction columns are labelled as deductions in every language, with a legend and the net formula (0.243875ms)
✔ there is no separate 'not on the allowlist' message: it reads as not open (review P1-2) (0.08375ms)
✔ card summary accepts the frozen shape incl. all-null platform NONE (0.747541ms)
✔ card summary rejects unknown keys, bad enums, bad money, bad version (0.2575ms)
✔ card result is exactly {state, version, max_minor, currency, descriptor_preview} (0.089625ms)
✔ descriptor suffix rule: charset, 2..10 chars, must contain a letter (0.106708ms)
✔ the suffix length rule is the charset rule's 10; the 22-character descriptor total stays the server's (SANDBOX L=10, LIVE PrefixLength) (0.046791ms)
✔ descriptor preview mirrors the contract projection (base + '* ' + suffix) (0.045542ms)
✔ settlement list accepts statements without payout/lines keys (omitempty) (0.365958ms)
✔ settlement detail carries lines whose count and sums match the totals (0.318458ms)
✔ settlement parsers reject malformed reads (0.591792ms)
✔ fees, refunds and disputes are signed exactly as the ledger stores them (0.420166ms)
✔ a returned fee is a positive line fee; the detail's lines must add up to the statement totals (0.117667ms)
✔ closed_at/paid_at accept the offsets PostgreSQL emits as well as Z (0.091916ms)
✔ a payout reference shaped like a Stripe key or account id is never displayed (0.09825ms)
✔ platform not OPEN: 'not open yet' and no enable control, for every non-OPEN state; the platform badge still tells why (0.368917ms)
✔ allowlisted + OPEN: enable from NONE/DISABLED, disable from ENABLED (0.062416ms)
✔ not allowlisted on an OPEN platform reads exactly like not open: the same message, no 'platform open' badge, no enable (review P1-2) (0.072416ms)
✔ BLOCKED: the suspended note, disable only, never enable (whatever the platform says) (0.051666ms)
✔ without billing:manage nothing can be changed, but the state is still readable (0.055ms)
✔ enable carries the platform's current terms, the suffix and the version read; NONE starts at 0 (0.049125ms)
✔ disable never sends a suffix and quotes the terms the store accepted (the platform's may have moved on) (0.032834ms)
✔ a retained suffix is recovered from the final preview so a re-enable can keep it (0.034917ms)
✔ the period label shows the last day inside the (exclusive-end) week (7.743ms)
✔ payout state: paid, pending only when money is due, none when the week nets to zero or less (0.080792ms)
✔ card-payments and settlements are nav:false routes, so no group loses or gains a nav button (0.17625ms)
✔ settlements need billing:manage, the card page integration:read; the owner opens both (0.123ms)
✔ statement cells: a dispute reversal and a returned fee read as credits (+) and every deduction as -, and the columns add up to the server's net (11.687542ms)
✔ the detail parser requires the lines of a statement that has lines; a quiet week (line_count 0) may omit them (0.135666ms)
✔ route table: exactly the four resources, nothing generic (0.935958ms)
✔ query grammar: card and settlement-detail are exact; settlements takes before/limit only (9.556958ms)
✔ request fence: keyless PUT (CAS), bodyless GETs, no transfer-encoding (11.832542ms)
✔ PUT body is the exact frozen shape {enabled, terms_version, descriptor_suffix, expected_version} (0.467083ms)
✔ the BFF route wires the card grammar: keyless CAS PUT, exact body, no-store, auth required (0.30475ms)
✔ the real card summary parses and drives the display state machine (1.354875ms)
✔ the real statement list parses: newest first, no lines, three payout states (0.930208ms)
✔ every real detail parses with its lines and the lines add up to the statement (0.902584ms)
✔ an empty ledger parses to no statements (0.244541ms)
✔ no account id, key or approval shape is in any real body (0.368958ms)
✔ the real statements display literally as signed contributions that add up to the server's net (9.252959ms)
ℹ tests 48
ℹ suites 0
ℹ pass 48
ℹ fail 0
ℹ cancelled 0
ℹ skipped 0
ℹ todo 0
ℹ duration_ms 107.286792
✔ option/slug/SKU caps equal internal/catalog (options.go, catalog.go) (11.433125ms)
✔ text caps equal the Go validators (name 120, description 8000, SEO 70/160, collection title 80) (1.827833ms)
✔ photo caps equal Go (MaxMainImages, MaxDetailImages, MaxImageBytes) and the SKU code pattern (1.155625ms)
✔ PE13 Cartesian matrix is local, preserves edits and deduplicates values (1.296833ms)
✔ PE13 bulk quantity skips negative rows without modifying them (0.251125ms)
✔ PE12 untracked document uses whole currency and per-order cap, never quantity (12.819792ms)
✔ PE14 missing readback is not guessed or silently cleared by full replacement (0.057625ms)
✔ bulk status accepts explicit per-item results, never empty or duplicated confirmations (0.182833ms)
✔ matrix refuses over 100 SKUs before expansion (0.081333ms)
✔ PR #1 4212540344: per-row matrix labels reappear where the matrix header is not visible (≤900px), desktop untouched (1.615833ms)
✔ PR #1 4212540352: pre-publish missing-items list collapses behind a real toggle at ≤900px instead of being removed (0.383292ms)
✔ parity: admin caps equal the Go constants (0.590042ms)
✔ image list: 4 main + 20 detail + 2 sku in role order is accepted (0.291917ms)
✔ image list: 5 main, 21 detail, wrong role order, gaps and extra keys are refused (0.1335ms)
✔ single image: role is required and its position is bounded by the role cap (0.06275ms)
✔ option text limits count Go runes rather than UTF-16 units (0.158625ms)
✔ PE14 new edit SKU carries its own shipping and clears no existing fields (8.922209ms)
✔ PE14 patch changes only price and preserves unmentioned fields (0.162916ms)
✔ PE14 on_hand is not available, zero target is transmitted, ambiguous warehouse refuses (0.269125ms)
✔ PE14 explicit clears and shipping remain per SKU on an active row (0.120459ms)
✔ PE14 archive supersedes every other edit on that SKU (b77eeb11) (0.137875ms)
✔ PE14 no-op has no command fields and changed axes explicitly archive omitted variants (0.094ms)
ℹ tests 22
ℹ suites 0
ℹ pass 22
ℹ fail 0
ℹ cancelled 0
ℹ skipped 0
ℹ todo 0
ℹ duration_ms 99.194125
(node:72558) ExperimentalWarning: Transform Types is an experimental feature and might change at any time
(Use `node --trace-warnings ...` to show where the warning was created)
✔ UNKNOWN retry client authorization loss requires reconciliation, not a fresh command (3.295916ms)
✔ UNKNOWN retry 401 authorization loss requires reconciliation, not a fresh command (8.706125ms)
✔ UNKNOWN retry 403 authorization loss requires reconciliation, not a fresh command (0.615ms)
✔ a conclusive command rejection stays distinct from authorization loss (0.747ms)
ℹ tests 4
ℹ suites 0
ℹ pass 4
ℹ fail 0
ℹ cancelled 0
ℹ skipped 0
ℹ todo 0
ℹ duration_ms 109.469166
(node:72561) ExperimentalWarning: Transform Types is an experimental feature and might change at any time
(Use `node --trace-warnings ...` to show where the warning was created)
✔ offer controls read authoritative limits without parsing unrelated KEYWORD_QTY_CONTAINS window/stats (11.726292ms)
✔ offer controls accept 101 through the backend cap of 200 distinct offers, reject 201 (2.060292ms)
✔ offer toggle preserves exactly the authoritative maximum in the real M4 payload (2.469583ms)
✔ console BFF admits exactly A1/A7/A6 and A5 read/copy methods (0.381208ms)
✔ Next proxy admits the exact console family and results query before the BFF (23.796958ms)
✔ results query is canonical repeated session_id 1..50, everything else queryless (0.097083ms)
✔ real BFF route forwards only exact resources, authenticates scope and returns private scrubbed errors (39.60975ms)
✔ new commands reject unknown keys and preserve frozen copy/lifecycle/recommend body (0.189375ms)
✔ browser commands reuse Studio fences, exact no-comment recommend body and backend refusal codes (1.390916ms)
✔ results client preserves canonical ids/order and rejects invalid list before fetch (0.312542ms)
✔ stock client reuses catalog transport/key/parser and fences a changed login without retries (1.008625ms)
✔ journal replay sends the exact original method/path/body/key for all five commands (2.1785ms)
(node:72562) ExperimentalWarning: Transform Types is an experimental feature and might change at any time
(Use `node --trace-warnings ...` to show where the warning was created)
✔ A1 strict MOCK snapshot preserves unavailable counts, capability unknown and server stock (2.991208ms)
✔ A7 returns a separate lifecycle version and closed full KEYWORD_QTY_CONTAINS window (0.14ms)
✔ A5 results retain separate environments/currencies and bind exact requested ids/order (0.161166ms)
✔ A5 copy parses real Go envelope, copied offer prices and KEYWORD_QTY_CONTAINS window (0.368416ms)
✔ A6 accepts optional operation UUID, never guessed send success (0.089542ms)
(node:72563) ExperimentalWarning: Transform Types is an experimental feature and might change at any time
(Use `node --trace-warnings ...` to show where the warning was created)
✔ Live settings navigation accepts a scene picker entry but never a malformed or unscoped deep link (0.758709ms)
✔ LC-B7 stock permission admits live_adjust without inventory:write, not unrelated grants (0.085417ms)
✔ Instagram comment total stays unavailable; Facebook observed count is not a platform total (0.066916ms)
✔ LC-U1 one primary action follows lifecycle, never planning or transport state (0.049083ms)
✔ LC-U1 stock target uses sellable delta and rejects fractions, negative and over-limit changes (0.081084ms)
✔ LC-U1 links only explicit FB post identities, never arbitrary URLs or guessed videos (0.074209ms)
✔ LC-U1 Facebook preview keeps the original no-frame CSP and uses a safe external link (0.616916ms)
✔ LC-U1 delayed copy completion cannot navigate after store switch or unmount (0.111292ms)
✔ LC-U1 receipt fence survives cookie rotation; pending replay still has a separate session boundary (0.373ms)
ℹ tests 26
ℹ suites 0
ℹ pass 26
ℹ fail 0
ℹ cancelled 0
ℹ skipped 0
ℹ todo 0
ℹ duration_ms 221.999917
✔ secondary failures preserve A1; only A1 is periodic; IG notice follows the platform/embeddability observation (185.275042ms)
✔ the existing console refresh also explicitly refreshes its parent list; no automatic list read (12.903125ms)
✔ parent forwards only an explicit refresh callback and retains the scene when list is unavailable (7.10975ms)
✔ every explicit browser response/event/navigation waiter has a finite sub-test budget (5.473333ms)
✔ A1 failures back off 3/6/12/24/30 seconds and success resets to five seconds (72.963ms)
✔ Retry-After is a minimum; hidden tabs cancel polling; forbidden locks and conceals (27.951667ms)
✔ secondary reads are mount/refresh only, independent from A1 and non-fatal (18.485417ms)
✔ UNKNOWN journal restores the exact key/method/path/body and explicit retry after reload (25.546792ms)
✔ first definite 403 clears journal but locks commands; late success after navigation clears only its own key (22.945875ms)
✔ private reads preserve Retry-After seconds and dates, without changing existing error codes (18.21875ms)
✔ a restored in-flight or UNKNOWN request retains its journal after a replay 403 (54.99975ms)
✔ restored copy success dispatches completion only in the still-current scene (34.387459ms)
✔ SessionCopy resyncs closed same-ID titles, preserves open edits and cancels to latest draft (21.683708ms)
✔ SessionCopy submit uses latest version; UNKNOWN request survives later draft/input changes (21.185167ms)
ℹ tests 14
ℹ suites 0
ℹ pass 14
ℹ fail 0
ℹ cancelled 0
ℹ skipped 0
ℹ todo 0
ℹ duration_ms 514.77075
✔ claims window modes match Go constants and every SQL match_mode CHECK (5.582833ms)
✔ host prompt stays verbatim at the frozen trunk contract; Japanese is absent (1.311667ms)
✔ bundle parser accepts manual (labelled) and Meta (unlabelled) bundles (0.570375ms)
✔ bundle parser rejects unknown platforms and label/platform mismatches (0.145166ms)
✔ offer parser carries the live price and rejects every out-of-range or missing field (0.222667ms)
✔ library and import parsers are closed; removal receipt is the only version-0 shape (0.187875ms)
✔ price input: exact decimal minor units, never float, bounded to the currency's places (8.033959ms)
✔ live-tools copy exists in all three locales with the same conflict reasons (0.427958ms)
✔ claims BFF allowlist is exactly M1–M7 per method (6.0885ms)
✔ M7 link response shape is closed (0.381292ms)
✔ host prompt copy is the frozen text, verbatim (0.184458ms)
ℹ tests 11
ℹ suites 0
ℹ pass 11
ℹ fail 0
ℹ cancelled 0
ℹ skipped 0
ℹ todo 0
ℹ duration_ms 94.80175
NOT_RUN: tests/media/r04-input-runner.test.mjs (COMMERCE_R04_LIVEKIT_BINARY unset)
✔ main/detail/sku caps use the existing frozen image contract (0.55975ms)
✔ phone and tall dimensions fit2000 without enlarging small assets (0.135166ms)
✔ upload query requires one exact role and sku value; reads/actions carry no query (0.341334ms)
✔ role transport encodes current option values and refuses invalid identities (0.149541ms)
✔ effective image axis follows current options, then falls back to first (0.068166ms)
✔ detail and option photos cannot satisfy the main-photo recommendation (0.058625ms)
✔ PM-U copy has matching keys in ja and all currently routed locales (0.11875ms)
✔ real-upload mode builds both Next applications on a clean CI checkout (5.852875ms)
✔ upload recovery journal survives a new session while remaining product/store scoped (0.125166ms)
✔ an option upload receipt requires its captured axis, value and image id on canonical readback (0.107458ms)
✔ failed durable recovery storage cannot authorize a media write (0.082416ms)
✔ an active product needs a main image after canonical media is known; repair paths stay possible (0.0545ms)
✔ empty media sections render a readable localized placeholder until photos are present (4.833709ms)
✔ real-upload mode never exits through the storefront MOCK shortcut (7.957583ms)
✔ a valid active zero-main product keeps an inline repair hint rather than a page error (3.456ms)
✔ a new product issues the image-axis stage only for a chosen axis (1.101833ms)
ℹ tests 16
ℹ suites 0
ℹ pass 16
ℹ fail 0
ℹ cancelled 0
ℹ skipped 0
ℹ todo 0
ℹ duration_ms 235.540208
(node:72617) ExperimentalWarning: Transform Types is an experimental feature and might change at any time
(Use `node --trace-warnings ...` to show where the warning was created)
✔ a fitting PNG keeps the exact original File, bytes and alpha-capable format (0.794083ms)
✔ a JPEG exactly at both limits remains original, not a lossy re-encode (0.298125ms)
✔ an oversized phone JPEG is encoded below the cap after oriented scaling (0.507625ms)
✔ a large transparent PNG stays alpha-capable and is never painted with an opaque matte (0.554417ms)
ℹ tests 4
ℹ suites 0
ℹ pass 4
ℹ fail 0
ℹ cancelled 0
ℹ skipped 0
ℹ todo 0
ℹ duration_ms 87.159917
✔ HTTPS picklist fixture carries Secure session cookies automatically while preserving CSRF refusals (82.299625ms)
✔ batch controls stay compact until an order selection or live-session scope exists (0.135084ms)
✔ selection has XOR bodies, canonical unique IDs and separate 500/100 limits (0.340709ms)
✔ cross-page selection retains existing rows, deduplicates and refuses overflow atomically (0.684167ms)
✔ pick projection rejects PII/extra keys, invalid quantities and unmatched order identities (0.476125ms)
✔ batch replies bind one-for-one to confirmed orders and preserve uncertainty code (0.114208ms)
✔ pick/export POSTs reject keys and all query variants except one exact template (1.659041ms)
✔ CSV filename binds to selected template and store; no path/header injection (0.164208ms)
✔ MOCK browser fixture list matches the incumbent closed order parser (11.596958ms)
✔ recovery never clears an unknown or missing current attempt (0.1315ms)
✔ recovery and order-detail MOCK fixtures satisfy real read parsers (7.257375ms)
✔ order selection can read its session fence during SSR without browser globals (0.826167ms)
✔ MOU keeps native headed checks runnable on a Linux CI worker without DISPLAY (13.330375ms)
✔ pick fixture serves the scoped parcel reads required by the orders page (4.731125ms)
ℹ tests 14
ℹ suites 0
ℹ pass 14
ℹ fail 0
ℹ cancelled 0
ℹ skipped 0
ℹ todo 0
ℹ duration_ms 342.027834
✔ bodyless dissolve DELETE (empty body stream, no content-length) reaches Go with the CAS query, no body, no key (16.177ms)
✔ every parcel DELETE must carry exactly one expected_version >= 1 (never forwarded without it) (1.571792ms)
✔ a DELETE that declares a body or chunked framing is refused (0.281875ms)
✔ DELETE needs the session, origin and CSRF like every command; other DELETEs stay unsupported (0.743875ms)
✔ GET parcel-groups (open groups read) and merge-suggestions pass with no query; a query or key is refused (10.603ms)
✔ actual MOU parcel runner selects and collects the real parcel browser case (378.6415ms)
✔ merge suggestions accept the frozen shape (server-masked recipient) and reject drift (0.980917ms)
✔ created group requires the OPEN state and its members (0.110458ms)
✔ dissolved group is exactly id/state/version (0.07525ms)
✔ group shipment carries one SHIPPED version per member (1.787708ms)
✔ open groups (GET parcel-groups) accept the frozen shape and fail closed on drift (2.704ms)
✔ reconcile: a reload rebuilds OPEN panels, a vanished OPEN group is dropped, history and live versions are kept (0.204208ms)
✔ three locales cover the same keys and every refusal code (0.194375ms)
✔ the owner-ruling sentence is exact in all three locales (0.044458ms)
✔ the in_parcel_group copy is the same sentence in parcels-copy (blocked + errors) and orders-copy, in every locale (0.055042ms)
✔ groupOfOrder prefers the OPEN group over retained SHIPPED/DISSOLVED history (0.1175ms)
✔ parcelOrderNumber is the canonical LC-<32 uppercase hex> order number and matches the open-group parser (0.096333ms)
✔ parcel refresh generation: bumped by every successful poll, whatever the cursor (0.043625ms)
✔ parcel refresh generation: an in_parcel_group refusal bumps it, other refusals do not (0.041333ms)
✔ exactly the five W3-07B resources route (0.605917ms)
✔ dissolve carries exactly ?expected_version=N (N >= 1) (0.11025ms)
✔ readMergeSuggestions 401 immediately purges parent scope and refuses late sibling 200 (23.691625ms)
✔ readMergeSuggestions 403 immediately purges parent scope and refuses late sibling 200 (7.478709ms)
✔ readMergeSuggestions 404 immediately purges parent scope and refuses late sibling 200 (3.399209ms)
✔ readOpenParcelGroups 401 immediately purges parent scope and refuses late sibling 200 (4.889ms)
✔ readOpenParcelGroups 403 immediately purges parent scope and refuses late sibling 200 (4.198625ms)
✔ readOpenParcelGroups 404 immediately purges parent scope and refuses late sibling 200 (3.613417ms)
✔ readMergeSuggestions 503 preserves parent and local retry recovers actual DTOs (15.620375ms)
✔ readOpenParcelGroups 503 preserves parent and local retry recovers actual DTOs (3.740458ms)
✔ captured parent groups callback refuses hidden scope (1.993208ms)
ℹ tests 30
ℹ suites 0
ℹ pass 30
ℹ fail 0
ℹ cancelled 0
ℹ skipped 0
ℹ todo 0
ℹ duration_ms 471.321167
✔ exactly the nine W6-01B resources are admitted, each only under its own method (0.750666ms)
✔ the customer list is claimed only when a tag filter is present (customers-request.ts stays the owner otherwise) (0.088084ms)
✔ near misses are refused (no generic proxying) (0.073333ms)
✔ reads: no body, no key, no transfer-encoding; tag-list takes no query at all (12.770792ms)
✔ customer-list query: closed keys, tag must be a canonical uuid, list bounds identical to customers-request (0.661875ms)
✔ note-list query: only limit and after, with the customers-list bounds (0.137333ms)
✔ writes: exactly one well-formed Idempotency-Key; the two DELETEs carry no body but still need the key (1.245958ms)
✔ validTagName mirrors Go (NFC first, 1..20, trimmed, no control/Cf) (0.512417ms)
✔ validNoteBody mirrors Go (1..1000, not blank, only \n \r \t controls) (0.247875ms)
✔ tag-create body: closed keys, valid name and one of the eight colors (0.783333ms)
✔ tag-patch body: at least one of name/color, nothing else (0.296208ms)
✔ owner-tags body: tag_ids (<=100 canonical uuids) + 64-hex revision, exact keys (0.55825ms)
✔ note bodies: create {body}; patch {body, version>=1}; deletes and reads carry no body at all (0.226625ms)
✔ parseTagCatalog decodes {items: TagRecord[]} with the store-catalogue bounds (1.814583ms)
✔ parseTagSet / parseDeletedTag / parseDeletedNote decode the frozen write receipts (0.530791ms)
✔ parseNoteRecord / parseNotePage decode notes with the Go note rules (1.71125ms)
✔ customer-tags copy: three locales, identical key sets, the integrator's ruled note-privacy text verbatim (0.236083ms)
✔ components wire the ruled copy and the tag/note controls the specs click (1.0495ms)
✔ tag read names must already be trimmed NFC and Unicode code-point bounded (0.223042ms)
✔ session change before network sends nothing (13.365125ms)
✔ session changes after network or during body parse drop the response (19.257834ms)
✔ transient session digest failure is settled only before dispatch (1.054917ms)
✔ lost response followed by a changed session is UNKNOWN after dispatch (1.198917ms)
✔ lost response does not auto-retry; explicit replay keeps method/key/payload/scope (1.492834ms)
✔ 5xx or malformed success is uncertain, coded refusal is settled (3.7545ms)
✔ passive tag/detail refresh preserves an unsaved new-note draft (30.473334ms)
✔ passive refresh updates visible notes but preserves edit draft and original CAS version (0.751917ms)
✔ explicit refresh signal clears old edit draft while passive array changes do not (3.995ms)
✔ an unauthorized note read clears private note bodies and the draft (6.750458ms)
✔ a transient note read failure keeps the notes already shown (1.262ms)
✔ an unauthorized note read signals the global logout once; a transient failure does not (5.591292ms)
✔ non-privacy writer: own notes keep Edit and Delete on a fresh mount, others' notes do not (2.113709ms)
✔ notes forbidden/not_found signals scope loss exactly once per mount, never on transient failure (14.670542ms)
✔ bad path/store/method/query/header is refused without authority or backend calls (22.285166ms)
✔ the actual proxy admits a tagged customer list with scoped search/cursor and rejects malformed tag authority (6.844667ms)
✔ signed-out/cross-store/Origin-CSRF denials short circuit before body or forwarding (0.301708ms)
✔ closed bodies and DELETE payloads cannot reach Go (0.940459ms)
✔ all write methods preserve exact key/body/store and private success status (1.553583ms)
✔ note pagination preserved and hostile backend errors/bodies sanitized (5.668417ms)
✔ a catalogue forbidden or not_found asks the parent to re-run its guarded reads, with no logout (201.142125ms)
✔ transient catalogue failures stay local; unauthorized logs out but is not a scope loss (119.154291ms)
✔ after a tag write the manager stays mounted: the catalogue refreshes in place, never reloads (38.472541ms)
✔ a manager-reported scope loss reloads the customer list and catalogue guarded reads (18.312417ms)
✔ CustomerDetail forwards a scope-lost signal to the guarded read once per page (27.726292ms)
✔ badges are escaped server tag facts with human-readable names (13.454ms)
✔ actual customer notes render privacy notice, safe content, author fallback and read-only permissions (18.698875ms)
✔ unknown permissions and erased customer never offer note mutations (2.617125ms)
✔ write-only notes permit add but not edit/delete of notes the server does not mark own; privacy permission permits both (3.078625ms)
✔ manager trigger and all three localized buyer-export notices render through actual components (2.863833ms)
✔ UNKNOWN survives settled unauthorized retry until trusted success; fresh run ignored (2.89675ms)
✔ UNKNOWN survives settled forbidden retry until trusted success; fresh run ignored (0.756917ms)
✔ UNKNOWN survives settled version_changed retry until trusted success; fresh run ignored (1.094042ms)
✔ first-attempt preflight refusal is settled and permits a fresh action (0.980458ms)
✔ UNKNOWN and in-flight retries prevent duplicate dispatch; unmount discards stale outcome (0.502042ms)
✔ an unauthorized write signals the global logout; forbidden does not (4.949792ms)
✔ UNKNOWN command survives unmount/remount: still locked, same-key retry, cleared by trusted success (2.151708ms)
✔ a command unmounted while in flight is treated as UNKNOWN on remount (1.253625ms)
✔ a session boundary change drops the remembered UNKNOWN command (1.614583ms)
✔ a guarded read that ends signed-out signals the global logout once (7.253ms)
✔ forbidden/unavailable failures and a successful read signal no logout (6.771375ms)
✔ refresh ending signed-out clears the view, blocks and signals the global logout once (17.184333ms)
✔ refresh ending forbidden or not-found clears the data without a logout (13.0585ms)
✔ a transient refresh failure keeps the ready view and signals nothing (8.589ms)
✔ exactly the eight report GETs are admitted; every other method or path is refused (0.595583ms)
✔ report reads: query required, no body, no key, no transfer-encoding (39.232334ms)
✔ from/to: exactly once each, calendar-valid days, 0..91 apart (0.38675ms)
✔ session_id: only on the funnel (json and csv), a canonical uuid, once (0.613584ms)
✔ parseProductReport: echoed range/zone, <=1000 rows sorted by net desc, net = captured - refunded (6.066542ms)
✔ parseChannelReport: closed vocabulary order, money per environment strictly ascending, I05 inside every bucket (1.286833ms)
✔ parseFunnelReport: nested counts, session echo, ordered_without_link bound (0.573667ms)
✔ parseManualReport: nullable principal/session ids, bucketed money like channels (0.46775ms)
✔ reports copy: three locales, identical key sets, the integrator's ruled money annotation verbatim (0.400542ms)
✔ Reports.tsx: four tabs, CSV per tab, ruled annotation, CSS/SVG charts only (no new dependencies) (1.41225ms)
✔ report CSV closed headers use actual Go slug, echoed dates and private no-store (0.710875ms)
✔ report response projection rejects unknown keys, mismatched range and non-private responses (1.3645ms)
✔ manual buckets follow Go's uncapped row count rather than a made-up 500-row limit (2.063084ms)
✔ display sorts only inside currency/environment groups, never sums money or mutates server rows (12.619708ms)
✔ page report query accepts exactly the four report names and defaults to products (0.236667ms)
✔ actual product table renders offline separately, both modes, no UUID copy and sortable headers (33.054708ms)
✔ actual channel chart exposes exact numbers and both money modes using SVG (1.377292ms)
✔ actual funnel has four stages, nested widths and truthful zero-denominator text (3.907292ms)
✔ manual table resolves authorized labels, has honest fallback, and never presents UUIDs (5.73175ms)
✔ all report views render localized empty states (1.185709ms)
✔ actual BFF refuses malformed query, unknown store/session, disabled auth and missing CSV fences before Go (128.775292ms)
✔ actual BFF closed JSON projection and CSV scope/query preserve trusted token; no forwarded client authority (32.327875ms)
✔ actual BFF permission and malformed CSV response fences do not masquerade as a download (13.844666ms)
✔ audited browser GET accepts same-origin Fetch Metadata plus CSRF, never cross-site or forwarded Host (23.425375ms)
✔ actual CSV client preflight sends nothing after session change, and a lost audit response is uncertain with no retry (16.418542ms)
✔ actual CSV client refuses stale-session bytes and downloads only a closed private response (7.273708ms)
✔ report leaf gives the actual trusted fetch 65 seconds, rejects redirects and forwards only server bearer (2.974542ms)
✔ incoming request cancellation aborts the real report fetch once, returns safe unavailable and never retries (9.930667ms)
✔ CSV final synchronous fence conceals bytes when cancellation, hide or cookie rotation happens inside final await (18.365709ms)
✔ CSV end-to-end deadline covers store lookup and report budget; aborted preflight sends no audited request (9.438875ms)
✔ an uncertain export stays locked for its scope after another scope's export (4.367708ms)
✔ an uncertain export scope persists per store in tab storage and re-locks a fresh render (28.004125ms)
✔ unavailable tab storage fails closed to the in-memory lock without throwing (4.382791ms)
✔ export lock is stored before dispatch; refused/delivered outcomes release it, uncertain and cut-short keep it (51.107917ms)
✔ releasing one scope keeps the other uncertain scopes of the store (12.808125ms)
✔ export is refused and nothing is dispatched when the lock cannot be saved (denied, full or no storage) (8.217833ms)
✔ copy for an unsaved export lock exists in every locale (0.108208ms)
✔ product sort query parses strictly and defaults to net_minor descending (0.171417ms)
✔ legacy-store permission probe: forbidden/not-found/signed-out fail the read closed, transient falls back (9.844375ms)
✔ channel and funnel data retain their applied dates while draft dates wait for Show (111.555ms)
✔ an uncertain export lock is bound to the session boundary, so a different user does not inherit it (22.074958ms)
✔ Finance landing links to reports under the same canSeeReports rule (8.313292ms)
✔ selected tag survives searches and cursor pagination while an empty filter is omitted (34.159792ms)
✔ customer list dispatch preserves legacy requests and sends every tag query to the closed W6 authority (379.658584ms)
✔ customers reports link is hidden only when permissions are present and lack orders:read (0.125791ms)
✔ reports are a finance subpage and preserve the existing single finance navigation entry (0.146959ms)
✔ an authoritative erased customer immediately unmounts the cached private tags/notes subtree (27.572084ms)
✔ the actual customer row shows manual tags and imported status without changing consent (5.154083ms)
✔ P1 actual tag DELETE accepts an empty Next-style stream without JSON MIME (478.42425ms)
✔ P1 actual note DELETE accepts an empty Next-style stream without JSON MIME (1.221833ms)
✔ P1 body-carrying tag writes still require JSON MIME through the real BFF (0.287041ms)
✔ P2 customer bare/encoded tag keys are invalid422 through the actual leaf before any backend (3.902958ms)
✔ P2 report products real session/CSRF response is private and Vary Cookie (1.061375ms)
✔ P2 report products.csv real session/CSRF response is private and Vary Cookie (0.330583ms)
✔ P2 report malformed query and wrong CSRF are rejected by actual helpers before upstream (0.224875ms)
ℹ tests 118
ℹ suites 0
ℹ pass 118
ℹ fail 0
ℹ cancelled 0
ℹ skipped 0
ℹ todo 0
ℹ duration_ms 1172.664083
✔ real coded errors retain baseline classification and normalize import leaf cache to private,no-store (34.343167ms)
✔ preflight missing CSRF is definite and sends nothing; actual route CSRF and session refusals stay definite (3.83675ms)
✔ actual route uses real cookies/store membership and method/error envelopes, no helper substitutions (3.394833ms)
✔ actual client/route preserves original Blob bytes, trusted transport and privacy projection on200/409 (3.413791ms)
✔ success or stale preview must remain private; malformed/unknown/mismatched coded errors are uncertain after commit (3.431209ms)
✔ lost/unreadable/session-changed dispatched commit remains UNKNOWN; no automatic retry (1.873833ms)
✔ actual failed-only result route strips IDs and real final session/cancel fence exposes no download (2.228666ms)
✔ actual route refuses unknown resource/query and duplicate session cookies before any upstream call (0.556959ms)
✔ actual route incoming cancellation aborts one dispatched transport and preserves client UNKNOWN (1.260333ms)
✔ real coded error cache may not be public, and closed payload may not acquire data-bearing fields (2.355708ms)
✔ copy still exposes specific merchant field reasons across three locales (3.264ms)
✔ all real local and upstream import refusals including HEAD/unsupported are exact private,no-store (0.531666ms)
✔ fresh mismatched receipt stays UNKNOWN, exact manual replay mismatch becomes terminal without a third send (1.435042ms)
✔ terminal is impossible for malformed replay receipts or matching replayed counts (1.691167ms)
✔ Big5 bytes pass unchanged to upstream and real422 import envelope surfaces encoding_not_utf8 (0.594042ms)
✔ oversize file uses the actual header guard and specific size guidance in all locales without dispatch (23.373375ms)
✔ commit uses the original requested mapping, including an empty optional field, not resolved preview metadata (2.20025ms)
✔ an UNKNOWN commit remains locked through a later forbidden retry and only explicit same-file success unlocks (2.980667ms)
✔ leaving during a dispatched commit drops its payload and keeps an unconfirmed boolean without replay (1.510916ms)
✔ a definite first preflight refusal clears pending before sign-out and does not invent an unconfirmed import (1.9375ms)
✔ a replayed mismatched receipt ends UNKNOWN without offering another retry or unlocking historical orders (2.520375ms)
✔ real cookie and CSRF helpers generate and validate the actual host-cookie pair (2.013833ms)
✔ exact route rejects methods/keys/body/query/scope before any upstream request using real localError (8.21925ms)
✔ missing/duplicate session cookies reject and real clearAuthCookies expires session and CSRF (0.421709ms)
✔ actual authenticatedStores denies a store absent from the server projection (0.594208ms)
✔ private success routes server cookie token and exact canonical after, never caller bearer/cookie to Go (0.868375ms)
✔ actual safeError/localError preserve coded status with no-store and redact upstream diagnostics (0.8715ms)
✔ actual readBody and strict projection refuse MIME/oversize/extra private fields/city; network loss stays private (8.23425ms)
✔ actual client issues GET50/after through real route/private successful projection (10.484167ms)
✔ actual helper-issued browser fence rejects changed parent before dispatch (1.371ms)
✔ private success from real route is discarded when the browser session changes during upstream read (2.152417ms)
✔ real localError no-store 401/403/404/503 preserves correct read category with no retry (5.092334ms)
✔ malformed sensitive backend projection becomes real unavailable, never a fake BFF success (1.483584ms)
✔ strict archive rows decode external order text, safe minor units and public keys (5.323209ms)
✔ PII-shaped city and extra sensitive fields never pass the safe projection (0.276959ms)
✔ all canonical Go cities pass; malformed types/bounds/order/time/money/cursor fail (0.687459ms)
✔ read grammar is exact limit/after, not the stale brief's cursor name (23.16975ms)
✔ three locales retain truthful history-not-revenue basis and copy parity (0.431583ms)
✔ SSR renders actual safe rows, shared money/time, total count and read-only three-locale basis (24.590833ms)
✔ SSR distinguishes empty archive, 403, session loss and unavailable without stale rows/count (6.781917ms)
✔ actual pagination callbacks use opaque trail; double click cannot skip; refresh/scope reset page1 (3.802125ms)
✔ the static import subpage wins over customer detail and leaves the single customers nav intact (0.351833ms)
✔ the actual list offers import only to privacy holders and carries the current authorized store (96.275667ms)
✔ the actual detail mounts archive only for an active imported customer and passes its fenced identity (17.017583ms)
✔ MIUI-READY-VISIBLE-STORE actual signed helper waits on the visible selector and retains cookie/wizard assertions (157.01225ms)
✔ MIUI-READY-DENIED read-only staff reaches the real shell refusal instead of waiting for a private wizard (7.112375ms)
✔ failure verdicts precede successful rows, by source row number, without mutating the input (0.662709ms)
✔ the failure download contains only failed row metadata, with no source cell or success identifier (0.251667ms)
✔ reads quoted/BOM header only, without decoding malformed bytes from data rows (3.731459ms)
✔ guess only unique metadata aliases with explicit unmapped values (0.621292ms)
✔ shared dynamic leaf admits only exact import methods/actions and bounded mapping/count (30.303917ms)
✔ failed CSV emits only row/outcome/code, refusing any unexpected identifier or raw cell (0.230417ms)
✔ raw-byte cap does not decode/rebuild uploads and cancels oversized chunks (8.512792ms)
✔ backend privacy projection strips all source IDs on successful and failed rows (7.1825ms)
✔ closed preview parser refuses data-bearing rows, unknown keys and inconsistent counts (8.895291ms)
✔ order preview counts units while first CSV record numbers can exceed rows_total (0.167792ms)
✔ commit receipt has exactly five keys and no extra customer cells (0.578792ms)
ℹ tests 57
ℹ suites 0
ℹ pass 57
ℹ fail 0
ℹ cancelled 0
ℹ skipped 0
ℹ todo 0
ℹ duration_ms 647.085417
✔ parseShard: i/N, empty means unsharded, anything malformed throws (0.876333ms)
✔ assignShards: deterministic, every key owned once, near-balanced (LPT bound) (1.148ms)
✔ planClick: for every N the shards partition the whole universe (every registry route x variant, storefront walk, journey) (1.5ms)
✔ planClick at N=10 keeps every shard within ~1.3x of the mean planned cost (0.171084ms)
✔ aggregate click: honest shards pass for several N (3.453291ms)
✔ aggregate click: a missing shard, a dropped page row, a lost journey, a failing row, a stale known defect and a missing platform marker are each a failure (5.129375ms)
✔ aggregate click: a route added to the registry after the shards ran cannot pass (the registry is re-read) (0.393084ms)
✔ aggregate visual: honest shards pass; a missing shard, a missing shot, a blocking verdict and a registry route outside the universe each fail (5.945042ms)
ℹ tests 8
ℹ suites 0
ℹ pass 8
ℹ fail 0
ℹ cancelled 0
ℹ skipped 0
ℹ todo 0
ℹ duration_ms 92.67875
ci-plan: 10 job(s); click-sweep x10 (aggregate)
  --browser-click-sweep@1/10  -> artifact gate-browser-click-sweep_1_10
  --browser-click-sweep@2/10  -> artifact gate-browser-click-sweep_2_10
  --browser-click-sweep@3/10  -> artifact gate-browser-click-sweep_3_10
  --browser-click-sweep@4/10  -> artifact gate-browser-click-sweep_4_10
  --browser-click-sweep@5/10  -> artifact gate-browser-click-sweep_5_10
  --browser-click-sweep@6/10  -> artifact gate-browser-click-sweep_6_10
  --browser-click-sweep@7/10  -> artifact gate-browser-click-sweep_7_10
  --browser-click-sweep@8/10  -> artifact gate-browser-click-sweep_8_10
  --browser-click-sweep@9/10  -> artifact gate-browser-click-sweep_9_10
  --browser-click-sweep@10/10  -> artifact gate-browser-click-sweep_10_10
✔ the full sweep and the full visual lint fan out into every shard and ask for the aggregate (1.221209ms)
✔ foundation-shards = the unit shard + every plan group; the serial `foundation` mode is untouched (0.663667ms)
✔ an explicit shard re-run (or a partial list) never claims the whole-run aggregate (0.151416ms)
✔ duplicates collapse, artifact names are safe and unique, bad input is refused (0.560917ms)
✔ main writes matrix / sweep_n / visual_n to GITHUB_OUTPUT (1.26125ms)
✔ backend-only paths run foundation-shards only (1.445459ms)
✔ node tests of deploy scripts and of the CI planner are backend-only (they cannot change a browser) (0.39875ms)
✔ a UI path adds the whole browser set, including click-sweep and visual-lint (2.474292ms)
✔ docs-only and output-only diffs keep the single required check (foundation-shards) (0.305916ms)
✔ tests/foundation/browser_* is a browser path, other tests/foundation files are not (0.438875ms)
✔ deploy flag: deploy/ and scripts/deploy* only (1.093834ms)
✔ the browser set is release-gate's browser-mode universe minus the documented exclusions (14.493041ms)
✔ parser: only compiled, correctly-shaped Test functions of untagged _test.go files (1.47475ms)
✔ the real plan: every top-level test of tests/foundation runs in exactly one group (584.45425ms)
✔ a new test (in no list) still runs, exactly once, in the catch-all group; the same name with no catch-all is red (917.203958ms)
✔ a test listed in two groups is red; drift beyond the limit is red (853.840375ms)
✔ regexes: anchored explicit lists; the catch-all skips exactly everyone else's tests (0.373375ms)
✔ pack: deterministic, balanced to within the longest test, every name once (3.679084ms)
✔ parseDurations: top-level lines only (0.163ms)
ℹ tests 19
ℹ suites 0
ℹ pass 19
ℹ fail 0
ℹ cancelled 0
ℹ skipped 0
ℹ todo 0
ℹ duration_ms 2544.397084
✔ A8/A9/A13 and published templates: exact reads forward once with no-store (19.656708ms)
✔ real streamed POST bodies: A10-A14 exact keys reach upstream (10.4505ms)
✔ query, read headers, methods and body allowlists refuse before upstream (6.51325ms)
✔ session, CSRF and store authority precede content forwarding (1.324917ms)
✔ A12 fixed codes preserved; arbitrary upstream diagnostics stripped (6.9245ms)
✔ client preserves codes and receipt; changed/aborted session cannot publish private response (3.169875ms)
✔ A9 admits a full page of valid Unicode replies while bounding private response bytes (4.760083ms)
✔ non-JSON upstream 401 still expires both authentication cookies without diagnostic leakage (1.603917ms)
✔ real M7 response keeps no-referrer after matching Next production header rules (15.800125ms)
✔ three unit languages cover identical fixed labels and delivery states (0.726834ms)
✔ hiding aborts requests and rejects late responses, even after reveal (0.399083ms)
✔ switching selection invalidates both reads and write completions (0.063917ms)
✔ owner and explicit inbox permissions only; viewer fails closed (0.060125ms)
✔ Messenger counts Unicode codepoints; Instagram counts NFC UTF8 bytes (0.912583ms)
✔ uncertain transport retries retain the exact submission; definitive conflicts retire it (0.7225ms)
✔ privacy calibration cannot activate with production origin or ordinary caller env (0.163292ms)
✔ late focus/pageshow while native document remains hidden cannot reveal requests (0.103375ms)
✔ terminal navigation revocation cannot be undone by focus or refresh until a new page fence (0.066959ms)
✔ a ticket from another store/page fence is never accepted (0.048167ms)
✔ focus while already visible preserves the active epoch and the uncertain reply receipt (0.079708ms)
ℹ tests 20
ℹ suites 0
ℹ pass 20
ℹ fail 0
ℹ cancelled 0
ℹ skipped 0
ℹ todo 0
ℹ duration_ms 181.329084
✔ installed APIRequestContext cookie rules exclude Secure cookie from HTTP127 but retain HTTPS/localhost (1.06775ms)
✔ actual INU02 cross uses browser auth and retains exact 404/DM absence (22.714542ms)
✔ actual INU02 cross still rejects wrong authority 401 (2.537167ms)
✔ actual INU02 cross still rejects wrong authority 200 (1.336875ms)
✔ actual INU02 cross still rejects DM in denied response (1.296ms)
✔ actual INU02 denied uses browser auth and retains exact 403/DM absence (1.222833ms)
✔ actual INU02 denied still rejects wrong authority 401 (1.079292ms)
✔ actual INU02 denied still rejects wrong authority 200 (0.917042ms)
✔ actual INU02 denied still rejects DM in denied response (0.882667ms)
✔ actual login settles /en and fixture store (real switch, scoped=false) (62.611167ms)
✔ actual login settles /en and fixture store (real switch, scoped=true) (6.606958ms)
✔ actual login settles /en/inventory and fixture store (real switch, scoped=false) (11.942916ms)
✔ actual login settles /en/inventory and fixture store (real switch, scoped=true) (1.96175ms)
✔ actual login settles /en/messages and fixture store (real switch, scoped=false) (1.75525ms)
✔ actual login settles /en/messages and fixture store (real switch, scoped=true) (4.246833ms)
✔ actual login settles /en and fixture store (already selected, scoped=false) (4.548166ms)
✔ actual login settles /en and fixture store (already selected, scoped=true) (1.853833ms)
✔ actual login settles /en/inventory and fixture store (already selected, scoped=false) (5.679209ms)
✔ actual login settles /en/inventory and fixture store (already selected, scoped=true) (1.587583ms)
✔ actual login settles /en/messages and fixture store (already selected, scoped=false) (3.832958ms)
✔ actual login settles /en/messages and fixture store (already selected, scoped=true) (2.087417ms)
✔ bundle fixture uses real claim commands and mounts existing M6/M7 without issuing early (1.111916ms)
✔ sensitive bundle scenario clicks native clipboard with trace/video disabled and no token body reads (0.143458ms)
✔ persisted link and token-free command receipt are compared without disclosing credentials (0.116708ms)
✔ actual clipboard evaluator exports only safe summary and detects malformed or retained synthetic credentials (189.015042ms)
✔ claim-window fixture isolates recovery after the current migration permits multiple OPEN windows (1.901041ms)
✔ ordinary Playwright diagnostics still capture failed-page ARIA when private guard is absent (0.596167ms)
✔ sensitive worker lifecycle prevents actual installed snapshot capture without masking the failure (15.7835ms)
✔ worker restores prior environment even when use rejects (absent) (12.933917ms)
✔ worker restores prior environment even when use rejects (empty) (1.972417ms)
✔ worker restores prior environment even when use rejects (existing-policy) (20.126042ms)
✔ fixture is worker-auto and module collection does not suppress ordinary diagnostics (40.175084ms)
✔ ordinary matcher ARIA context bypasses fallback flag and remains in actual installed diagnostics (1.221125ms)
✔ private test teardown removes only matcher page context while preserving failure (failed status) (4.105833ms)
✔ private test teardown removes only matcher page context while preserving failure (rejected use) (3.704667ms)
✔ matcher guard is test-auto without replacing the installed artifact auto fixture (2.813459ms)
✔ real Playwright --list collects each original INU case and isolated INU09 exactly once (997.948708ms)
✔ A real Inbox selection admits Go A9 attachments null without losing thread (75.26025ms)
✔ A real Inbox selection admits Go A9 attachments empty array without losing thread (4.77125ms)
✔ A malformed non-array A9 attachments is refused without painting DM or crashing selected entry (3.410458ms)
✔ C A8 HTTP200 empty list is ordinary data with no alert, selection or focus request storm (1.704083ms)
✔ C A8 list404 is scoped inbox unavailable in en, never an empty list or conversation denial (2.722875ms)
✔ C A8 list404 is scoped inbox unavailable in zh-TW, never an empty list or conversation denial (1.240667ms)
✔ C A8 list404 is scoped inbox unavailable in zh-CN, never an empty list or conversation denial (1.489583ms)
✔ C click-sweep Go harness mounts existing Inbox/templates services (STRUCTURE_ONLY, Go NOT_RUN) (0.756166ms)
✔ C click-sweep includes actual-router owner200 empty inbox assertion (STRUCTURE_ONLY, Go NOT_RUN) (0.356459ms)
✔ inbox evidence is covered by the CI upload root (0.896208ms)
✔ failed Playwright closes its log and emits sanitized diagnostics before Fatalf (0.120542ms)
✔ failure diagnostics match INU cases/counts without admitting private text (0.652292ms)
✔ INU04 delayed handler 1 signals completion when fulfillment rejects (12.778ms)
✔ INU04 delayed handler 2 signals completion when fulfillment rejects (3.162708ms)
✔ recoveryDone waits for actual held M7 completion in zh-TW (83.418791ms)
✔ recoveryDone waits for actual held M7 completion in zh-CN (2.9565ms)
✔ recoveryDone waits for actual held M7 completion in en (2.418084ms)
✔ review2 P1 bundle-only row opens real A13 and issues existing M7 claim link to clipboard (44.376875ms)
✔ review2 P1 clipboard denial recopy reuses cached issued URL without another M7 POST (5.998875ms)
✔ review2 P1 lost M7 ACK retries exact receipt and null replay token never mints a fresh key (5.9775ms)
✔ review2 P1 missing CSRF before cached recopy cannot copy or issue again (4.977ms)
✔ review2 P1 missing CSRF before uncertain retry rejects preserved receipt dispatch (4.158708ms)
✔ review2 P1 late issued-link completion after hide cannot write clipboard (10.274459ms)
✔ review2 P1 late issued-link completion after selection cannot write clipboard (10.644333ms)
✔ review2 P1 late issued-link completion after unmount cannot write clipboard (17.92075ms)
✔ review2 P1 late issued-link completion after logout cannot write clipboard (20.40425ms)
✔ review2 P1 claim-link issuance denied without both live read/manage (inbox:read,live:read) (3.918708ms)
✔ review2 P1 claim-link issuance denied without both live read/manage (inbox:read,live:manage) (1.574125ms)
✔ review2 P1 missing authoritative recovery identity never guesses generation {"missingSession":true} (1.541334ms)
✔ review2 P1 missing authoritative recovery identity never guesses generation {"noBundle":true} (2.062333ms)
✔ review2 P2 exactly one matching binding uses named DM hard gate ok (3.167ms)
✔ review2 P2 exactly one matching binding uses named DM hard gate review_required (1.200959ms)
✔ review2 P2 exactly one matching binding uses named DM hard gate missing_permission (1.976125ms)
✔ review2 P2 multiple same-provider bindings advisory only (dm_session:ok,dm_session:missing_permission) (1.709958ms)
✔ review2 P2 multiple same-provider bindings advisory only (dm_session:missing_permission,dm_session:reauth_required) (0.841958ms)
✔ review2 P2 multiple same-provider bindings advisory only (dm_session:ok,read_comment:missing_permission) (0.865166ms)
✔ review2 P2 multiple same-provider bindings advisory only (dm_session:review_required,dm_session:ok) (0.646833ms)
✔ review2 P2 actual scoped A12 409 capability refusal remains visible after advisory submit (2.396792ms)
✔ review2 P2 missing health and single binding without named DM remain disabled (1.915416ms)
✔ review2 P2 expired cached issued link cannot be recopied or silently reissued (16.150875ms)
✔ P1-1 actual visible focus preserves pending ticket, selection, revision and real retry receipt (3.439625ms)
✔ P1-1 actual unchanged-session pageshow checks without clearing; changed-session focus expires (0.365166ms)
✔ P1-1 actual hide/reveal clears and requests fresh revision, never accepts obsolete completion (0.419833ms)
✔ P1-1 changed-session visible focus expires even with a pending request (0.251958ms)
✔ P1-2 actual A9 refresh 404 removes rendered DM and unsent draft (17.467ms)
✔ P1-2 actual send-finally A9 404 removes DM, draft and uncertain immutable receipt (6.178459ms)
✔ actual uncertain send still retains exact receipt when A9 authority remains (0ms post-send A9) (7.081125ms)
✔ actual uncertain send still retains exact receipt when A9 authority remains (50ms post-send A9) (109.185125ms)
✔ actual A9 stale held completion cannot paint after component cleanup (2.89125ms)
✔ P2 actual A14 404 clears buyer facts and customer draft (explicit future-version MOCK) (2.307542ms)
✔ safe authority errors remain the actual InboxError transport class (0.146292ms)
✔ actual current A13 without version keeps A14 disabled; future MOCK grants no backend claim (1.528667ms)
✔ P1-2 actual A11 takeover write 404 clears private state despite failing follow-up A9 (1.524541ms)
✔ P1-2 actual A12 send write 404 clears private state despite failing follow-up A9 (2.204667ms)
✔ A13 server orders omission remains distinct from authorized omitted data (1.581458ms)
✔ A13 server orders omission remains distinct from authorized empty data (0.441792ms)
✔ A13 server orders omission remains distinct from authorized populated data (0.564458ms)
✔ actual shell-store-selector captures selection before synchronous privacy teardown (allowed=true) (26.5745ms)
✔ actual shell-store-selector captures selection before synchronous privacy teardown (allowed=false) (1.702042ms)
✔ actual locale-switch captures selection before synchronous privacy teardown (allowed=true) (7.270875ms)
✔ actual locale-switch captures selection before synchronous privacy teardown (allowed=false) (1.361959ms)
✔ persisted A9 UNKNOWN after page entry warns and blocks the real composer in en (34.09325ms)
✔ persisted A9 UNKNOWN after page entry warns and blocks the real composer in zh-TW (3.508875ms)
✔ persisted A9 UNKNOWN after page entry warns and blocks the real composer in zh-CN (2.472042ms)
✔ A12 queued ACK followed by final A9 UNKNOWN overrides the local queued notice and blocks another send (3.431416ms)
✔ a captured previously enabled composer cannot bypass final UNKNOWN learned by Refresh (1.186959ms)
✔ a later A9 page omitting the known UNKNOWN is not delivery reconciliation (2.011667ms)
✔ persisted queued is not mislabeled UNKNOWN and retains ordinary composer eligibility (0.861959ms)
✔ persisted sent is not mislabeled UNKNOWN and retains ordinary composer eligibility (0.564084ms)
✔ persisted failed is not mislabeled UNKNOWN and retains ordinary composer eligibility (0.522542ms)
✔ persisted blocked is not mislabeled UNKNOWN and retains ordinary composer eligibility (0.688584ms)
✔ fresh mount refuses when an old UNKNOWN is beyond 51 newer messages (fact=true) (1.144209ms)
✔ fresh mount refuses when an old UNKNOWN is beyond 51 newer messages (fact=null) (0.938583ms)
✔ fresh mount refuses when an old UNKNOWN is beyond 51 newer messages (fact=undefined) (1.703125ms)
✔ fresh mount refuses when an old UNKNOWN is beyond 51 newer messages (fact=false) (2.725375ms)
✔ a refreshed unknown authority replaces old clear authority even for a captured composer (0.822375ms)
✔ window strict eligibility with 300001ms before hard 24h deadline (14.960333ms)
✔ window strict eligibility with 300000ms before hard 24h deadline (1.51575ms)
✔ window strict eligibility with 60000ms before hard 24h deadline (1.005916ms)
✔ window strict eligibility with 0ms before hard 24h deadline (0.916708ms)
✔ window invalid server deadline fails closed without preparing a send (0.690167ms)
✔ window captured enabled form callback cannot POST after crossing safe cutoff (0.734417ms)
✔ window deadline timer closes controls at cutoff and hard end without waiting for 15s poll (0.671166ms)
✔ quota recovery gives exact zh-TW comment-quota and DM-window instructions beside copy only (0.356833ms)
✔ quota recovery gives exact zh-CN comment-quota and DM-window instructions beside copy only (0.091709ms)
✔ quota recovery gives exact en comment-quota and DM-window instructions beside copy only (0.092792ms)
ℹ tests 123
ℹ suites 0
ℹ pass 123
ℹ fail 0
ℹ cancelled 0
ℹ skipped 0
ℹ todo 0
ℹ duration_ms 1104.107958
