✔ /products/{uuid} redirects permanently to the zh-TW product page (140.54825ms)
✔ non-uuid ids are 404, never redirected (0.942417ms)
✔ AT1: the locale redirect preserves the ad-click query without allowing a redirect target (0.132334ms)
✔ R10: standalone signed signals survive a missing or expired seven-day touch (70.015792ms)
✔ R10: standalone signals reject expiry, bad signature, duplicates and another host (0.902416ms)
✔ AT1 R5: browser identity survives expired touch and rolls for ninety days (0.952792ms)
✔ AT1 R5: missing ad parameters create no cookies; fbclid alone creates no touch (1.080875ms)
✔ AT1 R5: lc_ad alone updates attribution and does not replace fbc (0.572458ms)
✔ AT1: host-only first-party cookies contain no PII and read back exactly (1.33975ms)
✔ AT1: a later valid click replaces the draft but preserves the browser identifier (0.516417ms)
✔ R10: only a different fbclid replaces fbc and its first-seen timestamp (0.849667ms)
✔ AT1: malformed and ambiguous links do not overwrite a valid prior touch (1.221083ms)
✔ AT1: host and key binding reject copied cookies (0.653ms)
✔ AT1: duplicates and tampering invalidate the entire envelope (0.62525ms)
✔ AT1: exactly seven days is valid, the next millisecond and future clicks are not (0.648417ms)
✔ catalog list query limits equal the Go v2 parser (internal/buyerhttp/catalogv2.go) (10.753416ms)
✔ collection list cap equals Go maxCollectionsPerStore (13.076083ms)
✔ design caps equal internal/design/schema.go (nav, sections, pages) (4.052333ms)
✔ CVS buyer-entered store bounds and return path equal Go (internal/checkout/cvs.go, migration 0093) (9.031958ms)
✔ transfer view: closed shape and state rules mirror Go validTransferView (0.816333ms)
✔ proof body and result: five digits, positive minor amount, ISO instant (0.198792ms)
✔ minorFromText: major units with at most two decimals, never a float surprise (0.103709ms)
✔ buyer email mirror: one plain address, 254 characters at most (0.315667ms)
✔ countdown: whole hours and minutes, never negative (0.412917ms)
✔ copy: three locales carry every key and every refusal code (0.274209ms)
✔ options: a home row lists modes only with bank_transfer and then needs its window (0.722709ms)
✔ checkoutInput: a home bank_transfer body, the optional trimmed email, and every refusal before any request (1.285875ms)
✔ order: AWAITING_TRANSFER is a valid commercial state without a hold time (0.83275ms)
✔ BFF: exact transfer routes, keyed proof PUT, strict body, validated answers, no generic proxy (229.521084ms)
✔ BFF: transfer refusal codes pass through as definite 422; checkout accepts bank_transfer and a valid email only (5.382416ms)
✔ D06 order heading follows a settled transfer: never 'waiting for transfer' above a confirmed or expired one (0.127083ms)
✔ uncertain prepare blocks all mutations; changed cookie context resolves journal (44.07575ms)
✔ fully parsed local denial clears only its own pending operation (1.790125ms)
✔ malformed journal, unavailable lock and stale context fail before writes (4.377292ms)
✔ BPT05 exact handoff permits absent body/key, one fetch, no form persistence (51.439167ms)
✔ BPT05 wrong handoff form and ordinary writes fail before any fetch (1.96ms)
✔ BPT05 unresolved cookie journal blocks handoff; lost response is one fetch without persistence (0.585542ms)
✔ SU02 refresh permits absent body/key, one fetch, no persistence (0.607417ms)
✔ SU02 refresh rejects a body, a key or a malformed path before any fetch (0.703958ms)
✔ SU02 cancel permits absent body/key, one fetch, no persistence (0.495041ms)
✔ SU02 cancel rejects a body, a key or a malformed path before any fetch (0.369708ms)
✔ BPT01 exact private path, headers, body and three-locale one-fetch transport (91.024209ms)
✔ BPT02 payment routes reject untrusted path, context, headers, key and body before fetch (17.891416ms)
✔ BPT03 hostile upstream success is sanitized, never returned as payment data (10.007292ms)
✔ BPT04 every handoff failure is nonretryable, including pre-route and transport loss (7.529375ms)
✔ SU02 five routes: exact upstream path, method, key, body, one fetch each (2.90125ms)
✔ SU02 refresh and cancel are keyless and pass every CSRF/context denial before fetch (1.410542ms)
✔ SU02 every handoff/refresh/cancel failure is nonretryable and sanitized (2.359916ms)
✔ SU02 hostile Stripe bodies become the sanitized 503; PAYUNi and Stripe bodies stay byte-identical (8.860583ms)
✔ SU02 prepare accepts only the two known method codes (4.03925ms)
✔ disabled and invalid configuration fail closed before private fetch (15.019791ms)
✔ private authority, cookie lifecycle and strict local denial (18.899417ms)
✔ bad host, cookie, query and method never reach private API (2.882417ms)
✔ stalled inbound POST body is canceled at its deadline without a cookie or private call (1.055042ms)
✔ R10: Begin forwards independently signed signals; browser attribution and forwarded hosts are not authority (4.470833ms)
✔ CVS BFF: exact routes, keyed open/store, keyless verify, validated answers, no generic proxy (12.086583ms)
✔ CVS BFF: contract refusal codes pass through; pay_at_pickup_limit is a definite (non-retryable) 429 (8.582208ms)
✔ fragment grammar accepts only one canonical token (1.157916ms)
✔ claim projections are closed (0.682667ms)
✔ claim token rides only its header on B1/B2 and is never echoed (48.111584ms)
✔ claim-priced cart edits send only SKU and quantity, keeping server price authority (32.253125ms)
✔ direct-checkout sold-out projection is mandatory, boolean and closed (0.369125ms)
✔ claim redeem shares the purchase lock, guards recovery and never persists the token (2.553084ms)
✔ ClaimLink removal projects live-priced survivors on ready and conflict pages (310.400208ms)
✔ ClaimLink revisit checks out applied A while pending B is sold out or unavailable (9.731459ms)
✔ ClaimLink refreshes a nothing result after a second tab applied the claim (13.5235ms)
✔ ClaimLink does not navigate when a buyable claim target is absent or has changed quantity (13.69925ms)
✔ ClaimLink optional prior-order notice tolerates unreadable storage without bypassing recovery (23.295667ms)
✔ CVS01 map form: only the two ECPay e-map actions, exact fields, top-level-safe values (5.170458ms)
✔ CVS02 return path allowlist excludes /claim and anything but the checkout or product page (0.160416ms)
✔ CVS03 selection projection: VERIFIED<=>pickup, REJECTED<=>reject_code, absent keys read as null (0.493458ms)
✔ CVS04 buyer-entered store answer and request body (0.344167ms)
✔ CVS05 store code table (§16.1) keeps leading zeros and per-chain lengths (0.157459ms)
✔ CVS06 recipient mirror: real-name width 4..10 (CJK=2), no digits/symbols/emoji; 09 mobile (0.540333ms)
✔ CVS07 checkout draft: name, phone and mode only; read once; corrupt/foreign shapes are dropped (0.206709ms)
✔ CVS08 return URL: only ?cvs_selection=<uuid> is accepted (0.084ms)
✔ CVS09 buyer order projection and copy keys: nothing but PICKED_UP says picked up (0.11ms)
✔ CVS10 error codes: field mapping, definite refusals, official links are https constants (0.202667ms)
✔ CVS11 client transport: verify is the one new keyless POST; the server refusal code rides BuyerClientError.detail (19.202958ms)
✔ every locale x page has a title, an updated line and at least one section (0.648958ms)
✔ locales share the section count and per-section body count of every page (6.79175ms)
✔ final text is only the owner-confirmed company facts (CR 81215167 name + registered address); nothing else is final (0.731334ms)
✔ a legal page is published only when every text on it is final; buyers see no link to an unpublished one (2.122167ms)
✔ data-deletion path is named in the privacy page of every locale (0.483667ms)
✔ pendingOwnerText lists exactly the texts that keep a page unpublished and is written for the owner (7.353ms)
✔ a live (claim-origin) price replaces the catalog price and strikes it through (2.287417ms)
✔ without a live price the catalog price and its compare-at are shown unchanged (0.2815ms)
✔ a live price equal to or above the catalog price is shown as set (strike hidden by the UI guard) (0.321459ms)
✔ a live price strikes the catalog price, never the variant sale price (0.299083ms)
✔ order ref: 12 hex (dashes or spaces, any case) or a full id (0.4705ms)
✔ contact: one email or a phone of 6..20 digits (0.153084ms)
✔ body is exactly {order_ref, contact}; the answer is exactly {order_id} (0.1505ms)
✔ BFF lookup: no cookie needed, fresh token goes upstream, cookie only on 200 and it carries that same token (40.379959ms)
✔ BFF lookup: strict local denial before any private fetch (3.802125ms)
✔ copy: three locales carry every key (0.726667ms)
✔ MS4 srcset descriptors use actual decoded widths and deduplicate small renditions (0.412583ms)
✔ MS1 product rendition allowlist preserves trusted Host and never forwards buyer cookies (29.098875ms)
✔ MS2 invalid, duplicate, extra, encoded widths and non-product variants fail before fetch (3.306833ms)
✔ MS3 old-image fallback is never promoted to immutable; committed variants are cacheable (2.193667ms)
✔ TWD whole amounts show no decimals in every locale and at every magnitude (line, subtotal, total, zero) (68.598792ms)
✔ cents appear only when there are cents, then always as two digits; the minor-unit arithmetic is untouched (0.232875ms)
✔ digits come from the currency: JPY none, USD two when there are cents (2.45925ms)
✔ one formatter: no component, page or lib builds a currency Intl.NumberFormat outside lib/money.ts (83.84925ms)
✔ locale probe bounds a missing destination head with a route/device diagnostic (6.853416ms)
✔ locale probe clears its deadline when the real head promise completes (0.423042ms)
✔ fragment: exactly #o=<order id>&t=<43-char token>; anything else is null (3.911583ms)
✔ body is exactly {order_id, token, proof}; the answer is exactly the order the link named (0.1835ms)
✔ BFF link: no cookie needed, fresh token upstream, cookie only on a 200 naming the same order, link token never echoed (93.29275ms)
✔ BFF link: strict local denial before any private fetch (9.324958ms)
✔ copy: three locales, one refusal text, a retry and a lookup path (0.107625ms)
✔ BPU01 fresh payment writes exact metadata before prepare, one bodyless Take, no persistent form (73.245042ms)
✔ BPU01 lost prepare response replays original key/body only on explicit next click (2.117417ms)
✔ BPU01 lost handoff is permanently GET-only, even after a second click (14.020125ms)
✔ BPU01 storage, amount, scope and child/screen fences reject before irreversible writes (0.797167ms)
✔ BPU01 document/child loss after prepare but before Take leaves exact replay marker (0.344834ms)
✔ BPU01 malformed server handoff never submits and Take remains nonretryable (0.734917ms)
✔ BPU01 marker replacement before Take and after Take blocks release/form reuse (27.097625ms)
✔ BPU01 context replacement after prepare and after Take closes destination without form (4.650416ms)
✔ BPU01 synchronous destination refuses invalid locale before opening a window (0.484625ms)
✔ SU03 fresh Stripe pay: marker before prepare, one prepare, one handoff, navigate, URL never stored (8.200208ms)
✔ SU03 marker replay: lost prepare response replays key/body, no uncertain on PENDING view with leftover marker (4.547333ms)
✔ SU03 cross-device Continue needs no marker and never prepares (4.973375ms)
✔ SU03 marker/view matrix: PAYUNi marker on Stripe view and Stripe marker on PAYUNi view send nothing (3.765125ms)
✔ SU03 any other view renders without a POST (11.379167ms)
✔ SU03 CREATING: waits on the schedule without the lock, then hands off once when READY (26.156292ms)
✔ SU03 CREATING budget: 10 reads over 30 s, then the blank child is closed, no POST, no throw (270.609458ms)
✔ SU03 cancel_requested seen on the re-GET aborts before the handoff POST (4.150084ms)
✔ SU03 handoff outcomes: CREATING closes child, CLOSED/UNAVAILABLE/error/malformed reject; one POST each, never retried (59.667959ms)
✔ SU03 Stripe prepare errors, amount/currency mismatch and popup loss stop before any handoff (16.616583ms)
✔ SU03 two clicks make two handoff POSTs only because there were two clicks; sequential, none from reads (4.69425ms)
✔ SU03 navigate: validates again, needs an owned blank child, sets used before replace, no URL in errors (0.613958ms)
✔ SU03 refresh signal: keyless single POST, validated, throttled 1/10 s and 30 per page life, cancel never throttled (36.54175ms)
✔ SU03 signal failures are single-shot and sanitized: HTTP error, malformed body, wrong order (2.5015ms)
✔ private quote/option authority fields are required; only exact MANUAL home can checkout (1.473292ms)
✔ continue shopping advances only ordered version, clears hint, keeps SQL history authoritative (39.887042ms)
✔ lost next-cart response retries identical key/body and preserves a newer cart (3.526666ms)
✔ continuation never overwrites an already advanced cart (1.192834ms)
✔ unknown checkout blocks continuation without any business request (0.625583ms)
✔ two queued continuation clicks mutate once; stale order ID cannot clear another order (16.765458ms)
✔ CAS conflict resolves only after a newer cart is read (13.778167ms)
✔ locator removal failure retains next-cart journal and recovery survives missing locator (8.714166ms)
✔ order history summary rejects PII/unknown fields and malformed scope IDs (0.54225ms)
✔ native address validation mirrors printable Unicode, limits and phone; journal forbids PII (5.567042ms)
✔ address lost reply replays exact in-memory intent, then confirms current head (1.25275ms)
✔ address reload requires explicit new intent and exact observed CAS; stale head never auto-bumps (0.663667ms)
✔ old address receipt cannot confirm another tab's newer current head (0.188542ms)
✔ a late address CAS winner requires another explicit confirmation, not an automatic version bump (2.400083ms)
✔ checkout lost reply, queued duplicate and current GET reuse one key and one order (1.953458ms)
✔ uncertain checkout retains original journal across later 401/403/404/5xx and malformed success (0.638333ms)
✔ only a fresh definitive denial clears checkout; no order locator is invented (0.14825ms)
✔ locator storage failure after commit retains same key; reload GET failure keeps locator (0.358958ms)
✔ locator persisted but journal removal failed resumes pending receipt, not unrelated pointer (0.363834ms)
✔ unavailable storage, invalid locator and late changed context fail closed (0.196792ms)
✔ order locator readback mismatch and no-op journal removal both retain checkout recovery (0.36575ms)
✔ direct claim continuation refuses a newer ordered cart inside the purchase lock (0.303375ms)
✔ direct claim continuation keeps next-cart recovery after a conflicting clear (0.258041ms)
✔ collector projection: admitted for derived connections, absent/null for primary (0.80825ms)
✔ collector rejects identifiers, extra keys and malformed text (0.122083ms)
✔ disclosure renders the contract §5 line with all three slots substituted (0.098417ms)
✔ the disclosure line exists exactly when the hosted view returns a collector (0.084ms)
✔ a shop or collector name with a replacement pattern is shown literally (0.06425ms)
✔ OrderPayment renders the disclosure with the view, above every pay button, through the helper only (1.619458ms)
✔ BPT03 exact valid projection and Go nanosecond UTC timestamps (10.686125ms)
✔ BPT03 view rejects private fields, inconsistent state and malformed names (1.3335ms)
✔ BPT03 prepared receipt enforces exact original credit-card amount (0.213083ms)
✔ BPT03 hosted form and replay are exact, bounded and action-allowlisted (1.685125ms)
✔ SU01 Stripe views: fresh, both methods, attempt states, PAYUNi unchanged (1.526834ms)
✔ SU01 Stripe view negatives (0.927792ms)
✔ SU01 prepared amounts follow the corrected per-currency table (1.048416ms)
✔ SU01 Stripe handoff union and every redirect_url negative (0.328375ms)
✔ SU01 payment signal is exactly {order_id, scheduled:boolean} (0.110708ms)
✔ RUI01 refund summary: refunded states, pending money, absent ≡ null (0.154416ms)
✔ RUI01 refund summary negatives (0.127375ms)
✔ BPU03 neutral GET and POST return ignore every callback field and cookie (18.946208ms)
✔ primary origin: exact path/query, same host, and no URL-controlled destination (17.885208ms)
✔ GET and HEAD use trusted Host, private bounded uncached resolver and exact 301 (21.565209ms)
✔ no writes redirected; resolution failures fail closed; unknown hosts keep native 404 (2.83475ms)
✔ policy version is the frozen constant, in the customers-core D4 shape (0.438583ms)
✔ route table: exactly the four buyer privacy routes, methods and body kinds (9.2565ms)
✔ body shapes are closed and mirror the frozen Go inputs (no source, no policy_version) (0.137417ms)
✔ GET privacy validator: closed shape, erased owner holds no consent (0.135334ms)
✔ consent result and erasure summary validators (0.244667ms)
✔ buyer export envelope never carries customer_id (0.079875ms)
✔ failure classification: 410 and erased are the erased state (0.411458ms)
✔ copy: every locale has the same keys, the ads box discloses that sent events cannot be recalled (0.755375ms)
✔ selected option photo uses a main display slot without adding a fifth main image (0.688ms)
✔ use-cover selection and a main-thumbnail selection restore the original main gallery (0.074916ms)
✔ cart thumbnail uses variant then catalog image_id, including when main images are absent (0.086792ms)
✔ migrated four-main/five-detail images stay separate when the option photo changes (0.105125ms)
✔ real cart-detail composition uses server SKU image_id (v2 detail available) (142.480916ms)
✔ real cart-detail composition uses server SKU image_id (v2 detail unavailable) (2.4985ms)
✔ parity: frontend caps equal the Go constants (22.215ms)
✔ detail parser: 4 main + 20 detail + option-value images are accepted and mapped (1.176292ms)
✔ detail parser: 5 main, 21 detail, bad ids and over-cap option images are refused (0.457417ms)
✔ detail parser: a backend before product-media-v2 (no new keys) still parses with empty defaults (0.608708ms)
✔ v1 catalog row: images are main-only (<= 4) and image_id is a uuid or null (0.699833ms)
✔ PRO-S1 code mirror: any case and spaces normalise; impossible codes never become a request (7.127667ms)
✔ PRO-S2 promotion object: closed keys, kind/value pairing (0.449334ms)
✔ PRO-S3 quote validator: promotion is optional but never malformed; the discount stays the server's own number (64.206709ms)
✔ PRO-S4 journal grammar: a quote write may carry one canonical promo_code, nothing else (2.236709ms)
✔ PRO-S5 copy: three locales cover every refusal code and the same keys (6.988959ms)
✔ PRO-S6 BFF quote route: promo_code relayed untouched when canonical, refused before the private API otherwise (383.389375ms)
✔ PRO-S7 BFF: every promo_* refusal is a definite, non-retryable 422 with its own code (30.26625ms)
✔ demonstration disclosure is explicit and local-only (2.138958ms)
✔ cart selection preserves unrelated SKUs and the observed CAS version (14.9205ms)
✔ minor amounts are bounded before multiplication, including zero (0.347292ms)
✔ delivery identity includes country for one market and method (0.32325ms)
✔ journal is bound to context and rejects PII/unknown fields (0.8145ms)
✔ lost response replays exact key/body, then clears only after parsed receipt (163.017167ms)
✔ RUI02 buyer order admits MERCHANT_SHIPPED only with a SHIPPED head; absent shipment ≡ null (0.688667ms)
✔ RUI02 shipment shape negatives (incl. unsafe links) (0.74075ms)
✔ RUI02 history summary admits MERCHANT_SHIPPED (a shipped order must not break the list) (0.574917ms)
✔ CVSP01 options: CVS rows carry pickup_selection/payment_modes; unavailable rows are a separate shape (1.420375ms)
✔ CVSP02 CVS destination write: TW only, pickup_id required, empty home address; home unchanged (6.7ms)
✔ CVSP03 checkoutInput: payment_mode only for CVS rows and only a mode the row offers (3.014375ms)
✔ COD confirmation includes expected fee, enforces collect cap and validates immutable order money (2.472625ms)
✔ CVSP04 buyer order: pay_at_pickup <=> collection_state; cvs_shipment only on a matching CVS destination (1.819916ms)
✔ CVSP05 journal accepts a CVS destination marker and a checkout body with payment_mode, nothing else (3.690958ms)
✔ validProduct accepts up to the Go photo cap and rejects one more (272.836833ms)
✔ design: garbage and hostile documents collapse to the safe default shape (6.830542ms)
✔ design: links, preview token propagation, nav resolution (0.169709ms)
✔ design: any merchant accent yields readable button text and link colour (WCAG AA) (0.47175ms)
✔ variants: resolution, disabled out-of-stock combinations, initial choice, price bounds (0.213958ms)
✔ catalog-v2 parsers accept the frozen shapes and refuse drift (3.384292ms)
✔ free-delivery progress words the hint only when a threshold exists (0.153167ms)
✔ list query: only whitelisted, canonical values survive (0.508917ms)
✔ seo: JSON-LD cannot break out of its script tag; offers reflect stock and price range (54.693ms)
✔ seo: sitemap escapes and carries hreflang; robots refuses everything for a closed host (1.05175ms)
✔ money: whole amounts drop cents, minor digits come from the currency, filters round-trip (1.319ms)
✔ cart line write: replaces one line, keeps the others, 0 removes, CAS version is the one shown (3.972542ms)
✔ cart problems map to buyer-facing classes without leaking transport detail (1.139625ms)
✔ checkout options accept the optional free-shipping threshold only as a positive integer or null (3.489459ms)
✔ no-image placeholder copy: exactly the locale label a photo-less card or gallery renders (0.230333ms)
✔ storefront image caps equal the Go catalog caps (internal/catalog MaxMainImages, MaxDetailImages) (206.470125ms)
✔ design text limits count code points like Go, never splitting a surrogate pair (0.937458ms)
✔ G3: same-series cards exclude the current product and never invent absent draft/foreign products (7.909208ms)
✔ G5: safety guidance exists in three languages without changing the five merchant policy approval boundaries (11.646417ms)
✔ G4: category chips omit empty collections; hidden collections absent from the public API stay absent (0.674375ms)
✔ OrderHistory renders server order instant in Taipei (29.013666ms)
✔ ClaimLink renders claim expiry in Taipei (6.489792ms)
✔ BankTransfer renders deadline and proof instant in Taipei (191.151541ms)
✔ BankTransfer proof echo labels store time in en (14.395625ms)
✔ BankTransfer proof echo labels store time in zh-TW (4.321083ms)
✔ BankTransfer proof echo labels store time in zh-CN (119.2755ms)
✔ BankTransfer input describes the device zone in en (5.356916ms)
✔ BankTransfer input describes the device zone in zh-TW (68.822167ms)
✔ BankTransfer input describes the device zone in zh-CN (5.397084ms)
✔ BankTransfer input has a generic label when Intl has no zone in en (2.57425ms)
✔ BankTransfer input has a generic label when Intl has no zone in zh-TW (4.827291ms)
✔ BankTransfer input has a generic label when Intl has no zone in zh-CN (8.61075ms)
✔ ShopFooter uses Taipei year across UTC year boundary (17.632125ms)
✔ BankTransfer deadline labels store time in en (2.746333ms)
✔ BankTransfer deadline labels store time in zh-TW (12.62175ms)
✔ BankTransfer deadline labels store time in zh-CN (7.688167ms)
✔ OrderHistory states the Taipei time zone once in en (19.225042ms)
✔ OrderHistory states the Taipei time zone once in zh-TW (26.729833ms)
✔ OrderHistory states the Taipei time zone once in zh-CN (2.145ms)
✔ dictionaries have exact parity and non-empty values (1.432417ms)
✔ locale precedence and language quality mapping (1.373667ms)
✔ localized paths preserve deep links and reject dangerous input (0.423542ms)
✔ path locale only matches a canonical first segment (0.057916ms)
✔ the four constructs render (2.450584ms)
✔ XSS payloads stay inert text (3.246541ms)
✔ fuzz: any string over a hostile alphabet renders only whitelisted tags (67.469166ms)
✔ validator mirrors the Go rules (0.244375ms)
✔ SDN1 allowlist: exactly the contract routes, per method (0.728708ms)
✔ SDN1 allowlist: traversal, case, suffix and prefix tricks never match (0.277584ms)
✔ SDN1 request shape: no query string anywhere, reads carry no body, key, length or transfer-encoding (78.597375ms)
✔ SDN1 cap: 260 KiB = Go's 256 KiB document + 4 KiB envelope, and a body of exactly the cap is still below it (0.239459ms)
✔ SDN2 renderer: every XSS payload comes out as whitelisted tags and escaped text only (2.454875ms)
✔ SDN2 renderer: escape-first means the merchant's text never becomes markup (0.135708ms)
✔ SDN2 renderer: fuzz (seeded) never produces a tag outside the whitelist (21.200375ms)
✔ SDN2 client validator rejects what the server rejects (HTML, non-https links, `<` anywhere) (0.245541ms)
✔ cleanForSave turns cleared fields into null but keeps an empty body (0.466291ms)
✔ localIssues names each missing mandatory value by server path (1.237209ms)
✔ moved swaps neighbours and ignores out-of-range moves (1.294875ms)
✔ parsers accept the exact Go shapes and refuse extra or missing keys (12.649333ms)
✔ BFF allowlist covers exactly the design resources (0.729125ms)
✔ validDesignRequest refuses queries and bodies on reads, ignores other paths (46.670709ms)
✔ designDetails forwards only a bounded {path, reason} pair (0.434791ms)
✔ accepts exactly the three locale invite paths with a 20-200 char token (0.665083ms)
✔ rejects anything that is not an exact same-origin relative invite path (0.213208ms)
✔ rejects percent-encoded variants of the exact shape (0.068958ms)
✔ the token is an opaque invite token shape, never a URL (0.117583ms)
✔ fragment carrier: round-trips the exact invite path, is never a query string, and rejects hostile fragments (0.783333ms)
✔ dashboard: accepts the frozen shape, rejects drift (3.948667ms)
✔ import result: strict keys, closed error codes, committed never carries errors (0.42075ms)
✔ csv file guard mirrors the Go bounds (0.111917ms)
✔ manual options: a COD home row parses with its offer (D01: the page used to refuse the whole list) (0.869042ms)
✔ manual options: only bank_transfer / pay_at_pickup / cash_on_delivery, key must equal market|country|code (0.137542ms)
✔ manual result: link is https with the order id and a 43-char capability in the fragment only (0.259708ms)
✔ draft: first problem, and the body has no price-like field at all (0.423458ms)
✔ BFF grammar: exactly the seven tools resources (0.0815ms)
✔ regenerate body/result: exactly {order_id, locale} and a fresh https link naming that order (0.144917ms)
✔ copy parity: every locale has every key, import rules and error codes (0.457125ms)
✔ callback redirect target is always a same-origin /<locale>/settings path whatever the cookies, store, code or error say (5.047667ms)
✔ the binding cookie: exactly one canonical store uuid, path-scoped to the callback, HttpOnly, Lax, 10 minutes, Secure (0.448125ms)
✔ callback query: exactly one code and one state within charset/length bounds; Meta's error=… and repeats are not forwarded (2.107125ms)
✔ the dialog URL the BFF hands the browser is https://www.facebook.com only (0.480791ms)
✔ callback error mapping only ever yields fixed codes, never an upstream message (0.270792ms)
✔ selected Page qualifies only a bare Facebook id, never rewrites another Page or external URL (1.194292ms)
✔ status: not connected, connected with and without Instagram, and every deviation throws (16.471459ms)
✔ pick state: closed shape, optional Instagram keys come as a pair, id must match (0.690667ms)
✔ route grammar: only status/states/pick/disconnect; start and callback are dedicated routes; no query; reads carry no body or key (16.831334ms)
✔ connect cookie, body and callback redirect never carry code/state and only fixed codes (0.293292ms)
✔ copy: three locales have the same keys and every Go error code has a message (0.098416ms)
✔ review-required remains restricted; evidence does not promote state (5.464875ms)
✔ legacy omission remains unidentified, independent of array order (0.662125ms)
✔ closed shapes reject unknown state/provider/evidence, leaked fields and inconsistent severity (1.972208ms)
✔ duplicate capabilities/pages and unbounded arrays cannot become trusted state (0.207875ms)
✔ worst Page determines advice, no raw upstream reason reaches copy (0.154875ms)
✔ recheck receipt means scheduled; timestamps and closed keys are checked (0.126834ms)
✔ exact keyless route grammar rejects query/key/body confusion (34.01475ms)
✔ recheck takes exactly page_id and no caller-provided scope (0.304166ms)
✔ blocking advice comes from the blocking capability, not a secondary public-reply warning (0.987959ms)
✔ clean health browser mode prepares admin standalone before starting its fixture (74.260458ms)
✔ en: expired connection retains its full refusal inside a wrapping badge (10.791833ms)
✔ zh-TW: expired connection retains its full refusal inside a wrapping badge (2.361583ms)
✔ zh-CN: expired connection retains its full refusal inside a wrapping badge (1.5315ms)
✔ actual B1 snapshot state remains ok even when a fixture expected review_required (0.183583ms)
✔ D02 TWD input: whole dollars only, x100 on the wire (32.317209ms)
✔ D02 TWD edit text: whole dollars have no decimals; a legacy amount with cents is never shown as another price (0.361375ms)
✔ D02 display: NT$ without decimals in every language, cents only when there are cents (1.634917ms)
✔ D02 live-price input (Studio claims): TWD whole dollars, other currencies their decimals (0.160583ms)
✔ D02 discount code amounts: TWD whole dollars, a decimal is refused before it is sent (0.253125ms)
✔ D02 no admin copy or component says 'minor units' to the merchant (111.944542ms)
✔ M06 time: Asia/Taipei everywhere, labelled, never UTC (130.146291ms)
✔ settings answer: exactly one boolean key (4.64925ms)
✔ PUT body is the frozen single key (0.304291ms)
✔ BFF grammar: GET read, PUT keyed command, nothing else (0.233791ms)
✔ copy: three locales, same keys, no empty text (0.147542ms)
✔ PRM01 parse: exact keys, kind/value pairing and ranges; duplicates and unknown keys are refused (20.466ms)
✔ PRM02 Taipei wall time: +08:00 on the wire, instant shown back in Taipei, impossible dates refused (16.589708ms)
✔ PRM03 create body: normalised code, major units to minor units, optional fields null, whole body validated (3.3635ms)
✔ PRM04 update + toggle: version CAS key, form round trip, pause keeps every other field (0.368334ms)
✔ PRM05 BFF grammar: exactly list, create and update; nothing generic (0.149042ms)
✔ PRM06 copy: three locales carry the same keys and every refusal code the Go routes can answer (0.1105ms)
✔ G-UI3/G-UI5 architecture constraints pass with shrinking legacy exceptions (2798.369834ms)
✔ G-UI3/G-UI5 negatives: new formatter, component fetch, >800 lines and wider allowance fail (0.915ms)
✔ Readiness jump controls expose the actual active section, not a click flag (2.636458ms)
✔ Integrator P2: legal CN comment ordering and a distinct three-image recommendation (0.731959ms)
✔ ADM04 and ADM06 explain unavailable SKUs and keep collection vocabulary consistent (2.033375ms)
✔ ADM06 create/detail titles share the route vocabulary without adding a phantom Next page (0.431833ms)
✔ G-UI1 Next pages and route registry are bidirectional, unique, typed, documented (6.121083ms)
✔ G-UI1 copy key parity: no missing or extra key in any locale (0.108917ms)
✔ G-UI2 staff without catalog:read cannot see products/inventory or open a product URL (0.17925ms)
✔ G-UI2 every route permission is a permission Go knows, and /orders/new needs inventory:reserve (1388.741583ms)
✔ G-UI1 dynamic and public routes match, details never appear as navigation (0.630166ms)
✔ W6-U2 ledger is a settings in-page route, preserving existing navigation (0.651666ms)
✔ Every browser spec clicks nav-orders: the orders group stays a singleton, so returns/new/print routes are nav: false (1.037708ms)
✔ shell-registry: every routed path has exactly one nonempty shared h1 in all three locales (515.813209ms)
✔ shell-registry: orders stays one actual group button on live and non-live routes (3.761375ms)
✔ shell-registry: loading/expired/unavailable/forbidden keep one safe heading and never leak private content (3.278417ms)
✔ created address is a strict HTTPS origin matching the assigned handle (0.496416ms)
✔ DNS instructions must name the requested origin and a bare hostname target (0.253625ms)
✔ domain kind is authoritative and closed, not inferred from host or token (0.125542ms)
✔ apex DNS retains every concrete IPv4/IPv6 address and rejects malformed values (0.712208ms)
✔ pending domain journal preserves exact action/key/target; legacy or corrupt markers never replay (0.389833ms)
✔ browser-origin gate: every refusal happens before Go is called, for every action (64.54ms)
✔ only POST exists on the team routes (6.104917ms)
✔ unknown action is a local 404 and never reaches Go (0.320667ms)
✔ strict request grammar: wrong keys, types, ids, roles, locales and token shapes are 422 locally (4.359292ms)
✔ what reaches Go: BFF key, bearer from the cookie, no Cookie/Origin, body unchanged, exactly one call per request (568.76775ms)
✔ Go failures are rebuilt locally from allow-listed codes, never retried, and never echo the token (373.299667ms)
✔ team answer: accepts the frozen shape, null role and OIDC member without email (1.202375ms)
✔ team answer: unknown key, unknown role, bad id, bad mail state are rejected (1.010583ms)
✔ invite and accept answers are strict (1.765459ms)
✔ request grammar: every action has an exact key set and rejects junk values (1.77225ms)
✔ copy: three locales carry the same keys and a label for every role (1.141834ms)
✔ role-aware navigation: hides entries the member's permissions cannot use; unknown shows all; Team is owner-only (0.687083ms)
✔ P02 settlements directory rejects missing/link/owner/group/mode with a valid control (2026.044417ms)
✔ preflight health permission grammars and API/worker consistency fail closed (7189.435917ms)
✔ merchant alert flag is explicit 0|1 and independently requires SMTP (3520.359291ms)
✔ shared loader makes API/worker LIVE pair file-only before Compose interpolation (616.808292ms)
✔ export bind accepts omitted JSON false but rejects unsafe source/config mutations (2.094333ms)
✔ sanctioned operator allowlist and fail-closed gates (fake docker, no network) (3333.907875ms)
✔ platform operator custody, export mount and binary are wired (180.555958ms)
✔ actual export bind refuses a missing directory; enabling auto-create is detected (455.232375ms)
✔ R3 preflight rejects cancelled PAYUNi, validates Page app and keeps LIVE pair mandatory (1097.357625ms)
✔ R3 smoke exercises exact denied probes, accepts 404 only for disabled mounts (161.239667ms)
✔ positive control: a complete, valid configuration raises no META_LOGIN finding (2902.014416ms)
✔ feature off (COMMERCE_META_LOGIN_CONFIG_ID empty): no rule applies even with the other keys empty (1153.636667ms)
✔ P06: the Page route needs the webhook receiver (556.432167ms)
✔ P06: sessions come from identity (490.120917ms)
✔ P06: without the claims profile nobody sends the private replies (a WARN, not a FAIL) (408.737709ms)
✔ P08: COMMERCE_META_LOGIN_CONFIG_ID must be numeric ("abc") (652.651666ms)
✔ P08: COMMERCE_META_LOGIN_CONFIG_ID must be numeric ("12 34") (1131.021917ms)
✔ P08: COMMERCE_META_LOGIN_CONFIG_ID must be numeric ("111111111111") (752.785083ms)
✔ P08: COMMERCE_META_LOGIN_CONFIG_ID must be numeric ("0x10") (654.802625ms)
✔ P08: COMMERCE_META_LOGIN_CONFIG_ID must be numeric ("-1") (504.976416ms)
✔ P08: COMMERCE_META_LOGIN_REDIRECT_URI must be exactly https://<LC_ADMIN_HOST>/api/meta/callback (wrong host) (660.100208ms)
✔ P08: COMMERCE_META_LOGIN_REDIRECT_URI must be exactly https://<LC_ADMIN_HOST>/api/meta/callback (http scheme) (558.392625ms)
✔ P08: COMMERCE_META_LOGIN_REDIRECT_URI must be exactly https://<LC_ADMIN_HOST>/api/meta/callback (the ads callback path) (333.800042ms)
✔ P08: COMMERCE_META_LOGIN_REDIRECT_URI must be exactly https://<LC_ADMIN_HOST>/api/meta/callback (trailing slash) (313.033875ms)
✔ P08: COMMERCE_META_LOGIN_REDIRECT_URI must be exactly https://<LC_ADMIN_HOST>/api/meta/callback (query string) (386.056541ms)
✔ P08: COMMERCE_META_LOGIN_REDIRECT_URI must be exactly https://<LC_ADMIN_HOST>/api/meta/callback (empty) (353.057417ms)
✔ P08: COMMERCE_META_LOGIN_GRAPH_VERSION grammar vNN.N ("26.0") (617.397041ms)
✔ P08: COMMERCE_META_LOGIN_GRAPH_VERSION grammar vNN.N ("v26") (314.537958ms)
✔ P08: COMMERCE_META_LOGIN_GRAPH_VERSION grammar vNN.N ("v26.0.1") (248.395375ms)
✔ P08: COMMERCE_META_LOGIN_GRAPH_VERSION grammar vNN.N ("latest") (387.777083ms)
✔ P08: COMMERCE_META_LOGIN_GRAPH_VERSION grammar vNN.N ("") (586.951167ms)
✔ P08: COMMERCE_META_LOGIN_GRAPH_VERSION grammar vNN.N ("v1000.0") (652.560584ms)
✔ P08: COMMERCE_META_LOGIN_GRAPH_VERSION accepts v26.0 (360.97775ms)
✔ P08: COMMERCE_META_LOGIN_GRAPH_VERSION accepts v22.0 (361.593833ms)
✔ P08: COMMERCE_META_LOGIN_GRAPH_VERSION accepts v99.9 (221.274541ms)
✔ production without any alert channel is a FAIL (nobody would hear the next outage) (2479.726833ms)
✔ outside production the same gap is only a WARN (1152.295334ms)
✔ a webhook alone satisfies the rule (557.424958ms)
✔ an e-mail target with a complete relay (host, username, secret) satisfies the rule (498.376333ms)
✔ an e-mail target without the relay secret cannot be sent: FAIL in production, WARN elsewhere (1269.899042ms)
✔ the example's CHANGE_ME_SENDER placeholder is not a relay: the e-mail target cannot be sent (974.484042ms)
✔ LC_ALERT_EMAIL must be one plain address ("not-an-address") (717.089625ms)
✔ LC_ALERT_EMAIL must be one plain address ("two@fake.invalid,three@fake.invalid") (628.207417ms)
✔ LC_ALERT_EMAIL must be one plain address ("a b@fake.invalid") (509.997917ms)
✔ LC_ALERT_EMAIL must be one plain address ("<owner@fake.invalid>") (656.054042ms)
✔ LC_ALERT_EMAIL must be one plain address ("owner@fake") (557.909083ms)
✔ storefront cart-line removal is reversible: clicked for real, not guarded (11.457041ms)
✔ destructive / irreversible / sign-out classification (owner list, en + zh) (0.788666ms)
✔ alike controls (rows with ids / numbers) share one class key (0.167542ms)
✔ known defects classify, never silence: stale entries are reported (0.440541ms)
✔ the markdown ledger has one row per interaction and names the verdict (0.19725ms)
✔ protocolHrefOK accepts well-formed tel:/mailto: and rejects malformed ones (0.165208ms)
✔ J1 waits for enabled media and clicks a real chooser; the uploaded cover is bound to the main section (2216.89075ms)
✔ J1 cannot credit a detail-image receipt as the main cover (0.705875ms)
✔ J1 refuses a failed cover upload rather than continuing to activate (0.213375ms)
✔ thresholds are the named constants of the brief (14.606791ms)
✔ R1: document wider than the viewport, and the outermost element past the edge (0.681667ms)
✔ R2: label tops, control tops and control heights of one visual row (0.9375ms)
✔ R2: what is one row and what is not (0.635875ms)
✔ R2: a button beside a field has to line up with its control (0.728666ms)
✔ R3: a row made tall by stacked controls, a control wider than its cell (1.500375ms)
✔ R3: a matrix whose EVERY row is doubled by a stacked stock cell (the median cannot see it) (15.833709ms)
✔ R4: small text, helper text apart, icons and duplicates excepted (0.444708ms)
✔ R5: tap targets on the 390 viewport only (6.022959ms)
✔ R6: interactive elements and text boxes that overlap (4.154209ms)
✔ R7: text clipped inside a control or label (either side), and select values that do not fit (1.3ms)
✔ R8: the same visible label twice in one list (0.17225ms)
✔ evaluate() tags severity, selectRecords() keeps distinct groups first and counts every instance (1.338292ms)
✔ R9: text and controls flush to the screen edge at 390 (0.842292ms)
✔ R6/R9 judge the visible (ancestor-clipped) rectangle, not the raw one (integrator ruling 2026-10-05) (0.626959ms)
✔ R10: a fixed or sticky bar covering main content after scrolling (1.009375ms)
✔ R11: controls narrower than a usable width (0.694958ms)
ℹ tests 442
ℹ suites 0
ℹ pass 442
ℹ fail 0
ℹ cancelled 0
ℹ skipped 0
ℹ todo 0
ℹ duration_ms 20923.692333
✔ closed projections reject secret-shaped extras, invalid enums, IDs and contradictory capabilities (0.906542ms)
✔ detail accepts only bounded events and keeps actual server action flags (0.412583ms)
✔ BFF exact routes and request grammar forbid keys/body on reads, filters on detail and arbitrary writes (30.959959ms)
✔ copy parity, safe object navigation and UNKNOWN/protective reasons (0.174208ms)
✔ read-only store capability never exposes a command even if the state allows one (0.0585ms)
✔ duplicate escaped keys cannot bypass the exact command grammar (0.046333ms)
✔ query backoff affects only its operation and expires without another action (0.047375ms)
✔ merchant reason text translates ledger events and conceals unknown or prototype codes (0.099958ms)
✔ ledger read navigation requires effective integration:read permission regardless of role (0.131208ms)
ℹ tests 9
ℹ suites 0
ℹ pass 9
ℹ fail 0
ℹ cancelled 0
ℹ skipped 0
ℹ todo 0
ℹ duration_ms 242.371792
✔ OrderHistory renders server order instant in Taipei (41.449333ms)
✔ ClaimLink renders claim expiry in Taipei (2.625583ms)
✔ BankTransfer renders deadline and proof instant in Taipei (2.437583ms)
✔ BankTransfer proof echo labels store time in en (2.429209ms)
✔ BankTransfer proof echo labels store time in zh-TW (2.804167ms)
✔ BankTransfer proof echo labels store time in zh-CN (2.248333ms)
✔ BankTransfer input describes the device zone in en (1.394834ms)
✔ BankTransfer input describes the device zone in zh-TW (1.139ms)
✔ BankTransfer input describes the device zone in zh-CN (1.155125ms)
✔ BankTransfer input has a generic label when Intl has no zone in en (1.103292ms)
✔ BankTransfer input has a generic label when Intl has no zone in zh-TW (0.972875ms)
✔ BankTransfer input has a generic label when Intl has no zone in zh-CN (1.036916ms)
✔ ShopFooter uses Taipei year across UTC year boundary (3.882291ms)
✔ BankTransfer deadline labels store time in en (1.819042ms)
✔ BankTransfer deadline labels store time in zh-TW (1.82475ms)
✔ BankTransfer deadline labels store time in zh-CN (1.47325ms)
✔ OrderHistory states the Taipei time zone once in en (0.900791ms)
✔ OrderHistory states the Taipei time zone once in zh-TW (0.932875ms)
✔ OrderHistory states the Taipei time zone once in zh-CN (0.70925ms)
✔ Meta rejection wording is preserved as bounded Unicode text, never translated (1.152333ms)
✔ frozen error codes: model list equals the frozen list, each is read from both error shapes (0.367583ms)
✔ copy: every code, status, op state and connect error has text in all three locales (0.269708ms)
✔ copy never calls a budget a hard stop and never offers resume (2.896833ms)
✔ draft: every §5.1 status parses; unknown status/template/op state is an error, never guessed (0.461958ms)
✔ draft: optional fields, remote ids and the Ads Manager link (0.225167ms)
✔ action hints: pause whenever a remote id exists and not ENDED; a paused draft is only ever copied (X7) (0.208458ms)
✔ money: whole units to minor with integer math; TWD must be whole (37.523334ms)
✔ Taipei schedule: wall inputs and draft projections ignore the viewer zone (6.672875ms)
✔ Taipei schedule: invalid calendar days are rejected and all copy names UTC+8 (0.301125ms)
✔ draft input: exact 11-key body and every local rule (3.470042ms)
✔ draft form round trip and X7 copy (blank schedule, no id, no revision) (0.243292ms)
✔ settings parser: environment enum, connections, identities, capi (0.357875ms)
✔ connect state parser: pick list kinds and id match (0.105ms)
✔ report: three separate blocks, orders may be null, no combined figure (0.30925ms)
✔ default report window is the Asia/Taipei store day whatever the viewer's zone is (Taipei midnight boundary) (4.828625ms)
✔ capi body and validation (0.124792ms)
✔ W6-06B unbind response: exact keys, account, UUIDs and outcome semantics (0.210375ms)
✔ W6-06B in-flight details preserve bounded items and total, reject unknown shapes (0.266958ms)
✔ W6-06B catalog feed has exact public URL/domain pairs or published-store empty (0.179875ms)
✔ W6-06B copy preserves unbind boundaries and feed recovery in three locales (0.0665ms)
✔ W6-06B feed selection follows origin order, not full feed URL order (0.06625ms)
✔ customer list accepts the frozen row and rejects unknown keys, dup ids, bad cursor, oversize (2.327791ms)
✔ customer row invariants: nulls for bundle-only/erased, counts, money, consents (0.239583ms)
✔ customer detail: bounded lists, order summaries reuse the orders parser, id must match (6.206417ms)
✔ erasure summary is four counts only (0.116ms)
✔ finance summary: net = captured - refunded (I05), totals carry an empty day, sandbox flag (0.480333ms)
✔ financeDay is the UTC+8 day (0.05925ms)
✔ finance defaults keep Taipei dates across midnight, leap day and year end (0.075042ms)
✔ tags and notes are parsed strictly (W6-01B) (1.00375ms)
✔ TSX seam refuses an unlisted import (3.417333ms)
✔ Ads merchant timestamp uses Taipei at the year boundary (12.306291ms)
✔ Design version published_at cell uses Taipei at the year boundary (2.791708ms)
✔ ManualOrder bank-transfer expiry uses Taipei at the year boundary (4.136375ms)
ℹ tests 53
ℹ suites 0
ℹ pass 53
ℹ fail 0
ℹ cancelled 0
ℹ skipped 0
ℹ todo 0
ℹ duration_ms 308.562583
✔ OrderHistory renders server order instant in Taipei (7.65475ms)
✔ ClaimLink renders claim expiry in Taipei (1.981708ms)
✔ BankTransfer renders deadline and proof instant in Taipei (1.871125ms)
✔ BankTransfer proof echo labels store time in en (1.404417ms)
✔ BankTransfer proof echo labels store time in zh-TW (1.649833ms)
✔ BankTransfer proof echo labels store time in zh-CN (1.634208ms)
✔ BankTransfer input describes the device zone in en (2.225375ms)
✔ BankTransfer input describes the device zone in zh-TW (2.057458ms)
✔ BankTransfer input describes the device zone in zh-CN (1.421625ms)
✔ BankTransfer input has a generic label when Intl has no zone in en (1.2045ms)
✔ BankTransfer input has a generic label when Intl has no zone in zh-TW (1.019ms)
✔ BankTransfer input has a generic label when Intl has no zone in zh-CN (0.9895ms)
✔ ShopFooter uses Taipei year across UTC year boundary (1.496167ms)
✔ BankTransfer deadline labels store time in en (1.081583ms)
✔ BankTransfer deadline labels store time in zh-TW (0.957917ms)
✔ BankTransfer deadline labels store time in zh-CN (0.964625ms)
✔ OrderHistory states the Taipei time zone once in en (0.720958ms)
✔ OrderHistory states the Taipei time zone once in zh-TW (0.642042ms)
✔ OrderHistory states the Taipei time zone once in zh-CN (0.653584ms)
✔ Meta rejection wording is preserved as bounded Unicode text, never translated (1.072458ms)
✔ frozen error codes: model list equals the frozen list, each is read from both error shapes (0.344792ms)
✔ copy: every code, status, op state and connect error has text in all three locales (0.262541ms)
✔ copy never calls a budget a hard stop and never offers resume (0.254125ms)
✔ draft: every §5.1 status parses; unknown status/template/op state is an error, never guessed (0.345625ms)
✔ draft: optional fields, remote ids and the Ads Manager link (0.155708ms)
✔ action hints: pause whenever a remote id exists and not ENDED; a paused draft is only ever copied (X7) (0.191083ms)
✔ money: whole units to minor with integer math; TWD must be whole (8.612458ms)
✔ Taipei schedule: wall inputs and draft projections ignore the viewer zone (3.446ms)
✔ Taipei schedule: invalid calendar days are rejected and all copy names UTC+8 (0.33975ms)
✔ draft input: exact 11-key body and every local rule (3.120958ms)
✔ draft form round trip and X7 copy (blank schedule, no id, no revision) (0.2105ms)
✔ settings parser: environment enum, connections, identities, capi (0.352875ms)
✔ connect state parser: pick list kinds and id match (0.113916ms)
✔ report: three separate blocks, orders may be null, no combined figure (0.253083ms)
✔ default report window is the Asia/Taipei store day whatever the viewer's zone is (Taipei midnight boundary) (2.018708ms)
✔ capi body and validation (0.169375ms)
✔ W6-06B unbind response: exact keys, account, UUIDs and outcome semantics (0.215875ms)
✔ W6-06B in-flight details preserve bounded items and total, reject unknown shapes (0.172791ms)
✔ W6-06B catalog feed has exact public URL/domain pairs or published-store empty (0.164334ms)
✔ W6-06B copy preserves unbind boundaries and feed recovery in three locales (0.063708ms)
✔ W6-06B feed selection follows origin order, not full feed URL order (0.066667ms)
✔ customer list accepts the frozen row and rejects unknown keys, dup ids, bad cursor, oversize (3.843917ms)
✔ customer row invariants: nulls for bundle-only/erased, counts, money, consents (0.727292ms)
✔ customer detail: bounded lists, order summaries reuse the orders parser, id must match (2.906916ms)
✔ erasure summary is four counts only (0.2505ms)
✔ finance summary: net = captured - refunded (I05), totals carry an empty day, sandbox flag (0.603208ms)
✔ financeDay is the UTC+8 day (0.080584ms)
✔ finance defaults keep Taipei dates across midnight, leap day and year end (0.091292ms)
✔ tags and notes are parsed strictly (W6-01B) (0.592375ms)
✔ TSX seam refuses an unlisted import (7.223667ms)
✔ Ads merchant timestamp uses Taipei at the year boundary (22.793708ms)
✔ Design version published_at cell uses Taipei at the year boundary (4.799625ms)
✔ ManualOrder bank-transfer expiry uses Taipei at the year boundary (4.934833ms)
ℹ tests 53
ℹ suites 0
ℹ pass 53
ℹ fail 0
ℹ cancelled 0
ℹ skipped 0
ℹ todo 0
ℹ duration_ms 150.351
✔ legacy display sentinels preserve a list row without admitting arbitrary or private data (2.173917ms)
✔ orders-v2 accepts bounded filters and Taipei inclusive dates; rejects ambiguity (0.608792ms)
✔ orders-v2 rejects client count approximations, unbounded or extra response data (0.17ms)
✔ all three locales label every task queue, payment and delivery mode (0.391416ms)
ℹ tests 4
ℹ suites 0
ℹ pass 4
ℹ fail 0
ℹ cancelled 0
ℹ skipped 0
ℹ todo 0
ℹ duration_ms 76.204833
✔ numeric store IDs have no suggestion BFF or browser client (1.167625ms)
ℹ tests 1
ℹ suites 0
ℹ pass 1
ℹ fail 0
ℹ cancelled 0
ℹ skipped 0
ℹ todo 0
ℹ duration_ms 65.604875
✔ ADM10 operator sentence is localized while product and company facts stay authoritative (0.362ms)
✔ PS review: actual Host matching normalizes case, port and a terminal DNS dot, never forwarded authority (0.204958ms)
✔ PS review: privacy/terms retain Messenger and Instagram purpose disclosure; deletion uses exact UI labels (0.094042ms)
✔ P2-N1 zh-TW/privacy: current comments and private reply, conditional inbound messages (0.070708ms)
✔ P2-N1 zh-TW/terms: current comments and private reply, conditional inbound messages (0.039333ms)
✔ P2-N1 zh-CN/privacy: current comments and private reply, conditional inbound messages (0.030083ms)
✔ P2-N1 zh-CN/terms: current comments and private reply, conditional inbound messages (0.03925ms)
✔ P2-N1 en/privacy: current comments and private reply, conditional inbound messages (0.040458ms)
✔ P2-N1 en/terms: current comments and private reply, conditional inbound messages (0.040125ms)
✔ PS1 legal identity is one untranslated source (0.071458ms)
✔ PS1 contact and hosts come only from configuration; production fails closed (0.303375ms)
✔ PS2 public routes default to zh-TW, restrict page/locale, and never include admin (0.352583ms)
✔ PS4 optional Meta verification value never has a fake default (0.044792ms)
✔ PS1 every locale uses the same product name in auth page titles (0.036916ms)
✔ PS1 public page copy has three complete locales, no invented operator identity or contact (0.176125ms)
✔ PS1 production build validates config; public data is not bundled through NEXT_PUBLIC (0.812208ms)
✔ PS review: admin image installs the manifests for its workspace dependencies before building (0.399541ms)
ℹ tests 17
ℹ suites 0
ℹ pass 17
ℹ fail 0
ℹ cancelled 0
ℹ skipped 0
ℹ todo 0
ℹ duration_ms 77.20925
✔ R11 SQL's exact receipt states are accepted; missing/forged operation/state remains unknown (0.769958ms)
✔ R11 durable receipt journal validates phase against exact operation state (0.354958ms)
✔ R11 actual read control distinguishes replay/inflight/unknown/failure in en (4.286625ms)
✔ R11 actual read control distinguishes replay/inflight/unknown/failure in zh-TW (0.646375ms)
✔ R11 actual read control distinguishes replay/inflight/unknown/failure in zh-CN (0.44475ms)
✔ unknown journal retains exact key/boundary and is scoped to store+session; malformed state fails closed (0.123958ms)
✔ R12 read hook keeps network UNKNOWN on one key and explicitly refreshes acknowledged UNKNOWN (10.865292ms)
✔ actual POST transport uses CSRF and session fence; 403 independent of response text (25.725875ms)
✔ R10 ROAS has exactly two decimals in en (11.3845ms)
✔ R10 unknown ROAS is never fabricated as zero in en (0.081584ms)
✔ R10 ROAS has exactly two decimals in zh-TW (0.156875ms)
✔ R10 unknown ROAS is never fabricated as zero in zh-TW (0.036791ms)
✔ R10 ROAS has exactly two decimals in zh-CN (0.128167ms)
✔ R10 unknown ROAS is never fabricated as zero in zh-CN (0.031ms)
✔ shared presentation preserves registry title and one empty buyer message in en (32.294ms)
✔ R11 large linked-draft list is complete but collapsed in en (3.548875ms)
✔ shared presentation preserves registry title and one empty buyer message in zh-TW (5.639709ms)
✔ R11 large linked-draft list is complete but collapsed in zh-TW (4.79ms)
✔ shared presentation preserves registry title and one empty buyer message in zh-CN (5.848625ms)
✔ R11 large linked-draft list is complete but collapsed in zh-CN (2.613042ms)
✔ R11 timeline distinguishes local unknown spend from explicit Meta zero in en (3.350625ms)
✔ R11 timeline distinguishes local unknown spend from explicit Meta zero in zh-TW (2.267708ms)
✔ R11 timeline distinguishes local unknown spend from explicit Meta zero in zh-CN (2.770917ms)
✔ R11 I12 nullable Meta evidence survives without becoming zero (0.298875ms)
✔ R11 actual panel rendering preserves unknowns and reconnect route in en (11.186875ms)
✔ R11 actual panel rendering preserves unknowns and reconnect route in zh-TW (11.308834ms)
✔ R11 actual panel rendering preserves unknowns and reconnect route in zh-CN (10.871916ms)
✔ D1, D6, R7: exact amounts and sources remain independent, account days stay labelled (0.218125ms)
✔ R12: null stays unknown and unread / unauthorised / insufficient remain different states (0.209875ms)
✔ R12 granted but unread audience offers a read, never reconnect in en (1.63425ms)
✔ R12 granted but unread audience offers a read, never reconnect in zh-TW (1.658875ms)
✔ R12 granted but unread audience offers a read, never reconnect in zh-CN (2.043583ms)
✔ I12 forged / missing frozen fields never silently become zeros (0.849333ms)
✔ only whitelisted aggregates survive: extra identifiers and HTML are never interpreted (0.059291ms)
✔ attribution is a read-only BFF resource with exact bounded query grammar (0.310709ms)
✔ audience-read is exactly the new local intention POST and never a data GET or queried write (0.233583ms)
✔ route fails closed without ads:read and is not a duplicate navigation entry; locale keys match (0.097833ms)
ℹ tests 37
ℹ suites 0
ℹ pass 37
ℹ fail 0
ℹ cancelled 0
ℹ skipped 0
ℹ todo 0
ℹ duration_ms 414.533625
✔ card-payments copy: identical key sets in all three locales (0.810375ms)
✔ merchant terms are quoted verbatim (contract §5) in the enable dialog (0.089208ms)
✔ ruling-fixed strings: platform not OPEN and BLOCKED note (0.040125ms)
✔ error map covers every frozen refusal code from migrations/0137 (0.059542ms)
✔ no Stripe account id, key or approval id shape appears in any copy string (0.224459ms)
✔ storefront collector disclosure matches contract §5 templates in three languages (0.049625ms)
✔ the merchant terms in the dialog are the contract §5 sentence, extracted from the contract (0.42825ms)
✔ the storefront templates are the contract §5 lines, extracted from the contract (0.151959ms)
✔ settlement copy: deduction columns are labelled as deductions in every language, with a legend and the net formula (0.264625ms)
✔ there is no separate 'not on the allowlist' message: it reads as not open (review P1-2) (0.091083ms)
✔ card summary accepts the frozen shape incl. all-null platform NONE (0.794042ms)
✔ card summary rejects unknown keys, bad enums, bad money, bad version (0.271292ms)
✔ card result is exactly {state, version, max_minor, currency, descriptor_preview} (0.099792ms)
✔ descriptor suffix rule: charset, 2..10 chars, must contain a letter (0.12525ms)
✔ the suffix length rule is the charset rule's 10; the 22-character descriptor total stays the server's (SANDBOX L=10, LIVE PrefixLength) (0.064917ms)
✔ descriptor preview mirrors the contract projection (base + '* ' + suffix) (0.053042ms)
✔ settlement list accepts statements without payout/lines keys (omitempty) (0.387583ms)
✔ settlement detail carries lines whose count and sums match the totals (0.320958ms)
✔ settlement parsers reject malformed reads (0.576959ms)
✔ fees, refunds and disputes are signed exactly as the ledger stores them (0.499916ms)
✔ a returned fee is a positive line fee; the detail's lines must add up to the statement totals (0.134917ms)
✔ closed_at/paid_at accept the offsets PostgreSQL emits as well as Z (0.111959ms)
✔ a payout reference shaped like a Stripe key or account id is never displayed (0.115541ms)
✔ platform not OPEN: 'not open yet' and no enable control, for every non-OPEN state; the platform badge still tells why (0.39175ms)
✔ allowlisted + OPEN: enable from NONE/DISABLED, disable from ENABLED (0.065125ms)
✔ not allowlisted on an OPEN platform reads exactly like not open: the same message, no 'platform open' badge, no enable (review P1-2) (0.080292ms)
✔ BLOCKED: the suspended note, disable only, never enable (whatever the platform says) (0.057458ms)
✔ without billing:manage nothing can be changed, but the state is still readable (0.049042ms)
✔ enable carries the platform's current terms, the suffix and the version read; NONE starts at 0 (0.060292ms)
✔ disable never sends a suffix and quotes the terms the store accepted (the platform's may have moved on) (0.037458ms)
✔ a retained suffix is recovered from the final preview so a re-enable can keep it (0.04325ms)
✔ the period label shows the last day inside the (exclusive-end) week (1.063416ms)
✔ payout state: paid, pending only when money is due, none when the week nets to zero or less (0.173875ms)
✔ card-payments and settlements are nav:false routes, so no group loses or gains a nav button (0.426ms)
✔ settlements need billing:manage, the card page integration:read; the owner opens both (0.835833ms)
✔ statement cells: a dispute reversal and a returned fee read as credits (+) and every deduction as -, and the columns add up to the server's net (9.493708ms)
✔ the detail parser requires the lines of a statement that has lines; a quiet week (line_count 0) may omit them (0.143708ms)
✔ route table: exactly the four resources, nothing generic (0.469667ms)
✔ query grammar: card and settlement-detail are exact; settlements takes before/limit only (0.221125ms)
✔ request fence: keyless PUT (CAS), bodyless GETs, no transfer-encoding (21.821ms)
✔ PUT body is the exact frozen shape {enabled, terms_version, descriptor_suffix, expected_version} (1.177875ms)
✔ the BFF route wires the card grammar: keyless CAS PUT, exact body, no-store, auth required (1.167917ms)
✔ the real card summary parses and drives the display state machine (2.899417ms)
✔ the real statement list parses: newest first, no lines, three payout states (1.517625ms)
✔ every real detail parses with its lines and the lines add up to the statement (1.118458ms)
✔ an empty ledger parses to no statements (0.23925ms)
✔ no account id, key or approval shape is in any real body (0.41975ms)
✔ the real statements display literally as signed contributions that add up to the server's net (11.723083ms)
ℹ tests 48
ℹ suites 0
ℹ pass 48
ℹ fail 0
ℹ cancelled 0
ℹ skipped 0
ℹ todo 0
ℹ duration_ms 117.892375
✔ option/slug/SKU caps equal internal/catalog (options.go, catalog.go) (11.050875ms)
✔ text caps equal the Go validators (name 120, description 8000, SEO 70/160, collection title 80) (1.126375ms)
✔ photo caps equal Go (MaxMainImages, MaxDetailImages, MaxImageBytes) and the SKU code pattern (1.352541ms)
✔ PE13 Cartesian matrix is local, preserves edits and deduplicates values (1.710542ms)
✔ PE13 bulk quantity skips negative rows without modifying them (0.16725ms)
✔ PE12 untracked document uses whole currency and per-order cap, never quantity (11.939208ms)
✔ PE14 missing readback is not guessed or silently cleared by full replacement (0.0635ms)
✔ bulk status accepts explicit per-item results, never empty or duplicated confirmations (0.202542ms)
✔ matrix refuses over 100 SKUs before expansion (0.077292ms)
✔ parity: admin caps equal the Go constants (0.683375ms)
✔ image list: 4 main + 20 detail + 2 sku in role order is accepted (0.308875ms)
✔ image list: 5 main, 21 detail, wrong role order, gaps and extra keys are refused (0.129ms)
✔ single image: role is required and its position is bounded by the role cap (0.576292ms)
✔ option text limits count Go runes rather than UTF-16 units (0.1565ms)
✔ PE14 new edit SKU carries its own shipping and clears no existing fields (11.990709ms)
✔ PE14 patch changes only price and preserves unmentioned fields (0.167083ms)
✔ PE14 on_hand is not available, zero target is transmitted, ambiguous warehouse refuses (0.283375ms)
✔ PE14 explicit clears and shipping remain per SKU on an active row (0.124459ms)
✔ PE14 archive supersedes every other edit on that SKU (b77eeb11) (0.13ms)
✔ PE14 no-op has no command fields and changed axes explicitly archive omitted variants (0.08725ms)
ℹ tests 20
ℹ suites 0
ℹ pass 20
ℹ fail 0
ℹ cancelled 0
ℹ skipped 0
ℹ todo 0
ℹ duration_ms 108.095792
(node:20196) ExperimentalWarning: Transform Types is an experimental feature and might change at any time
(Use `node --trace-warnings ...` to show where the warning was created)
✔ UNKNOWN retry client authorization loss requires reconciliation, not a fresh command (3.819833ms)
✔ UNKNOWN retry 401 authorization loss requires reconciliation, not a fresh command (8.898292ms)
✔ UNKNOWN retry 403 authorization loss requires reconciliation, not a fresh command (0.51275ms)
✔ a conclusive command rejection stays distinct from authorization loss (0.660167ms)
ℹ tests 4
ℹ suites 0
ℹ pass 4
ℹ fail 0
ℹ cancelled 0
ℹ skipped 0
ℹ todo 0
ℹ duration_ms 118.456458
(node:20199) ExperimentalWarning: Transform Types is an experimental feature and might change at any time
(Use `node --trace-warnings ...` to show where the warning was created)
✔ offer controls read authoritative limits without parsing unrelated KEYWORD_QTY_CONTAINS window/stats (20.214333ms)
✔ offer controls accept 101 through the backend cap of 200 distinct offers, reject 201 (2.798708ms)
✔ offer toggle preserves exactly the authoritative maximum in the real M4 payload (3.88975ms)
✔ console BFF admits exactly A1/A7/A6 and A5 read/copy methods (0.416416ms)
✔ Next proxy admits the exact console family and results query before the BFF (97.301959ms)
✔ PR18 proxy preserves malformed A2 cursor as 400 invalid_cursor (0.622334ms)
✔ results query is canonical repeated session_id 1..50, everything else queryless (0.112875ms)
✔ real BFF route forwards only exact resources, authenticates scope and returns private scrubbed errors (51.340666ms)
✔ new commands reject unknown keys and preserve frozen copy/lifecycle/recommend body (0.175667ms)
✔ browser commands reuse Studio fences, exact no-comment recommend body and backend refusal codes (1.874792ms)
✔ results client preserves canonical ids/order and rejects invalid list before fetch (0.414166ms)
✔ stock client reuses catalog transport/key/parser and fences a changed login without retries (1.370375ms)
✔ journal replay sends the exact original method/path/body/key for all five commands (2.501583ms)
(node:20200) ExperimentalWarning: Transform Types is an experimental feature and might change at any time
(Use `node --trace-warnings ...` to show where the warning was created)
✔ A1 strict MOCK snapshot preserves unavailable counts, capability unknown and server stock (5.570625ms)
✔ A7 returns a separate lifecycle version and closed full KEYWORD_QTY_CONTAINS window (0.558084ms)
✔ A5 results retain separate environments/currencies and bind exact requested ids/order (0.761875ms)
✔ A5 copy parses real Go envelope, copied offer prices and KEYWORD_QTY_CONTAINS window (0.953458ms)
✔ A6 accepts optional operation UUID, never guessed send success (0.168416ms)
(node:20201) ExperimentalWarning: Transform Types is an experimental feature and might change at any time
(Use `node --trace-warnings ...` to show where the warning was created)
✔ Live settings navigation accepts a scene picker entry but never a malformed or unscoped deep link (3.41825ms)
✔ LC-B7 stock permission admits live_adjust without inventory:write, not unrelated grants (0.17575ms)
✔ Instagram comment total stays unavailable; Facebook observed count is not a platform total (0.094667ms)
✔ LC-U1 one primary action follows lifecycle, never planning or transport state (0.063917ms)
✔ LC-U1 stock target uses sellable delta and rejects fractions, negative and over-limit changes (0.146584ms)
✔ LC-U1 links only explicit FB post identities, never arbitrary URLs or guessed videos (0.086667ms)
✔ LC-U1 Facebook preview keeps the original no-frame CSP and uses a safe external link (0.652209ms)
✔ LC-U1 delayed copy completion cannot navigate after store switch or unmount (0.131959ms)
✔ LC-U1 receipt fence survives cookie rotation; pending replay still has a separate session boundary (0.433ms)
ℹ tests 27
ℹ suites 0
ℹ pass 27
ℹ fail 0
ℹ cancelled 0
ℹ skipped 0
ℹ todo 0
ℹ duration_ms 469.411166
✔ PR18 enabled downgrade gates hook output before passive cleanup (14.926041ms)
✔ PR18 enabled downgrade first all render hides rows buyer and composer (4.294667ms)
✔ PR18 enabled downgrade first private render hides rows buyer and composer (2.574833ms)
✔ PR18 R2 scoped404 a2 clears both private views and stops recovery reads (3.200917ms)
✔ PR18 R2 scoped404 a8 clears both private views and stops recovery reads (2.387667ms)
✔ PR18 R2 scoped404 older clears both private views and stops recovery reads (1.881875ms)
✔ PR18 A8 clears names synchronously and keeps loaded older pages through a head poll (3.840041ms)
✔ PR18 A8 paged list stays bounded across fresh heads and stops older at cap (81.538375ms)
✔ PR18 A8 hides clear before effects even without pagination (1.225042ms)
✔ PR18 deletion HEAD clears selected comment composer but keeps history and public guard (5.163708ms)
✔ PR18 short complete HEAD clears oldest selected comment and composer (2.723625ms)
✔ PR18 quiet A2 stream refreshes delayed claim marks without a new sequence or user refresh (1.625583ms)
✔ PR18 late claim automatically exposes keyword view and the reused BuyerPanel (2.793292ms)
✔ K3 A8 private polls every 10s, backs off, resets, pauses hidden and stops off-filter (8.844ms)
✔ K3 A8 unreplied polls every 10s, backs off, resets, pauses hidden and stops off-filter (6.628125ms)
✔ K3 pasted tab is refused with invalid_text copy before any reply POST (0.921708ms)
✔ PR18 facts_unavailable mark uses actionable copy zh-TW (0.581375ms)
✔ PR18 facts_unavailable mark uses actionable copy zh-CN (0.521834ms)
✔ PR18 facts_unavailable mark uses actionable copy en (0.423916ms)
✔ real SQL UNKNOWN mark blocks public-mode switching without a local receipt (0.489291ms)
✔ PR18 unknown public receipt has the correct cross-comment fence (2.401792ms)
✔ PR18 queued public receipt has the correct cross-comment fence (2.725167ms)
✔ PR18 public guard releases only definite sent (1.699292ms)
✔ PR18 public guard releases only definite failed (0.828583ms)
✔ PR18 public guard releases only definite blocked (0.740708ms)
✔ PR18 public guard releases only definite refused (0.695875ms)
✔ actual A2 hook fake clock: 3/6/12/24/30 backoff, success reset, hide clears and stops, 403 locks (3.490375ms)
✔ actual reset clears selected buyer and rereads without the old epoch cursor (1.136708ms)
✔ reply hints, coded error, UNKNOWN and capability state execute the actual composer (1.022375ms)
✔ PR18 R2 templates read 404 denies the composer (0.5255ms)
✔ PR18 buyer-panel read 404: stays local (retention-purged or gone selection), console keeps access (3.0345ms)
✔ PR18 buyer-panel read 403: revokes the console scope (0.649416ms)
✔ PR18 short complete HEAD removes an absent oldest live row (1.631917ms)
✔ PR18 full or cursor-bearing HEAD keeps the floor rule (0.194167ms)
✔ PR18 loaded history stays protected from short complete HEAD (0.751958ms)
✔ PR18 deletion HEAD removes absent refs inside its window (0.075375ms)
✔ PR18 deletion HEAD keeps paged history below its oldest tuple (0.06475ms)
✔ PR18 deletion is never inferred from incremental or older pages (0.092291ms)
✔ PR18 empty deletion HEAD is not evidence that any ref was deleted (0.045583ms)
✔ PR18 deletion floor compares equal timestamp refs and timezone instants (0.076458ms)
✔ PR18 mixed FB and IG page orders normalize chronologically after dedupe (0.136542ms)
✔ PR18 cap keeps newest1000 with mixed page order older=false (3.44525ms)
✔ PR18 cap keeps newest1000 with mixed page order older=true (3.19525ms)
✔ PR18 A3 invalid_ref remains a definite 422 refusal (0.10875ms)
✔ PR18 a full history buffer stops paging without discarding rows or advancing its cursor (0.122958ms)
✔ K3 reply text rejects every C0/C1 control except newline (0.402834ms)
✔ SQL operation marks map to every merchant-visible delivery state (0.054083ms)
✔ real bridge sealCursor uses payload.signature rather than plain base64url (12.658625ms)
✔ A2 grammar refuses private/duplicate/ambiguous cursors and keys on reads (0.96175ms)
✔ A3-A5 exact comment ref and bodies; explicit preemption private only (0.132917ms)
✔ A4/A5 preserve frozen refusal codes, never provider/debug text (0.055125ms)
✔ reset invalidates old buffers and cursor before reread; older page cannot advance live cursor (0.119958ms)
✔ filter resources have only authorised opaque ids; backoff is capped and success resets (0.055834ms)
ℹ tests 53
ℹ suites 0
ℹ pass 53
ℹ fail 0
ℹ cancelled 0
ℹ skipped 0
ℹ todo 0
ℹ duration_ms 477.94025
✔ secondary failures preserve A1; only A1 is periodic; IG notice follows the platform/embeddability observation (287.589541ms)
✔ the existing console refresh also explicitly refreshes its parent list; no automatic list read (17.156792ms)
✔ parent forwards only an explicit refresh callback and retains the scene when list is unavailable (11.805333ms)
✔ every explicit browser response/event/navigation waiter has a finite sub-test budget (8.870625ms)
✔ A1 failures back off 3/6/12/24/30 seconds and success resets to five seconds (141.635292ms)
✔ Retry-After is a minimum; hidden tabs cancel polling; forbidden locks and conceals (45.614584ms)
✔ secondary reads are mount/refresh only, independent from A1 and non-fatal (25.033792ms)
✔ UNKNOWN journal restores the exact key/method/path/body and explicit retry after reload (24.783417ms)
✔ first definite 403 clears journal but locks commands; late success after navigation clears only its own key (27.263375ms)
✔ private reads preserve Retry-After seconds and dates, without changing existing error codes (22.759791ms)
✔ a restored in-flight or UNKNOWN request retains its journal after a replay 403 (70.829917ms)
✔ restored copy success dispatches completion only in the still-current scene (35.670709ms)
✔ SessionCopy resyncs closed same-ID titles, preserves open edits and cancels to latest draft (25.631584ms)
✔ SessionCopy submit uses latest version; UNKNOWN request survives later draft/input changes (23.634584ms)
ℹ tests 14
ℹ suites 0
ℹ pass 14
ℹ fail 0
ℹ cancelled 0
ℹ skipped 0
ℹ todo 0
ℹ duration_ms 679.517083
✔ claims window modes match Go constants and every SQL match_mode CHECK (7.280209ms)
✔ host prompt stays verbatim at the frozen trunk contract; Japanese is absent (1.805708ms)
✔ bundle parser accepts manual (labelled) and Meta (unlabelled) bundles (0.554625ms)
✔ bundle parser rejects unknown platforms and label/platform mismatches (0.156833ms)
✔ offer parser carries the live price and rejects every out-of-range or missing field (0.232667ms)
✔ library and import parsers are closed; removal receipt is the only version-0 shape (0.192916ms)
✔ price input: exact decimal minor units, never float, bounded to the currency's places (9.334958ms)
✔ live-tools copy exists in all three locales with the same conflict reasons (0.458667ms)
✔ claims BFF allowlist is exactly M1–M7 per method (4.82925ms)
✔ M7 link response shape is closed (0.18925ms)
✔ host prompt copy is the frozen text, verbatim (0.085333ms)
ℹ tests 11
ℹ suites 0
ℹ pass 11
ℹ fail 0
ℹ cancelled 0
ℹ skipped 0
ℹ todo 0
ℹ duration_ms 106.232667
NOT_RUN: tests/media/r04-input-runner.test.mjs (COMMERCE_R04_LIVEKIT_BINARY unset)
✔ main/detail/sku caps use the existing frozen image contract (1.115625ms)
✔ phone and tall dimensions fit2000 without enlarging small assets (0.389084ms)
✔ upload query requires one exact role and sku value; reads/actions carry no query (0.485417ms)
✔ role transport encodes current option values and refuses invalid identities (0.21725ms)
✔ effective image axis follows current options, then falls back to first (0.07975ms)
✔ detail and option photos cannot satisfy the main-photo recommendation (0.07175ms)
✔ PM-U copy has matching keys in ja and all currently routed locales (0.147417ms)
✔ real-upload mode builds both Next applications on a clean CI checkout (12.484584ms)
✔ upload recovery journal survives a new session while remaining product/store scoped (0.172875ms)
✔ an option upload receipt requires its captured axis, value and image id on canonical readback (0.245542ms)
✔ failed durable recovery storage cannot authorize a media write (0.118542ms)
✔ an active product needs a main image after canonical media is known; repair paths stay possible (0.063125ms)
✔ empty media sections render a readable localized placeholder until photos are present (5.417792ms)
✔ real-upload mode never exits through the storefront MOCK shortcut (8.914042ms)
✔ a valid active zero-main product keeps an inline repair hint rather than a page error (4.346333ms)
✔ a new product issues the image-axis stage only for a chosen axis (0.793958ms)
ℹ tests 16
ℹ suites 0
ℹ pass 16
ℹ fail 0
ℹ cancelled 0
ℹ skipped 0
ℹ todo 0
ℹ duration_ms 363.807583
(node:20259) ExperimentalWarning: Transform Types is an experimental feature and might change at any time
(Use `node --trace-warnings ...` to show where the warning was created)
✔ a fitting PNG keeps the exact original File, bytes and alpha-capable format (1.536042ms)
✔ a JPEG exactly at both limits remains original, not a lossy re-encode (0.352125ms)
✔ an oversized phone JPEG is encoded below the cap after oriented scaling (0.635584ms)
✔ a large transparent PNG stays alpha-capable and is never painted with an opaque matte (0.571209ms)
ℹ tests 4
ℹ suites 0
ℹ pass 4
ℹ fail 0
ℹ cancelled 0
ℹ skipped 0
ℹ todo 0
ℹ duration_ms 93.478917
✔ HTTPS picklist fixture carries Secure session cookies automatically while preserving CSRF refusals (172.350583ms)
✔ batch controls stay compact until an order selection or live-session scope exists (0.216334ms)
✔ selection has XOR bodies, canonical unique IDs and separate 500/100 limits (0.405541ms)
✔ cross-page selection retains existing rows, deduplicates and refuses overflow atomically (0.84775ms)
✔ pick projection rejects PII/extra keys, invalid quantities and unmatched order identities (0.688ms)
✔ batch replies bind one-for-one to confirmed orders and preserve uncertainty code (0.146416ms)
✔ pick/export POSTs reject keys and all query variants except one exact template (2.137542ms)
✔ CSV filename binds to selected template and store; no path/header injection (0.20675ms)
✔ MOCK browser fixture list matches the incumbent closed order parser (15.631417ms)
✔ recovery never clears an unknown or missing current attempt (0.332458ms)
✔ recovery and order-detail MOCK fixtures satisfy real read parsers (11.502042ms)
✔ order selection can read its session fence during SSR without browser globals (1.300542ms)
✔ MOU keeps native headed checks runnable on a Linux CI worker without DISPLAY (15.600334ms)
✔ pick fixture serves the scoped parcel reads required by the orders page (6.210166ms)
ℹ tests 14
ℹ suites 0
ℹ pass 14
ℹ fail 0
ℹ cancelled 0
ℹ skipped 0
ℹ todo 0
ℹ duration_ms 474.441917
✔ bodyless dissolve DELETE (empty body stream, no content-length) reaches Go with the CAS query, no body, no key (33.363291ms)
✔ every parcel DELETE must carry exactly one expected_version >= 1 (never forwarded without it) (2.609709ms)
✔ a DELETE that declares a body or chunked framing is refused (0.373959ms)
✔ DELETE needs the session, origin and CSRF like every command; other DELETEs stay unsupported (4.469917ms)
✔ GET parcel-groups (open groups read) and merge-suggestions pass with no query; a query or key is refused (12.524041ms)
✔ actual MOU parcel runner selects and collects the real parcel browser case (363.520416ms)
✔ merge suggestions accept the frozen shape (server-masked recipient) and reject drift (3.598542ms)
✔ created group requires the OPEN state and its members (0.282334ms)
✔ dissolved group is exactly id/state/version (1.038125ms)
✔ group shipment carries one SHIPPED version per member (3.454208ms)
✔ open groups (GET parcel-groups) accept the frozen shape and fail closed on drift (4.032208ms)
✔ reconcile: a reload rebuilds OPEN panels, a vanished OPEN group is dropped, history and live versions are kept (0.532792ms)
✔ three locales cover the same keys and every refusal code (0.247084ms)
✔ the owner-ruling sentence is exact in all three locales (0.200042ms)
✔ the in_parcel_group copy is the same sentence in parcels-copy (blocked + errors) and orders-copy, in every locale (0.260833ms)
✔ groupOfOrder prefers the OPEN group over retained SHIPPED/DISSOLVED history (1.671792ms)
✔ parcelOrderNumber is the canonical LC-<32 uppercase hex> order number and matches the open-group parser (0.419667ms)
✔ parcel refresh generation: bumped by every successful poll, whatever the cursor (0.162958ms)
✔ parcel refresh generation: an in_parcel_group refusal bumps it, other refusals do not (0.217875ms)
✔ exactly the five W3-07B resources route (0.536875ms)
✔ dissolve carries exactly ?expected_version=N (N >= 1) (0.118959ms)
✔ readMergeSuggestions 401 immediately purges parent scope and refuses late sibling 200 (20.083708ms)
✔ readMergeSuggestions 403 immediately purges parent scope and refuses late sibling 200 (5.117708ms)
✔ readMergeSuggestions 404 immediately purges parent scope and refuses late sibling 200 (5.335417ms)
✔ readOpenParcelGroups 401 immediately purges parent scope and refuses late sibling 200 (3.986875ms)
✔ readOpenParcelGroups 403 immediately purges parent scope and refuses late sibling 200 (8.971125ms)
✔ readOpenParcelGroups 404 immediately purges parent scope and refuses late sibling 200 (3.605834ms)
✔ readMergeSuggestions 503 preserves parent and local retry recovers actual DTOs (6.036333ms)
✔ readOpenParcelGroups 503 preserves parent and local retry recovers actual DTOs (6.314959ms)
✔ captured parent groups callback refuses hidden scope (7.891834ms)
ℹ tests 30
ℹ suites 0
ℹ pass 30
ℹ fail 0
ℹ cancelled 0
ℹ skipped 0
ℹ todo 0
ℹ duration_ms 484.576708
✔ exactly the nine W6-01B resources are admitted, each only under its own method (1.908625ms)
✔ the customer list is claimed only when a tag filter is present (customers-request.ts stays the owner otherwise) (0.336042ms)
✔ near misses are refused (no generic proxying) (0.265125ms)
✔ reads: no body, no key, no transfer-encoding; tag-list takes no query at all (28.595ms)
✔ customer-list query: closed keys, tag must be a canonical uuid, list bounds identical to customers-request (2.381583ms)
✔ note-list query: only limit and after, with the customers-list bounds (0.55125ms)
✔ writes: exactly one well-formed Idempotency-Key; the two DELETEs carry no body but still need the key (4.978083ms)
✔ validTagName mirrors Go (NFC first, 1..20, trimmed, no control/Cf) (0.9855ms)
✔ validNoteBody mirrors Go (1..1000, not blank, only \n \r \t controls) (0.300375ms)
✔ tag-create body: closed keys, valid name and one of the eight colors (0.232209ms)
✔ tag-patch body: at least one of name/color, nothing else (0.088458ms)
✔ owner-tags body: tag_ids (<=100 canonical uuids) + 64-hex revision, exact keys (0.154125ms)
✔ note bodies: create {body}; patch {body, version>=1}; deletes and reads carry no body at all (0.131667ms)
✔ parseTagCatalog decodes {items: TagRecord[]} with the store-catalogue bounds (0.709667ms)
✔ parseTagSet / parseDeletedTag / parseDeletedNote decode the frozen write receipts (0.208791ms)
✔ parseNoteRecord / parseNotePage decode notes with the Go note rules (1.625584ms)
✔ customer-tags copy: three locales, identical key sets, the integrator's ruled note-privacy text verbatim (0.332459ms)
✔ components wire the ruled copy and the tag/note controls the specs click (1.665167ms)
✔ tag read names must already be trimmed NFC and Unicode code-point bounded (0.173333ms)
✔ session change before network sends nothing (5.353334ms)
✔ session changes after network or during body parse drop the response (18.579333ms)
✔ transient session digest failure is settled only before dispatch (7.490375ms)
✔ lost response followed by a changed session is UNKNOWN after dispatch (3.092917ms)
✔ lost response does not auto-retry; explicit replay keeps method/key/payload/scope (7.9785ms)
✔ 5xx or malformed success is uncertain, coded refusal is settled (3.839542ms)
✔ passive tag/detail refresh preserves an unsaved new-note draft (30.314667ms)
✔ passive refresh updates visible notes but preserves edit draft and original CAS version (0.738125ms)
✔ explicit refresh signal clears old edit draft while passive array changes do not (0.518333ms)
✔ an unauthorized note read clears private note bodies and the draft (2.204708ms)
✔ a transient note read failure keeps the notes already shown (2.776042ms)
✔ an unauthorized note read signals the global logout once; a transient failure does not (14.239666ms)
✔ non-privacy writer: own notes keep Edit and Delete on a fresh mount, others' notes do not (2.593792ms)
✔ notes forbidden/not_found signals scope loss exactly once per mount, never on transient failure (23.967875ms)
✔ bad path/store/method/query/header is refused without authority or backend calls (42.2205ms)
✔ the actual proxy admits a tagged customer list with scoped search/cursor and rejects malformed tag authority (42.801459ms)
✔ signed-out/cross-store/Origin-CSRF denials short circuit before body or forwarding (0.3895ms)
✔ closed bodies and DELETE payloads cannot reach Go (1.0375ms)
✔ all write methods preserve exact key/body/store and private success status (3.466792ms)
✔ note pagination preserved and hostile backend errors/bodies sanitized (5.619125ms)
✔ a catalogue forbidden or not_found asks the parent to re-run its guarded reads, with no logout (147.531542ms)
✔ transient catalogue failures stay local; unauthorized logs out but is not a scope loss (78.954916ms)
✔ after a tag write the manager stays mounted: the catalogue refreshes in place, never reloads (21.231416ms)
✔ a manager-reported scope loss reloads the customer list and catalogue guarded reads (16.558917ms)
✔ CustomerDetail forwards a scope-lost signal to the guarded read once per page (20.318167ms)
✔ badges are escaped server tag facts with human-readable names (3.543375ms)
✔ actual customer notes render privacy notice, safe content, author fallback and read-only permissions (12.190417ms)
✔ unknown permissions and erased customer never offer note mutations (3.236833ms)
✔ write-only notes permit add but not edit/delete of notes the server does not mark own; privacy permission permits both (4.42125ms)
✔ manager trigger and all three localized buyer-export notices render through actual components (17.063833ms)
✔ UNKNOWN survives settled unauthorized retry until trusted success; fresh run ignored (5.274958ms)
✔ UNKNOWN survives settled forbidden retry until trusted success; fresh run ignored (2.970083ms)
✔ UNKNOWN survives settled version_changed retry until trusted success; fresh run ignored (2.157459ms)
✔ first-attempt preflight refusal is settled and permits a fresh action (1.54025ms)
✔ UNKNOWN and in-flight retries prevent duplicate dispatch; unmount discards stale outcome (1.325584ms)
✔ an unauthorized write signals the global logout; forbidden does not (1.376334ms)
✔ UNKNOWN command survives unmount/remount: still locked, same-key retry, cleared by trusted success (0.538625ms)
✔ a command unmounted while in flight is treated as UNKNOWN on remount (1.292458ms)
✔ a session boundary change drops the remembered UNKNOWN command (3.161334ms)
✔ a guarded read that ends signed-out signals the global logout once (11.493666ms)
✔ forbidden/unavailable failures and a successful read signal no logout (24.419583ms)
✔ refresh ending signed-out clears the view, blocks and signals the global logout once (12.181125ms)
✔ refresh ending forbidden or not-found clears the data without a logout (8.123ms)
✔ a transient refresh failure keeps the ready view and signals nothing (17.873541ms)
✔ exactly the eight report GETs are admitted; every other method or path is refused (1.833041ms)
✔ report reads: query required, no body, no key, no transfer-encoding (15.562875ms)
✔ from/to: exactly once each, calendar-valid days, 0..91 apart (1.012125ms)
✔ session_id: only on the funnel (json and csv), a canonical uuid, once (0.792666ms)
✔ parseProductReport: echoed range/zone, <=1000 rows sorted by net desc, net = captured - refunded (6.289333ms)
✔ parseChannelReport: closed vocabulary order, money per environment strictly ascending, I05 inside every bucket (0.45975ms)
✔ parseFunnelReport: nested counts, session echo, ordered_without_link bound (0.230792ms)
✔ parseManualReport: nullable principal/session ids, bucketed money like channels (0.19425ms)
✔ reports copy: three locales, identical key sets, the integrator's ruled money annotation verbatim (0.205125ms)
✔ Reports.tsx: four tabs, CSV per tab, ruled annotation, CSS/SVG charts only (no new dependencies) (1.294083ms)
✔ report CSV closed headers use actual Go slug, echoed dates and private no-store (0.351ms)
✔ report response projection rejects unknown keys, mismatched range and non-private responses (1.575292ms)
✔ manual buckets follow Go's uncapped row count rather than a made-up 500-row limit (1.014916ms)
✔ display sorts only inside currency/environment groups, never sums money or mutates server rows (9.5165ms)
✔ page report query accepts exactly the four report names and defaults to products (0.110959ms)
✔ actual product table renders offline separately, both modes, no UUID copy and sortable headers (18.343334ms)
✔ actual channel chart exposes exact numbers and both money modes using SVG (1.104708ms)
✔ actual funnel has four stages, nested widths and truthful zero-denominator text (1.286375ms)
✔ manual table resolves authorized labels, has honest fallback, and never presents UUIDs (1.491167ms)
✔ all report views render localized empty states (0.494833ms)
✔ actual BFF refuses malformed query, unknown store/session, disabled auth and missing CSV fences before Go (64.367417ms)
✔ actual BFF closed JSON projection and CSV scope/query preserve trusted token; no forwarded client authority (19.956459ms)
✔ actual BFF permission and malformed CSV response fences do not masquerade as a download (11.761542ms)
✔ audited browser GET accepts same-origin Fetch Metadata plus CSRF, never cross-site or forwarded Host (29.954042ms)
✔ actual CSV client preflight sends nothing after session change, and a lost audit response is uncertain with no retry (11.988041ms)
✔ actual CSV client refuses stale-session bytes and downloads only a closed private response (13.141875ms)
✔ report leaf gives the actual trusted fetch 65 seconds, rejects redirects and forwards only server bearer (4.513417ms)
✔ incoming request cancellation aborts the real report fetch once, returns safe unavailable and never retries (4.870333ms)
✔ CSV final synchronous fence conceals bytes when cancellation, hide or cookie rotation happens inside final await (21.782042ms)
✔ CSV end-to-end deadline covers store lookup and report budget; aborted preflight sends no audited request (12.717167ms)
✔ an uncertain export stays locked for its scope after another scope's export (4.004792ms)
✔ an uncertain export scope persists per store in tab storage and re-locks a fresh render (21.707334ms)
✔ unavailable tab storage fails closed to the in-memory lock without throwing (6.399583ms)
✔ export lock is stored before dispatch; refused/delivered outcomes release it, uncertain and cut-short keep it (38.928875ms)
✔ releasing one scope keeps the other uncertain scopes of the store (7.622875ms)
✔ export is refused and nothing is dispatched when the lock cannot be saved (denied, full or no storage) (7.062083ms)
✔ copy for an unsaved export lock exists in every locale (0.084458ms)
✔ product sort query parses strictly and defaults to net_minor descending (0.177667ms)
✔ legacy-store permission probe: forbidden/not-found/signed-out fail the read closed, transient falls back (11.187833ms)
✔ channel and funnel data retain their applied dates while draft dates wait for Show (95.195833ms)
✔ an uncertain export lock is bound to the session boundary, so a different user does not inherit it (21.075084ms)
✔ Finance landing links to reports under the same canSeeReports rule (11.634208ms)
✔ selected tag survives searches and cursor pagination while an empty filter is omitted (71.176541ms)
✔ customer list dispatch preserves legacy requests and sends every tag query to the closed W6 authority (317.627167ms)
✔ customers reports link is hidden only when permissions are present and lack orders:read (0.129958ms)
✔ reports are a finance subpage and preserve the existing single finance navigation entry (0.11425ms)
✔ an authoritative erased customer immediately unmounts the cached private tags/notes subtree (20.189375ms)
✔ the actual customer row shows manual tags and imported status without changing consent (8.533083ms)
✔ P1 actual tag DELETE accepts an empty Next-style stream without JSON MIME (416.734875ms)
✔ P1 actual note DELETE accepts an empty Next-style stream without JSON MIME (2.567334ms)
✔ P1 body-carrying tag writes still require JSON MIME through the real BFF (0.529791ms)
✔ P2 customer bare/encoded tag keys are invalid422 through the actual leaf before any backend (3.689125ms)
✔ P2 report products real session/CSRF response is private and Vary Cookie (1.386083ms)
✔ P2 report products.csv real session/CSRF response is private and Vary Cookie (0.432333ms)
✔ P2 report malformed query and wrong CSRF are rejected by actual helpers before upstream (0.260292ms)
ℹ tests 118
ℹ suites 0
ℹ pass 118
ℹ fail 0
ℹ cancelled 0
ℹ skipped 0
ℹ todo 0
ℹ duration_ms 1249.1
✔ real coded errors retain baseline classification and normalize import leaf cache to private,no-store (81.414791ms)
✔ preflight missing CSRF is definite and sends nothing; actual route CSRF and session refusals stay definite (13.999ms)
✔ actual route uses real cookies/store membership and method/error envelopes, no helper substitutions (7.289583ms)
✔ actual client/route preserves original Blob bytes, trusted transport and privacy projection on200/409 (8.136291ms)
✔ success or stale preview must remain private; malformed/unknown/mismatched coded errors are uncertain after commit (13.243792ms)
✔ lost/unreadable/session-changed dispatched commit remains UNKNOWN; no automatic retry (9.493167ms)
✔ actual failed-only result route strips IDs and real final session/cancel fence exposes no download (10.580417ms)
✔ actual route refuses unknown resource/query and duplicate session cookies before any upstream call (1.294083ms)
✔ actual route incoming cancellation aborts one dispatched transport and preserves client UNKNOWN (8.3145ms)
✔ real coded error cache may not be public, and closed payload may not acquire data-bearing fields (11.579ms)
✔ copy still exposes specific merchant field reasons across three locales (69.251292ms)
✔ all real local and upstream import refusals including HEAD/unsupported are exact private,no-store (13.200959ms)
✔ fresh mismatched receipt stays UNKNOWN, exact manual replay mismatch becomes terminal without a third send (3.265708ms)
✔ terminal is impossible for malformed replay receipts or matching replayed counts (1.90825ms)
✔ Big5 bytes pass unchanged to upstream and real422 import envelope surfaces encoding_not_utf8 (2.68275ms)
✔ oversize file uses the actual header guard and specific size guidance in all locales without dispatch (108.09975ms)
✔ commit uses the original requested mapping, including an empty optional field, not resolved preview metadata (17.2945ms)
✔ an UNKNOWN commit remains locked through a later forbidden retry and only explicit same-file success unlocks (5.529334ms)
✔ leaving during a dispatched commit drops its payload and keeps an unconfirmed boolean without replay (3.576083ms)
✔ a definite first preflight refusal clears pending before sign-out and does not invent an unconfirmed import (4.405792ms)
✔ a replayed mismatched receipt ends UNKNOWN without offering another retry or unlocking historical orders (2.305084ms)
✔ real cookie and CSRF helpers generate and validate the actual host-cookie pair (4.754333ms)
✔ exact route rejects methods/keys/body/query/scope before any upstream request using real localError (10.263333ms)
✔ missing/duplicate session cookies reject and real clearAuthCookies expires session and CSRF (1.07875ms)
✔ actual authenticatedStores denies a store absent from the server projection (1.556292ms)
✔ private success routes server cookie token and exact canonical after, never caller bearer/cookie to Go (4.193916ms)
✔ actual safeError/localError preserve coded status with no-store and redact upstream diagnostics (5.292667ms)
✔ actual readBody and strict projection refuse MIME/oversize/extra private fields/city; network loss stays private (6.756084ms)
✔ actual client issues GET50/after through real route/private successful projection (26.943417ms)
✔ actual helper-issued browser fence rejects changed parent before dispatch (4.474292ms)
✔ private success from real route is discarded when the browser session changes during upstream read (7.4695ms)
✔ real localError no-store 401/403/404/503 preserves correct read category with no retry (11.35775ms)
✔ malformed sensitive backend projection becomes real unavailable, never a fake BFF success (1.640416ms)
✔ strict archive rows decode external order text, safe minor units and public keys (3.005125ms)
✔ PII-shaped city and extra sensitive fields never pass the safe projection (0.890875ms)
✔ all canonical Go cities pass; malformed types/bounds/order/time/money/cursor fail (1.365084ms)
✔ read grammar is exact limit/after, not the stale brief's cursor name (18.979542ms)
✔ three locales retain truthful history-not-revenue basis and copy parity (0.675791ms)
✔ SSR renders actual safe rows, shared money/time, total count and read-only three-locale basis (49.687667ms)
✔ SSR distinguishes empty archive, 403, session loss and unavailable without stale rows/count (6.585875ms)
✔ actual pagination callbacks use opaque trail; double click cannot skip; refresh/scope reset page1 (1.583833ms)
✔ the static import subpage wins over customer detail and leaves the single customers nav intact (0.359209ms)
✔ the actual list offers import only to privacy holders and carries the current authorized store (131.356ms)
✔ the actual detail mounts archive only for an active imported customer and passes its fenced identity (134.776208ms)
✔ MIUI-READY-VISIBLE-STORE actual signed helper waits on the visible selector and retains cookie/wizard assertions (186.997ms)
✔ MIUI-READY-DENIED read-only staff reaches the real shell refusal instead of waiting for a private wizard (96.008667ms)
✔ failure verdicts precede successful rows, by source row number, without mutating the input (0.583542ms)
✔ the failure download contains only failed row metadata, with no source cell or success identifier (0.204625ms)
✔ reads quoted/BOM header only, without decoding malformed bytes from data rows (1.583792ms)
✔ guess only unique metadata aliases with explicit unmapped values (0.238917ms)
✔ shared dynamic leaf admits only exact import methods/actions and bounded mapping/count (10.362041ms)
✔ failed CSV emits only row/outcome/code, refusing any unexpected identifier or raw cell (4.730167ms)
✔ raw-byte cap does not decode/rebuild uploads and cancels oversized chunks (10.727917ms)
✔ backend privacy projection strips all source IDs on successful and failed rows (0.804166ms)
✔ closed preview parser refuses data-bearing rows, unknown keys and inconsistent counts (0.220792ms)
✔ order preview counts units while first CSV record numbers can exceed rows_total (0.071666ms)
✔ commit receipt has exactly five keys and no extra customer cells (0.08975ms)
ℹ tests 57
ℹ suites 0
ℹ pass 57
ℹ fail 0
ℹ cancelled 0
ℹ skipped 0
ℹ todo 0
ℹ duration_ms 925.26675
✔ parseShard: i/N, empty means unsharded, anything malformed throws (1.018584ms)
✔ assignShards: deterministic, every key owned once, near-balanced (LPT bound) (4.292333ms)
✔ planClick: for every N the shards partition the whole universe (every registry route x variant, storefront walk, journey) (5.806958ms)
✔ planClick at N=10 keeps every shard within ~1.3x of the mean planned cost (1.103875ms)
✔ aggregate click: honest shards pass for several N (7.999667ms)
✔ aggregate click: a missing shard, a dropped page row, a lost journey, a failing row, a stale known defect and a missing platform marker are each a failure (9.322917ms)
✔ aggregate click: a route added to the registry after the shards ran cannot pass (the registry is re-read) (2.026083ms)
✔ aggregate visual: honest shards pass; a missing shard, a missing shot, a blocking verdict and a registry route outside the universe each fail (11.702667ms)
ℹ tests 8
ℹ suites 0
ℹ pass 8
ℹ fail 0
ℹ cancelled 0
ℹ skipped 0
ℹ todo 0
ℹ duration_ms 186.915083
ci-plan: 10 job(s); click-sweep x10 (aggregate)
  --browser-click-sweep@1/10  -> artifact gate-browser-click-sweep_1_10
  --browser-click-sweep@2/10  -> artifact gate-browser-click-sweep_2_10
  --browser-click-sweep@3/10  -> artifact gate-browser-click-sweep_3_10
  --browser-click-sweep@4/10  -> artifact gate-browser-click-sweep_4_10
  --browser-click-sweep@5/10  -> artifact gate-browser-click-sweep_5_10
  --browser-click-sweep@6/10  -> artifact gate-browser-click-sweep_6_10
  --browser-click-sweep@7/10  -> artifact gate-browser-click-sweep_7_10
  --browser-click-sweep@8/10  -> artifact gate-browser-click-sweep_8_10
  --browser-click-sweep@9/10  -> artifact gate-browser-click-sweep_9_10
  --browser-click-sweep@10/10  -> artifact gate-browser-click-sweep_10_10
✔ the full sweep and the full visual lint fan out into every shard and ask for the aggregate (1.605125ms)
✔ foundation-shards = the unit shard + every plan group; the serial `foundation` mode is untouched (1.604792ms)
✔ an explicit shard re-run (or a partial list) never claims the whole-run aggregate (0.794666ms)
✔ duplicates collapse, artifact names are safe and unique, bad input is refused (1.60325ms)
✔ main writes matrix / sweep_n / visual_n to GITHUB_OUTPUT (1.576917ms)
✔ backend-only paths run foundation-shards only (2.245083ms)
✔ node tests of deploy scripts and of the CI planner are backend-only (they cannot change a browser) (0.970875ms)
✔ a UI path adds the whole browser set, including click-sweep and visual-lint (3.229209ms)
✔ docs-only and output-only diffs keep the single required check (foundation-shards) (0.522459ms)
✔ tests/foundation/browser_* is a browser path, other tests/foundation files are not (0.401917ms)
✔ deploy flag: deploy/ and scripts/deploy* only (1.073334ms)
✔ the browser set is release-gate's browser-mode universe minus the documented exclusions (15.156625ms)
✔ parser: only compiled, correctly-shaped Test functions of untagged _test.go files (1.237083ms)
✔ the real plan: every top-level test of tests/foundation runs in exactly one group (683.967417ms)
✔ a new test (in no list) still runs, exactly once, in the catch-all group; the same name with no catch-all is red (958.349042ms)
✔ a test listed in two groups is red; drift beyond the limit is red (913.986583ms)
✔ regexes: anchored explicit lists; the catch-all skips exactly everyone else's tests (0.798666ms)
✔ pack: deterministic, balanced to within the longest test, every name once (4.291333ms)
✔ parseDurations: top-level lines only (0.247ms)
ℹ tests 19
ℹ suites 0
ℹ pass 19
ℹ fail 0
ℹ cancelled 0
ℹ skipped 0
ℹ todo 0
ℹ duration_ms 2859.094875
✔ PR18 real BFF preserves invalid_ref and cursor errors without upstream retry (19.191333ms)
✔ PR18 valid A2 Unicode/escaped pages exceed 1 MiB but A8 cap stays unchanged (136.539083ms)
✔ K3 comment-only no_source cannot widen the existing inbox error seam (1.935584ms)
✔ LC-U2a real BFF seam A2-A5 exact grammar, privacy, denial and no diagnostic reflection (5.031792ms)
✔ A8/A9/A13 and published templates: exact reads forward once with no-store (3.010709ms)
✔ real streamed POST bodies: A10-A14 exact keys reach upstream (4.25325ms)
✔ query, read headers, methods and body allowlists refuse before upstream (4.118042ms)
✔ session, CSRF and store authority precede content forwarding (0.976ms)
✔ A12 fixed codes preserved; arbitrary upstream diagnostics stripped (5.245083ms)
✔ client preserves codes and receipt; changed/aborted session cannot publish private response (3.820208ms)
✔ A9 admits a full page of valid Unicode replies while bounding private response bytes (4.086333ms)
✔ non-JSON upstream 401 still expires both authentication cookies without diagnostic leakage (1.161875ms)
✔ real M7 response keeps no-referrer after matching Next production header rules (27.395834ms)
✔ three unit languages cover identical fixed labels and delivery states (0.989625ms)
✔ hiding aborts requests and rejects late responses, even after reveal (0.401083ms)
✔ switching selection invalidates both reads and write completions (0.061792ms)
✔ owner and explicit inbox permissions only; viewer fails closed (0.051875ms)
✔ Messenger counts Unicode codepoints; Instagram counts NFC UTF8 bytes (1.034208ms)
✔ uncertain transport retries retain the exact submission; definitive conflicts retire it (0.479667ms)
✔ privacy calibration cannot activate with production origin or ordinary caller env (0.14025ms)
✔ late focus/pageshow while native document remains hidden cannot reveal requests (0.092ms)
✔ terminal navigation revocation cannot be undone by focus or refresh until a new page fence (0.057667ms)
✔ a ticket from another store/page fence is never accepted (0.045208ms)
✔ focus while already visible preserves the active epoch and the uncertain reply receipt (0.087708ms)
ℹ tests 24
ℹ suites 0
ℹ pass 24
ℹ fail 0
ℹ cancelled 0
ℹ skipped 0
ℹ todo 0
ℹ duration_ms 346.596
✔ installed APIRequestContext cookie rules exclude Secure cookie from HTTP127 but retain HTTPS/localhost (0.473083ms)
✔ actual INU02 cross uses browser auth and retains exact 404/DM absence (31.508458ms)
✔ actual INU02 cross still rejects wrong authority 401 (5.840667ms)
✔ actual INU02 cross still rejects wrong authority 200 (3.634792ms)
✔ actual INU02 cross still rejects DM in denied response (1.751917ms)
✔ actual INU02 denied uses browser auth and retains exact 403/DM absence (1.721ms)
✔ actual INU02 denied still rejects wrong authority 401 (1.261125ms)
✔ actual INU02 denied still rejects wrong authority 200 (0.971709ms)
✔ actual INU02 denied still rejects DM in denied response (0.951125ms)
✔ actual login settles /en and fixture store (real switch, scoped=false) (134.892375ms)
✔ actual login settles /en and fixture store (real switch, scoped=true) (9.637708ms)
✔ actual login settles /en/inventory and fixture store (real switch, scoped=false) (31.9325ms)
✔ actual login settles /en/inventory and fixture store (real switch, scoped=true) (2.904084ms)
✔ actual login settles /en/messages and fixture store (real switch, scoped=false) (2.172542ms)
✔ actual login settles /en/messages and fixture store (real switch, scoped=true) (4.083416ms)
✔ actual login settles /en and fixture store (already selected, scoped=false) (3.899625ms)
✔ actual login settles /en and fixture store (already selected, scoped=true) (23.829625ms)
✔ actual login settles /en/inventory and fixture store (already selected, scoped=false) (1.90125ms)
✔ actual login settles /en/inventory and fixture store (already selected, scoped=true) (11.128792ms)
✔ actual login settles /en/messages and fixture store (already selected, scoped=false) (2.196125ms)
✔ actual login settles /en/messages and fixture store (already selected, scoped=true) (77.745458ms)
✔ bundle fixture uses real claim commands and mounts existing M6/M7 without issuing early (4.388375ms)
✔ sensitive bundle scenario clicks native clipboard with trace/video disabled and no token body reads (1.277792ms)
✔ persisted link and token-free command receipt are compared without disclosing credentials (0.151333ms)
✔ actual clipboard evaluator exports only safe summary and detects malformed or retained synthetic credentials (360.519125ms)
✔ claim-window fixture isolates recovery after the current migration permits multiple OPEN windows (3.875459ms)
✔ ordinary Playwright diagnostics still capture failed-page ARIA when private guard is absent (0.700333ms)
✔ sensitive worker lifecycle prevents actual installed snapshot capture without masking the failure (124.758708ms)
✔ worker restores prior environment even when use rejects (absent) (49.757458ms)
✔ worker restores prior environment even when use rejects (empty) (25.934792ms)
✔ worker restores prior environment even when use rejects (existing-policy) (49.596292ms)
✔ fixture is worker-auto and module collection does not suppress ordinary diagnostics (80.56425ms)
✔ ordinary matcher ARIA context bypasses fallback flag and remains in actual installed diagnostics (1.165333ms)
✔ private test teardown removes only matcher page context while preserving failure (failed status) (101.079083ms)
✔ private test teardown removes only matcher page context while preserving failure (rejected use) (8.196417ms)
✔ matcher guard is test-auto without replacing the installed artifact auto fixture (2.5125ms)
✔ real Playwright --list collects each original INU case and isolated INU09 exactly once (1989.32975ms)
✔ A real Inbox selection admits Go A9 attachments null without losing thread (218.842291ms)
✔ A real Inbox selection admits Go A9 attachments empty array without losing thread (7.536875ms)
✔ A malformed non-array A9 attachments is refused without painting DM or crashing selected entry (8.9375ms)
✔ C A8 HTTP200 empty list is ordinary data with no alert, selection or focus request storm (3.708625ms)
✔ C A8 list404 is scoped inbox unavailable in en, never an empty list or conversation denial (1.614584ms)
✔ C A8 list404 is scoped inbox unavailable in zh-TW, never an empty list or conversation denial (1.208833ms)
✔ C A8 list404 is scoped inbox unavailable in zh-CN, never an empty list or conversation denial (0.841125ms)
✔ C click-sweep Go harness mounts existing Inbox/templates services (STRUCTURE_ONLY, Go NOT_RUN) (0.411625ms)
✔ C click-sweep includes actual-router owner200 empty inbox assertion (STRUCTURE_ONLY, Go NOT_RUN) (0.241375ms)
✔ inbox evidence is covered by the CI upload root (3.787792ms)
✔ failed Playwright closes its log and emits sanitized diagnostics before Fatalf (0.162417ms)
✔ failure diagnostics match INU cases/counts without admitting private text (0.661875ms)
✔ INU04 delayed handler 1 signals completion when fulfillment rejects (21.736208ms)
✔ INU04 delayed handler 2 signals completion when fulfillment rejects (4.448833ms)
✔ recoveryDone waits for actual held M7 completion in zh-TW (121.397958ms)
✔ recoveryDone waits for actual held M7 completion in zh-CN (12.962167ms)
✔ recoveryDone waits for actual held M7 completion in en (8.1865ms)
✔ review2 P1 bundle-only row opens real A13 and issues existing M7 claim link to clipboard (202.610416ms)
✔ review2 P1 clipboard denial recopy reuses cached issued URL without another M7 POST (9.501458ms)
✔ review2 P1 lost M7 ACK retries exact receipt and null replay token never mints a fresh key (6.279458ms)
✔ review2 P1 missing CSRF before cached recopy cannot copy or issue again (5.249041ms)
✔ review2 P1 missing CSRF before uncertain retry rejects preserved receipt dispatch (5.082584ms)
✔ review2 P1 late issued-link completion after hide cannot write clipboard (15.34125ms)
✔ review2 P1 late issued-link completion after selection cannot write clipboard (17.530167ms)
✔ review2 P1 late issued-link completion after unmount cannot write clipboard (86.253708ms)
✔ review2 P1 late issued-link completion after logout cannot write clipboard (2.932958ms)
✔ review2 P1 claim-link issuance denied without both live read/manage (inbox:read,live:read) (9.034209ms)
✔ review2 P1 claim-link issuance denied without both live read/manage (inbox:read,live:manage) (7.369833ms)
✔ review2 P1 missing authoritative recovery identity never guesses generation {"missingSession":true} (16.446291ms)
✔ review2 P1 missing authoritative recovery identity never guesses generation {"noBundle":true} (3.548708ms)
✔ review2 P2 exactly one matching binding uses named DM hard gate ok (14.33225ms)
✔ review2 P2 exactly one matching binding uses named DM hard gate review_required (5.7385ms)
✔ review2 P2 exactly one matching binding uses named DM hard gate missing_permission (11.211708ms)
✔ review2 P2 multiple same-provider bindings advisory only (dm_session:ok,dm_session:missing_permission) (4.507791ms)
✔ review2 P2 multiple same-provider bindings advisory only (dm_session:missing_permission,dm_session:reauth_required) (2.62625ms)
✔ review2 P2 multiple same-provider bindings advisory only (dm_session:ok,read_comment:missing_permission) (3.913417ms)
✔ review2 P2 multiple same-provider bindings advisory only (dm_session:review_required,dm_session:ok) (9.273167ms)
✔ review2 P2 actual scoped A12 409 capability refusal remains visible after advisory submit (8.825625ms)
✔ review2 P2 missing health and single binding without named DM remain disabled (9.285708ms)
✔ review2 P2 expired cached issued link cannot be recopied or silently reissued (13.613375ms)
✔ P1-1 actual visible focus preserves pending ticket, selection, revision and real retry receipt (3.42275ms)
✔ P1-1 actual unchanged-session pageshow checks without clearing; changed-session focus expires (0.441958ms)
✔ P1-1 actual hide/reveal clears and requests fresh revision, never accepts obsolete completion (0.338959ms)
✔ P1-1 changed-session visible focus expires even with a pending request (0.17925ms)
✔ P1-2 actual A9 refresh 404 removes rendered DM and unsent draft (21.055292ms)
✔ P1-2 actual send-finally A9 404 removes DM, draft and uncertain immutable receipt (6.74975ms)
✔ actual uncertain send still retains exact receipt when A9 authority remains (0ms post-send A9) (10.233416ms)
✔ actual uncertain send still retains exact receipt when A9 authority remains (50ms post-send A9) (116.334125ms)
✔ actual A9 stale held completion cannot paint after component cleanup (2.128375ms)
✔ P2 actual A14 404 clears buyer facts and customer draft (explicit future-version MOCK) (3.88475ms)
✔ safe authority errors remain the actual InboxError transport class (0.140875ms)
✔ actual current A13 without version keeps A14 disabled; future MOCK grants no backend claim (0.822792ms)
✔ P1-2 actual A11 takeover write 404 clears private state despite failing follow-up A9 (1.163625ms)
✔ P1-2 actual A12 send write 404 clears private state despite failing follow-up A9 (2.629875ms)
✔ A13 server orders omission remains distinct from authorized omitted data (1.334666ms)
✔ A13 server orders omission remains distinct from authorized empty data (1.621ms)
✔ A13 server orders omission remains distinct from authorized populated data (0.953875ms)
✔ PR18 host digest hardening sync-throw (260.137ms)
✔ PR18 host digest hardening never-settles (1714.76475ms)
✔ actual shell-store-selector captures selection before synchronous privacy teardown (allowed=true) (79.3485ms)
✔ actual shell-store-selector captures selection before synchronous privacy teardown (allowed=false) (2.982209ms)
✔ actual locale-switch captures selection before synchronous privacy teardown (allowed=true) (4.907625ms)
✔ actual locale-switch captures selection before synchronous privacy teardown (allowed=false) (11.303792ms)
✔ persisted A9 UNKNOWN after page entry warns and blocks the real composer in en (25.686375ms)
✔ persisted A9 UNKNOWN after page entry warns and blocks the real composer in zh-TW (2.629ms)
✔ persisted A9 UNKNOWN after page entry warns and blocks the real composer in zh-CN (1.765667ms)
✔ A12 queued ACK followed by final A9 UNKNOWN overrides the local queued notice and blocks another send (2.467208ms)
✔ a captured previously enabled composer cannot bypass final UNKNOWN learned by Refresh (4.573625ms)
✔ a later A9 page omitting the known UNKNOWN is not delivery reconciliation (6.211ms)
✔ persisted queued is not mislabeled UNKNOWN and retains ordinary composer eligibility (1.26075ms)
✔ persisted sent is not mislabeled UNKNOWN and retains ordinary composer eligibility (1.291209ms)
✔ persisted failed is not mislabeled UNKNOWN and retains ordinary composer eligibility (3.553042ms)
✔ persisted blocked is not mislabeled UNKNOWN and retains ordinary composer eligibility (0.878708ms)
✔ fresh mount refuses when an old UNKNOWN is beyond 51 newer messages (fact=true) (2.038ms)
✔ fresh mount refuses when an old UNKNOWN is beyond 51 newer messages (fact=null) (1.017708ms)
✔ fresh mount refuses when an old UNKNOWN is beyond 51 newer messages (fact=undefined) (3.499292ms)
✔ fresh mount refuses when an old UNKNOWN is beyond 51 newer messages (fact=false) (3.645708ms)
✔ a refreshed unknown authority replaces old clear authority even for a captured composer (4.878792ms)
✔ window strict eligibility with 300001ms before hard 24h deadline (21.9765ms)
✔ window strict eligibility with 300000ms before hard 24h deadline (2.749375ms)
✔ window strict eligibility with 60000ms before hard 24h deadline (6.742625ms)
✔ window strict eligibility with 0ms before hard 24h deadline (2.114917ms)
✔ window invalid server deadline fails closed without preparing a send (0.771458ms)
✔ window captured enabled form callback cannot POST after crossing safe cutoff (0.822958ms)
✔ window deadline timer closes controls at cutoff and hard end without waiting for 15s poll (0.787042ms)
✔ quota recovery gives exact zh-TW comment-quota and DM-window instructions beside copy only (0.471042ms)
✔ quota recovery gives exact zh-CN comment-quota and DM-window instructions beside copy only (0.102833ms)
✔ quota recovery gives exact en comment-quota and DM-window instructions beside copy only (0.091958ms)
ℹ tests 125
ℹ suites 0
ℹ pass 125
ℹ fail 0
ℹ cancelled 0
ℹ skipped 0
ℹ todo 0
ℹ duration_ms 3928.995666
