✔ /products/{uuid} redirects permanently to the zh-TW product page (110.834791ms)
✔ non-uuid ids are 404, never redirected (38.779625ms)
✔ AT1: the locale redirect preserves the ad-click query without allowing a redirect target (0.203167ms)
✔ R10: standalone signed signals survive a missing or expired seven-day touch (10.778875ms)
✔ R10: standalone signals reject expiry, bad signature, duplicates and another host (0.316708ms)
✔ AT1 R5: browser identity survives expired touch and rolls for ninety days (0.206ms)
✔ AT1 R5: missing ad parameters create no cookies; fbclid alone creates no touch (2.170458ms)
✔ AT1 R5: lc_ad alone updates attribution and does not replace fbc (0.188291ms)
✔ AT1: host-only first-party cookies contain no PII and read back exactly (0.289792ms)
✔ AT1: a later valid click replaces the draft but preserves the browser identifier (0.116ms)
✔ R10: only a different fbclid replaces fbc and its first-seen timestamp (0.492042ms)
✔ AT1: malformed and ambiguous links do not overwrite a valid prior touch (1.193542ms)
✔ AT1: host and key binding reject copied cookies (1.573ms)
✔ AT1: duplicates and tampering invalidate the entire envelope (0.226958ms)
✔ AT1: exactly seven days is valid, the next millisecond and future clicks are not (0.445458ms)
✔ catalog list query limits equal the Go v2 parser (internal/buyerhttp/catalogv2.go) (10.88425ms)
✔ collection list cap equals Go maxCollectionsPerStore (1.616917ms)
✔ design caps equal internal/design/schema.go (nav, sections, pages) (2.273083ms)
✔ CVS buyer-entered store bounds and return path equal Go (internal/checkout/cvs.go, migration 0093) (4.606417ms)
✔ transfer view: closed shape and state rules mirror Go validTransferView (1.720416ms)
✔ proof body and result: five digits, positive minor amount, ISO instant (0.2815ms)
✔ minorFromText: major units with at most two decimals, never a float surprise (0.118917ms)
✔ buyer email mirror: one plain address, 254 characters at most (0.111334ms)
✔ countdown: whole hours and minutes, never negative (0.380708ms)
✔ copy: three locales carry every key and every refusal code (0.201ms)
✔ options: a home row lists modes only with bank_transfer and then needs its window (0.262625ms)
✔ checkoutInput: a home bank_transfer body, the optional trimmed email, and every refusal before any request (0.392417ms)
✔ order: AWAITING_TRANSFER is a valid commercial state without a hold time (0.195792ms)
✔ BFF: exact transfer routes, keyed proof PUT, strict body, validated answers, no generic proxy (191.056417ms)
✔ BFF: transfer refusal codes pass through as definite 422; checkout accepts bank_transfer and a valid email only (5.522292ms)
✔ D06 order heading follows a settled transfer: never 'waiting for transfer' above a confirmed or expired one (0.276917ms)
✔ uncertain prepare blocks all mutations; changed cookie context resolves journal (23.341333ms)
✔ fully parsed local denial clears only its own pending operation (0.917083ms)
✔ malformed journal, unavailable lock and stale context fail before writes (200.589708ms)
✔ BPT05 exact handoff permits absent body/key, one fetch, no form persistence (187.346541ms)
✔ BPT05 wrong handoff form and ordinary writes fail before any fetch (0.579875ms)
✔ BPT05 unresolved cookie journal blocks handoff; lost response is one fetch without persistence (0.159292ms)
✔ SU02 refresh permits absent body/key, one fetch, no persistence (0.188458ms)
✔ SU02 refresh rejects a body, a key or a malformed path before any fetch (32.576625ms)
✔ SU02 cancel permits absent body/key, one fetch, no persistence (0.654625ms)
✔ SU02 cancel rejects a body, a key or a malformed path before any fetch (14.717291ms)
✔ BPT01 exact private path, headers, body and three-locale one-fetch transport (189.995083ms)
✔ BPT02 payment routes reject untrusted path, context, headers, key and body before fetch (18.128875ms)
✔ BPT03 hostile upstream success is sanitized, never returned as payment data (16.133125ms)
✔ BPT04 every handoff failure is nonretryable, including pre-route and transport loss (7.244584ms)
✔ SU02 five routes: exact upstream path, method, key, body, one fetch each (142.663333ms)
✔ SU02 refresh and cancel are keyless and pass every CSRF/context denial before fetch (16.826333ms)
✔ SU02 every handoff/refresh/cancel failure is nonretryable and sanitized (64.290875ms)
✔ SU02 hostile Stripe bodies become the sanitized 503; PAYUNi and Stripe bodies stay byte-identical (2.624958ms)
✔ SU02 prepare accepts only the two known method codes (0.429083ms)
✔ disabled and invalid configuration fail closed before private fetch (70.258041ms)
✔ private authority, cookie lifecycle and strict local denial (92.05925ms)
✔ bad host, cookie, query and method never reach private API (6.432792ms)
✔ stalled inbound POST body is canceled at its deadline without a cookie or private call (32.885084ms)
✔ R10: Begin forwards independently signed signals; browser attribution and forwarded hosts are not authority (46.250959ms)
✔ CVS BFF: exact routes, keyed open/store, keyless verify, validated answers, no generic proxy (57.098708ms)
✔ CVS BFF: contract refusal codes pass through; pay_at_pickup_limit is a definite (non-retryable) 429 (18.0935ms)
✔ round2 stale A session response cannot supersede newer refresh B or its lost-write Retry (508.20075ms)
✔ round2 stale A session response cannot supersede newer mutation B or its lost-write Retry (178.15775ms)
✔ rotated buyer context clears the prior cart on read and preserves the B receipt (109.835833ms)
✔ rotated buyer context clears the prior cart on lost-write and preserves the B receipt (12.346667ms)
✔ rotated buyer context clears the prior cart on refresh-read and preserves the B receipt (155.49975ms)
✔ lost first write keeps Retry alive: same context, same idempotency key, no second purchase (26.376667ms)
✔ fragment grammar accepts only one canonical token (0.79325ms)
✔ claim projections are closed (0.292083ms)
✔ claim token rides only its header on B1/B2 and is never echoed (141.798917ms)
✔ claim-priced cart edits send only SKU and quantity, keeping server price authority (21.075458ms)
✔ direct-checkout sold-out projection is mandatory, boolean and closed (0.678333ms)
✔ claim redeem shares the purchase lock, guards recovery and never persists the token (7.028875ms)
✔ ClaimLink removal projects live-priced survivors on ready and conflict pages (235.010542ms)
✔ ClaimLink revisit checks out applied A while pending B is sold out or unavailable (8.886625ms)
✔ ClaimLink refreshes a nothing result after a second tab applied the claim (4.264417ms)
✔ ClaimLink does not navigate when a buyable claim target is absent or has changed quantity (4.140417ms)
✔ ClaimLink optional prior-order notice tolerates unreadable storage without bypassing recovery (91.826458ms)
✔ CVS01 map form: only the two ECPay e-map actions, exact fields, top-level-safe values (2.792375ms)
✔ CVS02 return path allowlist excludes /claim and anything but the checkout or product page (0.175875ms)
✔ CVS03 selection projection: VERIFIED<=>pickup, REJECTED<=>reject_code, absent keys read as null (9.267ms)
✔ CVS04 buyer-entered store answer and request body (0.993667ms)
✔ CVS05 store code table (§16.1) keeps leading zeros and per-chain lengths (32.495292ms)
✔ CVS06 recipient mirror: real-name width 4..10 (CJK=2), no digits/symbols/emoji; 09 mobile (1.426125ms)
✔ CVS07 checkout draft: name, phone and mode only; read once; corrupt/foreign shapes are dropped (0.268083ms)
✔ CVS08 return URL: only ?cvs_selection=<uuid> is accepted (0.116667ms)
✔ CVS09 buyer order projection and copy keys: nothing but PICKED_UP says picked up (0.30825ms)
✔ CVS10 error codes: field mapping, definite refusals, official links are https constants (0.367791ms)
✔ CVS11 client transport: verify is the one new keyless POST; the server refusal code rides BuyerClientError.detail (133.815333ms)
✔ every locale x page has a title, an updated line and at least one section (6.800917ms)
✔ locales share the section count and per-section body count of every page (0.785208ms)
✔ final text is only the owner-confirmed company facts (CR 81215167 name + registered address); nothing else is final (0.455417ms)
✔ a legal page is published only when every text on it is final; buyers see no link to an unpublished one (1.452458ms)
✔ data-deletion path is named in the privacy page of every locale (0.290583ms)
✔ pendingOwnerText lists exactly the texts that keep a page unpublished and is written for the owner (6.476458ms)
✔ a live (claim-origin) price replaces the catalog price and strikes it through (0.62025ms)
✔ without a live price the catalog price and its compare-at are shown unchanged (0.065041ms)
✔ a live price equal to or above the catalog price is shown as set (strike hidden by the UI guard) (0.052916ms)
✔ a live price strikes the catalog price, never the variant sale price (0.043959ms)
✔ order ref: 12 hex (dashes or spaces, any case) or a full id (1.734917ms)
✔ contact: one email or a phone of 6..20 digits (5.24225ms)
✔ body is exactly {order_ref, contact}; the answer is exactly {order_id} (0.37425ms)
✔ BFF lookup: no cookie needed, fresh token goes upstream, cookie only on 200 and it carries that same token (166.556708ms)
✔ BFF lookup: strict local denial before any private fetch (0.995875ms)
✔ copy: three locales carry every key (0.204875ms)
✔ MS4 srcset descriptors use actual decoded widths and deduplicate small renditions (0.404042ms)
✔ MS1 product rendition allowlist preserves trusted Host and never forwards buyer cookies (173.018666ms)
✔ MS2 invalid, duplicate, extra, encoded widths and non-product variants fail before fetch (3.471958ms)
✔ MS3 old-image fallback is never promoted to immutable; committed variants are cacheable (2.939458ms)
✔ TWD whole amounts show no decimals in every locale and at every magnitude (line, subtotal, total, zero) (120.147541ms)
✔ cents appear only when there are cents, then always as two digits; the minor-unit arithmetic is untouched (0.759167ms)
✔ digits come from the currency: JPY none, USD two when there are cents (2.202958ms)
✔ one formatter: no component, page or lib builds a currency Intl.NumberFormat outside lib/money.ts (14.380333ms)
✔ locale probe bounds a missing destination head with a route/device diagnostic (4.479375ms)
✔ locale probe clears its deadline when the real head promise completes (1.075667ms)
✔ fragment: exactly #o=<order id>&t=<43-char token>; anything else is null (0.853833ms)
✔ body is exactly {order_id, token, proof}; the answer is exactly the order the link named (0.149ms)
✔ BFF link: no cookie needed, fresh token upstream, cookie only on a 200 naming the same order, link token never echoed (70.045334ms)
✔ BFF link: strict local denial before any private fetch (6.631041ms)
✔ copy: three locales, one refusal text, a retry and a lookup path (0.571375ms)
✔ BPU01 fresh payment writes exact metadata before prepare, one bodyless Take, no persistent form (27.537041ms)
✔ BPU01 lost prepare response replays original key/body only on explicit next click (1.909375ms)
✔ BPU01 lost handoff is permanently GET-only, even after a second click (1.2105ms)
✔ BPU01 storage, amount, scope and child/screen fences reject before irreversible writes (0.7395ms)
✔ BPU01 document/child loss after prepare but before Take leaves exact replay marker (0.321291ms)
✔ BPU01 malformed server handoff never submits and Take remains nonretryable (100.404375ms)
✔ BPU01 marker replacement before Take and after Take blocks release/form reuse (3.530375ms)
✔ BPU01 context replacement after prepare and after Take closes destination without form (2.884333ms)
✔ BPU01 synchronous destination refuses invalid locale before opening a window (0.191291ms)
✔ SU03 fresh Stripe pay: marker before prepare, one prepare, one handoff, navigate, URL never stored (1.111417ms)
✔ SU03 marker replay: lost prepare response replays key/body, no uncertain on PENDING view with leftover marker (1.363334ms)
✔ SU03 cross-device Continue needs no marker and never prepares (0.482417ms)
✔ SU03 marker/view matrix: PAYUNi marker on Stripe view and Stripe marker on PAYUNi view send nothing (1.163083ms)
✔ SU03 any other view renders without a POST (0.671667ms)
✔ SU03 CREATING: waits on the schedule without the lock, then hands off once when READY (9.773916ms)
✔ SU03 CREATING budget: 10 reads over 30 s, then the blank child is closed, no POST, no throw (8.200292ms)
✔ SU03 cancel_requested seen on the re-GET aborts before the handoff POST (1.240458ms)
✔ SU03 handoff outcomes: CREATING closes child, CLOSED/UNAVAILABLE/error/malformed reject; one POST each, never retried (6.822542ms)
✔ SU03 Stripe prepare errors, amount/currency mismatch and popup loss stop before any handoff (1.754917ms)
✔ SU03 two clicks make two handoff POSTs only because there were two clicks; sequential, none from reads (0.738959ms)
✔ SU03 navigate: validates again, needs an owned blank child, sets used before replace, no URL in errors (0.368875ms)
✔ SU03 refresh signal: keyless single POST, validated, throttled 1/10 s and 30 per page life, cancel never throttled (2.445833ms)
✔ SU03 signal failures are single-shot and sanitized: HTTP error, malformed body, wrong order (0.32925ms)
✔ private quote/option authority fields are required; only exact MANUAL home can checkout (2.840709ms)
✔ continue shopping advances only ordered version, clears hint, keeps SQL history authoritative (72.741625ms)
✔ lost next-cart response retries identical key/body and preserves a newer cart (2.261916ms)
✔ continuation never overwrites an already advanced cart (0.405042ms)
✔ unknown checkout blocks continuation without any business request (36.522667ms)
✔ two queued continuation clicks mutate once; stale order ID cannot clear another order (0.58325ms)
✔ CAS conflict resolves only after a newer cart is read (3.6985ms)
✔ locator removal failure retains next-cart journal and recovery survives missing locator (6.258ms)
✔ order history summary rejects PII/unknown fields and malformed scope IDs (0.1235ms)
✔ native address validation mirrors printable Unicode, limits and phone; journal forbids PII (16.388292ms)
✔ address lost reply replays exact in-memory intent, then confirms current head (7.239291ms)
✔ address reload requires explicit new intent and exact observed CAS; stale head never auto-bumps (127.600584ms)
✔ old address receipt cannot confirm another tab's newer current head (14.256625ms)
✔ a late address CAS winner requires another explicit confirmation, not an automatic version bump (1.933708ms)
✔ checkout lost reply, queued duplicate and current GET reuse one key and one order (6.678083ms)
✔ uncertain checkout retains original journal across later 401/403/404/5xx and malformed success (11.947292ms)
✔ only a fresh definitive denial clears checkout; no order locator is invented (5.247292ms)
✔ locator storage failure after commit retains same key; reload GET failure keeps locator (1.490416ms)
✔ locator persisted but journal removal failed resumes pending receipt, not unrelated pointer (3.515083ms)
✔ unavailable storage, invalid locator and late changed context fail closed (1.799375ms)
✔ order locator readback mismatch and no-op journal removal both retain checkout recovery (10.789958ms)
✔ direct claim continuation refuses a newer ordered cart inside the purchase lock (3.174459ms)
✔ direct claim continuation keeps next-cart recovery after a conflicting clear (1.873791ms)
✔ collector projection: admitted for derived connections, absent/null for primary (0.679459ms)
✔ collector rejects identifiers, extra keys and malformed text (0.119084ms)
✔ disclosure renders the contract §5 line with all three slots substituted (0.092834ms)
✔ the disclosure line exists exactly when the hosted view returns a collector (0.073375ms)
✔ a shop or collector name with a replacement pattern is shown literally (0.047292ms)
✔ OrderPayment renders the disclosure with the view, above every pay button, through the helper only (0.843791ms)
✔ BPT03 exact valid projection and Go nanosecond UTC timestamps (8.569333ms)
✔ BPT03 view rejects private fields, inconsistent state and malformed names (0.2215ms)
✔ BPT03 prepared receipt enforces exact original credit-card amount (0.534834ms)
✔ BPT03 hosted form and replay are exact, bounded and action-allowlisted (0.188916ms)
✔ SU01 Stripe views: fresh, both methods, attempt states, PAYUNi unchanged (0.153625ms)
✔ SU01 Stripe view negatives (0.126708ms)
✔ SU01 prepared amounts follow the corrected per-currency table (0.109041ms)
✔ SU01 Stripe handoff union and every redirect_url negative (0.232083ms)
✔ SU01 payment signal is exactly {order_id, scheduled:boolean} (0.091958ms)
✔ RUI01 refund summary: refunded states, pending money, absent ≡ null (0.14275ms)
✔ RUI01 refund summary negatives (0.121334ms)
✔ BPU03 neutral GET and POST return ignore every callback field and cookie (29.37175ms)
✔ primary origin: exact path/query, same host, and no URL-controlled destination (3.793ms)
✔ GET and HEAD use trusted Host, private bounded uncached resolver and exact 301 (171.22975ms)
✔ no writes redirected; resolution failures fail closed; unknown hosts keep native 404 (1.755666ms)
✔ policy version is the frozen constant, in the customers-core D4 shape (1.112125ms)
✔ route table: exactly the four buyer privacy routes, methods and body kinds (1.569959ms)
✔ body shapes are closed and mirror the frozen Go inputs (no source, no policy_version) (0.114584ms)
✔ GET privacy validator: closed shape, erased owner holds no consent (0.130458ms)
✔ consent result and erasure summary validators (0.300084ms)
✔ buyer export envelope never carries customer_id (1.261583ms)
✔ failure classification: 410 and erased are the erased state (0.244042ms)
✔ copy: every locale has the same keys, the ads box discloses that sent events cannot be recalled (0.496417ms)
✔ selected option photo uses a main display slot without adding a fifth main image (1.384959ms)
✔ use-cover selection and a main-thumbnail selection restore the original main gallery (0.393458ms)
✔ cart thumbnail uses variant then catalog image_id, including when main images are absent (0.144208ms)
✔ migrated four-main/five-detail images stay separate when the option photo changes (0.47375ms)
✔ real cart-detail composition uses server SKU image_id (v2 detail available) (75.696542ms)
✔ real cart-detail composition uses server SKU image_id (v2 detail unavailable) (108.786917ms)
✔ parity: frontend caps equal the Go constants (0.62775ms)
✔ detail parser: 4 main + 20 detail + option-value images are accepted and mapped (0.65775ms)
✔ detail parser: 5 main, 21 detail, bad ids and over-cap option images are refused (0.13575ms)
✔ detail parser: a backend before product-media-v2 (no new keys) still parses with empty defaults (0.439375ms)
✔ v1 catalog row: images are main-only (<= 4) and image_id is a uuid or null (0.828125ms)
✔ PRO-S1 code mirror: any case and spaces normalise; impossible codes never become a request (4.206458ms)
✔ PRO-S2 promotion object: closed keys, kind/value pairing (5.858792ms)
✔ PRO-S3 quote validator: promotion is optional but never malformed; the discount stays the server's own number (1.309ms)
✔ PRO-S4 journal grammar: a quote write may carry one canonical promo_code, nothing else (1.19025ms)
✔ PRO-S5 copy: three locales cover every refusal code and the same keys (1.062667ms)
✔ PRO-S6 BFF quote route: promo_code relayed untouched when canonical, refused before the private API otherwise (106.579875ms)
✔ PRO-S7 BFF: every promo_* refusal is a definite, non-retryable 422 with its own code (133.189917ms)
✔ demonstration disclosure is explicit and local-only (0.445833ms)
✔ cart selection preserves unrelated SKUs and the observed CAS version (5.851959ms)
✔ minor amounts are bounded before multiplication, including zero (0.110833ms)
✔ delivery identity includes country for one market and method (0.077458ms)
✔ journal is bound to context and rejects PII/unknown fields (0.247292ms)
✔ lost response replays exact key/body, then clears only after parsed receipt (222.659125ms)
✔ RUI02 buyer order admits MERCHANT_SHIPPED only with a SHIPPED head; absent shipment ≡ null (8.10825ms)
✔ RUI02 shipment shape negatives (incl. unsafe links) (0.879833ms)
✔ RUI02 history summary admits MERCHANT_SHIPPED (a shipped order must not break the list) (0.623666ms)
✔ CVSP01 options: CVS rows carry pickup_selection/payment_modes; unavailable rows are a separate shape (1.243833ms)
✔ CVSP02 CVS destination write: TW only, pickup_id required, empty home address; home unchanged (37.416ms)
✔ CVSP03 checkoutInput: payment_mode only for CVS rows and only a mode the row offers (1.86525ms)
✔ COD confirmation includes expected fee, enforces collect cap and validates immutable order money (1.98825ms)
✔ CVSP04 buyer order: pay_at_pickup <=> collection_state; cvs_shipment only on a matching CVS destination (1.268458ms)
✔ CVSP05 journal accepts a CVS destination marker and a checkout body with payment_mode, nothing else (12.717209ms)
✔ validProduct accepts up to the Go photo cap and rejects one more (2.378583ms)
✔ design: garbage and hostile documents collapse to the safe default shape (1.209334ms)
✔ design: links, preview token propagation, nav resolution (0.124667ms)
✔ design: any merchant accent yields readable button text and link colour (WCAG AA) (0.237125ms)
✔ variants: resolution, disabled out-of-stock combinations, initial choice, price bounds (0.155125ms)
✔ catalog-v2 parsers accept the frozen shapes and refuse drift (0.647333ms)
✔ free-delivery progress words the hint only when a threshold exists (0.319125ms)
✔ list query: only whitelisted, canonical values survive (0.928833ms)
✔ seo: JSON-LD cannot break out of its script tag; offers reflect stock and price range (221.388667ms)
✔ seo: sitemap escapes and carries hreflang; robots refuses everything for a closed host (0.266792ms)
✔ money: whole amounts drop cents, minor digits come from the currency, filters round-trip (0.667333ms)
✔ cart line write: replaces one line, keeps the others, 0 removes, CAS version is the one shown (0.974666ms)
✔ cart problems map to buyer-facing classes without leaking transport detail (0.104584ms)
✔ checkout options accept the optional free-shipping threshold only as a positive integer or null (0.204541ms)
✔ no-image placeholder copy: exactly the locale label a photo-less card or gallery renders (0.065625ms)
✔ storefront image caps equal the Go catalog caps (internal/catalog MaxMainImages, MaxDetailImages) (15.848709ms)
✔ design text limits count code points like Go, never splitting a surrogate pair (1.026542ms)
✔ G3: same-series cards exclude the current product and never invent absent draft/foreign products (29.348167ms)
✔ G5: safety guidance exists in three languages without changing the five merchant policy approval boundaries (4.786ms)
✔ G4: category chips omit empty collections; hidden collections absent from the public API stay absent (0.592625ms)
✔ OrderHistory renders server order instant in Taipei (14.721292ms)
✔ ClaimLink renders claim expiry in Taipei (116.603833ms)
✔ BankTransfer renders deadline and proof instant in Taipei (29.869791ms)
✔ BankTransfer proof echo labels store time in en (15.679083ms)
✔ BankTransfer proof echo labels store time in zh-TW (6.142125ms)
✔ BankTransfer proof echo labels store time in zh-CN (3.942458ms)
✔ BankTransfer input describes the device zone in en (8.730917ms)
✔ BankTransfer input describes the device zone in zh-TW (10.613292ms)
✔ BankTransfer input describes the device zone in zh-CN (6.777375ms)
✔ BankTransfer input has a generic label when Intl has no zone in en (8.207334ms)
✔ BankTransfer input has a generic label when Intl has no zone in zh-TW (21.152583ms)
✔ BankTransfer input has a generic label when Intl has no zone in zh-CN (3.544541ms)
✔ ShopFooter uses Taipei year across UTC year boundary (5.165708ms)
✔ BankTransfer deadline labels store time in en (4.078375ms)
✔ BankTransfer deadline labels store time in zh-TW (5.248ms)
✔ BankTransfer deadline labels store time in zh-CN (3.0765ms)
✔ OrderHistory states the Taipei time zone once in en (2.513375ms)
✔ OrderHistory states the Taipei time zone once in zh-TW (2.130708ms)
✔ OrderHistory states the Taipei time zone once in zh-CN (3.164167ms)
✔ dictionaries have exact parity and non-empty values (4.374583ms)
✔ locale precedence and language quality mapping (2.588666ms)
✔ localized paths preserve deep links and reject dangerous input (1.97575ms)
✔ path locale only matches a canonical first segment (0.120916ms)
✔ the four constructs render (46.082541ms)
✔ XSS payloads stay inert text (4.599625ms)
✔ fuzz: any string over a hostile alphabet renders only whitelisted tags (56.537ms)
✔ validator mirrors the Go rules (0.241584ms)
✔ SDN1 allowlist: exactly the contract routes, per method (1.71475ms)
✔ SDN1 allowlist: traversal, case, suffix and prefix tricks never match (0.907625ms)
✔ SDN1 request shape: no query string anywhere, reads carry no body, key, length or transfer-encoding (200.448458ms)
✔ SDN1 cap: 260 KiB = Go's 256 KiB document + 4 KiB envelope, and a body of exactly the cap is still below it (0.070042ms)
✔ SDN2 renderer: every XSS payload comes out as whitelisted tags and escaped text only (1.995ms)
✔ SDN2 renderer: escape-first means the merchant's text never becomes markup (0.134792ms)
✔ SDN2 renderer: fuzz (seeded) never produces a tag outside the whitelist (36.257083ms)
✔ SDN2 client validator rejects what the server rejects (HTML, non-https links, `<` anywhere) (0.607083ms)
✔ cleanForSave turns cleared fields into null but keeps an empty body (1.14225ms)
✔ localIssues names each missing mandatory value by server path (1.735833ms)
✔ moved swaps neighbours and ignores out-of-range moves (0.512125ms)
✔ parsers accept the exact Go shapes and refuse extra or missing keys (16.062292ms)
✔ BFF allowlist covers exactly the design resources (0.741ms)
✔ validDesignRequest refuses queries and bodies on reads, ignores other paths (148.070208ms)
✔ designDetails forwards only a bounded {path, reason} pair (0.860167ms)
✔ accepts exactly the three locale invite paths with a 20-200 char token (1.0795ms)
✔ rejects anything that is not an exact same-origin relative invite path (0.274833ms)
✔ rejects percent-encoded variants of the exact shape (0.1995ms)
✔ the token is an opaque invite token shape, never a URL (0.174208ms)
✔ fragment carrier: round-trips the exact invite path, is never a query string, and rejects hostile fragments (0.492167ms)
✔ dashboard: accepts the frozen shape, rejects drift (4.653667ms)
✔ import result: strict keys, closed error codes, committed never carries errors (0.99175ms)
✔ csv file guard mirrors the Go bounds (0.915041ms)
✔ manual options: a COD home row parses with its offer (D01: the page used to refuse the whole list) (3.142959ms)
✔ manual options: only bank_transfer / pay_at_pickup / cash_on_delivery, key must equal market|country|code (0.174084ms)
✔ manual result: link is https with the order id and a 43-char capability in the fragment only (0.323084ms)
✔ draft: first problem, and the body has no price-like field at all (0.507ms)
✔ BFF grammar: exactly the seven tools resources (0.08825ms)
✔ regenerate body/result: exactly {order_id, locale} and a fresh https link naming that order (0.281333ms)
✔ copy parity: every locale has every key, import rules and error codes (0.480125ms)
✔ callback redirect target is always a same-origin /<locale>/settings path whatever the cookies, store, code or error say (4.198708ms)
✔ the binding cookie: exactly one canonical store uuid, path-scoped to the callback, HttpOnly, Lax, 10 minutes, Secure (0.622792ms)
✔ callback query: exactly one code and one state within charset/length bounds; Meta's error=… and repeats are not forwarded (1.922ms)
✔ the dialog URL the BFF hands the browser is https://www.facebook.com only (0.177583ms)
✔ callback error mapping only ever yields fixed codes, never an upstream message (0.14375ms)
✔ selected Page qualifies only a bare Facebook id, never rewrites another Page or external URL (8.20775ms)
✔ status: not connected, connected with and without Instagram, and every deviation throws (3.354958ms)
✔ pick state: closed shape, optional Instagram keys come as a pair, id must match (0.667708ms)
✔ route grammar: only status/states/pick/disconnect; start and callback are dedicated routes; no query; reads carry no body or key (122.400959ms)
✔ connect cookie, body and callback redirect never carry code/state and only fixed codes (0.930125ms)
✔ copy: three locales have the same keys and every Go error code has a message (0.295833ms)
✔ review-required remains restricted; evidence does not promote state (3.40475ms)
✔ legacy omission remains unidentified, independent of array order (4.386708ms)
✔ closed shapes reject unknown state/provider/evidence, leaked fields and inconsistent severity (1.105333ms)
✔ duplicate capabilities/pages and unbounded arrays cannot become trusted state (0.401334ms)
✔ worst Page determines advice, no raw upstream reason reaches copy (1.264083ms)
✔ recheck receipt means scheduled; timestamps and closed keys are checked (13.561708ms)
✔ exact keyless route grammar rejects query/key/body confusion (25.796708ms)
✔ recheck takes exactly page_id and no caller-provided scope (0.604792ms)
✔ blocking advice comes from the blocking capability, not a secondary public-reply warning (0.126042ms)
✔ clean health browser mode prepares admin standalone before starting its fixture (24.698416ms)
✔ en: expired connection retains its full refusal inside a wrapping badge (9.939291ms)
✔ zh-TW: expired connection retains its full refusal inside a wrapping badge (38.531875ms)
✔ zh-CN: expired connection retains its full refusal inside a wrapping badge (4.72725ms)
✔ actual B1 snapshot state remains ok even when a fixture expected review_required (4.006167ms)
✔ D02 TWD input: whole dollars only, x100 on the wire (150.899333ms)
✔ D02 TWD edit text: whole dollars have no decimals; a legacy amount with cents is never shown as another price (0.668292ms)
✔ D02 display: NT$ without decimals in every language, cents only when there are cents (1.825833ms)
✔ D02 live-price input (Studio claims): TWD whole dollars, other currencies their decimals (0.2195ms)
✔ D02 discount code amounts: TWD whole dollars, a decimal is refused before it is sent (0.297458ms)
✔ D02 no admin copy or component says 'minor units' to the merchant (111.145917ms)
✔ M06 time: Asia/Taipei everywhere, labelled, never UTC (10.27725ms)
✔ settings answer: exactly one boolean key (1.322333ms)
✔ PUT body is the frozen single key (0.222667ms)
✔ BFF grammar: GET read, PUT keyed command, nothing else (0.515042ms)
✔ copy: three locales, same keys, no empty text (0.402291ms)
✔ PRM01 parse: exact keys, kind/value pairing and ranges; duplicates and unknown keys are refused (2.845458ms)
✔ PRM02 Taipei wall time: +08:00 on the wire, instant shown back in Taipei, impossible dates refused (133.775083ms)
✔ PRM03 create body: normalised code, major units to minor units, optional fields null, whole body validated (5.416958ms)
✔ PRM04 update + toggle: version CAS key, form round trip, pause keeps every other field (0.434959ms)
✔ PRM05 BFF grammar: exactly list, create and update; nothing generic (1.202667ms)
✔ PRM06 copy: three locales carry the same keys and every refusal code the Go routes can answer (0.384375ms)
✔ G-UI3/G-UI5 architecture constraints pass with shrinking legacy exceptions (3454.08775ms)
✔ G-UI3/G-UI5 negatives: new formatter, component fetch, >800 lines and wider allowance fail (1.280417ms)
✔ Readiness jump controls expose the actual active section, not a click flag (0.937167ms)
✔ Integrator P2: legal CN comment ordering and a distinct three-image recommendation (0.1855ms)
✔ ADM04 and ADM06 explain unavailable SKUs and keep collection vocabulary consistent (11.206333ms)
✔ ADM06 create/detail titles share the route vocabulary without adding a phantom Next page (1.543625ms)
✔ G-UI1 Next pages and route registry are bidirectional, unique, typed, documented (3.893833ms)
✔ G-UI1 copy key parity: no missing or extra key in any locale (0.111417ms)
✔ G-UI2 staff without catalog:read cannot see products/inventory or open a product URL (0.235917ms)
✔ G-UI2 every route permission is a permission Go knows, and /orders/new needs inventory:reserve (191.761041ms)
✔ G-UI1 dynamic and public routes match, details never appear as navigation (0.576959ms)
✔ W6-U2 ledger is a settings in-page route, preserving existing navigation (0.188667ms)
✔ Every browser spec clicks nav-orders: the orders group stays a singleton, so returns/new/print routes are nav: false (0.256584ms)
✔ shell-registry: every routed path has exactly one nonempty shared h1 in all three locales (1216.919334ms)
✔ shell-registry: orders stays one actual group button on live and non-live routes (69.408709ms)
✔ shell-registry: loading/expired/unavailable/forbidden keep one safe heading and never leak private content (104.917042ms)
✔ created address is a strict HTTPS origin matching the assigned handle (1.141292ms)
✔ DNS instructions must name the requested origin and a bare hostname target (0.847709ms)
✔ domain kind is authoritative and closed, not inferred from host or token (0.45175ms)
✔ apex DNS retains every concrete IPv4/IPv6 address and rejects malformed values (1.136667ms)
✔ pending domain journal preserves exact action/key/target; legacy or corrupt markers never replay (0.453125ms)
✔ browser-origin gate: every refusal happens before Go is called, for every action (372.009542ms)
✔ only POST exists on the team routes (16.135417ms)
✔ unknown action is a local 404 and never reaches Go (0.669042ms)
✔ strict request grammar: wrong keys, types, ids, roles, locales and token shapes are 422 locally (24.645958ms)
✔ what reaches Go: BFF key, bearer from the cookie, no Cookie/Origin, body unchanged, exactly one call per request (464.721584ms)
✔ Go failures are rebuilt locally from allow-listed codes, never retried, and never echo the token (349.885291ms)
✔ team answer: accepts the frozen shape, null role and OIDC member without email (9.150959ms)
✔ team answer: unknown key, unknown role, bad id, bad mail state are rejected (141.423667ms)
✔ invite and accept answers are strict (1.264958ms)
✔ request grammar: every action has an exact key set and rejects junk values (1.090625ms)
✔ copy: three locales carry the same keys and a label for every role (1.1895ms)
✔ role-aware navigation: hides entries the member's permissions cannot use; unknown shows all; Team is owner-only (0.93125ms)
✔ P02 settlements directory rejects missing/link/owner/group/mode with a valid control (1017.908166ms)
✔ preflight health permission grammars and API/worker consistency fail closed (5929.621542ms)
✔ merchant alert flag is explicit 0|1 and independently requires SMTP (2472.388208ms)
✔ shared loader makes API/worker LIVE pair file-only before Compose interpolation (488.065042ms)
✔ export bind accepts omitted JSON false but rejects unsafe source/config mutations (2.850125ms)
✔ sanctioned operator allowlist and fail-closed gates (fake docker, no network) (2918.774709ms)
✔ platform operator custody, export mount and binary are wired (217.33275ms)
✔ actual export bind refuses a missing directory; enabling auto-create is detected (659.55025ms)
✔ R3 preflight rejects cancelled PAYUNi, validates Page app and keeps LIVE pair mandatory (1330.780833ms)
✔ R3 smoke exercises exact denied probes, accepts 404 only for disabled mounts (124.220208ms)
✔ positive control: a complete, valid configuration raises no META_LOGIN finding (2369.663542ms)
✔ feature off (COMMERCE_META_LOGIN_CONFIG_ID empty): no rule applies even with the other keys empty (742.519458ms)
✔ P06: the Page route needs the webhook receiver (621.008833ms)
✔ P06: sessions come from identity (545.336666ms)
✔ P06: without the claims profile nobody sends the private replies (a WARN, not a FAIL) (611.7665ms)
✔ P08: COMMERCE_META_LOGIN_CONFIG_ID must be numeric ("abc") (709.300167ms)
✔ P08: COMMERCE_META_LOGIN_CONFIG_ID must be numeric ("12 34") (401.685042ms)
✔ P08: COMMERCE_META_LOGIN_CONFIG_ID must be numeric ("111111111111") (405.256459ms)
✔ P08: COMMERCE_META_LOGIN_CONFIG_ID must be numeric ("0x10") (381.648666ms)
✔ P08: COMMERCE_META_LOGIN_CONFIG_ID must be numeric ("-1") (394.906333ms)
✔ P08: COMMERCE_META_LOGIN_REDIRECT_URI must be exactly https://<LC_ADMIN_HOST>/api/meta/callback (wrong host) (328.483ms)
✔ P08: COMMERCE_META_LOGIN_REDIRECT_URI must be exactly https://<LC_ADMIN_HOST>/api/meta/callback (http scheme) (365.026333ms)
✔ P08: COMMERCE_META_LOGIN_REDIRECT_URI must be exactly https://<LC_ADMIN_HOST>/api/meta/callback (the ads callback path) (307.133125ms)
✔ P08: COMMERCE_META_LOGIN_REDIRECT_URI must be exactly https://<LC_ADMIN_HOST>/api/meta/callback (trailing slash) (260.5505ms)
✔ P08: COMMERCE_META_LOGIN_REDIRECT_URI must be exactly https://<LC_ADMIN_HOST>/api/meta/callback (query string) (303.25825ms)
✔ P08: COMMERCE_META_LOGIN_REDIRECT_URI must be exactly https://<LC_ADMIN_HOST>/api/meta/callback (empty) (290.38ms)
✔ P08: COMMERCE_META_LOGIN_GRAPH_VERSION grammar vNN.N ("26.0") (275.078167ms)
✔ P08: COMMERCE_META_LOGIN_GRAPH_VERSION grammar vNN.N ("v26") (240.5345ms)
✔ P08: COMMERCE_META_LOGIN_GRAPH_VERSION grammar vNN.N ("v26.0.1") (218.548084ms)
✔ P08: COMMERCE_META_LOGIN_GRAPH_VERSION grammar vNN.N ("latest") (293.992542ms)
✔ P08: COMMERCE_META_LOGIN_GRAPH_VERSION grammar vNN.N ("") (366.919ms)
✔ P08: COMMERCE_META_LOGIN_GRAPH_VERSION grammar vNN.N ("v1000.0") (351.420792ms)
✔ P08: COMMERCE_META_LOGIN_GRAPH_VERSION accepts v26.0 (249.0775ms)
✔ P08: COMMERCE_META_LOGIN_GRAPH_VERSION accepts v22.0 (200.868ms)
✔ P08: COMMERCE_META_LOGIN_GRAPH_VERSION accepts v99.9 (338.422583ms)
✔ production without any alert channel is a FAIL (nobody would hear the next outage) (2340.835042ms)
✔ outside production the same gap is only a WARN (839.029708ms)
✔ a webhook alone satisfies the rule (553.715833ms)
✔ an e-mail target with a complete relay (host, username, secret) satisfies the rule (606.215167ms)
✔ an e-mail target without the relay secret cannot be sent: FAIL in production, WARN elsewhere (1390.668083ms)
✔ the example's CHANGE_ME_SENDER placeholder is not a relay: the e-mail target cannot be sent (483.647375ms)
✔ LC_ALERT_EMAIL must be one plain address ("not-an-address") (339.044209ms)
✔ LC_ALERT_EMAIL must be one plain address ("two@fake.invalid,three@fake.invalid") (310.728833ms)
✔ LC_ALERT_EMAIL must be one plain address ("a b@fake.invalid") (380.421166ms)
✔ LC_ALERT_EMAIL must be one plain address ("<owner@fake.invalid>") (353.040625ms)
✔ LC_ALERT_EMAIL must be one plain address ("owner@fake") (363.627875ms)
✔ storefront cart-line removal is reversible: clicked for real, not guarded (1.399417ms)
✔ destructive / irreversible / sign-out classification (owner list, en + zh) (0.720875ms)
✔ alike controls (rows with ids / numbers) share one class key (0.14425ms)
✔ known defects classify, never silence: stale entries are reported (0.414333ms)
✔ the markdown ledger has one row per interaction and names the verdict (0.216333ms)
✔ protocolHrefOK accepts well-formed tel:/mailto: and rejects malformed ones (0.202792ms)
✔ J1 waits for enabled media and clicks a real chooser; the uploaded cover is bound to the main section (1440.911125ms)
✔ J1 cannot credit a detail-image receipt as the main cover (0.9465ms)
✔ J1 refuses a failed cover upload rather than continuing to activate (0.263084ms)
✔ thresholds are the named constants of the brief (3.605875ms)
✔ R1: document wider than the viewport, and the outermost element past the edge (0.440333ms)
✔ R2: label tops, control tops and control heights of one visual row (3.467292ms)
✔ R2: what is one row and what is not (0.439583ms)
✔ R2: a button beside a field has to line up with its control (0.4875ms)
✔ R3: a row made tall by stacked controls, a control wider than its cell (1.211334ms)
✔ R3: a matrix whose EVERY row is doubled by a stacked stock cell (the median cannot see it) (0.438625ms)
✔ R4: small text, helper text apart, icons and duplicates excepted (2.91175ms)
✔ R5: tap targets on the 390 viewport only (2.628208ms)
✔ R6: interactive elements and text boxes that overlap (0.927ms)
✔ R7: text clipped inside a control or label (either side), and select values that do not fit (0.473833ms)
✔ R8: the same visible label twice in one list (0.525625ms)
✔ evaluate() tags severity, selectRecords() keeps distinct groups first and counts every instance (0.924958ms)
✔ R9: text and controls flush to the screen edge at 390 (1.558167ms)
✔ R6/R9 judge the visible (ancestor-clipped) rectangle, not the raw one (integrator ruling 2026-10-05) (1.006958ms)
✔ R10: a fixed or sticky bar covering main content after scrolling (3.481458ms)
✔ R11: controls narrower than a usable width (0.86725ms)
ℹ tests 448
ℹ suites 0
ℹ pass 448
ℹ fail 0
ℹ cancelled 0
ℹ skipped 0
ℹ todo 0
ℹ duration_ms 17445.90375
✔ closed projections reject secret-shaped extras, invalid enums, IDs and contradictory capabilities (0.801166ms)
✔ detail accepts only bounded events and keeps actual server action flags (0.414708ms)
✔ BFF exact routes and request grammar forbid keys/body on reads, filters on detail and arbitrary writes (23.801708ms)
✔ copy parity, safe object navigation and UNKNOWN/protective reasons (0.607916ms)
✔ read-only store capability never exposes a command even if the state allows one (0.274208ms)
✔ duplicate escaped keys cannot bypass the exact command grammar (0.189458ms)
✔ query backoff affects only its operation and expires without another action (0.226709ms)
✔ merchant reason text translates ledger events and conceals unknown or prototype codes (0.187834ms)
✔ ledger read navigation requires effective integration:read permission regardless of role (0.405333ms)
ℹ tests 9
ℹ suites 0
ℹ pass 9
ℹ fail 0
ℹ cancelled 0
ℹ skipped 0
ℹ todo 0
ℹ duration_ms 110.745167
✔ OrderHistory renders server order instant in Taipei (57.311916ms)
✔ ClaimLink renders claim expiry in Taipei (2.711125ms)
✔ BankTransfer renders deadline and proof instant in Taipei (2.444792ms)
✔ BankTransfer proof echo labels store time in en (1.80075ms)
✔ BankTransfer proof echo labels store time in zh-TW (2.594958ms)
✔ BankTransfer proof echo labels store time in zh-CN (2.64825ms)
✔ BankTransfer input describes the device zone in en (3.422792ms)
✔ BankTransfer input describes the device zone in zh-TW (2.76875ms)
✔ BankTransfer input describes the device zone in zh-CN (2.024875ms)
✔ BankTransfer input has a generic label when Intl has no zone in en (1.947ms)
✔ BankTransfer input has a generic label when Intl has no zone in zh-TW (1.793667ms)
✔ BankTransfer input has a generic label when Intl has no zone in zh-CN (1.924ms)
✔ ShopFooter uses Taipei year across UTC year boundary (4.344ms)
✔ BankTransfer deadline labels store time in en (2.670542ms)
✔ BankTransfer deadline labels store time in zh-TW (2.812583ms)
✔ BankTransfer deadline labels store time in zh-CN (2.708459ms)
✔ OrderHistory states the Taipei time zone once in en (1.830291ms)
✔ OrderHistory states the Taipei time zone once in zh-TW (1.252458ms)
✔ OrderHistory states the Taipei time zone once in zh-CN (1.105833ms)
✔ Meta rejection wording is preserved as bounded Unicode text, never translated (1.718375ms)
✔ frozen error codes: model list equals the frozen list, each is read from both error shapes (0.757333ms)
✔ copy: every code, status, op state and connect error has text in all three locales (0.278875ms)
✔ copy never calls a budget a hard stop and never offers resume (0.596209ms)
✔ draft: every §5.1 status parses; unknown status/template/op state is an error, never guessed (0.462875ms)
✔ draft: optional fields, remote ids and the Ads Manager link (0.76775ms)
✔ action hints: pause whenever a remote id exists and not ENDED; a paused draft is only ever copied (X7) (0.774917ms)
✔ money: whole units to minor with integer math; TWD must be whole (13.125041ms)
✔ Taipei schedule: wall inputs and draft projections ignore the viewer zone (8.320584ms)
✔ Taipei schedule: invalid calendar days are rejected and all copy names UTC+8 (0.938667ms)
✔ draft input: exact 11-key body and every local rule (7.380958ms)
✔ draft form round trip and X7 copy (blank schedule, no id, no revision) (0.247834ms)
✔ settings parser: environment enum, connections, identities, capi (0.51075ms)
✔ connect state parser: pick list kinds and id match (0.191625ms)
✔ report: three separate blocks, orders may be null, no combined figure (0.441333ms)
✔ default report window is the Asia/Taipei store day whatever the viewer's zone is (Taipei midnight boundary) (5.22225ms)
✔ capi body and validation (0.196917ms)
✔ W6-06B unbind response: exact keys, account, UUIDs and outcome semantics (0.506125ms)
✔ W6-06B in-flight details preserve bounded items and total, reject unknown shapes (0.55675ms)
✔ W6-06B catalog feed has exact public URL/domain pairs or published-store empty (0.425125ms)
✔ W6-06B copy preserves unbind boundaries and feed recovery in three locales (0.544ms)
✔ W6-06B feed selection follows origin order, not full feed URL order (0.110459ms)
✔ customer list accepts the frozen row and rejects unknown keys, dup ids, bad cursor, oversize (2.614291ms)
✔ customer row invariants: nulls for bundle-only/erased, counts, money, consents (0.67475ms)
✔ customer detail: bounded lists, order summaries reuse the orders parser, id must match (3.290084ms)
✔ erasure summary is four counts only (0.188042ms)
✔ finance summary: net = captured - refunded (I05), totals carry an empty day, sandbox flag (0.5375ms)
✔ financeDay is the UTC+8 day (0.062917ms)
✔ finance defaults keep Taipei dates across midnight, leap day and year end (0.081167ms)
✔ tags and notes are parsed strictly (W6-01B) (0.63175ms)
✔ TSX seam refuses an unlisted import (3.931792ms)
✔ Ads merchant timestamp uses Taipei at the year boundary (14.106709ms)
✔ Design version published_at cell uses Taipei at the year boundary (2.755ms)
✔ ManualOrder bank-transfer expiry uses Taipei at the year boundary (3.975667ms)
ℹ tests 53
ℹ suites 0
ℹ pass 53
ℹ fail 0
ℹ cancelled 0
ℹ skipped 0
ℹ todo 0
ℹ duration_ms 239.078458
✔ OrderHistory renders server order instant in Taipei (12.547625ms)
✔ ClaimLink renders claim expiry in Taipei (4.106ms)
✔ BankTransfer renders deadline and proof instant in Taipei (3.815375ms)
✔ BankTransfer proof echo labels store time in en (2.921917ms)
✔ BankTransfer proof echo labels store time in zh-TW (2.567ms)
✔ BankTransfer proof echo labels store time in zh-CN (3.196708ms)
✔ BankTransfer input describes the device zone in en (4.859625ms)
✔ BankTransfer input describes the device zone in zh-TW (5.546625ms)
✔ BankTransfer input describes the device zone in zh-CN (5.571792ms)
✔ BankTransfer input has a generic label when Intl has no zone in en (3.643333ms)
✔ BankTransfer input has a generic label when Intl has no zone in zh-TW (3.866084ms)
✔ BankTransfer input has a generic label when Intl has no zone in zh-CN (3.223708ms)
✔ ShopFooter uses Taipei year across UTC year boundary (3.681ms)
✔ BankTransfer deadline labels store time in en (4.062125ms)
✔ BankTransfer deadline labels store time in zh-TW (3.470666ms)
✔ BankTransfer deadline labels store time in zh-CN (5.933458ms)
✔ OrderHistory states the Taipei time zone once in en (3.3815ms)
✔ OrderHistory states the Taipei time zone once in zh-TW (3.1945ms)
✔ OrderHistory states the Taipei time zone once in zh-CN (3.597167ms)
✔ Meta rejection wording is preserved as bounded Unicode text, never translated (1.454084ms)
✔ frozen error codes: model list equals the frozen list, each is read from both error shapes (1.042666ms)
✔ copy: every code, status, op state and connect error has text in all three locales (0.620125ms)
✔ copy never calls a budget a hard stop and never offers resume (0.757875ms)
✔ draft: every §5.1 status parses; unknown status/template/op state is an error, never guessed (1.104167ms)
✔ draft: optional fields, remote ids and the Ads Manager link (0.76475ms)
✔ action hints: pause whenever a remote id exists and not ENDED; a paused draft is only ever copied (X7) (0.286833ms)
✔ money: whole units to minor with integer math; TWD must be whole (14.91625ms)
✔ Taipei schedule: wall inputs and draft projections ignore the viewer zone (6.245041ms)
✔ Taipei schedule: invalid calendar days are rejected and all copy names UTC+8 (0.790459ms)
✔ draft input: exact 11-key body and every local rule (4.524333ms)
✔ draft form round trip and X7 copy (blank schedule, no id, no revision) (0.410041ms)
✔ settings parser: environment enum, connections, identities, capi (0.580542ms)
✔ connect state parser: pick list kinds and id match (0.182917ms)
✔ report: three separate blocks, orders may be null, no combined figure (0.474875ms)
✔ default report window is the Asia/Taipei store day whatever the viewer's zone is (Taipei midnight boundary) (3.981583ms)
✔ capi body and validation (0.350667ms)
✔ W6-06B unbind response: exact keys, account, UUIDs and outcome semantics (0.468291ms)
✔ W6-06B in-flight details preserve bounded items and total, reject unknown shapes (0.685291ms)
✔ W6-06B catalog feed has exact public URL/domain pairs or published-store empty (0.382083ms)
✔ W6-06B copy preserves unbind boundaries and feed recovery in three locales (0.08475ms)
✔ W6-06B feed selection follows origin order, not full feed URL order (0.241458ms)
✔ customer list accepts the frozen row and rejects unknown keys, dup ids, bad cursor, oversize (3.688958ms)
✔ customer row invariants: nulls for bundle-only/erased, counts, money, consents (3.136458ms)
✔ customer detail: bounded lists, order summaries reuse the orders parser, id must match (2.426375ms)
✔ erasure summary is four counts only (0.090417ms)
✔ finance summary: net = captured - refunded (I05), totals carry an empty day, sandbox flag (0.3105ms)
✔ financeDay is the UTC+8 day (0.060834ms)
✔ finance defaults keep Taipei dates across midnight, leap day and year end (0.081375ms)
✔ tags and notes are parsed strictly (W6-01B) (1.164333ms)
✔ TSX seam refuses an unlisted import (4.841792ms)
✔ Ads merchant timestamp uses Taipei at the year boundary (15.054583ms)
✔ Design version published_at cell uses Taipei at the year boundary (5.759542ms)
✔ ManualOrder bank-transfer expiry uses Taipei at the year boundary (4.584833ms)
ℹ tests 53
ℹ suites 0
ℹ pass 53
ℹ fail 0
ℹ cancelled 0
ℹ skipped 0
ℹ todo 0
ℹ duration_ms 224.214
✔ legacy display sentinels preserve a list row without admitting arbitrary or private data (1.658458ms)
✔ orders-v2 accepts bounded filters and Taipei inclusive dates; rejects ambiguity (0.882584ms)
✔ orders-v2 rejects client count approximations, unbounded or extra response data (0.148917ms)
✔ all three locales label every task queue, payment and delivery mode (0.310625ms)
ℹ tests 4
ℹ suites 0
ℹ pass 4
ℹ fail 0
ℹ cancelled 0
ℹ skipped 0
ℹ todo 0
ℹ duration_ms 81.1575
✔ numeric store IDs have no suggestion BFF or browser client (0.600292ms)
ℹ tests 1
ℹ suites 0
ℹ pass 1
ℹ fail 0
ℹ cancelled 0
ℹ skipped 0
ℹ todo 0
ℹ duration_ms 70.7215
✔ ADM10 operator sentence is localized while product and company facts stay authoritative (0.415167ms)
✔ PS review: actual Host matching normalizes case, port and a terminal DNS dot, never forwarded authority (0.21975ms)
✔ PS review: privacy/terms retain Messenger and Instagram purpose disclosure; deletion uses exact UI labels (0.104792ms)
✔ P2-N1 zh-TW/privacy: current comments and private reply, conditional inbound messages (0.074792ms)
✔ P2-N1 zh-TW/terms: current comments and private reply, conditional inbound messages (0.043125ms)
✔ P2-N1 zh-CN/privacy: current comments and private reply, conditional inbound messages (0.033625ms)
✔ P2-N1 zh-CN/terms: current comments and private reply, conditional inbound messages (0.044708ms)
✔ P2-N1 en/privacy: current comments and private reply, conditional inbound messages (0.040542ms)
✔ P2-N1 en/terms: current comments and private reply, conditional inbound messages (0.0395ms)
✔ PS1 legal identity is one untranslated source (0.077167ms)
✔ PS1 contact and hosts come only from configuration; production fails closed (0.379041ms)
✔ PS2 public routes default to zh-TW, restrict page/locale, and never include admin (0.376ms)
✔ PS4 optional Meta verification value never has a fake default (0.04875ms)
✔ PS1 every locale uses the same product name in auth page titles (0.037875ms)
✔ PS1 public page copy has three complete locales, no invented operator identity or contact (0.190334ms)
✔ PS1 production build validates config; public data is not bundled through NEXT_PUBLIC (0.224208ms)
✔ PS review: admin image installs the manifests for its workspace dependencies before building (0.107458ms)
ℹ tests 17
ℹ suites 0
ℹ pass 17
ℹ fail 0
ℹ cancelled 0
ℹ skipped 0
ℹ todo 0
ℹ duration_ms 75.140833
✔ R11 SQL's exact receipt states are accepted; missing/forged operation/state remains unknown (0.830875ms)
✔ R11 durable receipt journal validates phase against exact operation state (0.356041ms)
✔ R11 actual read control distinguishes replay/inflight/unknown/failure in en (4.285542ms)
✔ R11 actual read control distinguishes replay/inflight/unknown/failure in zh-TW (0.623083ms)
✔ R11 actual read control distinguishes replay/inflight/unknown/failure in zh-CN (0.515583ms)
✔ unknown journal retains exact key/boundary and is scoped to store+session; malformed state fails closed (0.123ms)
✔ R12 read hook keeps network UNKNOWN on one key and explicitly refreshes acknowledged UNKNOWN (12.617583ms)
✔ actual POST transport uses CSRF and session fence; 403 independent of response text (14.146041ms)
✔ R10 ROAS has exactly two decimals in en (10.249375ms)
✔ R10 unknown ROAS is never fabricated as zero in en (0.075167ms)
✔ R10 ROAS has exactly two decimals in zh-TW (0.167375ms)
✔ R10 unknown ROAS is never fabricated as zero in zh-TW (0.036542ms)
✔ R10 ROAS has exactly two decimals in zh-CN (0.119542ms)
✔ R10 unknown ROAS is never fabricated as zero in zh-CN (0.0295ms)
✔ shared presentation preserves registry title and one empty buyer message in en (24.415542ms)
✔ R11 large linked-draft list is complete but collapsed in en (3.01275ms)
✔ shared presentation preserves registry title and one empty buyer message in zh-TW (5.91825ms)
✔ R11 large linked-draft list is complete but collapsed in zh-TW (2.578084ms)
✔ shared presentation preserves registry title and one empty buyer message in zh-CN (5.19675ms)
✔ R11 large linked-draft list is complete but collapsed in zh-CN (2.410958ms)
✔ R11 timeline distinguishes local unknown spend from explicit Meta zero in en (2.975542ms)
✔ R11 timeline distinguishes local unknown spend from explicit Meta zero in zh-TW (3.567209ms)
✔ R11 timeline distinguishes local unknown spend from explicit Meta zero in zh-CN (1.910667ms)
✔ R11 I12 nullable Meta evidence survives without becoming zero (0.222709ms)
✔ R11 actual panel rendering preserves unknowns and reconnect route in en (9.872083ms)
✔ R11 actual panel rendering preserves unknowns and reconnect route in zh-TW (10.545458ms)
✔ R11 actual panel rendering preserves unknowns and reconnect route in zh-CN (11.158459ms)
✔ D1, D6, R7: exact amounts and sources remain independent, account days stay labelled (0.190791ms)
✔ R12: null stays unknown and unread / unauthorised / insufficient remain different states (0.231916ms)
✔ R12 granted but unread audience offers a read, never reconnect in en (1.5755ms)
✔ R12 granted but unread audience offers a read, never reconnect in zh-TW (1.581375ms)
✔ R12 granted but unread audience offers a read, never reconnect in zh-CN (1.5375ms)
✔ I12 forged / missing frozen fields never silently become zeros (0.863334ms)
✔ only whitelisted aggregates survive: extra identifiers and HTML are never interpreted (0.057375ms)
✔ attribution is a read-only BFF resource with exact bounded query grammar (0.304334ms)
✔ audience-read is exactly the new local intention POST and never a data GET or queried write (0.252209ms)
✔ route fails closed without ads:read and is not a duplicate navigation entry; locale keys match (0.093666ms)
ℹ tests 37
ℹ suites 0
ℹ pass 37
ℹ fail 0
ℹ cancelled 0
ℹ skipped 0
ℹ todo 0
ℹ duration_ms 396.146958
✔ card-payments copy: identical key sets in all three locales (0.743166ms)
✔ merchant terms are quoted verbatim (contract §5) in the enable dialog (0.191959ms)
✔ ruling-fixed strings: platform not OPEN and BLOCKED note (0.054542ms)
✔ error map covers every frozen refusal code from migrations/0137 (0.068375ms)
✔ no Stripe account id, key or approval id shape appears in any copy string (0.221208ms)
✔ storefront collector disclosure matches contract §5 templates in three languages (0.052167ms)
✔ the merchant terms in the dialog are the contract §5 sentence, extracted from the contract (0.092542ms)
✔ the storefront templates are the contract §5 lines, extracted from the contract (0.106ms)
✔ settlement copy: deduction columns are labelled as deductions in every language, with a legend and the net formula (0.228667ms)
✔ there is no separate 'not on the allowlist' message: it reads as not open (review P1-2) (0.078417ms)
✔ card summary accepts the frozen shape incl. all-null platform NONE (0.80325ms)
✔ card summary rejects unknown keys, bad enums, bad money, bad version (0.282208ms)
✔ card result is exactly {state, version, max_minor, currency, descriptor_preview} (0.321375ms)
✔ descriptor suffix rule: charset, 2..10 chars, must contain a letter (0.162625ms)
✔ the suffix length rule is the charset rule's 10; the 22-character descriptor total stays the server's (SANDBOX L=10, LIVE PrefixLength) (0.071209ms)
✔ descriptor preview mirrors the contract projection (base + '* ' + suffix) (0.060875ms)
✔ settlement list accepts statements without payout/lines keys (omitempty) (0.411417ms)
✔ settlement detail carries lines whose count and sums match the totals (0.349083ms)
✔ settlement parsers reject malformed reads (0.612292ms)
✔ fees, refunds and disputes are signed exactly as the ledger stores them (0.781125ms)
✔ a returned fee is a positive line fee; the detail's lines must add up to the statement totals (0.496042ms)
✔ closed_at/paid_at accept the offsets PostgreSQL emits as well as Z (0.794875ms)
✔ a payout reference shaped like a Stripe key or account id is never displayed (0.72625ms)
✔ platform not OPEN: 'not open yet' and no enable control, for every non-OPEN state; the platform badge still tells why (1.077417ms)
✔ allowlisted + OPEN: enable from NONE/DISABLED, disable from ENABLED (0.344166ms)
✔ not allowlisted on an OPEN platform reads exactly like not open: the same message, no 'platform open' badge, no enable (review P1-2) (0.4105ms)
✔ BLOCKED: the suspended note, disable only, never enable (whatever the platform says) (0.243625ms)
✔ without billing:manage nothing can be changed, but the state is still readable (0.191625ms)
✔ enable carries the platform's current terms, the suffix and the version read; NONE starts at 0 (0.176333ms)
✔ disable never sends a suffix and quotes the terms the store accepted (the platform's may have moved on) (0.101709ms)
✔ a retained suffix is recovered from the final preview so a re-enable can keep it (0.087375ms)
✔ the period label shows the last day inside the (exclusive-end) week (1.024416ms)
✔ payout state: paid, pending only when money is due, none when the week nets to zero or less (0.062708ms)
✔ card-payments and settlements are nav:false routes, so no group loses or gains a nav button (0.15975ms)
✔ settlements need billing:manage, the card page integration:read; the owner opens both (0.113833ms)
✔ statement cells: a dispute reversal and a returned fee read as credits (+) and every deduction as -, and the columns add up to the server's net (9.183792ms)
✔ the detail parser requires the lines of a statement that has lines; a quiet week (line_count 0) may omit them (0.363334ms)
✔ route table: exactly the four resources, nothing generic (0.677417ms)
✔ query grammar: card and settlement-detail are exact; settlements takes before/limit only (0.253167ms)
✔ request fence: keyless PUT (CAS), bodyless GETs, no transfer-encoding (15.981458ms)
✔ PUT body is the exact frozen shape {enabled, terms_version, descriptor_suffix, expected_version} (0.770667ms)
✔ the BFF route wires the card grammar: keyless CAS PUT, exact body, no-store, auth required (0.382292ms)
✔ the real card summary parses and drives the display state machine (1.058042ms)
✔ the real statement list parses: newest first, no lines, three payout states (0.54925ms)
✔ every real detail parses with its lines and the lines add up to the statement (0.422125ms)
✔ an empty ledger parses to no statements (0.071041ms)
✔ no account id, key or approval shape is in any real body (0.347125ms)
✔ the real statements display literally as signed contributions that add up to the server's net (14.084458ms)
ℹ tests 48
ℹ suites 0
ℹ pass 48
ℹ fail 0
ℹ cancelled 0
ℹ skipped 0
ℹ todo 0
ℹ duration_ms 122.313833
✔ option/slug/SKU caps equal internal/catalog (options.go, catalog.go) (12.732791ms)
✔ text caps equal the Go validators (name 120, description 8000, SEO 70/160, collection title 80) (1.733625ms)
✔ photo caps equal Go (MaxMainImages, MaxDetailImages, MaxImageBytes) and the SKU code pattern (1.37975ms)
✔ PE13 Cartesian matrix is local, preserves edits and deduplicates values (0.590666ms)
✔ PE13 bulk quantity skips negative rows without modifying them (0.153209ms)
✔ PE12 untracked document uses whole currency and per-order cap, never quantity (12.868958ms)
✔ PE14 missing readback is not guessed or silently cleared by full replacement (0.061291ms)
✔ bulk status accepts explicit per-item results, never empty or duplicated confirmations (0.192458ms)
✔ matrix refuses over 100 SKUs before expansion (0.078041ms)
✔ PR #1 4212540344: per-row matrix labels reappear where the matrix header is not visible (≤900px), desktop untouched (0.466417ms)
✔ PR #1 4212540352: pre-publish missing-items list collapses behind a real toggle at ≤900px instead of being removed (0.369584ms)
✔ parity: admin caps equal the Go constants (1.781084ms)
✔ image list: 4 main + 20 detail + 2 sku in role order is accepted (0.326458ms)
✔ image list: 5 main, 21 detail, wrong role order, gaps and extra keys are refused (0.138666ms)
✔ single image: role is required and its position is bounded by the role cap (0.581917ms)
✔ option text limits count Go runes rather than UTF-16 units (0.200334ms)
✔ PE14 new edit SKU carries its own shipping and clears no existing fields (15.466917ms)
✔ PE14 patch changes only price and preserves unmentioned fields (0.169833ms)
✔ PE14 on_hand is not available, zero target is transmitted, ambiguous warehouse refuses (0.272709ms)
✔ PE14 explicit clears and shipping remain per SKU on an active row (0.126ms)
✔ PE14 archive supersedes every other edit on that SKU (b77eeb11) (0.130333ms)
✔ PE14 no-op has no command fields and changed axes explicitly archive omitted variants (0.090625ms)
✔ PE14 replacement SKU edit excludes create-only code from the strict patch grammar (0.348084ms)
ℹ tests 23
ℹ suites 0
ℹ pass 23
ℹ fail 0
ℹ cancelled 0
ℹ skipped 0
ℹ todo 0
ℹ duration_ms 109.187542
(node:57196) ExperimentalWarning: Transform Types is an experimental feature and might change at any time
(Use `node --trace-warnings ...` to show where the warning was created)
✔ UNKNOWN retry client authorization loss requires reconciliation, not a fresh command (3.404583ms)
✔ UNKNOWN retry 401 authorization loss requires reconciliation, not a fresh command (9.662334ms)
✔ UNKNOWN retry 403 authorization loss requires reconciliation, not a fresh command (0.924583ms)
✔ a conclusive command rejection stays distinct from authorization loss (0.795625ms)
ℹ tests 4
ℹ suites 0
ℹ pass 4
ℹ fail 0
ℹ cancelled 0
ℹ skipped 0
ℹ todo 0
ℹ duration_ms 112.335209
(node:57199) ExperimentalWarning: Transform Types is an experimental feature and might change at any time
(Use `node --trace-warnings ...` to show where the warning was created)
✔ offer controls read authoritative limits without parsing unrelated KEYWORD_QTY_CONTAINS window/stats (11.753917ms)
✔ offer controls accept 101 through the backend cap of 200 distinct offers, reject 201 (2.447833ms)
✔ offer toggle preserves exactly the authoritative maximum in the real M4 payload (2.414959ms)
✔ console BFF admits exactly A1/A7/A6 and A5 read/copy methods (0.354834ms)
✔ Next proxy admits the exact console family and results query before the BFF (77.844958ms)
✔ results query is canonical repeated session_id 1..50, everything else queryless (0.122542ms)
✔ real BFF route forwards only exact resources, authenticates scope and returns private scrubbed errors (38.219792ms)
✔ new commands reject unknown keys and preserve frozen copy/lifecycle/recommend body (0.15425ms)
✔ browser commands reuse Studio fences, exact no-comment recommend body and backend refusal codes (1.341875ms)
✔ results client preserves canonical ids/order and rejects invalid list before fetch (0.276791ms)
✔ stock client reuses catalog transport/key/parser and fences a changed login without retries (0.991583ms)
✔ journal replay sends the exact original method/path/body/key for all five commands (1.969ms)
(node:57200) ExperimentalWarning: Transform Types is an experimental feature and might change at any time
(Use `node --trace-warnings ...` to show where the warning was created)
✔ A1 strict MOCK snapshot preserves unavailable counts, capability unknown and server stock (3.524208ms)
✔ A7 returns a separate lifecycle version and closed full KEYWORD_QTY_CONTAINS window (0.146625ms)
✔ A5 results retain separate environments/currencies and bind exact requested ids/order (0.166833ms)
✔ A5 copy parses real Go envelope, copied offer prices and KEYWORD_QTY_CONTAINS window (0.388625ms)
✔ A6 accepts optional operation UUID, never guessed send success (0.093083ms)
(node:57201) ExperimentalWarning: Transform Types is an experimental feature and might change at any time
(Use `node --trace-warnings ...` to show where the warning was created)
✔ Live settings navigation accepts a scene picker entry but never a malformed or unscoped deep link (3.443542ms)
✔ LC-B7 stock permission admits live_adjust without inventory:write, not unrelated grants (0.401792ms)
✔ Instagram comment total stays unavailable; Facebook observed count is not a platform total (0.330583ms)
✔ LC-U1 one primary action follows lifecycle, never planning or transport state (0.085708ms)
✔ LC-U1 stock target uses sellable delta and rejects fractions, negative and over-limit changes (0.126125ms)
✔ LC-U1 links only explicit FB post identities, never arbitrary URLs or guessed videos (0.085625ms)
✔ LC-U1 Facebook preview keeps the original no-frame CSP and uses a safe external link (0.261791ms)
✔ LC-U1 delayed copy completion cannot navigate after store switch or unmount (0.10675ms)
✔ LC-U1 receipt fence survives cookie rotation; pending replay still has a separate session boundary (0.101417ms)
ℹ tests 26
ℹ suites 0
ℹ pass 26
ℹ fail 0
ℹ cancelled 0
ℹ skipped 0
ℹ todo 0
ℹ duration_ms 286.919833
✔ secondary failures preserve A1; only A1 is periodic; IG notice follows the platform/embeddability observation (207.295834ms)
✔ the existing console refresh also explicitly refreshes its parent list; no automatic list read (10.553625ms)
✔ parent forwards only an explicit refresh callback and retains the scene when list is unavailable (7.463625ms)
✔ every explicit browser response/event/navigation waiter has a finite sub-test budget (4.470667ms)
✔ A1 failures back off 3/6/12/24/30 seconds and success resets to five seconds (72.701875ms)
✔ Retry-After is a minimum; hidden tabs cancel polling; forbidden locks and conceals (38.461125ms)
✔ secondary reads are mount/refresh only, independent from A1 and non-fatal (27.852167ms)
✔ UNKNOWN journal restores the exact key/method/path/body and explicit retry after reload (22.791291ms)
✔ first definite 403 clears journal but locks commands; late success after navigation clears only its own key (27.01375ms)
✔ private reads preserve Retry-After seconds and dates, without changing existing error codes (19.590834ms)
✔ a restored in-flight or UNKNOWN request retains its journal after a replay 403 (55.704ms)
✔ restored copy success dispatches completion only in the still-current scene (34.359208ms)
✔ SessionCopy resyncs closed same-ID titles, preserves open edits and cancels to latest draft (26.781042ms)
✔ SessionCopy submit uses latest version; UNKNOWN request survives later draft/input changes (20.601125ms)
ℹ tests 14
ℹ suites 0
ℹ pass 14
ℹ fail 0
ℹ cancelled 0
ℹ skipped 0
ℹ todo 0
ℹ duration_ms 524.797125
✔ claims window modes match Go constants and every SQL match_mode CHECK (4.4265ms)
✔ host prompt stays verbatim at the frozen trunk contract; Japanese is absent (0.9565ms)
✔ bundle parser accepts manual (labelled) and Meta (unlabelled) bundles (0.508333ms)
✔ bundle parser rejects unknown platforms and label/platform mismatches (0.139792ms)
✔ offer parser carries the live price and rejects every out-of-range or missing field (0.2205ms)
✔ library and import parsers are closed; removal receipt is the only version-0 shape (0.181917ms)
✔ price input: exact decimal minor units, never float, bounded to the currency's places (7.711875ms)
✔ live-tools copy exists in all three locales with the same conflict reasons (0.413459ms)
✔ claims BFF allowlist is exactly M1–M7 per method (0.989042ms)
✔ M7 link response shape is closed (0.157375ms)
✔ host prompt copy is the frozen text, verbatim (0.072583ms)
ℹ tests 11
ℹ suites 0
ℹ pass 11
ℹ fail 0
ℹ cancelled 0
ℹ skipped 0
ℹ todo 0
ℹ duration_ms 97.551541
NOT_RUN: tests/media/r04-input-runner.test.mjs (COMMERCE_R04_LIVEKIT_BINARY unset)
✔ main/detail/sku caps use the existing frozen image contract (0.587167ms)
✔ phone and tall dimensions fit2000 without enlarging small assets (0.13675ms)
✔ upload query requires one exact role and sku value; reads/actions carry no query (0.377958ms)
✔ role transport encodes current option values and refuses invalid identities (0.176542ms)
✔ effective image axis follows current options, then falls back to first (0.071792ms)
✔ detail and option photos cannot satisfy the main-photo recommendation (0.061292ms)
✔ PM-U copy has matching keys in ja and all currently routed locales (0.125667ms)
✔ real-upload mode builds both Next applications on a clean CI checkout (9.951833ms)
✔ upload recovery journal survives a new session while remaining product/store scoped (0.102958ms)
✔ an option upload receipt requires its captured axis, value and image id on canonical readback (0.097875ms)
✔ failed durable recovery storage cannot authorize a media write (0.073459ms)
✔ an active product needs a main image after canonical media is known; repair paths stay possible (0.0495ms)
✔ empty media sections render a readable localized placeholder until photos are present (4.681292ms)
✔ real-upload mode never exits through the storefront MOCK shortcut (31.184375ms)
✔ a valid active zero-main product keeps an inline repair hint rather than a page error (2.888875ms)
✔ a new product issues the image-axis stage only for a chosen axis (0.389917ms)
ℹ tests 16
ℹ suites 0
ℹ pass 16
ℹ fail 0
ℹ cancelled 0
ℹ skipped 0
ℹ todo 0
ℹ duration_ms 259.083833
(node:57270) ExperimentalWarning: Transform Types is an experimental feature and might change at any time
(Use `node --trace-warnings ...` to show where the warning was created)
✔ a fitting PNG keeps the exact original File, bytes and alpha-capable format (0.807083ms)
✔ a JPEG exactly at both limits remains original, not a lossy re-encode (0.475041ms)
✔ an oversized phone JPEG is encoded below the cap after oriented scaling (0.604542ms)
✔ a large transparent PNG stays alpha-capable and is never painted with an opaque matte (0.472458ms)
ℹ tests 4
ℹ suites 0
ℹ pass 4
ℹ fail 0
ℹ cancelled 0
ℹ skipped 0
ℹ todo 0
ℹ duration_ms 87.42375
✔ HTTPS picklist fixture carries Secure session cookies automatically while preserving CSRF refusals (115.077375ms)
✔ batch controls stay compact until an order selection or live-session scope exists (0.148916ms)
✔ selection has XOR bodies, canonical unique IDs and separate 500/100 limits (0.360125ms)
✔ cross-page selection retains existing rows, deduplicates and refuses overflow atomically (0.696166ms)
✔ pick projection rejects PII/extra keys, invalid quantities and unmatched order identities (0.511792ms)
✔ batch replies bind one-for-one to confirmed orders and preserve uncertainty code (0.120791ms)
✔ pick/export POSTs reject keys and all query variants except one exact template (1.690458ms)
✔ CSV filename binds to selected template and store; no path/header injection (0.168542ms)
✔ MOCK browser fixture list matches the incumbent closed order parser (11.083416ms)
✔ recovery never clears an unknown or missing current attempt (0.126416ms)
✔ recovery and order-detail MOCK fixtures satisfy real read parsers (6.76375ms)
✔ order selection can read its session fence during SSR without browser globals (0.88325ms)
✔ MOU keeps native headed checks runnable on a Linux CI worker without DISPLAY (11.6785ms)
✔ pick fixture serves the scoped parcel reads required by the orders page (4.461416ms)
ℹ tests 14
ℹ suites 0
ℹ pass 14
ℹ fail 0
ℹ cancelled 0
ℹ skipped 0
ℹ todo 0
ℹ duration_ms 383.245917
✔ bodyless dissolve DELETE (empty body stream, no content-length) reaches Go with the CAS query, no body, no key (13.49925ms)
✔ every parcel DELETE must carry exactly one expected_version >= 1 (never forwarded without it) (5.353458ms)
✔ a DELETE that declares a body or chunked framing is refused (0.595792ms)
✔ DELETE needs the session, origin and CSRF like every command; other DELETEs stay unsupported (0.890166ms)
✔ GET parcel-groups (open groups read) and merge-suggestions pass with no query; a query or key is refused (7.599709ms)
✔ actual MOU parcel runner selects and collects the real parcel browser case (371.465833ms)
✔ merge suggestions accept the frozen shape (server-masked recipient) and reject drift (1.428875ms)
✔ created group requires the OPEN state and its members (0.130625ms)
✔ dissolved group is exactly id/state/version (0.076875ms)
✔ group shipment carries one SHIPPED version per member (1.124042ms)
✔ open groups (GET parcel-groups) accept the frozen shape and fail closed on drift (1.582542ms)
✔ reconcile: a reload rebuilds OPEN panels, a vanished OPEN group is dropped, history and live versions are kept (0.192375ms)
✔ three locales cover the same keys and every refusal code (0.191042ms)
✔ the owner-ruling sentence is exact in all three locales (0.043667ms)
✔ the in_parcel_group copy is the same sentence in parcels-copy (blocked + errors) and orders-copy, in every locale (0.058667ms)
✔ groupOfOrder prefers the OPEN group over retained SHIPPED/DISSOLVED history (0.112083ms)
✔ parcelOrderNumber is the canonical LC-<32 uppercase hex> order number and matches the open-group parser (0.091334ms)
✔ parcel refresh generation: bumped by every successful poll, whatever the cursor (0.039917ms)
✔ parcel refresh generation: an in_parcel_group refusal bumps it, other refusals do not (0.046125ms)
✔ exactly the five W3-07B resources route (0.505666ms)
✔ dissolve carries exactly ?expected_version=N (N >= 1) (0.106ms)
✔ readMergeSuggestions 401 immediately purges parent scope and refuses late sibling 200 (40.359917ms)
✔ readMergeSuggestions 403 immediately purges parent scope and refuses late sibling 200 (13.3895ms)
✔ readMergeSuggestions 404 immediately purges parent scope and refuses late sibling 200 (5.472458ms)
✔ readOpenParcelGroups 401 immediately purges parent scope and refuses late sibling 200 (4.758125ms)
✔ readOpenParcelGroups 403 immediately purges parent scope and refuses late sibling 200 (7.755458ms)
✔ readOpenParcelGroups 404 immediately purges parent scope and refuses late sibling 200 (4.760875ms)
✔ readMergeSuggestions 503 preserves parent and local retry recovers actual DTOs (5.177458ms)
✔ readOpenParcelGroups 503 preserves parent and local retry recovers actual DTOs (5.263125ms)
✔ captured parent groups callback refuses hidden scope (7.68875ms)
ℹ tests 30
ℹ suites 0
ℹ pass 30
ℹ fail 0
ℹ cancelled 0
ℹ skipped 0
ℹ todo 0
ℹ duration_ms 454.549042
✔ exactly the nine W6-01B resources are admitted, each only under its own method (1.979458ms)
✔ the customer list is claimed only when a tag filter is present (customers-request.ts stays the owner otherwise) (0.2285ms)
✔ near misses are refused (no generic proxying) (15.420916ms)
✔ reads: no body, no key, no transfer-encoding; tag-list takes no query at all (46.1685ms)
✔ customer-list query: closed keys, tag must be a canonical uuid, list bounds identical to customers-request (1.787791ms)
✔ note-list query: only limit and after, with the customers-list bounds (0.710167ms)
✔ writes: exactly one well-formed Idempotency-Key; the two DELETEs carry no body but still need the key (27.16675ms)
✔ validTagName mirrors Go (NFC first, 1..20, trimmed, no control/Cf) (1.299667ms)
✔ validNoteBody mirrors Go (1..1000, not blank, only \n \r \t controls) (0.621875ms)
✔ tag-create body: closed keys, valid name and one of the eight colors (0.50025ms)
✔ tag-patch body: at least one of name/color, nothing else (0.2315ms)
✔ owner-tags body: tag_ids (<=100 canonical uuids) + 64-hex revision, exact keys (0.394542ms)
✔ note bodies: create {body}; patch {body, version>=1}; deletes and reads carry no body at all (0.3755ms)
✔ parseTagCatalog decodes {items: TagRecord[]} with the store-catalogue bounds (2.048709ms)
✔ parseTagSet / parseDeletedTag / parseDeletedNote decode the frozen write receipts (0.566708ms)
✔ parseNoteRecord / parseNotePage decode notes with the Go note rules (1.39225ms)
✔ customer-tags copy: three locales, identical key sets, the integrator's ruled note-privacy text verbatim (0.237834ms)
✔ components wire the ruled copy and the tag/note controls the specs click (0.592583ms)
✔ tag read names must already be trimmed NFC and Unicode code-point bounded (0.226875ms)
✔ session change before network sends nothing (21.324542ms)
✔ session changes after network or during body parse drop the response (27.796084ms)
✔ transient session digest failure is settled only before dispatch (2.12075ms)
✔ lost response followed by a changed session is UNKNOWN after dispatch (17.278917ms)
✔ lost response does not auto-retry; explicit replay keeps method/key/payload/scope (30.6805ms)
✔ 5xx or malformed success is uncertain, coded refusal is settled (8.580083ms)
✔ passive tag/detail refresh preserves an unsaved new-note draft (30.941417ms)
✔ passive refresh updates visible notes but preserves edit draft and original CAS version (0.980958ms)
✔ explicit refresh signal clears old edit draft while passive array changes do not (0.733333ms)
✔ an unauthorized note read clears private note bodies and the draft (2.796958ms)
✔ a transient note read failure keeps the notes already shown (0.891875ms)
✔ an unauthorized note read signals the global logout once; a transient failure does not (69.409ms)
✔ non-privacy writer: own notes keep Edit and Delete on a fresh mount, others' notes do not (8.348458ms)
✔ notes forbidden/not_found signals scope loss exactly once per mount, never on transient failure (15.302042ms)
✔ bad path/store/method/query/header is refused without authority or backend calls (79.290292ms)
✔ the actual proxy admits a tagged customer list with scoped search/cursor and rejects malformed tag authority (6.813709ms)
✔ signed-out/cross-store/Origin-CSRF denials short circuit before body or forwarding (1.089208ms)
✔ closed bodies and DELETE payloads cannot reach Go (2.959958ms)
✔ all write methods preserve exact key/body/store and private success status (50.752708ms)
✔ note pagination preserved and hostile backend errors/bodies sanitized (8.01525ms)
✔ a catalogue forbidden or not_found asks the parent to re-run its guarded reads, with no logout (554.026417ms)
✔ transient catalogue failures stay local; unauthorized logs out but is not a scope loss (231.536791ms)
✔ after a tag write the manager stays mounted: the catalogue refreshes in place, never reloads (33.065167ms)
✔ a manager-reported scope loss reloads the customer list and catalogue guarded reads (25.502792ms)
✔ CustomerDetail forwards a scope-lost signal to the guarded read once per page (45.542958ms)
✔ badges are escaped server tag facts with human-readable names (8.70625ms)
✔ actual customer notes render privacy notice, safe content, author fallback and read-only permissions (27.057542ms)
✔ unknown permissions and erased customer never offer note mutations (2.885541ms)
✔ write-only notes permit add but not edit/delete of notes the server does not mark own; privacy permission permits both (4.281792ms)
✔ manager trigger and all three localized buyer-export notices render through actual components (8.289709ms)
✔ UNKNOWN survives settled unauthorized retry until trusted success; fresh run ignored (13.9915ms)
✔ UNKNOWN survives settled forbidden retry until trusted success; fresh run ignored (1.507625ms)
✔ UNKNOWN survives settled version_changed retry until trusted success; fresh run ignored (4.331333ms)
✔ first-attempt preflight refusal is settled and permits a fresh action (45.429375ms)
✔ UNKNOWN and in-flight retries prevent duplicate dispatch; unmount discards stale outcome (4.317958ms)
✔ an unauthorized write signals the global logout; forbidden does not (1.669ms)
✔ UNKNOWN command survives unmount/remount: still locked, same-key retry, cleared by trusted success (1.236ms)
✔ a command unmounted while in flight is treated as UNKNOWN on remount (1.164541ms)
✔ a session boundary change drops the remembered UNKNOWN command (1.290292ms)
✔ a guarded read that ends signed-out signals the global logout once (35.787792ms)
✔ forbidden/unavailable failures and a successful read signal no logout (42.7345ms)
✔ refresh ending signed-out clears the view, blocks and signals the global logout once (8.138417ms)
✔ refresh ending forbidden or not-found clears the data without a logout (10.189458ms)
✔ a transient refresh failure keeps the ready view and signals nothing (8.702166ms)
✔ exactly the eight report GETs are admitted; every other method or path is refused (1.992459ms)
✔ report reads: query required, no body, no key, no transfer-encoding (36.513542ms)
✔ from/to: exactly once each, calendar-valid days, 0..91 apart (1.044833ms)
✔ session_id: only on the funnel (json and csv), a canonical uuid, once (0.948375ms)
✔ parseProductReport: echoed range/zone, <=1000 rows sorted by net desc, net = captured - refunded (37.184458ms)
✔ parseChannelReport: closed vocabulary order, money per environment strictly ascending, I05 inside every bucket (4.070083ms)
✔ parseFunnelReport: nested counts, session echo, ordered_without_link bound (19.0495ms)
✔ parseManualReport: nullable principal/session ids, bucketed money like channels (3.627875ms)
✔ reports copy: three locales, identical key sets, the integrator's ruled money annotation verbatim (2.146875ms)
✔ Reports.tsx: four tabs, CSV per tab, ruled annotation, CSS/SVG charts only (no new dependencies) (3.831541ms)
✔ report CSV closed headers use actual Go slug, echoed dates and private no-store (0.675292ms)
✔ report response projection rejects unknown keys, mismatched range and non-private responses (5.014458ms)
✔ manual buckets follow Go's uncapped row count rather than a made-up 500-row limit (6.822708ms)
✔ display sorts only inside currency/environment groups, never sums money or mutates server rows (18.285042ms)
✔ page report query accepts exactly the four report names and defaults to products (0.304166ms)
✔ actual product table renders offline separately, both modes, no UUID copy and sortable headers (92.431583ms)
✔ actual channel chart exposes exact numbers and both money modes using SVG (3.021542ms)
✔ actual funnel has four stages, nested widths and truthful zero-denominator text (3.266166ms)
✔ manual table resolves authorized labels, has honest fallback, and never presents UUIDs (5.198792ms)
✔ all report views render localized empty states (1.859417ms)
✔ actual BFF refuses malformed query, unknown store/session, disabled auth and missing CSV fences before Go (151.282958ms)
✔ actual BFF closed JSON projection and CSV scope/query preserve trusted token; no forwarded client authority (66.745125ms)
✔ actual BFF permission and malformed CSV response fences do not masquerade as a download (27.6935ms)
✔ audited browser GET accepts same-origin Fetch Metadata plus CSRF, never cross-site or forwarded Host (78.521042ms)
✔ actual CSV client preflight sends nothing after session change, and a lost audit response is uncertain with no retry (33.503666ms)
✔ actual CSV client refuses stale-session bytes and downloads only a closed private response (16.270708ms)
✔ report leaf gives the actual trusted fetch 65 seconds, rejects redirects and forwards only server bearer (12.136584ms)
✔ incoming request cancellation aborts the real report fetch once, returns safe unavailable and never retries (12.311ms)
✔ CSV final synchronous fence conceals bytes when cancellation, hide or cookie rotation happens inside final await (42.188625ms)
✔ CSV end-to-end deadline covers store lookup and report budget; aborted preflight sends no audited request (29.705542ms)
✔ an uncertain export stays locked for its scope after another scope's export (20.804041ms)
✔ an uncertain export scope persists per store in tab storage and re-locks a fresh render (73.022125ms)
✔ unavailable tab storage fails closed to the in-memory lock without throwing (8.639833ms)
✔ export lock is stored before dispatch; refused/delivered outcomes release it, uncertain and cut-short keep it (106.504375ms)
✔ releasing one scope keeps the other uncertain scopes of the store (12.3395ms)
✔ export is refused and nothing is dispatched when the lock cannot be saved (denied, full or no storage) (13.0165ms)
✔ copy for an unsaved export lock exists in every locale (0.2665ms)
✔ product sort query parses strictly and defaults to net_minor descending (0.325583ms)
✔ legacy-store permission probe: forbidden/not-found/signed-out fail the read closed, transient falls back (22.065541ms)
✔ channel and funnel data retain their applied dates while draft dates wait for Show (224.22375ms)
✔ an uncertain export lock is bound to the session boundary, so a different user does not inherit it (50.496041ms)
✔ Finance landing links to reports under the same canSeeReports rule (19.702416ms)
✔ selected tag survives searches and cursor pagination while an empty filter is omitted (190.797542ms)
✔ customer list dispatch preserves legacy requests and sends every tag query to the closed W6 authority (747.383125ms)
✔ customers reports link is hidden only when permissions are present and lack orders:read (0.352583ms)
✔ reports are a finance subpage and preserve the existing single finance navigation entry (0.346209ms)
✔ an authoritative erased customer immediately unmounts the cached private tags/notes subtree (59.333166ms)
✔ the actual customer row shows manual tags and imported status without changing consent (9.39675ms)
✔ P1 actual tag DELETE accepts an empty Next-style stream without JSON MIME (1238.494667ms)
✔ P1 actual note DELETE accepts an empty Next-style stream without JSON MIME (2.883125ms)
✔ P1 body-carrying tag writes still require JSON MIME through the real BFF (0.876334ms)
✔ P2 customer bare/encoded tag keys are invalid422 through the actual leaf before any backend (5.971833ms)
✔ P2 report products real session/CSRF response is private and Vary Cookie (2.347834ms)
✔ P2 report products.csv real session/CSRF response is private and Vary Cookie (1.010542ms)
✔ P2 report malformed query and wrong CSRF are rejected by actual helpers before upstream (0.670416ms)
ℹ tests 118
ℹ suites 0
ℹ pass 118
ℹ fail 0
ℹ cancelled 0
ℹ skipped 0
ℹ todo 0
ℹ duration_ms 2823.6085
✔ real coded errors retain baseline classification and normalize import leaf cache to private,no-store (27.639917ms)
✔ preflight missing CSRF is definite and sends nothing; actual route CSRF and session refusals stay definite (3.880542ms)
✔ actual route uses real cookies/store membership and method/error envelopes, no helper substitutions (3.422875ms)
✔ actual client/route preserves original Blob bytes, trusted transport and privacy projection on200/409 (1.975ms)
✔ success or stale preview must remain private; malformed/unknown/mismatched coded errors are uncertain after commit (2.387833ms)
✔ lost/unreadable/session-changed dispatched commit remains UNKNOWN; no automatic retry (0.72ms)
✔ actual failed-only result route strips IDs and real final session/cancel fence exposes no download (1.447375ms)
✔ actual route refuses unknown resource/query and duplicate session cookies before any upstream call (0.286875ms)
✔ actual route incoming cancellation aborts one dispatched transport and preserves client UNKNOWN (0.610042ms)
✔ real coded error cache may not be public, and closed payload may not acquire data-bearing fields (1.384375ms)
✔ copy still exposes specific merchant field reasons across three locales (3.699833ms)
✔ all real local and upstream import refusals including HEAD/unsupported are exact private,no-store (0.731041ms)
✔ fresh mismatched receipt stays UNKNOWN, exact manual replay mismatch becomes terminal without a third send (1.494458ms)
✔ terminal is impossible for malformed replay receipts or matching replayed counts (2.203167ms)
✔ Big5 bytes pass unchanged to upstream and real422 import envelope surfaces encoding_not_utf8 (0.626792ms)
✔ oversize file uses the actual header guard and specific size guidance in all locales without dispatch (22.053583ms)
✔ commit uses the original requested mapping, including an empty optional field, not resolved preview metadata (1.28ms)
✔ an UNKNOWN commit remains locked through a later forbidden retry and only explicit same-file success unlocks (1.735667ms)
✔ leaving during a dispatched commit drops its payload and keeps an unconfirmed boolean without replay (2.845667ms)
✔ a definite first preflight refusal clears pending before sign-out and does not invent an unconfirmed import (3.39075ms)
✔ a replayed mismatched receipt ends UNKNOWN without offering another retry or unlocking historical orders (4.246458ms)
✔ real cookie and CSRF helpers generate and validate the actual host-cookie pair (3.211458ms)
✔ exact route rejects methods/keys/body/query/scope before any upstream request using real localError (6.032334ms)
✔ missing/duplicate session cookies reject and real clearAuthCookies expires session and CSRF (1.79175ms)
✔ actual authenticatedStores denies a store absent from the server projection (1.440416ms)
✔ private success routes server cookie token and exact canonical after, never caller bearer/cookie to Go (0.885833ms)
✔ actual safeError/localError preserve coded status with no-store and redact upstream diagnostics (4.447625ms)
✔ actual readBody and strict projection refuse MIME/oversize/extra private fields/city; network loss stays private (3.522208ms)
✔ actual client issues GET50/after through real route/private successful projection (7.381833ms)
✔ actual helper-issued browser fence rejects changed parent before dispatch (0.746208ms)
✔ private success from real route is discarded when the browser session changes during upstream read (1.163542ms)
✔ real localError no-store 401/403/404/503 preserves correct read category with no retry (3.319666ms)
✔ malformed sensitive backend projection becomes real unavailable, never a fake BFF success (0.679792ms)
✔ strict archive rows decode external order text, safe minor units and public keys (3.863875ms)
✔ PII-shaped city and extra sensitive fields never pass the safe projection (0.842625ms)
✔ all canonical Go cities pass; malformed types/bounds/order/time/money/cursor fail (1.360292ms)
✔ read grammar is exact limit/after, not the stale brief's cursor name (28.516083ms)
✔ three locales retain truthful history-not-revenue basis and copy parity (0.407959ms)
✔ SSR renders actual safe rows, shared money/time, total count and read-only three-locale basis (86.110958ms)
✔ SSR distinguishes empty archive, 403, session loss and unavailable without stale rows/count (6.41175ms)
✔ actual pagination callbacks use opaque trail; double click cannot skip; refresh/scope reset page1 (4.117584ms)
✔ the static import subpage wins over customer detail and leaves the single customers nav intact (2.28375ms)
✔ the actual list offers import only to privacy holders and carries the current authorized store (276.9395ms)
✔ the actual detail mounts archive only for an active imported customer and passes its fenced identity (44.348083ms)
✔ MIUI-READY-VISIBLE-STORE actual signed helper waits on the visible selector and retains cookie/wizard assertions (470.961333ms)
✔ MIUI-READY-DENIED read-only staff reaches the real shell refusal instead of waiting for a private wizard (42.077792ms)
✔ failure verdicts precede successful rows, by source row number, without mutating the input (6.824166ms)
✔ the failure download contains only failed row metadata, with no source cell or success identifier (1.11375ms)
✔ reads quoted/BOM header only, without decoding malformed bytes from data rows (42.581625ms)
✔ guess only unique metadata aliases with explicit unmapped values (0.691417ms)
✔ shared dynamic leaf admits only exact import methods/actions and bounded mapping/count (56.402584ms)
✔ failed CSV emits only row/outcome/code, refusing any unexpected identifier or raw cell (0.560791ms)
✔ raw-byte cap does not decode/rebuild uploads and cancels oversized chunks (6.888542ms)
✔ backend privacy projection strips all source IDs on successful and failed rows (5.855833ms)
✔ closed preview parser refuses data-bearing rows, unknown keys and inconsistent counts (1.573584ms)
✔ order preview counts units while first CSV record numbers can exceed rows_total (0.28375ms)
✔ commit receipt has exactly five keys and no extra customer cells (1.044958ms)
ℹ tests 57
ℹ suites 0
ℹ pass 57
ℹ fail 0
ℹ cancelled 0
ℹ skipped 0
ℹ todo 0
ℹ duration_ms 1265.994208
✔ G-UI8 storefront pages and the sweep's STOREFRONT_ROUTES are the same set (4.753167ms)
✔ parseShard: i/N, empty means unsharded, anything malformed throws (0.237375ms)
✔ assignShards: deterministic, every key owned once, near-balanced (LPT bound) (0.9385ms)
✔ planClick: for every N the shards partition the whole universe (every registry route x variant, storefront walk, journey) (1.368334ms)
✔ planClick at N=10 keeps every shard within ~1.3x of the mean planned cost (0.147875ms)
✔ aggregate click: honest shards pass for several N (2.63925ms)
✔ aggregate click: a missing shard, a dropped page row, a lost journey, a failing row, a stale known defect and a missing platform marker are each a failure (4.772417ms)
✔ aggregate click: a route added to the registry after the shards ran cannot pass (the registry is re-read) (0.408792ms)
✔ aggregate visual: honest shards pass; a missing shard, a missing shot, a blocking verdict and a registry route outside the universe each fail (4.98075ms)
✔ artifact discovery finds nested run evidence and retains platform marker refusal (3.389167ms)
ℹ tests 10
ℹ suites 0
ℹ pass 10
ℹ fail 0
ℹ cancelled 0
ℹ skipped 0
ℹ todo 0
ℹ duration_ms 97.654292
ci-plan: 10 job(s); click-sweep x10 (aggregate)
  --browser-click-sweep@1/10  -> artifact gate-browser-click-sweep_1_10
  --browser-click-sweep@2/10  -> artifact gate-browser-click-sweep_2_10
  --browser-click-sweep@3/10  -> artifact gate-browser-click-sweep_3_10
  --browser-click-sweep@4/10  -> artifact gate-browser-click-sweep_4_10
  --browser-click-sweep@5/10  -> artifact gate-browser-click-sweep_5_10
  --browser-click-sweep@6/10  -> artifact gate-browser-click-sweep_6_10
  --browser-click-sweep@7/10  -> artifact gate-browser-click-sweep_7_10
  --browser-click-sweep@8/10  -> artifact gate-browser-click-sweep_8_10
  --browser-click-sweep@9/10  -> artifact gate-browser-click-sweep_9_10
  --browser-click-sweep@10/10  -> artifact gate-browser-click-sweep_10_10
✔ the full sweep and the full visual lint fan out into every shard and ask for the aggregate (0.907209ms)
✔ foundation-shards = the unit shard + every plan group; the serial `foundation` mode is untouched (0.265917ms)
✔ an explicit shard re-run (or a partial list) never claims the whole-run aggregate (0.085417ms)
✔ duplicates collapse, artifact names are safe and unique, bad input is refused (0.292125ms)
✔ main writes matrix / sweep_n / visual_n to GITHUB_OUTPUT (1.50175ms)
✔ mode discovery has no Docker/build dependency and includes the existing universe (31.130709ms)
✔ dry-run resolves a mode without executing dependencies and keeps its command environment (65.6225ms)
✔ one appended case is discovered and dispatched; malformed and duplicate registry entries fail closed (61.889041ms)
✔ registry discovery cannot silently lose indented, aliased or unrecognised Bash case arms (4.339417ms)
✔ backend-only paths run foundation-shards only (1.094ms)
✔ node tests of deploy scripts and of the CI planner are backend-only (they cannot change a browser) (1.560333ms)
✔ a UI path adds the whole browser set, including click-sweep and visual-lint (5.031834ms)
✔ docs-only and output-only diffs keep the single required check (foundation-shards) (0.2695ms)
✔ legacy browser_* paths still select all browsers; a known untagged foundation file stays backend-only (0.501625ms)
✔ legacy deploy prefixes remain selected and unrelated paths do not select smoke (1.936958ms)
✔ the browser set is release-gate's browser-mode universe minus the documented exclusions (58.864667ms)
✔ every real browser-tagged foundation file selects registry browser modes, including non-browser names (67.850584ms)
✔ tagged runner discovery follows registry additions, command arrays and line continuations (1.364ms)
✔ deploy smoke is selected for its workflow, verdict/helpers and executable test inputs (1.752583ms)
✔ new selection never drops legacy modes or deploy for any tracked path (556.104625ms)
✔ CLI classifies merge-base and explicit head, including removed tags, deleted files and renames (613.949083ms)
✔ CLI selects modes the base added after divergence when the checkout is the PR merge (PR #22 review P1) (233.39625ms)
✔ CLI reads the merge checkout's source when the base adds a browser tag after the fork (PR #22 review P1) (231.76225ms)
✔ CLI explicit head and stdin include tags outside the checkout and uncommitted tag removals (206.415125ms)
✔ compound/legacy tags and unknown source are conservative; known untagged source stays backend-only (3.353875ms)
✔ explicit-head CLI derives tagged runner modes from that head's real registry (195.031958ms)
✔ real Git CLI preserves legacy selection: quotePath=true, "架构.md" (162.004541ms)
✔ real Git CLI preserves legacy selection: quotePath=true, "internal/示例.go" (159.535708ms)
✔ real Git CLI preserves legacy selection: quotePath=true, "tests/foundation/plain\tname_test.go" (175.462416ms)
✔ real Git CLI preserves legacy selection: quotePath=true, " deploy/scripts/synthetic-smoke.sh" (163.65175ms)
✔ real Git CLI preserves legacy selection: quotePath=false, "架构.md" (147.386292ms)
✔ real Git CLI preserves legacy selection: quotePath=false, "internal/示例.go" (154.943417ms)
✔ real Git CLI preserves legacy selection: quotePath=false, "tests/foundation/plain\tname_test.go" (220.4755ms)
✔ real Git CLI preserves legacy selection: quotePath=false, " deploy/scripts/synthetic-smoke.sh" (193.029583ms)
✔ stdin unions legacy trimming without trimming the source lookup path (98.807917ms)
✔ parser: only compiled, correctly-shaped Test functions of untagged _test.go files (1.545417ms)
✔ the real plan: every top-level test of tests/foundation runs in exactly one group (770.459ms)
✔ a new test (in no list) still runs, exactly once, in the catch-all group; the same name with no catch-all is red (989.692083ms)
✔ a test listed in two groups is red; drift beyond the limit is red (935.660667ms)
✔ regexes: anchored explicit lists; the catch-all skips exactly everyone else's tests (0.484292ms)
✔ pack: deterministic, balanced to within the longest test, every name once (4.326458ms)
✔ parseDurations: top-level lines only (0.197125ms)
ℹ tests 42
ℹ suites 0
ℹ pass 42
ℹ fail 0
ℹ cancelled 0
ℹ skipped 0
ℹ todo 0
ℹ duration_ms 3721.493459
✔ A8/A9/A13 and published templates: exact reads forward once with no-store (125.831875ms)
✔ real streamed POST bodies: A10-A14 exact keys reach upstream (175.063667ms)
✔ query, read headers, methods and body allowlists refuse before upstream (157.6275ms)
✔ session, CSRF and store authority precede content forwarding (8.474ms)
✔ A12 fixed codes preserved; arbitrary upstream diagnostics stripped (30.631625ms)
✔ client preserves codes and receipt; changed/aborted session cannot publish private response (29.322667ms)
✔ A9 admits a full page of valid Unicode replies while bounding private response bytes (27.718709ms)
✔ non-JSON upstream 401 still expires both authentication cookies without diagnostic leakage (5.767375ms)
✔ real M7 response keeps no-referrer after matching Next production header rules (82.386375ms)
✔ three unit languages cover identical fixed labels and delivery states (0.831917ms)
✔ hiding aborts requests and rejects late responses, even after reveal (0.435958ms)
✔ switching selection invalidates both reads and write completions (0.070625ms)
✔ owner and explicit inbox permissions only; viewer fails closed (0.154292ms)
✔ Messenger counts Unicode codepoints; Instagram counts NFC UTF8 bytes (0.646667ms)
✔ uncertain transport retries retain the exact submission; definitive conflicts retire it (0.453792ms)
✔ privacy calibration cannot activate with production origin or ordinary caller env (0.142417ms)
✔ late focus/pageshow while native document remains hidden cannot reveal requests (0.09425ms)
✔ terminal navigation revocation cannot be undone by focus or refresh until a new page fence (0.15825ms)
✔ a ticket from another store/page fence is never accepted (0.061041ms)
✔ focus while already visible preserves the active epoch and the uncertain reply receipt (0.093792ms)
ℹ tests 20
ℹ suites 0
ℹ pass 20
ℹ fail 0
ℹ cancelled 0
ℹ skipped 0
ℹ todo 0
ℹ duration_ms 837.598333
✔ installed APIRequestContext cookie rules exclude Secure cookie from HTTP127 but retain HTTPS/localhost (0.401ms)
✔ actual INU02 cross uses browser auth and retains exact 404/DM absence (23.747667ms)
✔ actual INU02 cross still rejects wrong authority 401 (2.578583ms)
✔ actual INU02 cross still rejects wrong authority 200 (1.738167ms)
✔ actual INU02 cross still rejects DM in denied response (1.574333ms)
✔ actual INU02 denied uses browser auth and retains exact 403/DM absence (1.524625ms)
✔ actual INU02 denied still rejects wrong authority 401 (2.951334ms)
✔ actual INU02 denied still rejects wrong authority 200 (1.584708ms)
✔ actual INU02 denied still rejects DM in denied response (1.253ms)
✔ actual login settles /en and fixture store (real switch, scoped=false) (50.634125ms)
✔ actual login settles /en and fixture store (real switch, scoped=true) (3.4765ms)
✔ actual login settles /en/inventory and fixture store (real switch, scoped=false) (6.029667ms)
✔ actual login settles /en/inventory and fixture store (real switch, scoped=true) (2.276ms)
✔ actual login settles /en/messages and fixture store (real switch, scoped=false) (25.119667ms)
✔ actual login settles /en/messages and fixture store (real switch, scoped=true) (9.960333ms)
✔ actual login settles /en and fixture store (already selected, scoped=false) (3.2445ms)
✔ actual login settles /en and fixture store (already selected, scoped=true) (1.73875ms)
✔ actual login settles /en/inventory and fixture store (already selected, scoped=false) (3.722167ms)
✔ actual login settles /en/inventory and fixture store (already selected, scoped=true) (31.008625ms)
✔ actual login settles /en/messages and fixture store (already selected, scoped=false) (1.995125ms)
✔ actual login settles /en/messages and fixture store (already selected, scoped=true) (2.400667ms)
✔ bundle fixture uses real claim commands and mounts existing M6/M7 without issuing early (0.511083ms)
✔ sensitive bundle scenario clicks native clipboard with trace/video disabled and no token body reads (0.401542ms)
✔ persisted link and token-free command receipt are compared without disclosing credentials (0.351209ms)
✔ actual clipboard evaluator exports only safe summary and detects malformed or retained synthetic credentials (353.546166ms)
✔ claim-window fixture isolates recovery after the current migration permits multiple OPEN windows (4.292958ms)
✔ ordinary Playwright diagnostics still capture failed-page ARIA when private guard is absent (0.729ms)
✔ sensitive worker lifecycle prevents actual installed snapshot capture without masking the failure (73.035708ms)
✔ worker restores prior environment even when use rejects (absent) (5.67175ms)
✔ worker restores prior environment even when use rejects (empty) (1.820292ms)
✔ worker restores prior environment even when use rejects (existing-policy) (2.127458ms)
✔ fixture is worker-auto and module collection does not suppress ordinary diagnostics (41.315625ms)
✔ ordinary matcher ARIA context bypasses fallback flag and remains in actual installed diagnostics (1.373333ms)
✔ private test teardown removes only matcher page context while preserving failure (failed status) (8.269791ms)
✔ private test teardown removes only matcher page context while preserving failure (rejected use) (3.977625ms)
✔ matcher guard is test-auto without replacing the installed artifact auto fixture (3.901125ms)
✔ real Playwright --list collects each original INU case and isolated INU09 exactly once (1133.990042ms)
✔ A real Inbox selection admits Go A9 attachments null without losing thread (58.895167ms)
✔ A real Inbox selection admits Go A9 attachments empty array without losing thread (19.318917ms)
✔ A malformed non-array A9 attachments is refused without painting DM or crashing selected entry (5.32625ms)
✔ C A8 HTTP200 empty list is ordinary data with no alert, selection or focus request storm (5.745792ms)
✔ C A8 list404 is scoped inbox unavailable in en, never an empty list or conversation denial (5.084125ms)
✔ C A8 list404 is scoped inbox unavailable in zh-TW, never an empty list or conversation denial (2.255125ms)
✔ C A8 list404 is scoped inbox unavailable in zh-CN, never an empty list or conversation denial (8.854959ms)
✔ C click-sweep Go harness mounts existing Inbox/templates services (STRUCTURE_ONLY, Go NOT_RUN) (0.780375ms)
✔ C click-sweep includes actual-router owner200 empty inbox assertion (STRUCTURE_ONLY, Go NOT_RUN) (3.588667ms)
✔ inbox evidence is covered by the CI upload root (2.383959ms)
✔ failed Playwright closes its log and emits sanitized diagnostics before Fatalf (0.116708ms)
✔ failure diagnostics match INU cases/counts without admitting private text (0.597875ms)
✔ INU04 delayed handler 1 signals completion when fulfillment rejects (88.272375ms)
✔ INU04 delayed handler 2 signals completion when fulfillment rejects (13.907ms)
✔ recoveryDone waits for actual held M7 completion in zh-TW (43.478459ms)
✔ recoveryDone waits for actual held M7 completion in zh-CN (5.51575ms)
✔ recoveryDone waits for actual held M7 completion in en (4.321334ms)
✔ review2 P1 bundle-only row opens real A13 and issues existing M7 claim link to clipboard (32.898667ms)
✔ review2 P1 clipboard denial recopy reuses cached issued URL without another M7 POST (10.470291ms)
✔ review2 P1 lost M7 ACK retries exact receipt and null replay token never mints a fresh key (9.709625ms)
✔ review2 P1 missing CSRF before cached recopy cannot copy or issue again (4.570917ms)
✔ review2 P1 missing CSRF before uncertain retry rejects preserved receipt dispatch (7.234834ms)
✔ review2 P1 late issued-link completion after hide cannot write clipboard (4.401459ms)
✔ review2 P1 late issued-link completion after selection cannot write clipboard (5.644042ms)
✔ review2 P1 late issued-link completion after unmount cannot write clipboard (4.888709ms)
✔ review2 P1 late issued-link completion after logout cannot write clipboard (3.110917ms)
✔ review2 P1 claim-link issuance denied without both live read/manage (inbox:read,live:read) (2.199208ms)
✔ review2 P1 claim-link issuance denied without both live read/manage (inbox:read,live:manage) (2.961416ms)
✔ review2 P1 missing authoritative recovery identity never guesses generation {"missingSession":true} (3.110958ms)
✔ review2 P1 missing authoritative recovery identity never guesses generation {"noBundle":true} (4.771ms)
✔ review2 P2 exactly one matching binding uses named DM hard gate ok (7.589708ms)
✔ review2 P2 exactly one matching binding uses named DM hard gate review_required (2.250042ms)
✔ review2 P2 exactly one matching binding uses named DM hard gate missing_permission (4.204625ms)
✔ review2 P2 multiple same-provider bindings advisory only (dm_session:ok,dm_session:missing_permission) (5.482333ms)
✔ review2 P2 multiple same-provider bindings advisory only (dm_session:missing_permission,dm_session:reauth_required) (3.494625ms)
✔ review2 P2 multiple same-provider bindings advisory only (dm_session:ok,read_comment:missing_permission) (2.16125ms)
✔ review2 P2 multiple same-provider bindings advisory only (dm_session:review_required,dm_session:ok) (1.899125ms)
✔ review2 P2 actual scoped A12 409 capability refusal remains visible after advisory submit (5.732875ms)
✔ review2 P2 missing health and single binding without named DM remain disabled (2.582875ms)
✔ review2 P2 expired cached issued link cannot be recopied or silently reissued (5.661708ms)
✔ P1-1 actual visible focus preserves pending ticket, selection, revision and real retry receipt (1.908ms)
✔ P1-1 actual unchanged-session pageshow checks without clearing; changed-session focus expires (0.315667ms)
✔ P1-1 actual hide/reveal clears and requests fresh revision, never accepts obsolete completion (0.284125ms)
✔ P1-1 changed-session visible focus expires even with a pending request (0.173375ms)
✔ P1-2 actual A9 refresh 404 removes rendered DM and unsent draft (28.853625ms)
✔ P1-2 actual send-finally A9 404 removes DM, draft and uncertain immutable receipt (2.425833ms)
✔ actual uncertain send still retains exact receipt when A9 authority remains (0ms post-send A9) (8.036042ms)
✔ actual uncertain send still retains exact receipt when A9 authority remains (50ms post-send A9) (105.641125ms)
✔ actual A9 stale held completion cannot paint after component cleanup (2.17625ms)
✔ P2 actual A14 404 clears buyer facts and customer draft (explicit future-version MOCK) (1.317917ms)
✔ safe authority errors remain the actual InboxError transport class (0.048292ms)
✔ actual current A13 without version keeps A14 disabled; future MOCK grants no backend claim (0.821916ms)
✔ P1-2 actual A11 takeover write 404 clears private state despite failing follow-up A9 (1.769375ms)
✔ P1-2 actual A12 send write 404 clears private state despite failing follow-up A9 (1.066458ms)
✔ A13 server orders omission remains distinct from authorized omitted data (0.773625ms)
✔ A13 server orders omission remains distinct from authorized empty data (0.362917ms)
✔ A13 server orders omission remains distinct from authorized populated data (0.551625ms)
✔ actual shell-store-selector captures selection before synchronous privacy teardown (allowed=true) (72.769709ms)
✔ actual shell-store-selector captures selection before synchronous privacy teardown (allowed=false) (1.875791ms)
✔ actual locale-switch captures selection before synchronous privacy teardown (allowed=true) (10.427042ms)
✔ actual locale-switch captures selection before synchronous privacy teardown (allowed=false) (4.133709ms)
✔ persisted A9 UNKNOWN after page entry warns and blocks the real composer in en (25.338917ms)
✔ persisted A9 UNKNOWN after page entry warns and blocks the real composer in zh-TW (2.554542ms)
✔ persisted A9 UNKNOWN after page entry warns and blocks the real composer in zh-CN (2.472417ms)
✔ A12 queued ACK followed by final A9 UNKNOWN overrides the local queued notice and blocks another send (7.190375ms)
✔ a captured previously enabled composer cannot bypass final UNKNOWN learned by Refresh (2.829584ms)
✔ a later A9 page omitting the known UNKNOWN is not delivery reconciliation (2.080583ms)
✔ persisted queued is not mislabeled UNKNOWN and retains ordinary composer eligibility (0.641125ms)
✔ persisted sent is not mislabeled UNKNOWN and retains ordinary composer eligibility (0.525833ms)
✔ persisted failed is not mislabeled UNKNOWN and retains ordinary composer eligibility (0.6375ms)
✔ persisted blocked is not mislabeled UNKNOWN and retains ordinary composer eligibility (0.660583ms)
✔ fresh mount refuses when an old UNKNOWN is beyond 51 newer messages (fact=true) (1.120792ms)
✔ fresh mount refuses when an old UNKNOWN is beyond 51 newer messages (fact=null) (1.44ms)
✔ fresh mount refuses when an old UNKNOWN is beyond 51 newer messages (fact=undefined) (1.026125ms)
✔ fresh mount refuses when an old UNKNOWN is beyond 51 newer messages (fact=false) (1.343291ms)
✔ a refreshed unknown authority replaces old clear authority even for a captured composer (3.235792ms)
✔ window strict eligibility with 300001ms before hard 24h deadline (13.097542ms)
✔ window strict eligibility with 300000ms before hard 24h deadline (1.5745ms)
✔ window strict eligibility with 60000ms before hard 24h deadline (1.103208ms)
✔ window strict eligibility with 0ms before hard 24h deadline (1.010916ms)
✔ window invalid server deadline fails closed without preparing a send (0.714458ms)
✔ window captured enabled form callback cannot POST after crossing safe cutoff (2.273167ms)
✔ window deadline timer closes controls at cutoff and hard end without waiting for 15s poll (0.853417ms)
✔ quota recovery gives exact zh-TW comment-quota and DM-window instructions beside copy only (0.356375ms)
✔ quota recovery gives exact zh-CN comment-quota and DM-window instructions beside copy only (0.089459ms)
✔ quota recovery gives exact en comment-quota and DM-window instructions beside copy only (0.089209ms)
ℹ tests 123
ℹ suites 0
ℹ pass 123
ℹ fail 0
ℹ cancelled 0
ℹ skipped 0
ℹ todo 0
ℹ duration_ms 1375.037167
✔ browser evidence uses unique local runs or the selected harness parent without rewriting history (89.300875ms)
✔ browser evidence rejects labels that escape the harness directory before creating files (27.370666ms)
✔ shell isolates visual fixtures from a click ledger when caller reuses its evidence root (27.189041ms)
✔ ops disk guard allocation isolates its log and child evidence from committed history (11.389375ms)
✔ visual artifact upload selects lint/index/shots and excludes raw unrelated evidence (7.151292ms)
✔ visual reviewer discovers nested per-run artifact shots through its real copy loop (55.654708ms)
✔ explicit evidence roots inside a repository must be ignored and untracked (PR #23 review) (585.679958ms)
✔ reject quoted screenshot path (2.912458ms)
✔ reject computed writer (0.30825ms)
✔ reject renamed import (0.45125ms)
✔ reject local writer alias (0.327708ms)
✔ reject quoted reporter (0.174792ms)
✔ reject openSync write (0.2105ms)
✔ reject open write (0.18725ms)
✔ reject URL writer (0.214166ms)
✔ reject bound writer (0.148792ms)
✔ reject bound path (0.192208ms)
✔ reject direct (0.096458ms)
✔ reject alias (0.188375ms)
✔ reject split join (0.11625ms)
✔ reject template (0.303375ms)
✔ reject helper (0.339417ms)
✔ reject copy destination (0.061375ms)
✔ reject reporter (0.13525ms)
✔ reject traversal (0.070792ms)
✔ reject tracked nonoutput (0.057459ms)
✔ allow read-only open (0.392375ms)
✔ allow read-only URL open (0.156667ms)
✔ allow historical read (0.125416ms)
✔ allow copy source (0.056917ms)
✔ allow comment (0.197625ms)
✔ allow string data (0.06225ms)
✔ allow run directory (0.291042ms)
✔ Go Join aliases flag writes but not read-only history or comments (2.271125ms)
✔ producer discovery covers acceptance suites and helpers, not documentation/artifacts (0.20025ms)
✔ synthetic Go historical fixtures stay inside t.TempDir; real CopyFS destinations are audited (0.54375ms)
✔ Go OpenFile rejects create/write flags but preserves historical read-only descriptors (2.586666ms)
ℹ tests 37
ℹ suites 0
ℹ pass 37
ℹ fail 0
ℹ cancelled 0
ℹ skipped 0
ℹ todo 0
ℹ duration_ms 845.468167
