✔ /products/{uuid} redirects permanently to the zh-TW product page (84.416041ms)
✔ non-uuid ids are 404, never redirected (2.875333ms)
✔ AT1: the locale redirect preserves the ad-click query without allowing a redirect target (0.445917ms)
✔ R10: standalone signed signals survive a missing or expired seven-day touch (38.899ms)
✔ R10: standalone signals reject expiry, bad signature, duplicates and another host (0.364666ms)
✔ AT1 R5: browser identity survives expired touch and rolls for ninety days (1.270459ms)
✔ AT1 R5: missing ad parameters create no cookies; fbclid alone creates no touch (2.789833ms)
✔ AT1 R5: lc_ad alone updates attribution and does not replace fbc (0.687916ms)
✔ AT1: host-only first-party cookies contain no PII and read back exactly (2.533334ms)
✔ AT1: a later valid click replaces the draft but preserves the browser identifier (3.34ms)
✔ R10: only a different fbclid replaces fbc and its first-seen timestamp (4.891917ms)
✔ AT1: malformed and ambiguous links do not overwrite a valid prior touch (2.4765ms)
✔ AT1: host and key binding reject copied cookies (0.238916ms)
✔ AT1: duplicates and tampering invalidate the entire envelope (0.1565ms)
✔ AT1: exactly seven days is valid, the next millisecond and future clicks are not (0.138042ms)
✔ catalog list query limits equal the Go v2 parser (internal/buyerhttp/catalogv2.go) (48.998458ms)
✔ collection list cap equals Go maxCollectionsPerStore (15.136458ms)
✔ design caps equal internal/design/schema.go (nav, sections, pages) (37.098541ms)
✔ CVS buyer-entered store bounds and return path equal Go (internal/checkout/cvs.go, migration 0093) (22.579584ms)
✔ transfer view: closed shape and state rules mirror Go validTransferView (3.877375ms)
✔ proof body and result: five digits, positive minor amount, ISO instant (0.585917ms)
✔ minorFromText: major units with at most two decimals, never a float surprise (0.133458ms)
✔ buyer email mirror: one plain address, 254 characters at most (0.116042ms)
✔ countdown: whole hours and minutes, never negative (0.373458ms)
✔ copy: three locales carry every key and every refusal code (0.193834ms)
✔ options: a home row lists modes only with bank_transfer and then needs its window (0.246ms)
✔ checkoutInput: a home bank_transfer body, the optional trimmed email, and every refusal before any request (0.39675ms)
✔ order: AWAITING_TRANSFER is a valid commercial state without a hold time (0.185959ms)
✔ BFF: exact transfer routes, keyed proof PUT, strict body, validated answers, no generic proxy (148.920042ms)
✔ BFF: transfer refusal codes pass through as definite 422; checkout accepts bank_transfer and a valid email only (34.129584ms)
✔ D06 order heading follows a settled transfer: never 'waiting for transfer' above a confirmed or expired one (0.210959ms)
✔ uncertain prepare blocks all mutations; changed cookie context resolves journal (67.326542ms)
✔ fully parsed local denial clears only its own pending operation (1.616041ms)
✔ malformed journal, unavailable lock and stale context fail before writes (2.443125ms)
✔ BPT05 exact handoff permits absent body/key, one fetch, no form persistence (20.137667ms)
✔ BPT05 wrong handoff form and ordinary writes fail before any fetch (1.005167ms)
✔ BPT05 unresolved cookie journal blocks handoff; lost response is one fetch without persistence (0.175833ms)
✔ SU02 refresh permits absent body/key, one fetch, no persistence (0.910167ms)
✔ SU02 refresh rejects a body, a key or a malformed path before any fetch (0.498417ms)
✔ SU02 cancel permits absent body/key, one fetch, no persistence (0.198583ms)
✔ SU02 cancel rejects a body, a key or a malformed path before any fetch (0.119875ms)
✔ BPT01 exact private path, headers, body and three-locale one-fetch transport (44.857334ms)
✔ BPT02 payment routes reject untrusted path, context, headers, key and body before fetch (79.187667ms)
✔ BPT03 hostile upstream success is sanitized, never returned as payment data (58.196625ms)
✔ BPT04 every handoff failure is nonretryable, including pre-route and transport loss (16.822041ms)
✔ SU02 five routes: exact upstream path, method, key, body, one fetch each (10.6595ms)
✔ SU02 refresh and cancel are keyless and pass every CSRF/context denial before fetch (8.264625ms)
✔ SU02 every handoff/refresh/cancel failure is nonretryable and sanitized (81.562167ms)
✔ SU02 hostile Stripe bodies become the sanitized 503; PAYUNi and Stripe bodies stay byte-identical (61.164416ms)
✔ SU02 prepare accepts only the two known method codes (6.291959ms)
✔ disabled and invalid configuration fail closed before private fetch (106.790583ms)
✔ private authority, cookie lifecycle and strict local denial (36.1495ms)
✔ bad host, cookie, query and method never reach private API (2.596959ms)
✔ stalled inbound POST body is canceled at its deadline without a cookie or private call (2.199375ms)
✔ R10: Begin forwards independently signed signals; browser attribution and forwarded hosts are not authority (14.878875ms)
✔ CVS BFF: exact routes, keyed open/store, keyless verify, validated answers, no generic proxy (29.325583ms)
✔ CVS BFF: contract refusal codes pass through; pay_at_pickup_limit is a definite (non-retryable) 429 (17.617209ms)
✔ fragment grammar accepts only one canonical token (0.549875ms)
✔ claim projections are closed (1.100916ms)
✔ claim token rides only its header on B1/B2 and is never echoed (143.12725ms)
✔ claim-priced cart edits send only SKU and quantity, keeping server price authority (29.066ms)
✔ direct-checkout sold-out projection is mandatory, boolean and closed (0.137625ms)
✔ claim redeem shares the purchase lock, guards recovery and never persists the token (3.845583ms)
✔ ClaimLink removal projects live-priced survivors on ready and conflict pages (201.140084ms)
✔ ClaimLink revisit checks out applied A while pending B is sold out or unavailable (92.634625ms)
✔ ClaimLink refreshes a nothing result after a second tab applied the claim (5.536125ms)
✔ ClaimLink does not navigate when a buyable claim target is absent or has changed quantity (9.125291ms)
✔ ClaimLink optional prior-order notice tolerates unreadable storage without bypassing recovery (16.464583ms)
✔ CVS01 map form: only the two ECPay e-map actions, exact fields, top-level-safe values (2.484125ms)
✔ CVS02 return path allowlist excludes /claim and anything but the checkout or product page (0.439041ms)
✔ CVS03 selection projection: VERIFIED<=>pickup, REJECTED<=>reject_code, absent keys read as null (1.592917ms)
✔ CVS04 buyer-entered store answer and request body (0.896542ms)
✔ CVS05 store code table (§16.1) keeps leading zeros and per-chain lengths (0.342458ms)
✔ CVS06 recipient mirror: real-name width 4..10 (CJK=2), no digits/symbols/emoji; 09 mobile (1.645792ms)
✔ CVS07 checkout draft: name, phone and mode only; read once; corrupt/foreign shapes are dropped (0.284292ms)
✔ CVS08 return URL: only ?cvs_selection=<uuid> is accepted (0.097125ms)
✔ CVS09 buyer order projection and copy keys: nothing but PICKED_UP says picked up (0.111208ms)
✔ CVS10 error codes: field mapping, definite refusals, official links are https constants (0.213ms)
✔ CVS11 client transport: verify is the one new keyless POST; the server refusal code rides BuyerClientError.detail (26.204042ms)
✔ every locale x page has a title, an updated line and at least one section (3.967542ms)
✔ locales share the section count and per-section body count of every page (0.46175ms)
✔ final text is only the owner-confirmed company facts (CR 81215167 name + registered address); nothing else is final (0.627ms)
✔ a legal page is published only when every text on it is final; buyers see no link to an unpublished one (1.536ms)
✔ data-deletion path is named in the privacy page of every locale (0.4815ms)
✔ pendingOwnerText lists exactly the texts that keep a page unpublished and is written for the owner (2.304958ms)
✔ a live (claim-origin) price replaces the catalog price and strikes it through (2.165666ms)
✔ without a live price the catalog price and its compare-at are shown unchanged (0.128917ms)
✔ a live price equal to or above the catalog price is shown as set (strike hidden by the UI guard) (0.059792ms)
✔ a live price strikes the catalog price, never the variant sale price (0.0495ms)
✔ order ref: 12 hex (dashes or spaces, any case) or a full id (1.396708ms)
✔ contact: one email or a phone of 6..20 digits (0.354333ms)
✔ body is exactly {order_ref, contact}; the answer is exactly {order_id} (0.17175ms)
✔ BFF lookup: no cookie needed, fresh token goes upstream, cookie only on 200 and it carries that same token (171.226417ms)
✔ BFF lookup: strict local denial before any private fetch (2.316542ms)
✔ copy: three locales carry every key (0.241583ms)
✔ MS4 srcset descriptors use actual decoded widths and deduplicate small renditions (0.840625ms)
✔ MS1 product rendition allowlist preserves trusted Host and never forwards buyer cookies (56.503916ms)
✔ MS2 invalid, duplicate, extra, encoded widths and non-product variants fail before fetch (1.2255ms)
✔ MS3 old-image fallback is never promoted to immutable; committed variants are cacheable (1.929834ms)
✔ TWD whole amounts show no decimals in every locale and at every magnitude (line, subtotal, total, zero) (42.670125ms)
✔ cents appear only when there are cents, then always as two digits; the minor-unit arithmetic is untouched (0.195083ms)
✔ digits come from the currency: JPY none, USD two when there are cents (6.817958ms)
✔ one formatter: no component, page or lib builds a currency Intl.NumberFormat outside lib/money.ts (70.03325ms)
✔ locale probe bounds a missing destination head with a route/device diagnostic (9.247667ms)
✔ locale probe clears its deadline when the real head promise completes (0.8755ms)
✔ fragment: exactly #o=<order id>&t=<43-char token>; anything else is null (2.103542ms)
✔ body is exactly {order_id, token, proof}; the answer is exactly the order the link named (0.576958ms)
✔ BFF link: no cookie needed, fresh token upstream, cookie only on a 200 naming the same order, link token never echoed (133.612125ms)
✔ BFF link: strict local denial before any private fetch (18.6605ms)
✔ copy: three locales, one refusal text, a retry and a lookup path (0.119042ms)
✔ BPU01 fresh payment writes exact metadata before prepare, one bodyless Take, no persistent form (89.2085ms)
✔ BPU01 lost prepare response replays original key/body only on explicit next click (3.552542ms)
✔ BPU01 lost handoff is permanently GET-only, even after a second click (5.191083ms)
✔ BPU01 storage, amount, scope and child/screen fences reject before irreversible writes (0.800417ms)
✔ BPU01 document/child loss after prepare but before Take leaves exact replay marker (0.338459ms)
✔ BPU01 malformed server handoff never submits and Take remains nonretryable (3.960458ms)
✔ BPU01 marker replacement before Take and after Take blocks release/form reuse (2.848083ms)
✔ BPU01 context replacement after prepare and after Take closes destination without form (8.595291ms)
✔ BPU01 synchronous destination refuses invalid locale before opening a window (0.164583ms)
✔ SU03 fresh Stripe pay: marker before prepare, one prepare, one handoff, navigate, URL never stored (0.971667ms)
✔ SU03 marker replay: lost prepare response replays key/body, no uncertain on PENDING view with leftover marker (3.063916ms)
✔ SU03 cross-device Continue needs no marker and never prepares (2.775042ms)
✔ SU03 marker/view matrix: PAYUNi marker on Stripe view and Stripe marker on PAYUNi view send nothing (1.3435ms)
✔ SU03 any other view renders without a POST (0.6245ms)
✔ SU03 CREATING: waits on the schedule without the lock, then hands off once when READY (19.275084ms)
✔ SU03 CREATING budget: 10 reads over 30 s, then the blank child is closed, no POST, no throw (47.596083ms)
✔ SU03 cancel_requested seen on the re-GET aborts before the handoff POST (2.441334ms)
✔ SU03 handoff outcomes: CREATING closes child, CLOSED/UNAVAILABLE/error/malformed reject; one POST each, never retried (11.355333ms)
✔ SU03 Stripe prepare errors, amount/currency mismatch and popup loss stop before any handoff (8.457834ms)
✔ SU03 two clicks make two handoff POSTs only because there were two clicks; sequential, none from reads (24.23625ms)
✔ SU03 navigate: validates again, needs an owned blank child, sets used before replace, no URL in errors (29.242375ms)
✔ SU03 refresh signal: keyless single POST, validated, throttled 1/10 s and 30 per page life, cancel never throttled (204.49125ms)
✔ SU03 signal failures are single-shot and sanitized: HTTP error, malformed body, wrong order (0.741875ms)
✔ private quote/option authority fields are required; only exact MANUAL home can checkout (11.2575ms)
✔ continue shopping advances only ordered version, clears hint, keeps SQL history authoritative (32.622875ms)
✔ lost next-cart response retries identical key/body and preserves a newer cart (2.748084ms)
✔ continuation never overwrites an already advanced cart (0.441292ms)
✔ unknown checkout blocks continuation without any business request (1.707792ms)
✔ two queued continuation clicks mutate once; stale order ID cannot clear another order (0.792125ms)
✔ CAS conflict resolves only after a newer cart is read (1.049416ms)
✔ locator removal failure retains next-cart journal and recovery survives missing locator (1.457916ms)
✔ order history summary rejects PII/unknown fields and malformed scope IDs (0.114541ms)
✔ native address validation mirrors printable Unicode, limits and phone; journal forbids PII (4.063167ms)
✔ address lost reply replays exact in-memory intent, then confirms current head (1.972ms)
✔ address reload requires explicit new intent and exact observed CAS; stale head never auto-bumps (0.604667ms)
✔ old address receipt cannot confirm another tab's newer current head (1.006916ms)
✔ a late address CAS winner requires another explicit confirmation, not an automatic version bump (0.439625ms)
✔ checkout lost reply, queued duplicate and current GET reuse one key and one order (0.832167ms)
✔ uncertain checkout retains original journal across later 401/403/404/5xx and malformed success (1.04275ms)
✔ only a fresh definitive denial clears checkout; no order locator is invented (0.215625ms)
✔ locator storage failure after commit retains same key; reload GET failure keeps locator (1.953417ms)
✔ locator persisted but journal removal failed resumes pending receipt, not unrelated pointer (3.017125ms)
✔ unavailable storage, invalid locator and late changed context fail closed (0.343792ms)
✔ order locator readback mismatch and no-op journal removal both retain checkout recovery (0.493042ms)
✔ direct claim continuation refuses a newer ordered cart inside the purchase lock (0.28675ms)
✔ direct claim continuation keeps next-cart recovery after a conflicting clear (0.221041ms)
✔ collector projection: admitted for derived connections, absent/null for primary (4.763208ms)
✔ collector rejects identifiers, extra keys and malformed text (0.392125ms)
✔ disclosure renders the contract §5 line with all three slots substituted (0.267708ms)
✔ the disclosure line exists exactly when the hosted view returns a collector (0.546208ms)
✔ a shop or collector name with a replacement pattern is shown literally (0.655208ms)
✔ OrderPayment renders the disclosure with the view, above every pay button, through the helper only (0.762958ms)
✔ BPT03 exact valid projection and Go nanosecond UTC timestamps (3.94225ms)
✔ BPT03 view rejects private fields, inconsistent state and malformed names (0.197875ms)
✔ BPT03 prepared receipt enforces exact original credit-card amount (0.073458ms)
✔ BPT03 hosted form and replay are exact, bounded and action-allowlisted (0.292042ms)
✔ SU01 Stripe views: fresh, both methods, attempt states, PAYUNi unchanged (0.5385ms)
✔ SU01 Stripe view negatives (0.501ms)
✔ SU01 prepared amounts follow the corrected per-currency table (0.873167ms)
✔ SU01 Stripe handoff union and every redirect_url negative (0.507458ms)
✔ SU01 payment signal is exactly {order_id, scheduled:boolean} (0.148292ms)
✔ RUI01 refund summary: refunded states, pending money, absent ≡ null (0.169125ms)
✔ RUI01 refund summary negatives (0.136167ms)
✔ BPU03 neutral GET and POST return ignore every callback field and cookie (19.654125ms)
✔ primary origin: exact path/query, same host, and no URL-controlled destination (4.129792ms)
✔ GET and HEAD use trusted Host, private bounded uncached resolver and exact 301 (25.891291ms)
✔ no writes redirected; resolution failures fail closed; unknown hosts keep native 404 (0.760125ms)
✔ policy version is the frozen constant, in the customers-core D4 shape (1.517083ms)
✔ route table: exactly the four buyer privacy routes, methods and body kinds (1.421916ms)
✔ body shapes are closed and mirror the frozen Go inputs (no source, no policy_version) (0.15025ms)
✔ GET privacy validator: closed shape, erased owner holds no consent (0.1415ms)
✔ consent result and erasure summary validators (0.248916ms)
✔ buyer export envelope never carries customer_id (0.088667ms)
✔ failure classification: 410 and erased are the erased state (0.056875ms)
✔ copy: every locale has the same keys, the ads box discloses that sent events cannot be recalled (1.429667ms)
✔ selected option photo uses a main display slot without adding a fifth main image (3.286958ms)
✔ use-cover selection and a main-thumbnail selection restore the original main gallery (0.3865ms)
✔ cart thumbnail uses variant then catalog image_id, including when main images are absent (0.324833ms)
✔ migrated four-main/five-detail images stay separate when the option photo changes (0.4515ms)
✔ real cart-detail composition uses server SKU image_id (v2 detail available) (58.253458ms)
✔ real cart-detail composition uses server SKU image_id (v2 detail unavailable) (1.892125ms)
✔ parity: frontend caps equal the Go constants (3.279083ms)
✔ detail parser: 4 main + 20 detail + option-value images are accepted and mapped (0.760625ms)
✔ detail parser: 5 main, 21 detail, bad ids and over-cap option images are refused (0.236ms)
✔ detail parser: a backend before product-media-v2 (no new keys) still parses with empty defaults (0.076375ms)
✔ v1 catalog row: images are main-only (<= 4) and image_id is a uuid or null (0.610542ms)
✔ PRO-S1 code mirror: any case and spaces normalise; impossible codes never become a request (0.63425ms)
✔ PRO-S2 promotion object: closed keys, kind/value pairing (0.179042ms)
✔ PRO-S3 quote validator: promotion is optional but never malformed; the discount stays the server's own number (0.454334ms)
✔ PRO-S4 journal grammar: a quote write may carry one canonical promo_code, nothing else (1.398625ms)
✔ PRO-S5 copy: three locales cover every refusal code and the same keys (4.484583ms)
✔ PRO-S6 BFF quote route: promo_code relayed untouched when canonical, refused before the private API otherwise (154.706833ms)
✔ PRO-S7 BFF: every promo_* refusal is a definite, non-retryable 422 with its own code (12.029417ms)
✔ demonstration disclosure is explicit and local-only (0.770958ms)
✔ cart selection preserves unrelated SKUs and the observed CAS version (50.894542ms)
✔ minor amounts are bounded before multiplication, including zero (0.21ms)
✔ delivery identity includes country for one market and method (0.112834ms)
✔ journal is bound to context and rejects PII/unknown fields (0.274209ms)
✔ lost response replays exact key/body, then clears only after parsed receipt (36.448333ms)
✔ RUI02 buyer order admits MERCHANT_SHIPPED only with a SHIPPED head; absent shipment ≡ null (0.936542ms)
✔ RUI02 shipment shape negatives (incl. unsafe links) (0.4325ms)
✔ RUI02 history summary admits MERCHANT_SHIPPED (a shipped order must not break the list) (0.35075ms)
✔ CVSP01 options: CVS rows carry pickup_selection/payment_modes; unavailable rows are a separate shape (0.626ms)
✔ CVSP02 CVS destination write: TW only, pickup_id required, empty home address; home unchanged (4.857542ms)
✔ CVSP03 checkoutInput: payment_mode only for CVS rows and only a mode the row offers (2.082458ms)
✔ COD confirmation includes expected fee, enforces collect cap and validates immutable order money (0.309417ms)
✔ CVSP04 buyer order: pay_at_pickup <=> collection_state; cvs_shipment only on a matching CVS destination (0.664208ms)
✔ CVSP05 journal accepts a CVS destination marker and a checkout body with payment_mode, nothing else (0.583417ms)
✔ validProduct accepts up to the Go photo cap and rejects one more (4.739041ms)
✔ design: garbage and hostile documents collapse to the safe default shape (1.251375ms)
✔ design: links, preview token propagation, nav resolution (50.592666ms)
✔ design: any merchant accent yields readable button text and link colour (WCAG AA) (63.375625ms)
✔ variants: resolution, disabled out-of-stock combinations, initial choice, price bounds (0.631125ms)
✔ catalog-v2 parsers accept the frozen shapes and refuse drift (1.059459ms)
✔ free-delivery progress words the hint only when a threshold exists (0.09125ms)
✔ list query: only whitelisted, canonical values survive (0.324167ms)
✔ seo: JSON-LD cannot break out of its script tag; offers reflect stock and price range (71.467083ms)
✔ seo: sitemap escapes and carries hreflang; robots refuses everything for a closed host (11.786209ms)
✔ money: whole amounts drop cents, minor digits come from the currency, filters round-trip (8.2915ms)
✔ cart line write: replaces one line, keeps the others, 0 removes, CAS version is the one shown (7.781417ms)
✔ cart problems map to buyer-facing classes without leaking transport detail (0.321042ms)
✔ checkout options accept the optional free-shipping threshold only as a positive integer or null (10.175542ms)
✔ no-image placeholder copy: exactly the locale label a photo-less card or gallery renders (2.191ms)
✔ storefront image caps equal the Go catalog caps (internal/catalog MaxMainImages, MaxDetailImages) (75.048292ms)
✔ design text limits count code points like Go, never splitting a surrogate pair (0.266667ms)
✔ G3: same-series cards exclude the current product and never invent absent draft/foreign products (0.802708ms)
✔ G5: safety guidance exists in three languages without changing the five merchant policy approval boundaries (1.059833ms)
✔ G4: category chips omit empty collections; hidden collections absent from the public API stay absent (0.08975ms)
✔ OrderHistory renders server order instant in Taipei (10.137291ms)
✔ ClaimLink renders claim expiry in Taipei (161.860917ms)
✔ BankTransfer renders deadline and proof instant in Taipei (40.793625ms)
✔ BankTransfer proof echo labels store time in en (53.301583ms)
✔ BankTransfer proof echo labels store time in zh-TW (6.624958ms)
✔ BankTransfer proof echo labels store time in zh-CN (5.981791ms)
✔ BankTransfer input describes the device zone in en (2.267917ms)
✔ BankTransfer input describes the device zone in zh-TW (4.30575ms)
✔ BankTransfer input describes the device zone in zh-CN (3.470417ms)
✔ BankTransfer input has a generic label when Intl has no zone in en (1.833875ms)
✔ BankTransfer input has a generic label when Intl has no zone in zh-TW (3.116834ms)
✔ BankTransfer input has a generic label when Intl has no zone in zh-CN (5.564375ms)
✔ ShopFooter uses Taipei year across UTC year boundary (4.283209ms)
✔ BankTransfer deadline labels store time in en (4.971292ms)
✔ BankTransfer deadline labels store time in zh-TW (2.66625ms)
✔ BankTransfer deadline labels store time in zh-CN (55.176041ms)
✔ OrderHistory states the Taipei time zone once in en (21.225084ms)
✔ OrderHistory states the Taipei time zone once in zh-TW (10.364583ms)
✔ OrderHistory states the Taipei time zone once in zh-CN (16.902458ms)
✔ dictionaries have exact parity and non-empty values (1.63775ms)
✔ locale precedence and language quality mapping (1.033208ms)
✔ localized paths preserve deep links and reject dangerous input (0.951ms)
✔ path locale only matches a canonical first segment (0.067292ms)
✔ the four constructs render (1.677166ms)
✔ XSS payloads stay inert text (1.399208ms)
✔ fuzz: any string over a hostile alphabet renders only whitelisted tags (12.683458ms)
✔ validator mirrors the Go rules (0.701333ms)
✔ SDN1 allowlist: exactly the contract routes, per method (0.60125ms)
✔ SDN1 allowlist: traversal, case, suffix and prefix tricks never match (1.671167ms)
✔ SDN1 request shape: no query string anywhere, reads carry no body, key, length or transfer-encoding (39.5085ms)
✔ SDN1 cap: 260 KiB = Go's 256 KiB document + 4 KiB envelope, and a body of exactly the cap is still below it (0.056417ms)
✔ SDN2 renderer: every XSS payload comes out as whitelisted tags and escaped text only (0.755875ms)
✔ SDN2 renderer: escape-first means the merchant's text never becomes markup (0.099834ms)
✔ SDN2 renderer: fuzz (seeded) never produces a tag outside the whitelist (20.64275ms)
✔ SDN2 client validator rejects what the server rejects (HTML, non-https links, `<` anywhere) (1.245875ms)
✔ cleanForSave turns cleared fields into null but keeps an empty body (5.67325ms)
✔ localIssues names each missing mandatory value by server path (1.077833ms)
✔ moved swaps neighbours and ignores out-of-range moves (0.101125ms)
✔ parsers accept the exact Go shapes and refuse extra or missing keys (1.66125ms)
✔ BFF allowlist covers exactly the design resources (0.297583ms)
✔ validDesignRequest refuses queries and bodies on reads, ignores other paths (24.659917ms)
✔ designDetails forwards only a bounded {path, reason} pair (0.447083ms)
✔ accepts exactly the three locale invite paths with a 20-200 char token (0.571917ms)
✔ rejects anything that is not an exact same-origin relative invite path (0.092ms)
✔ rejects percent-encoded variants of the exact shape (0.052917ms)
✔ the token is an opaque invite token shape, never a URL (0.046834ms)
✔ fragment carrier: round-trips the exact invite path, is never a query string, and rejects hostile fragments (0.627666ms)
✔ dashboard: accepts the frozen shape, rejects drift (18.693667ms)
✔ import result: strict keys, closed error codes, committed never carries errors (0.961458ms)
✔ csv file guard mirrors the Go bounds (1.055625ms)
✔ manual options: a COD home row parses with its offer (D01: the page used to refuse the whole list) (8.226292ms)
✔ manual options: only bank_transfer / pay_at_pickup / cash_on_delivery, key must equal market|country|code (0.193625ms)
✔ manual result: link is https with the order id and a 43-char capability in the fragment only (0.293291ms)
✔ draft: first problem, and the body has no price-like field at all (0.438292ms)
✔ BFF grammar: exactly the seven tools resources (0.085875ms)
✔ regenerate body/result: exactly {order_id, locale} and a fresh https link naming that order (0.144833ms)
✔ copy parity: every locale has every key, import rules and error codes (0.467083ms)
✔ callback redirect target is always a same-origin /<locale>/settings path whatever the cookies, store, code or error say (5.788417ms)
✔ the binding cookie: exactly one canonical store uuid, path-scoped to the callback, HttpOnly, Lax, 10 minutes, Secure (0.133792ms)
✔ callback query: exactly one code and one state within charset/length bounds; Meta's error=… and repeats are not forwarded (0.597125ms)
✔ the dialog URL the BFF hands the browser is https://www.facebook.com only (0.124125ms)
✔ callback error mapping only ever yields fixed codes, never an upstream message (0.122042ms)
✔ selected Page qualifies only a bare Facebook id, never rewrites another Page or external URL (0.712042ms)
✔ status: not connected, connected with and without Instagram, and every deviation throws (1.952959ms)
✔ pick state: closed shape, optional Instagram keys come as a pair, id must match (0.350667ms)
✔ route grammar: only status/states/pick/disconnect; start and callback are dedicated routes; no query; reads carry no body or key (136.075542ms)
✔ connect cookie, body and callback redirect never carry code/state and only fixed codes (0.378458ms)
✔ copy: three locales have the same keys and every Go error code has a message (0.1485ms)
✔ review-required remains restricted; evidence does not promote state (7.95475ms)
✔ legacy omission remains unidentified, independent of array order (3.453875ms)
✔ closed shapes reject unknown state/provider/evidence, leaked fields and inconsistent severity (0.838333ms)
✔ duplicate capabilities/pages and unbounded arrays cannot become trusted state (2.401417ms)
✔ worst Page determines advice, no raw upstream reason reaches copy (1.089583ms)
✔ recheck receipt means scheduled; timestamps and closed keys are checked (0.186166ms)
✔ exact keyless route grammar rejects query/key/body confusion (37.571708ms)
✔ recheck takes exactly page_id and no caller-provided scope (0.123959ms)
✔ blocking advice comes from the blocking capability, not a secondary public-reply warning (0.097083ms)
✔ clean health browser mode prepares admin standalone before starting its fixture (36.716167ms)
✔ en: expired connection retains its full refusal inside a wrapping badge (12.188333ms)
✔ zh-TW: expired connection retains its full refusal inside a wrapping badge (1.954125ms)
✔ zh-CN: expired connection retains its full refusal inside a wrapping badge (0.779333ms)
✔ actual B1 snapshot state remains ok even when a fixture expected review_required (0.095542ms)
✔ D02 TWD input: whole dollars only, x100 on the wire (11.047792ms)
✔ D02 TWD edit text: whole dollars have no decimals; a legacy amount with cents is never shown as another price (0.239917ms)
✔ D02 display: NT$ without decimals in every language, cents only when there are cents (1.128083ms)
✔ D02 live-price input (Studio claims): TWD whole dollars, other currencies their decimals (0.520166ms)
✔ D02 discount code amounts: TWD whole dollars, a decimal is refused before it is sent (0.988583ms)
✔ D02 no admin copy or component says 'minor units' to the merchant (151.607666ms)
✔ M06 time: Asia/Taipei everywhere, labelled, never UTC (11.409125ms)
✔ settings answer: exactly one boolean key (1.603042ms)
✔ PUT body is the frozen single key (0.274792ms)
✔ BFF grammar: GET read, PUT keyed command, nothing else (0.784416ms)
✔ copy: three locales, same keys, no empty text (0.689625ms)
✔ PRM01 parse: exact keys, kind/value pairing and ranges; duplicates and unknown keys are refused (2.530625ms)
✔ PRM02 Taipei wall time: +08:00 on the wire, instant shown back in Taipei, impossible dates refused (17.676125ms)
✔ PRM03 create body: normalised code, major units to minor units, optional fields null, whole body validated (6.874333ms)
✔ PRM04 update + toggle: version CAS key, form round trip, pause keeps every other field (1.065834ms)
✔ PRM05 BFF grammar: exactly list, create and update; nothing generic (0.589125ms)
✔ PRM06 copy: three locales carry the same keys and every refusal code the Go routes can answer (0.512083ms)
✔ G-UI3/G-UI5 architecture constraints pass with shrinking legacy exceptions (1653.539125ms)
✔ G-UI3/G-UI5 negatives: new formatter, component fetch, >800 lines and wider allowance fail (0.513334ms)
✔ Readiness jump controls expose the actual active section, not a click flag (14.867834ms)
✔ Integrator P2: legal CN comment ordering and a distinct three-image recommendation (0.182125ms)
✔ ADM04 and ADM06 explain unavailable SKUs and keep collection vocabulary consistent (0.979875ms)
✔ ADM06 create/detail titles share the route vocabulary without adding a phantom Next page (0.373583ms)
✔ G-UI1 Next pages and route registry are bidirectional, unique, typed, documented (1.889875ms)
✔ G-UI1 copy key parity: no missing or extra key in any locale (0.423417ms)
✔ G-UI2 staff without catalog:read cannot see products/inventory or open a product URL (0.455208ms)
✔ G-UI2 every route permission is a permission Go knows, and /orders/new needs inventory:reserve (225.841916ms)
✔ G-UI1 dynamic and public routes match, details never appear as navigation (0.521ms)
✔ W6-U2 ledger is a settings in-page route, preserving existing navigation (1.923375ms)
✔ Every browser spec clicks nav-orders: the orders group stays a singleton, so returns/new/print routes are nav: false (8.2195ms)
✔ shell-registry: every routed path has exactly one nonempty shared h1 in all three locales (280.584375ms)
✔ shell-registry: orders stays one actual group button on live and non-live routes (2.157459ms)
✔ shell-registry: loading/expired/unavailable/forbidden keep one safe heading and never leak private content (3.488209ms)
✔ created address is a strict HTTPS origin matching the assigned handle (0.793584ms)
✔ DNS instructions must name the requested origin and a bare hostname target (0.400875ms)
✔ domain kind is authoritative and closed, not inferred from host or token (0.137292ms)
✔ apex DNS retains every concrete IPv4/IPv6 address and rejects malformed values (1.14875ms)
✔ pending domain journal preserves exact action/key/target; legacy or corrupt markers never replay (1.911458ms)
✔ browser-origin gate: every refusal happens before Go is called, for every action (23.276ms)
✔ only POST exists on the team routes (2.721958ms)
✔ unknown action is a local 404 and never reaches Go (0.950584ms)
✔ strict request grammar: wrong keys, types, ids, roles, locales and token shapes are 422 locally (6.566208ms)
✔ what reaches Go: BFF key, bearer from the cookie, no Cookie/Origin, body unchanged, exactly one call per request (443.155666ms)
✔ Go failures are rebuilt locally from allow-listed codes, never retried, and never echo the token (93.313417ms)
✔ team answer: accepts the frozen shape, null role and OIDC member without email (0.628916ms)
✔ team answer: unknown key, unknown role, bad id, bad mail state are rejected (0.309459ms)
✔ invite and accept answers are strict (0.397375ms)
✔ request grammar: every action has an exact key set and rejects junk values (0.67375ms)
✔ copy: three locales carry the same keys and a label for every role (1.1615ms)
✔ role-aware navigation: hides entries the member's permissions cannot use; unknown shows all; Team is owner-only (0.902084ms)
✔ P02 settlements directory rejects missing/link/owner/group/mode with a valid control (746.003ms)
✔ preflight health permission grammars and API/worker consistency fail closed (4018.265541ms)
✔ merchant alert flag is explicit 0|1 and independently requires SMTP (2468.083542ms)
✔ shared loader makes API/worker LIVE pair file-only before Compose interpolation (438.96475ms)
✔ export bind accepts omitted JSON false but rejects unsafe source/config mutations (1.538167ms)
✔ sanctioned operator allowlist and fail-closed gates (fake docker, no network) (4465.066084ms)
✔ platform operator custody, export mount and binary are wired (256.239ms)
✔ actual export bind refuses a missing directory; enabling auto-create is detected (661.969833ms)
✔ R3 preflight rejects cancelled PAYUNi, validates Page app and keeps LIVE pair mandatory (1766.074334ms)
✔ R3 smoke exercises exact denied probes, accepts 404 only for disabled mounts (126.560167ms)
✔ positive control: a complete, valid configuration raises no META_LOGIN finding (1442.297958ms)
✔ feature off (COMMERCE_META_LOGIN_CONFIG_ID empty): no rule applies even with the other keys empty (435.353375ms)
✔ P06: the Page route needs the webhook receiver (341.157459ms)
✔ P06: sessions come from identity (464.4875ms)
✔ P06: without the claims profile nobody sends the private replies (a WARN, not a FAIL) (477.038708ms)
✔ P08: COMMERCE_META_LOGIN_CONFIG_ID must be numeric ("abc") (357.801083ms)
✔ P08: COMMERCE_META_LOGIN_CONFIG_ID must be numeric ("12 34") (369.287708ms)
✔ P08: COMMERCE_META_LOGIN_CONFIG_ID must be numeric ("111111111111") (386.85975ms)
✔ P08: COMMERCE_META_LOGIN_CONFIG_ID must be numeric ("0x10") (394.598667ms)
✔ P08: COMMERCE_META_LOGIN_CONFIG_ID must be numeric ("-1") (361.882167ms)
✔ P08: COMMERCE_META_LOGIN_REDIRECT_URI must be exactly https://<LC_ADMIN_HOST>/api/meta/callback (wrong host) (368.730292ms)
✔ P08: COMMERCE_META_LOGIN_REDIRECT_URI must be exactly https://<LC_ADMIN_HOST>/api/meta/callback (http scheme) (287.986083ms)
✔ P08: COMMERCE_META_LOGIN_REDIRECT_URI must be exactly https://<LC_ADMIN_HOST>/api/meta/callback (the ads callback path) (302.433042ms)
✔ P08: COMMERCE_META_LOGIN_REDIRECT_URI must be exactly https://<LC_ADMIN_HOST>/api/meta/callback (trailing slash) (260.796875ms)
✔ P08: COMMERCE_META_LOGIN_REDIRECT_URI must be exactly https://<LC_ADMIN_HOST>/api/meta/callback (query string) (250.297708ms)
✔ P08: COMMERCE_META_LOGIN_REDIRECT_URI must be exactly https://<LC_ADMIN_HOST>/api/meta/callback (empty) (361.544709ms)
✔ P08: COMMERCE_META_LOGIN_GRAPH_VERSION grammar vNN.N ("26.0") (260.649625ms)
✔ P08: COMMERCE_META_LOGIN_GRAPH_VERSION grammar vNN.N ("v26") (193.684583ms)
✔ P08: COMMERCE_META_LOGIN_GRAPH_VERSION grammar vNN.N ("v26.0.1") (206.718042ms)
✔ P08: COMMERCE_META_LOGIN_GRAPH_VERSION grammar vNN.N ("latest") (443.524541ms)
✔ P08: COMMERCE_META_LOGIN_GRAPH_VERSION grammar vNN.N ("") (898.996167ms)
✔ P08: COMMERCE_META_LOGIN_GRAPH_VERSION grammar vNN.N ("v1000.0") (498.441666ms)
✔ P08: COMMERCE_META_LOGIN_GRAPH_VERSION accepts v26.0 (279.230917ms)
✔ P08: COMMERCE_META_LOGIN_GRAPH_VERSION accepts v22.0 (253.872167ms)
✔ P08: COMMERCE_META_LOGIN_GRAPH_VERSION accepts v99.9 (292.310083ms)
✔ production without any alert channel is a FAIL (nobody would hear the next outage) (1452.949625ms)
✔ outside production the same gap is only a WARN (438.133333ms)
✔ a webhook alone satisfies the rule (339.546333ms)
✔ an e-mail target with a complete relay (host, username, secret) satisfies the rule (481.30425ms)
✔ an e-mail target without the relay secret cannot be sent: FAIL in production, WARN elsewhere (818.656792ms)
✔ the example's CHANGE_ME_SENDER placeholder is not a relay: the e-mail target cannot be sent (368.660417ms)
✔ LC_ALERT_EMAIL must be one plain address ("not-an-address") (369.018084ms)
✔ LC_ALERT_EMAIL must be one plain address ("two@fake.invalid,three@fake.invalid") (369.448084ms)
✔ LC_ALERT_EMAIL must be one plain address ("a b@fake.invalid") (342.474333ms)
✔ LC_ALERT_EMAIL must be one plain address ("<owner@fake.invalid>") (278.32025ms)
✔ LC_ALERT_EMAIL must be one plain address ("owner@fake") (246.517541ms)
✔ storefront cart-line removal is reversible: clicked for real, not guarded (1.438375ms)
✔ destructive / irreversible / sign-out classification (owner list, en + zh) (0.92825ms)
✔ alike controls (rows with ids / numbers) share one class key (0.512042ms)
✔ known defects classify, never silence: stale entries are reported (1.274208ms)
✔ the markdown ledger has one row per interaction and names the verdict (0.74325ms)
✔ protocolHrefOK accepts well-formed tel:/mailto: and rejects malformed ones (0.518375ms)
✔ J1 waits for enabled media and clicks a real chooser; the uploaded cover is bound to the main section (1147.556708ms)
✔ J1 cannot credit a detail-image receipt as the main cover (1.590292ms)
✔ J1 refuses a failed cover upload rather than continuing to activate (0.735917ms)
✔ thresholds are the named constants of the brief (4.496834ms)
✔ R1: document wider than the viewport, and the outermost element past the edge (1.054167ms)
✔ R2: label tops, control tops and control heights of one visual row (1.443333ms)
✔ R2: what is one row and what is not (0.607542ms)
✔ R2: a button beside a field has to line up with its control (0.743875ms)
✔ R3: a row made tall by stacked controls, a control wider than its cell (2.3355ms)
✔ R3: a matrix whose EVERY row is doubled by a stacked stock cell (the median cannot see it) (0.8315ms)
✔ R4: small text, helper text apart, icons and duplicates excepted (0.891ms)
✔ R5: tap targets on the 390 viewport only (4.111125ms)
✔ R6: interactive elements and text boxes that overlap (1.092417ms)
✔ R7: text clipped inside a control or label (either side), and select values that do not fit (1.339833ms)
✔ R8: the same visible label twice in one list (0.445834ms)
✔ evaluate() tags severity, selectRecords() keeps distinct groups first and counts every instance (1.625584ms)
✔ R9: text and controls flush to the screen edge at 390 (0.905666ms)
✔ R6/R9 judge the visible (ancestor-clipped) rectangle, not the raw one (integrator ruling 2026-10-05) (0.731917ms)
✔ R10: a fixed or sticky bar covering main content after scrolling (0.546791ms)
✔ R11: controls narrower than a usable width (0.654167ms)
ℹ tests 442
ℹ suites 0
ℹ pass 442
ℹ fail 0
ℹ cancelled 0
ℹ skipped 0
ℹ todo 0
ℹ duration_ms 16647.056417
✔ closed projections reject secret-shaped extras, invalid enums, IDs and contradictory capabilities (0.876709ms)
✔ detail accepts only bounded events and keeps actual server action flags (0.428917ms)
✔ BFF exact routes and request grammar forbid keys/body on reads, filters on detail and arbitrary writes (11.604334ms)
✔ copy parity, safe object navigation and UNKNOWN/protective reasons (0.166458ms)
✔ read-only store capability never exposes a command even if the state allows one (0.057708ms)
✔ duplicate escaped keys cannot bypass the exact command grammar (0.045208ms)
✔ query backoff affects only its operation and expires without another action (0.047875ms)
✔ merchant reason text translates ledger events and conceals unknown or prototype codes (0.098709ms)
✔ ledger read navigation requires effective integration:read permission regardless of role (0.072458ms)
ℹ tests 9
ℹ suites 0
ℹ pass 9
ℹ fail 0
ℹ cancelled 0
ℹ skipped 0
ℹ todo 0
ℹ duration_ms 105.2695
✔ OrderHistory renders server order instant in Taipei (11.451792ms)
✔ ClaimLink renders claim expiry in Taipei (3.123834ms)
✔ BankTransfer renders deadline and proof instant in Taipei (3.359166ms)
✔ BankTransfer proof echo labels store time in en (2.69675ms)
✔ BankTransfer proof echo labels store time in zh-TW (2.272291ms)
✔ BankTransfer proof echo labels store time in zh-CN (2.066458ms)
✔ BankTransfer input describes the device zone in en (3.02575ms)
✔ BankTransfer input describes the device zone in zh-TW (2.189583ms)
✔ BankTransfer input describes the device zone in zh-CN (1.39575ms)
✔ BankTransfer input has a generic label when Intl has no zone in en (1.718333ms)
✔ BankTransfer input has a generic label when Intl has no zone in zh-TW (1.700125ms)
✔ BankTransfer input has a generic label when Intl has no zone in zh-CN (1.52625ms)
✔ ShopFooter uses Taipei year across UTC year boundary (2.287584ms)
✔ BankTransfer deadline labels store time in en (1.322ms)
✔ BankTransfer deadline labels store time in zh-TW (1.414417ms)
✔ BankTransfer deadline labels store time in zh-CN (1.949375ms)
✔ OrderHistory states the Taipei time zone once in en (1.356958ms)
✔ OrderHistory states the Taipei time zone once in zh-TW (0.867083ms)
✔ OrderHistory states the Taipei time zone once in zh-CN (0.802792ms)
✔ Meta rejection wording is preserved as bounded Unicode text, never translated (1.711792ms)
✔ frozen error codes: model list equals the frozen list, each is read from both error shapes (0.453125ms)
✔ copy: every code, status, op state and connect error has text in all three locales (1.160708ms)
✔ copy never calls a budget a hard stop and never offers resume (0.364541ms)
✔ draft: every §5.1 status parses; unknown status/template/op state is an error, never guessed (0.661958ms)
✔ draft: optional fields, remote ids and the Ads Manager link (0.217542ms)
✔ action hints: pause whenever a remote id exists and not ENDED; a paused draft is only ever copied (X7) (0.317083ms)
✔ money: whole units to minor with integer math; TWD must be whole (18.926875ms)
✔ Taipei schedule: wall inputs and draft projections ignore the viewer zone (3.943584ms)
✔ Taipei schedule: invalid calendar days are rejected and all copy names UTC+8 (0.358375ms)
✔ draft input: exact 11-key body and every local rule (5.468083ms)
✔ draft form round trip and X7 copy (blank schedule, no id, no revision) (0.247834ms)
✔ settings parser: environment enum, connections, identities, capi (0.391083ms)
✔ connect state parser: pick list kinds and id match (0.116875ms)
✔ report: three separate blocks, orders may be null, no combined figure (0.282208ms)
✔ default report window is the Asia/Taipei store day whatever the viewer's zone is (Taipei midnight boundary) (6.823084ms)
✔ capi body and validation (0.222666ms)
✔ W6-06B unbind response: exact keys, account, UUIDs and outcome semantics (0.286167ms)
✔ W6-06B in-flight details preserve bounded items and total, reject unknown shapes (0.252583ms)
✔ W6-06B catalog feed has exact public URL/domain pairs or published-store empty (0.239417ms)
✔ W6-06B copy preserves unbind boundaries and feed recovery in three locales (0.086417ms)
✔ W6-06B feed selection follows origin order, not full feed URL order (0.089708ms)
✔ customer list accepts the frozen row and rejects unknown keys, dup ids, bad cursor, oversize (4.836458ms)
✔ customer row invariants: nulls for bundle-only/erased, counts, money, consents (0.382667ms)
✔ customer detail: bounded lists, order summaries reuse the orders parser, id must match (8.537166ms)
✔ erasure summary is four counts only (0.098041ms)
✔ finance summary: net = captured - refunded (I05), totals carry an empty day, sandbox flag (0.40675ms)
✔ financeDay is the UTC+8 day (0.093ms)
✔ finance defaults keep Taipei dates across midnight, leap day and year end (0.098292ms)
✔ tags and notes are parsed strictly (W6-01B) (1.308959ms)
✔ TSX seam refuses an unlisted import (9.364208ms)
✔ Ads merchant timestamp uses Taipei at the year boundary (54.869333ms)
✔ Design version published_at cell uses Taipei at the year boundary (4.708542ms)
✔ ManualOrder bank-transfer expiry uses Taipei at the year boundary (6.63225ms)
ℹ tests 53
ℹ suites 0
ℹ pass 53
ℹ fail 0
ℹ cancelled 0
ℹ skipped 0
ℹ todo 0
ℹ duration_ms 209.701417
✔ OrderHistory renders server order instant in Taipei (12.237833ms)
✔ ClaimLink renders claim expiry in Taipei (2.891916ms)
✔ BankTransfer renders deadline and proof instant in Taipei (3.182917ms)
✔ BankTransfer proof echo labels store time in en (1.829333ms)
✔ BankTransfer proof echo labels store time in zh-TW (2.39075ms)
✔ BankTransfer proof echo labels store time in zh-CN (2.724333ms)
✔ BankTransfer input describes the device zone in en (3.134417ms)
✔ BankTransfer input describes the device zone in zh-TW (2.502333ms)
✔ BankTransfer input describes the device zone in zh-CN (1.752459ms)
✔ BankTransfer input has a generic label when Intl has no zone in en (2.089958ms)
✔ BankTransfer input has a generic label when Intl has no zone in zh-TW (1.398959ms)
✔ BankTransfer input has a generic label when Intl has no zone in zh-CN (1.111791ms)
✔ ShopFooter uses Taipei year across UTC year boundary (2.040625ms)
✔ BankTransfer deadline labels store time in en (1.69275ms)
✔ BankTransfer deadline labels store time in zh-TW (1.27475ms)
✔ BankTransfer deadline labels store time in zh-CN (2.079625ms)
✔ OrderHistory states the Taipei time zone once in en (1.578708ms)
✔ OrderHistory states the Taipei time zone once in zh-TW (0.955291ms)
✔ OrderHistory states the Taipei time zone once in zh-CN (0.852209ms)
✔ Meta rejection wording is preserved as bounded Unicode text, never translated (1.955291ms)
✔ frozen error codes: model list equals the frozen list, each is read from both error shapes (1.086125ms)
✔ copy: every code, status, op state and connect error has text in all three locales (0.296291ms)
✔ copy never calls a budget a hard stop and never offers resume (0.290875ms)
✔ draft: every §5.1 status parses; unknown status/template/op state is an error, never guessed (0.790125ms)
✔ draft: optional fields, remote ids and the Ads Manager link (0.703875ms)
✔ action hints: pause whenever a remote id exists and not ENDED; a paused draft is only ever copied (X7) (0.40075ms)
✔ money: whole units to minor with integer math; TWD must be whole (14.309833ms)
✔ Taipei schedule: wall inputs and draft projections ignore the viewer zone (5.911666ms)
✔ Taipei schedule: invalid calendar days are rejected and all copy names UTC+8 (0.325375ms)
✔ draft input: exact 11-key body and every local rule (3.980292ms)
✔ draft form round trip and X7 copy (blank schedule, no id, no revision) (0.229792ms)
✔ settings parser: environment enum, connections, identities, capi (0.422042ms)
✔ connect state parser: pick list kinds and id match (0.167584ms)
✔ report: three separate blocks, orders may be null, no combined figure (0.3655ms)
✔ default report window is the Asia/Taipei store day whatever the viewer's zone is (Taipei midnight boundary) (2.353416ms)
✔ capi body and validation (0.15475ms)
✔ W6-06B unbind response: exact keys, account, UUIDs and outcome semantics (0.259167ms)
✔ W6-06B in-flight details preserve bounded items and total, reject unknown shapes (0.507167ms)
✔ W6-06B catalog feed has exact public URL/domain pairs or published-store empty (0.248583ms)
✔ W6-06B copy preserves unbind boundaries and feed recovery in three locales (0.15875ms)
✔ W6-06B feed selection follows origin order, not full feed URL order (0.128791ms)
✔ customer list accepts the frozen row and rejects unknown keys, dup ids, bad cursor, oversize (4.640958ms)
✔ customer row invariants: nulls for bundle-only/erased, counts, money, consents (1.303583ms)
✔ customer detail: bounded lists, order summaries reuse the orders parser, id must match (3.127042ms)
✔ erasure summary is four counts only (0.169375ms)
✔ finance summary: net = captured - refunded (I05), totals carry an empty day, sandbox flag (0.769458ms)
✔ financeDay is the UTC+8 day (0.205792ms)
✔ finance defaults keep Taipei dates across midnight, leap day and year end (0.194667ms)
✔ tags and notes are parsed strictly (W6-01B) (1.021917ms)
✔ TSX seam refuses an unlisted import (7.442375ms)
✔ Ads merchant timestamp uses Taipei at the year boundary (19.022958ms)
✔ Design version published_at cell uses Taipei at the year boundary (6.588417ms)
✔ ManualOrder bank-transfer expiry uses Taipei at the year boundary (5.431125ms)
ℹ tests 53
ℹ suites 0
ℹ pass 53
ℹ fail 0
ℹ cancelled 0
ℹ skipped 0
ℹ todo 0
ℹ duration_ms 184.186625
✔ legacy display sentinels preserve a list row without admitting arbitrary or private data (3.371166ms)
✔ orders-v2 accepts bounded filters and Taipei inclusive dates; rejects ambiguity (0.456458ms)
✔ orders-v2 rejects client count approximations, unbounded or extra response data (0.151166ms)
✔ all three locales label every task queue, payment and delivery mode (0.315667ms)
ℹ tests 4
ℹ suites 0
ℹ pass 4
ℹ fail 0
ℹ cancelled 0
ℹ skipped 0
ℹ todo 0
ℹ duration_ms 83.127375
✔ numeric store IDs have no suggestion BFF or browser client (1.667917ms)
ℹ tests 1
ℹ suites 0
ℹ pass 1
ℹ fail 0
ℹ cancelled 0
ℹ skipped 0
ℹ todo 0
ℹ duration_ms 85.622042
✔ ADM10 operator sentence is localized while product and company facts stay authoritative (0.371708ms)
✔ PS review: actual Host matching normalizes case, port and a terminal DNS dot, never forwarded authority (0.215417ms)
✔ PS review: privacy/terms retain Messenger and Instagram purpose disclosure; deletion uses exact UI labels (0.096708ms)
✔ P2-N1 zh-TW/privacy: current comments and private reply, conditional inbound messages (0.070291ms)
✔ P2-N1 zh-TW/terms: current comments and private reply, conditional inbound messages (0.040167ms)
✔ P2-N1 zh-CN/privacy: current comments and private reply, conditional inbound messages (0.031834ms)
✔ P2-N1 zh-CN/terms: current comments and private reply, conditional inbound messages (0.0405ms)
✔ P2-N1 en/privacy: current comments and private reply, conditional inbound messages (0.037708ms)
✔ P2-N1 en/terms: current comments and private reply, conditional inbound messages (0.039416ms)
✔ PS1 legal identity is one untranslated source (0.073917ms)
✔ PS1 contact and hosts come only from configuration; production fails closed (0.43175ms)
✔ PS2 public routes default to zh-TW, restrict page/locale, and never include admin (0.397542ms)
✔ PS4 optional Meta verification value never has a fake default (0.05525ms)
✔ PS1 every locale uses the same product name in auth page titles (0.044792ms)
✔ PS1 public page copy has three complete locales, no invented operator identity or contact (0.198667ms)
✔ PS1 production build validates config; public data is not bundled through NEXT_PUBLIC (0.8515ms)
✔ PS review: admin image installs the manifests for its workspace dependencies before building (0.360958ms)
ℹ tests 17
ℹ suites 0
ℹ pass 17
ℹ fail 0
ℹ cancelled 0
ℹ skipped 0
ℹ todo 0
ℹ duration_ms 85.099
✔ R11 SQL's exact receipt states are accepted; missing/forged operation/state remains unknown (1.141791ms)
✔ R11 durable receipt journal validates phase against exact operation state (0.409ms)
✔ R11 actual read control distinguishes replay/inflight/unknown/failure in en (6.241542ms)
✔ R11 actual read control distinguishes replay/inflight/unknown/failure in zh-TW (1.088542ms)
✔ R11 actual read control distinguishes replay/inflight/unknown/failure in zh-CN (0.593167ms)
✔ unknown journal retains exact key/boundary and is scoped to store+session; malformed state fails closed (0.188125ms)
✔ R12 read hook keeps network UNKNOWN on one key and explicitly refreshes acknowledged UNKNOWN (16.329458ms)
✔ actual POST transport uses CSRF and session fence; 403 independent of response text (20.094584ms)
✔ R10 ROAS has exactly two decimals in en (13.241584ms)
✔ R10 unknown ROAS is never fabricated as zero in en (0.109666ms)
✔ R10 ROAS has exactly two decimals in zh-TW (0.319375ms)
✔ R10 unknown ROAS is never fabricated as zero in zh-TW (0.237917ms)
✔ R10 ROAS has exactly two decimals in zh-CN (0.541833ms)
✔ R10 unknown ROAS is never fabricated as zero in zh-CN (0.048625ms)
✔ shared presentation preserves registry title and one empty buyer message in en (27.949875ms)
✔ R11 large linked-draft list is complete but collapsed in en (3.52175ms)
✔ shared presentation preserves registry title and one empty buyer message in zh-TW (6.530709ms)
✔ R11 large linked-draft list is complete but collapsed in zh-TW (3.280708ms)
✔ shared presentation preserves registry title and one empty buyer message in zh-CN (5.974334ms)
✔ R11 large linked-draft list is complete but collapsed in zh-CN (5.180375ms)
✔ R11 timeline distinguishes local unknown spend from explicit Meta zero in en (8.376875ms)
✔ R11 timeline distinguishes local unknown spend from explicit Meta zero in zh-TW (5.411041ms)
✔ R11 timeline distinguishes local unknown spend from explicit Meta zero in zh-CN (2.980375ms)
✔ R11 I12 nullable Meta evidence survives without becoming zero (0.779041ms)
✔ R11 actual panel rendering preserves unknowns and reconnect route in en (24.240875ms)
✔ R11 actual panel rendering preserves unknowns and reconnect route in zh-TW (17.730917ms)
✔ R11 actual panel rendering preserves unknowns and reconnect route in zh-CN (17.560917ms)
✔ D1, D6, R7: exact amounts and sources remain independent, account days stay labelled (0.198417ms)
✔ R12: null stays unknown and unread / unauthorised / insufficient remain different states (0.231083ms)
✔ R12 granted but unread audience offers a read, never reconnect in en (1.641167ms)
✔ R12 granted but unread audience offers a read, never reconnect in zh-TW (1.918417ms)
✔ R12 granted but unread audience offers a read, never reconnect in zh-CN (1.985959ms)
✔ I12 forged / missing frozen fields never silently become zeros (1.935125ms)
✔ only whitelisted aggregates survive: extra identifiers and HTML are never interpreted (0.2055ms)
✔ attribution is a read-only BFF resource with exact bounded query grammar (0.490042ms)
✔ audience-read is exactly the new local intention POST and never a data GET or queried write (0.29525ms)
✔ route fails closed without ads:read and is not a duplicate navigation entry; locale keys match (0.124458ms)
ℹ tests 37
ℹ suites 0
ℹ pass 37
ℹ fail 0
ℹ cancelled 0
ℹ skipped 0
ℹ todo 0
ℹ duration_ms 517.515292
✔ card-payments copy: identical key sets in all three locales (1.331875ms)
✔ merchant terms are quoted verbatim (contract §5) in the enable dialog (0.488625ms)
✔ ruling-fixed strings: platform not OPEN and BLOCKED note (0.26775ms)
✔ error map covers every frozen refusal code from migrations/0137 (0.203208ms)
✔ no Stripe account id, key or approval id shape appears in any copy string (0.743916ms)
✔ storefront collector disclosure matches contract §5 templates in three languages (0.082708ms)
✔ the merchant terms in the dialog are the contract §5 sentence, extracted from the contract (0.1565ms)
✔ the storefront templates are the contract §5 lines, extracted from the contract (0.288375ms)
✔ settlement copy: deduction columns are labelled as deductions in every language, with a legend and the net formula (0.382542ms)
✔ there is no separate 'not on the allowlist' message: it reads as not open (review P1-2) (0.107042ms)
✔ card summary accepts the frozen shape incl. all-null platform NONE (2.286042ms)
✔ card summary rejects unknown keys, bad enums, bad money, bad version (0.476416ms)
✔ card result is exactly {state, version, max_minor, currency, descriptor_preview} (0.119916ms)
✔ descriptor suffix rule: charset, 2..10 chars, must contain a letter (0.181041ms)
✔ the suffix length rule is the charset rule's 10; the 22-character descriptor total stays the server's (SANDBOX L=10, LIVE PrefixLength) (0.118541ms)
✔ descriptor preview mirrors the contract projection (base + '* ' + suffix) (0.088083ms)
✔ settlement list accepts statements without payout/lines keys (omitempty) (1.227584ms)
✔ settlement detail carries lines whose count and sums match the totals (0.954875ms)
✔ settlement parsers reject malformed reads (1.996792ms)
✔ fees, refunds and disputes are signed exactly as the ledger stores them (0.490958ms)
✔ a returned fee is a positive line fee; the detail's lines must add up to the statement totals (0.188208ms)
✔ closed_at/paid_at accept the offsets PostgreSQL emits as well as Z (0.13425ms)
✔ a payout reference shaped like a Stripe key or account id is never displayed (0.251917ms)
✔ platform not OPEN: 'not open yet' and no enable control, for every non-OPEN state; the platform badge still tells why (1.095583ms)
✔ allowlisted + OPEN: enable from NONE/DISABLED, disable from ENABLED (0.330709ms)
✔ not allowlisted on an OPEN platform reads exactly like not open: the same message, no 'platform open' badge, no enable (review P1-2) (0.229833ms)
✔ BLOCKED: the suspended note, disable only, never enable (whatever the platform says) (0.232458ms)
✔ without billing:manage nothing can be changed, but the state is still readable (0.15525ms)
✔ enable carries the platform's current terms, the suffix and the version read; NONE starts at 0 (0.124083ms)
✔ disable never sends a suffix and quotes the terms the store accepted (the platform's may have moved on) (0.074458ms)
✔ a retained suffix is recovered from the final preview so a re-enable can keep it (0.042292ms)
✔ the period label shows the last day inside the (exclusive-end) week (0.802209ms)
✔ payout state: paid, pending only when money is due, none when the week nets to zero or less (0.048541ms)
✔ card-payments and settlements are nav:false routes, so no group loses or gains a nav button (0.169042ms)
✔ settlements need billing:manage, the card page integration:read; the owner opens both (0.496375ms)
✔ statement cells: a dispute reversal and a returned fee read as credits (+) and every deduction as -, and the columns add up to the server's net (20.066833ms)
✔ the detail parser requires the lines of a statement that has lines; a quiet week (line_count 0) may omit them (0.305541ms)
✔ route table: exactly the four resources, nothing generic (0.669708ms)
✔ query grammar: card and settlement-detail are exact; settlements takes before/limit only (0.312708ms)
✔ request fence: keyless PUT (CAS), bodyless GETs, no transfer-encoding (29.822541ms)
✔ PUT body is the exact frozen shape {enabled, terms_version, descriptor_suffix, expected_version} (0.828125ms)
✔ the BFF route wires the card grammar: keyless CAS PUT, exact body, no-store, auth required (2.782541ms)
✔ the real card summary parses and drives the display state machine (2.916ms)
✔ the real statement list parses: newest first, no lines, three payout states (2.939083ms)
✔ every real detail parses with its lines and the lines add up to the statement (3.927083ms)
✔ an empty ledger parses to no statements (1.013625ms)
✔ no account id, key or approval shape is in any real body (2.253042ms)
✔ the real statements display literally as signed contributions that add up to the server's net (22.386375ms)
ℹ tests 48
ℹ suites 0
ℹ pass 48
ℹ fail 0
ℹ cancelled 0
ℹ skipped 0
ℹ todo 0
ℹ duration_ms 217.325875
✔ option/slug/SKU caps equal internal/catalog (options.go, catalog.go) (15.880208ms)
✔ text caps equal the Go validators (name 120, description 8000, SEO 70/160, collection title 80) (3.640208ms)
✔ photo caps equal Go (MaxMainImages, MaxDetailImages, MaxImageBytes) and the SKU code pattern (2.888333ms)
✔ PE13 Cartesian matrix is local, preserves edits and deduplicates values (3.906083ms)
✔ PE13 bulk quantity skips negative rows without modifying them (0.21175ms)
✔ PE12 untracked document uses whole currency and per-order cap, never quantity (16.592042ms)
✔ PE14 missing readback is not guessed or silently cleared by full replacement (0.136ms)
✔ bulk status accepts explicit per-item results, never empty or duplicated confirmations (0.602666ms)
✔ matrix refuses over 100 SKUs before expansion (0.355208ms)
✔ parity: admin caps equal the Go constants (31.810041ms)
✔ image list: 4 main + 20 detail + 2 sku in role order is accepted (0.944625ms)
✔ image list: 5 main, 21 detail, wrong role order, gaps and extra keys are refused (0.46475ms)
✔ single image: role is required and its position is bounded by the role cap (1.069333ms)
✔ option text limits count Go runes rather than UTF-16 units (2.003584ms)
✔ PE14 new edit SKU carries its own shipping and clears no existing fields (18.671791ms)
✔ PE14 patch changes only price and preserves unmentioned fields (0.522625ms)
✔ PE14 on_hand is not available, zero target is transmitted, ambiguous warehouse refuses (0.632167ms)
✔ PE14 explicit clears and shipping remain per SKU on an active row (0.405041ms)
✔ PE14 archive supersedes every other edit on that SKU (b77eeb11) (0.4085ms)
✔ PE14 no-op has no command fields and changed axes explicitly archive omitted variants (0.137709ms)
ℹ tests 20
ℹ suites 0
ℹ pass 20
ℹ fail 0
ℹ cancelled 0
ℹ skipped 0
ℹ todo 0
ℹ duration_ms 253.859167
(node:38759) ExperimentalWarning: Transform Types is an experimental feature and might change at any time
(Use `node --trace-warnings ...` to show where the warning was created)
✔ UNKNOWN retry client authorization loss requires reconciliation, not a fresh command (4.647709ms)
✔ UNKNOWN retry 401 authorization loss requires reconciliation, not a fresh command (14.983ms)
✔ UNKNOWN retry 403 authorization loss requires reconciliation, not a fresh command (1.278458ms)
✔ a conclusive command rejection stays distinct from authorization loss (1.657041ms)
ℹ tests 4
ℹ suites 0
ℹ pass 4
ℹ fail 0
ℹ cancelled 0
ℹ skipped 0
ℹ todo 0
ℹ duration_ms 152.061625
(node:38763) ExperimentalWarning: Transform Types is an experimental feature and might change at any time
(Use `node --trace-warnings ...` to show where the warning was created)
✔ offer controls read authoritative limits without parsing unrelated KEYWORD_QTY_CONTAINS window/stats (18.80125ms)
✔ offer controls accept 101 through the backend cap of 200 distinct offers, reject 201 (3.341333ms)
✔ offer toggle preserves exactly the authoritative maximum in the real M4 payload (2.6505ms)
✔ console BFF admits exactly A1/A7/A6 and A5 read/copy methods (0.376167ms)
✔ Next proxy admits the exact console family and results query before the BFF (55.787708ms)
✔ PR18 proxy preserves malformed A2 cursor as 400 invalid_cursor (0.540958ms)
✔ results query is canonical repeated session_id 1..50, everything else queryless (0.089042ms)
✔ real BFF route forwards only exact resources, authenticates scope and returns private scrubbed errors (46.478458ms)
✔ new commands reject unknown keys and preserve frozen copy/lifecycle/recommend body (0.155042ms)
✔ browser commands reuse Studio fences, exact no-comment recommend body and backend refusal codes (1.276208ms)
✔ results client preserves canonical ids/order and rejects invalid list before fetch (0.246083ms)
✔ stock client reuses catalog transport/key/parser and fences a changed login without retries (0.948333ms)
✔ journal replay sends the exact original method/path/body/key for all five commands (2.520375ms)
(node:38764) ExperimentalWarning: Transform Types is an experimental feature and might change at any time
(Use `node --trace-warnings ...` to show where the warning was created)
✔ A1 strict MOCK snapshot preserves unavailable counts, capability unknown and server stock (4.052333ms)
✔ A7 returns a separate lifecycle version and closed full KEYWORD_QTY_CONTAINS window (0.342291ms)
✔ A5 results retain separate environments/currencies and bind exact requested ids/order (0.361083ms)
✔ A5 copy parses real Go envelope, copied offer prices and KEYWORD_QTY_CONTAINS window (0.538208ms)
✔ A6 accepts optional operation UUID, never guessed send success (0.113625ms)
(node:38765) ExperimentalWarning: Transform Types is an experimental feature and might change at any time
(Use `node --trace-warnings ...` to show where the warning was created)
✔ Live settings navigation accepts a scene picker entry but never a malformed or unscoped deep link (1.327792ms)
✔ LC-B7 stock permission admits live_adjust without inventory:write, not unrelated grants (0.116916ms)
✔ Instagram comment total stays unavailable; Facebook observed count is not a platform total (0.0775ms)
✔ LC-U1 one primary action follows lifecycle, never planning or transport state (0.048417ms)
✔ LC-U1 stock target uses sellable delta and rejects fractions, negative and over-limit changes (0.097917ms)
✔ LC-U1 links only explicit FB post identities, never arbitrary URLs or guessed videos (0.078209ms)
✔ LC-U1 Facebook preview keeps the original no-frame CSP and uses a safe external link (4.678667ms)
✔ LC-U1 delayed copy completion cannot navigate after store switch or unmount (0.540209ms)
✔ LC-U1 receipt fence survives cookie rotation; pending replay still has a separate session boundary (0.6845ms)
ℹ tests 27
ℹ suites 0
ℹ pass 27
ℹ fail 0
ℹ cancelled 0
ℹ skipped 0
ℹ todo 0
ℹ duration_ms 502.663708
✔ PR18 R2 scoped404 a2 clears both private views and stops recovery reads (23.575959ms)
✔ PR18 R2 scoped404 a8 clears both private views and stops recovery reads (4.26675ms)
✔ PR18 R2 scoped404 older clears both private views and stops recovery reads (3.003ms)
✔ PR18 A8 clears names synchronously and keeps loaded older pages through a head poll (4.036709ms)
✔ PR18 A8 hides clear before effects even without pagination (1.219833ms)
✔ PR18 quiet A2 stream refreshes delayed claim marks without a new sequence or user refresh (1.856459ms)
✔ PR18 late claim automatically exposes keyword view and the reused BuyerPanel (8.739667ms)
✔ K3 A8 private polls every 10s, backs off, resets, pauses hidden and stops off-filter (8.942375ms)
✔ K3 A8 unreplied polls every 10s, backs off, resets, pauses hidden and stops off-filter (8.684917ms)
✔ K3 pasted tab is refused with invalid_text copy before any reply POST (1.279917ms)
✔ real SQL UNKNOWN mark blocks public-mode switching without a local receipt (0.55ms)
✔ PR18 unknown public receipt has the correct cross-comment fence (1.456041ms)
✔ PR18 queued public receipt has the correct cross-comment fence (2.657583ms)
✔ actual A2 hook fake clock: 3/6/12/24/30 backoff, success reset, hide clears and stops, 403 locks (3.498709ms)
✔ actual reset clears selected buyer and rereads without the old epoch cursor (1.278459ms)
✔ reply hints, coded error, UNKNOWN and capability state execute the actual composer (1.648583ms)
✔ PR18 R2 templates read 404 denies the composer (1.248625ms)
✔ PR18 R2 buyer-panel read 404 expires the panel and reports unauthorized (0.969333ms)
✔ W3-U2 restriction check 404 first expires all console views and rejects late A8 (2.831083ms)
✔ PR18 A3 invalid_ref remains a definite 422 refusal (0.619917ms)
✔ PR18 a full history buffer stops paging without discarding rows or advancing its cursor (0.312ms)
✔ K3 reply text rejects every C0/C1 control except newline (0.74625ms)
✔ SQL operation marks map to every merchant-visible delivery state (0.227292ms)
✔ real bridge sealCursor uses payload.signature rather than plain base64url (9.774416ms)
✔ A2 grammar refuses private/duplicate/ambiguous cursors and keys on reads (0.856916ms)
✔ A3-A5 exact comment ref and bodies; explicit preemption private only (0.148958ms)
✔ A4/A5 preserve frozen refusal codes, never provider/debug text (0.058417ms)
✔ reset invalidates old buffers and cursor before reread; older page cannot advance live cursor (0.169667ms)
✔ filter resources have only authorised opaque ids; backoff is capped and success resets (0.119958ms)
ℹ tests 29
ℹ suites 0
ℹ pass 29
ℹ fail 0
ℹ cancelled 0
ℹ skipped 0
ℹ todo 0
ℹ duration_ms 402.237458
✔ secondary failures preserve A1; only A1 is periodic; IG notice follows the platform/embeddability observation (703.687541ms)
✔ the existing console refresh also explicitly refreshes its parent list; no automatic list read (15.962459ms)
✔ parent forwards only an explicit refresh callback and retains the scene when list is unavailable (8.812708ms)
✔ every explicit browser response/event/navigation waiter has a finite sub-test budget (24.422125ms)
✔ A1 failures back off 3/6/12/24/30 seconds and success resets to five seconds (455.824875ms)
✔ Retry-After is a minimum; hidden tabs cancel polling; forbidden locks and conceals (50.559708ms)
✔ secondary reads are mount/refresh only, independent from A1 and non-fatal (32.01925ms)
✔ UNKNOWN journal restores the exact key/method/path/body and explicit retry after reload (61.447375ms)
✔ first definite 403 clears journal but locks commands; late success after navigation clears only its own key (57.036584ms)
✔ private reads preserve Retry-After seconds and dates, without changing existing error codes (47.96375ms)
✔ a restored in-flight or UNKNOWN request retains its journal after a replay 403 (120.8025ms)
✔ restored copy success dispatches completion only in the still-current scene (47.64075ms)
✔ SessionCopy resyncs closed same-ID titles, preserves open edits and cancels to latest draft (31.390875ms)
✔ SessionCopy submit uses latest version; UNKNOWN request survives later draft/input changes (29.178209ms)
ℹ tests 14
ℹ suites 0
ℹ pass 14
ℹ fail 0
ℹ cancelled 0
ℹ skipped 0
ℹ todo 0
ℹ duration_ms 1522.184875
✔ claims window modes match Go constants and every SQL match_mode CHECK (11.683ms)
✔ host prompt stays verbatim at the frozen trunk contract; Japanese is absent (2.245583ms)
✔ bundle parser accepts manual (labelled) and Meta (unlabelled) bundles (3.445958ms)
✔ bundle parser rejects unknown platforms and label/platform mismatches (0.196709ms)
✔ offer parser carries the live price and rejects every out-of-range or missing field (1.152417ms)
✔ library and import parsers are closed; removal receipt is the only version-0 shape (0.262084ms)
✔ price input: exact decimal minor units, never float, bounded to the currency's places (13.693584ms)
✔ live-tools copy exists in all three locales with the same conflict reasons (0.783458ms)
✔ claims BFF allowlist is exactly M1–M7 per method (2.728958ms)
✔ M7 link response shape is closed (0.22625ms)
✔ host prompt copy is the frozen text, verbatim (0.087291ms)
ℹ tests 11
ℹ suites 0
ℹ pass 11
ℹ fail 0
ℹ cancelled 0
ℹ skipped 0
ℹ todo 0
ℹ duration_ms 174.841084
NOT_RUN: tests/media/r04-input-runner.test.mjs (COMMERCE_R04_LIVEKIT_BINARY unset)
✔ main/detail/sku caps use the existing frozen image contract (0.6645ms)
✔ phone and tall dimensions fit2000 without enlarging small assets (0.164459ms)
✔ upload query requires one exact role and sku value; reads/actions carry no query (0.579916ms)
✔ role transport encodes current option values and refuses invalid identities (0.222459ms)
✔ effective image axis follows current options, then falls back to first (0.3915ms)
✔ detail and option photos cannot satisfy the main-photo recommendation (0.244834ms)
✔ PM-U copy has matching keys in ja and all currently routed locales (0.174459ms)
✔ real-upload mode builds both Next applications on a clean CI checkout (16.521583ms)
✔ upload recovery journal survives a new session while remaining product/store scoped (0.180625ms)
✔ an option upload receipt requires its captured axis, value and image id on canonical readback (0.140667ms)
✔ failed durable recovery storage cannot authorize a media write (0.106042ms)
✔ an active product needs a main image after canonical media is known; repair paths stay possible (0.075041ms)
✔ empty media sections render a readable localized placeholder until photos are present (6.629583ms)
✔ real-upload mode never exits through the storefront MOCK shortcut (41.911833ms)
✔ a valid active zero-main product keeps an inline repair hint rather than a page error (5.634417ms)
✔ a new product issues the image-axis stage only for a chosen axis (0.774083ms)
ℹ tests 16
ℹ suites 0
ℹ pass 16
ℹ fail 0
ℹ cancelled 0
ℹ skipped 0
ℹ todo 0
ℹ duration_ms 345.038459
(node:38853) ExperimentalWarning: Transform Types is an experimental feature and might change at any time
(Use `node --trace-warnings ...` to show where the warning was created)
✔ a fitting PNG keeps the exact original File, bytes and alpha-capable format (0.806292ms)
✔ a JPEG exactly at both limits remains original, not a lossy re-encode (0.377083ms)
✔ an oversized phone JPEG is encoded below the cap after oriented scaling (0.608208ms)
✔ a large transparent PNG stays alpha-capable and is never painted with an opaque matte (0.568958ms)
ℹ tests 4
ℹ suites 0
ℹ pass 4
ℹ fail 0
ℹ cancelled 0
ℹ skipped 0
ℹ todo 0
ℹ duration_ms 111.35525
✔ HTTPS picklist fixture carries Secure session cookies automatically while preserving CSRF refusals (98.661708ms)
✔ batch controls stay compact until an order selection or live-session scope exists (0.169959ms)
✔ selection has XOR bodies, canonical unique IDs and separate 500/100 limits (0.37ms)
✔ cross-page selection retains existing rows, deduplicates and refuses overflow atomically (0.716583ms)
✔ pick projection rejects PII/extra keys, invalid quantities and unmatched order identities (0.546ms)
✔ batch replies bind one-for-one to confirmed orders and preserve uncertainty code (0.122417ms)
✔ pick/export POSTs reject keys and all query variants except one exact template (1.945333ms)
✔ CSV filename binds to selected template and store; no path/header injection (0.213875ms)
✔ MOCK browser fixture list matches the incumbent closed order parser (13.509417ms)
✔ recovery never clears an unknown or missing current attempt (0.139ms)
✔ recovery and order-detail MOCK fixtures satisfy real read parsers (12.233334ms)
✔ order selection can read its session fence during SSR without browser globals (1.167834ms)
✔ MOU keeps native headed checks runnable on a Linux CI worker without DISPLAY (13.752417ms)
✔ pick fixture serves the scoped parcel reads required by the orders page (5.796166ms)
ℹ tests 14
ℹ suites 0
ℹ pass 14
ℹ fail 0
ℹ cancelled 0
ℹ skipped 0
ℹ todo 0
ℹ duration_ms 396.946
✔ bodyless dissolve DELETE (empty body stream, no content-length) reaches Go with the CAS query, no body, no key (18.450583ms)
✔ every parcel DELETE must carry exactly one expected_version >= 1 (never forwarded without it) (5.599209ms)
✔ a DELETE that declares a body or chunked framing is refused (0.383375ms)
✔ DELETE needs the session, origin and CSRF like every command; other DELETEs stay unsupported (0.897625ms)
✔ GET parcel-groups (open groups read) and merge-suggestions pass with no query; a query or key is refused (8.886ms)
✔ actual MOU parcel runner selects and collects the real parcel browser case (388.027167ms)
✔ merge suggestions accept the frozen shape (server-masked recipient) and reject drift (1.800292ms)
✔ created group requires the OPEN state and its members (0.711583ms)
✔ dissolved group is exactly id/state/version (0.43575ms)
✔ group shipment carries one SHIPPED version per member (1.738208ms)
✔ open groups (GET parcel-groups) accept the frozen shape and fail closed on drift (3.28775ms)
✔ reconcile: a reload rebuilds OPEN panels, a vanished OPEN group is dropped, history and live versions are kept (1.091167ms)
✔ three locales cover the same keys and every refusal code (0.67025ms)
✔ the owner-ruling sentence is exact in all three locales (0.516208ms)
✔ the in_parcel_group copy is the same sentence in parcels-copy (blocked + errors) and orders-copy, in every locale (0.400084ms)
✔ groupOfOrder prefers the OPEN group over retained SHIPPED/DISSOLVED history (0.447ms)
✔ parcelOrderNumber is the canonical LC-<32 uppercase hex> order number and matches the open-group parser (0.517208ms)
✔ parcel refresh generation: bumped by every successful poll, whatever the cursor (0.2415ms)
✔ parcel refresh generation: an in_parcel_group refusal bumps it, other refusals do not (0.539042ms)
✔ exactly the five W3-07B resources route (0.616792ms)
✔ dissolve carries exactly ?expected_version=N (N >= 1) (0.120667ms)
✔ readMergeSuggestions 401 immediately purges parent scope and refuses late sibling 200 (25.491875ms)
✔ readMergeSuggestions 403 immediately purges parent scope and refuses late sibling 200 (7.209292ms)
✔ readMergeSuggestions 404 immediately purges parent scope and refuses late sibling 200 (4.798666ms)
✔ readOpenParcelGroups 401 immediately purges parent scope and refuses late sibling 200 (4.669541ms)
✔ readOpenParcelGroups 403 immediately purges parent scope and refuses late sibling 200 (5.663792ms)
✔ readOpenParcelGroups 404 immediately purges parent scope and refuses late sibling 200 (8.180792ms)
✔ readMergeSuggestions 503 preserves parent and local retry recovers actual DTOs (8.924666ms)
✔ readOpenParcelGroups 503 preserves parent and local retry recovers actual DTOs (6.039125ms)
✔ captured parent groups callback refuses hidden scope (6.4565ms)
ℹ tests 30
ℹ suites 0
ℹ pass 30
ℹ fail 0
ℹ cancelled 0
ℹ skipped 0
ℹ todo 0
ℹ duration_ms 470.143625
✔ exactly the nine W6-01B resources are admitted, each only under its own method (156.751667ms)
✔ the customer list is claimed only when a tag filter is present (customers-request.ts stays the owner otherwise) (0.112041ms)
✔ near misses are refused (no generic proxying) (0.079167ms)
✔ reads: no body, no key, no transfer-encoding; tag-list takes no query at all (197.419125ms)
✔ customer-list query: closed keys, tag must be a canonical uuid, list bounds identical to customers-request (3.653042ms)
✔ note-list query: only limit and after, with the customers-list bounds (4.937125ms)
✔ writes: exactly one well-formed Idempotency-Key; the two DELETEs carry no body but still need the key (16.029875ms)
✔ validTagName mirrors Go (NFC first, 1..20, trimmed, no control/Cf) (1.520333ms)
✔ validNoteBody mirrors Go (1..1000, not blank, only \n \r \t controls) (0.729ms)
✔ tag-create body: closed keys, valid name and one of the eight colors (0.512584ms)
✔ tag-patch body: at least one of name/color, nothing else (0.337083ms)
✔ owner-tags body: tag_ids (<=100 canonical uuids) + 64-hex revision, exact keys (0.540125ms)
✔ note bodies: create {body}; patch {body, version>=1}; deletes and reads carry no body at all (0.519875ms)
✔ parseTagCatalog decodes {items: TagRecord[]} with the store-catalogue bounds (2.01575ms)
✔ parseTagSet / parseDeletedTag / parseDeletedNote decode the frozen write receipts (0.618167ms)
✔ parseNoteRecord / parseNotePage decode notes with the Go note rules (17.448625ms)
✔ customer-tags copy: three locales, identical key sets, the integrator's ruled note-privacy text verbatim (1.446ms)
✔ components wire the ruled copy and the tag/note controls the specs click (1.106292ms)
✔ tag read names must already be trimmed NFC and Unicode code-point bounded (0.353583ms)
✔ session change before network sends nothing (10.060792ms)
✔ session changes after network or during body parse drop the response (44.317542ms)
✔ transient session digest failure is settled only before dispatch (12.284209ms)
✔ lost response followed by a changed session is UNKNOWN after dispatch (4.722ms)
✔ lost response does not auto-retry; explicit replay keeps method/key/payload/scope (9.216042ms)
✔ 5xx or malformed success is uncertain, coded refusal is settled (4.739042ms)
✔ passive tag/detail refresh preserves an unsaved new-note draft (32.656708ms)
✔ passive refresh updates visible notes but preserves edit draft and original CAS version (0.74025ms)
✔ explicit refresh signal clears old edit draft while passive array changes do not (0.573625ms)
✔ an unauthorized note read clears private note bodies and the draft (1.914208ms)
✔ a transient note read failure keeps the notes already shown (1.408625ms)
✔ an unauthorized note read signals the global logout once; a transient failure does not (5.320542ms)
✔ non-privacy writer: own notes keep Edit and Delete on a fresh mount, others' notes do not (1.964333ms)
✔ notes forbidden/not_found signals scope loss exactly once per mount, never on transient failure (147.105417ms)
✔ bad path/store/method/query/header is refused without authority or backend calls (450.375583ms)
✔ the actual proxy admits a tagged customer list with scoped search/cursor and rejects malformed tag authority (77.661541ms)
✔ signed-out/cross-store/Origin-CSRF denials short circuit before body or forwarding (3.771041ms)
✔ closed bodies and DELETE payloads cannot reach Go (2.579333ms)
✔ all write methods preserve exact key/body/store and private success status (3.0845ms)
✔ note pagination preserved and hostile backend errors/bodies sanitized (5.7375ms)
✔ a catalogue forbidden or not_found asks the parent to re-run its guarded reads, with no logout (609.008292ms)
✔ transient catalogue failures stay local; unauthorized logs out but is not a scope loss (111.099042ms)
✔ after a tag write the manager stays mounted: the catalogue refreshes in place, never reloads (216.290375ms)
✔ a manager-reported scope loss reloads the customer list and catalogue guarded reads (110.556584ms)
✔ CustomerDetail forwards a scope-lost signal to the guarded read once per page (144.718792ms)
✔ badges are escaped server tag facts with human-readable names (4.897625ms)
✔ actual customer notes render privacy notice, safe content, author fallback and read-only permissions (125.642667ms)
✔ unknown permissions and erased customer never offer note mutations (2.696958ms)
✔ write-only notes permit add but not edit/delete of notes the server does not mark own; privacy permission permits both (1.646166ms)
✔ manager trigger and all three localized buyer-export notices render through actual components (1.959375ms)
✔ UNKNOWN survives settled unauthorized retry until trusted success; fresh run ignored (11.933958ms)
✔ UNKNOWN survives settled forbidden retry until trusted success; fresh run ignored (2.403542ms)
✔ UNKNOWN survives settled version_changed retry until trusted success; fresh run ignored (85.710834ms)
✔ first-attempt preflight refusal is settled and permits a fresh action (0.739708ms)
✔ UNKNOWN and in-flight retries prevent duplicate dispatch; unmount discards stale outcome (0.430958ms)
✔ an unauthorized write signals the global logout; forbidden does not (2.324375ms)
✔ UNKNOWN command survives unmount/remount: still locked, same-key retry, cleared by trusted success (0.942584ms)
✔ a command unmounted while in flight is treated as UNKNOWN on remount (0.381375ms)
✔ a session boundary change drops the remembered UNKNOWN command (0.8245ms)
✔ a guarded read that ends signed-out signals the global logout once (75.731166ms)
✔ forbidden/unavailable failures and a successful read signal no logout (16.460208ms)
✔ refresh ending signed-out clears the view, blocks and signals the global logout once (5.87325ms)
✔ refresh ending forbidden or not-found clears the data without a logout (11.265625ms)
✔ a transient refresh failure keeps the ready view and signals nothing (11.349083ms)
✔ exactly the eight report GETs are admitted; every other method or path is refused (0.63825ms)
✔ report reads: query required, no body, no key, no transfer-encoding (197.7485ms)
✔ from/to: exactly once each, calendar-valid days, 0..91 apart (0.959416ms)
✔ session_id: only on the funnel (json and csv), a canonical uuid, once (0.702833ms)
✔ parseProductReport: echoed range/zone, <=1000 rows sorted by net desc, net = captured - refunded (5.859083ms)
✔ parseChannelReport: closed vocabulary order, money per environment strictly ascending, I05 inside every bucket (1.294458ms)
✔ parseFunnelReport: nested counts, session echo, ordered_without_link bound (0.791166ms)
✔ parseManualReport: nullable principal/session ids, bucketed money like channels (0.780041ms)
✔ reports copy: three locales, identical key sets, the integrator's ruled money annotation verbatim (0.691875ms)
✔ Reports.tsx: four tabs, CSV per tab, ruled annotation, CSS/SVG charts only (no new dependencies) (1.7995ms)
✔ report CSV closed headers use actual Go slug, echoed dates and private no-store (0.784125ms)
✔ report response projection rejects unknown keys, mismatched range and non-private responses (4.205417ms)
✔ manual buckets follow Go's uncapped row count rather than a made-up 500-row limit (1.585666ms)
✔ display sorts only inside currency/environment groups, never sums money or mutates server rows (16.087583ms)
✔ page report query accepts exactly the four report names and defaults to products (0.16325ms)
✔ actual product table renders offline separately, both modes, no UUID copy and sortable headers (30.950667ms)
✔ actual channel chart exposes exact numbers and both money modes using SVG (4.778167ms)
✔ actual funnel has four stages, nested widths and truthful zero-denominator text (4.138042ms)
✔ manual table resolves authorized labels, has honest fallback, and never presents UUIDs (5.301208ms)
✔ all report views render localized empty states (43.55275ms)
✔ actual BFF refuses malformed query, unknown store/session, disabled auth and missing CSV fences before Go (481.311792ms)
✔ actual BFF closed JSON projection and CSV scope/query preserve trusted token; no forwarded client authority (103.852667ms)
✔ actual BFF permission and malformed CSV response fences do not masquerade as a download (23.390583ms)
✔ audited browser GET accepts same-origin Fetch Metadata plus CSRF, never cross-site or forwarded Host (113.887375ms)
✔ actual CSV client preflight sends nothing after session change, and a lost audit response is uncertain with no retry (65.965666ms)
✔ actual CSV client refuses stale-session bytes and downloads only a closed private response (21.435875ms)
✔ report leaf gives the actual trusted fetch 65 seconds, rejects redirects and forwards only server bearer (7.808959ms)
✔ incoming request cancellation aborts the real report fetch once, returns safe unavailable and never retries (6.969459ms)
✔ CSV final synchronous fence conceals bytes when cancellation, hide or cookie rotation happens inside final await (339.478416ms)
✔ CSV end-to-end deadline covers store lookup and report budget; aborted preflight sends no audited request (8.276208ms)
✔ an uncertain export stays locked for its scope after another scope's export (6.654ms)
✔ an uncertain export scope persists per store in tab storage and re-locks a fresh render (283.215667ms)
✔ unavailable tab storage fails closed to the in-memory lock without throwing (27.070167ms)
✔ export lock is stored before dispatch; refused/delivered outcomes release it, uncertain and cut-short keep it (305.432083ms)
✔ releasing one scope keeps the other uncertain scopes of the store (5.636625ms)
✔ export is refused and nothing is dispatched when the lock cannot be saved (denied, full or no storage) (72.144667ms)
✔ copy for an unsaved export lock exists in every locale (0.3855ms)
✔ product sort query parses strictly and defaults to net_minor descending (0.906959ms)
✔ legacy-store permission probe: forbidden/not-found/signed-out fail the read closed, transient falls back (403.4715ms)
✔ channel and funnel data retain their applied dates while draft dates wait for Show (1003.426334ms)
✔ an uncertain export lock is bound to the session boundary, so a different user does not inherit it (181.227084ms)
✔ Finance landing links to reports under the same canSeeReports rule (19.392917ms)
✔ selected tag survives searches and cursor pagination while an empty filter is omitted (193.73675ms)
✔ customer list dispatch preserves legacy requests and sends every tag query to the closed W6 authority (2179.937583ms)
✔ customers reports link is hidden only when permissions are present and lack orders:read (1.089708ms)
✔ reports are a finance subpage and preserve the existing single finance navigation entry (3.728959ms)
✔ an authoritative erased customer immediately unmounts the cached private tags/notes subtree (454.806791ms)
✔ the actual customer row shows manual tags and imported status without changing consent (46.661416ms)
✔ P1 actual tag DELETE accepts an empty Next-style stream without JSON MIME (2430.379708ms)
✔ P1 actual note DELETE accepts an empty Next-style stream without JSON MIME (1.475958ms)
✔ P1 body-carrying tag writes still require JSON MIME through the real BFF (0.30125ms)
✔ P2 customer bare/encoded tag keys are invalid422 through the actual leaf before any backend (7.887584ms)
✔ P2 report products real session/CSRF response is private and Vary Cookie (1.156ms)
✔ P2 report products.csv real session/CSRF response is private and Vary Cookie (0.353334ms)
✔ P2 report malformed query and wrong CSRF are rejected by actual helpers before upstream (0.24425ms)
ℹ tests 118
ℹ suites 0
ℹ pass 118
ℹ fail 0
ℹ cancelled 0
ℹ skipped 0
ℹ todo 0
ℹ duration_ms 6176.9255
✔ real coded errors retain baseline classification and normalize import leaf cache to private,no-store (257.041834ms)
✔ preflight missing CSRF is definite and sends nothing; actual route CSRF and session refusals stay definite (5.926625ms)
✔ actual route uses real cookies/store membership and method/error envelopes, no helper substitutions (2.850334ms)
✔ actual client/route preserves original Blob bytes, trusted transport and privacy projection on200/409 (3.0945ms)
✔ success or stale preview must remain private; malformed/unknown/mismatched coded errors are uncertain after commit (8.029417ms)
✔ lost/unreadable/session-changed dispatched commit remains UNKNOWN; no automatic retry (4.532541ms)
✔ actual failed-only result route strips IDs and real final session/cancel fence exposes no download (70.58175ms)
✔ actual route refuses unknown resource/query and duplicate session cookies before any upstream call (8.745792ms)
✔ actual route incoming cancellation aborts one dispatched transport and preserves client UNKNOWN (17.273375ms)
✔ real coded error cache may not be public, and closed payload may not acquire data-bearing fields (4.508042ms)
✔ copy still exposes specific merchant field reasons across three locales (6.198208ms)
✔ all real local and upstream import refusals including HEAD/unsupported are exact private,no-store (0.718083ms)
✔ fresh mismatched receipt stays UNKNOWN, exact manual replay mismatch becomes terminal without a third send (4.527875ms)
✔ terminal is impossible for malformed replay receipts or matching replayed counts (2.502667ms)
✔ Big5 bytes pass unchanged to upstream and real422 import envelope surfaces encoding_not_utf8 (2.085333ms)
✔ oversize file uses the actual header guard and specific size guidance in all locales without dispatch (42.53775ms)
✔ commit uses the original requested mapping, including an empty optional field, not resolved preview metadata (2.944417ms)
✔ an UNKNOWN commit remains locked through a later forbidden retry and only explicit same-file success unlocks (3.906583ms)
✔ leaving during a dispatched commit drops its payload and keeps an unconfirmed boolean without replay (3.021125ms)
✔ a definite first preflight refusal clears pending before sign-out and does not invent an unconfirmed import (3.107292ms)
✔ a replayed mismatched receipt ends UNKNOWN without offering another retry or unlocking historical orders (49.525666ms)
✔ real cookie and CSRF helpers generate and validate the actual host-cookie pair (1.31025ms)
✔ exact route rejects methods/keys/body/query/scope before any upstream request using real localError (3.032083ms)
✔ missing/duplicate session cookies reject and real clearAuthCookies expires session and CSRF (0.506375ms)
✔ actual authenticatedStores denies a store absent from the server projection (0.669167ms)
✔ private success routes server cookie token and exact canonical after, never caller bearer/cookie to Go (1.015458ms)
✔ actual safeError/localError preserve coded status with no-store and redact upstream diagnostics (1.041417ms)
✔ actual readBody and strict projection refuse MIME/oversize/extra private fields/city; network loss stays private (10.66025ms)
✔ actual client issues GET50/after through real route/private successful projection (11.127459ms)
✔ actual helper-issued browser fence rejects changed parent before dispatch (0.827459ms)
✔ private success from real route is discarded when the browser session changes during upstream read (4.607917ms)
✔ real localError no-store 401/403/404/503 preserves correct read category with no retry (7.112ms)
✔ malformed sensitive backend projection becomes real unavailable, never a fake BFF success (2.062583ms)
✔ strict archive rows decode external order text, safe minor units and public keys (3.648542ms)
✔ PII-shaped city and extra sensitive fields never pass the safe projection (0.816458ms)
✔ all canonical Go cities pass; malformed types/bounds/order/time/money/cursor fail (1.3695ms)
✔ read grammar is exact limit/after, not the stale brief's cursor name (391.719416ms)
✔ three locales retain truthful history-not-revenue basis and copy parity (0.49375ms)
✔ SSR renders actual safe rows, shared money/time, total count and read-only three-locale basis (36.708459ms)
✔ SSR distinguishes empty archive, 403, session loss and unavailable without stale rows/count (238.024583ms)
✔ actual pagination callbacks use opaque trail; double click cannot skip; refresh/scope reset page1 (6.72975ms)
✔ the static import subpage wins over customer detail and leaves the single customers nav intact (0.429917ms)
✔ the actual list offers import only to privacy holders and carries the current authorized store (497.533834ms)
✔ the actual detail mounts archive only for an active imported customer and passes its fenced identity (106.489583ms)
✔ MIUI-READY-VISIBLE-STORE actual signed helper waits on the visible selector and retains cookie/wizard assertions (1045.153833ms)
✔ MIUI-READY-DENIED read-only staff reaches the real shell refusal instead of waiting for a private wizard (10.466333ms)
✔ failure verdicts precede successful rows, by source row number, without mutating the input (1.963166ms)
✔ the failure download contains only failed row metadata, with no source cell or success identifier (0.781584ms)
✔ reads quoted/BOM header only, without decoding malformed bytes from data rows (113.13125ms)
✔ guess only unique metadata aliases with explicit unmapped values (0.682625ms)
✔ shared dynamic leaf admits only exact import methods/actions and bounded mapping/count (39.465042ms)
✔ failed CSV emits only row/outcome/code, refusing any unexpected identifier or raw cell (1.06725ms)
✔ raw-byte cap does not decode/rebuild uploads and cancels oversized chunks (7.598666ms)
✔ backend privacy projection strips all source IDs on successful and failed rows (1.814042ms)
✔ closed preview parser refuses data-bearing rows, unknown keys and inconsistent counts (3.222542ms)
✔ order preview counts units while first CSV record numbers can exceed rows_total (0.227125ms)
✔ commit receipt has exactly five keys and no extra customer cells (0.159792ms)
ℹ tests 57
ℹ suites 0
ℹ pass 57
ℹ fail 0
ℹ cancelled 0
ℹ skipped 0
ℹ todo 0
ℹ duration_ms 3551.856375
✔ G-UI8 storefront pages and the sweep's STOREFRONT_ROUTES are the same set (2.551083ms)
✔ parseShard: i/N, empty means unsharded, anything malformed throws (0.360208ms)
✔ assignShards: deterministic, every key owned once, near-balanced (LPT bound) (1.027959ms)
✔ planClick: for every N the shards partition the whole universe (every registry route x variant, storefront walk, journey) (2.650834ms)
✔ planClick at N=10 keeps every shard within ~1.3x of the mean planned cost (0.542958ms)
✔ aggregate click: honest shards pass for several N (7.181292ms)
✔ aggregate click: a missing shard, a dropped page row, a lost journey, a failing row, a stale known defect and a missing platform marker are each a failure (9.114833ms)
✔ aggregate click: a route added to the registry after the shards ran cannot pass (the registry is re-read) (0.431792ms)
✔ aggregate visual: honest shards pass; a missing shard, a missing shot, a blocking verdict and a registry route outside the universe each fail (8.205542ms)
ℹ tests 9
ℹ suites 0
ℹ pass 9
ℹ fail 0
ℹ cancelled 0
ℹ skipped 0
ℹ todo 0
ℹ duration_ms 203.509583
ci-plan: 10 job(s); click-sweep x10 (aggregate)
  --browser-click-sweep@1/10  -> artifact gate-browser-click-sweep_1_10
  --browser-click-sweep@2/10  -> artifact gate-browser-click-sweep_2_10
  --browser-click-sweep@3/10  -> artifact gate-browser-click-sweep_3_10
  --browser-click-sweep@4/10  -> artifact gate-browser-click-sweep_4_10
  --browser-click-sweep@5/10  -> artifact gate-browser-click-sweep_5_10
  --browser-click-sweep@6/10  -> artifact gate-browser-click-sweep_6_10
  --browser-click-sweep@7/10  -> artifact gate-browser-click-sweep_7_10
  --browser-click-sweep@8/10  -> artifact gate-browser-click-sweep_8_10
  --browser-click-sweep@9/10  -> artifact gate-browser-click-sweep_9_10
  --browser-click-sweep@10/10  -> artifact gate-browser-click-sweep_10_10
✔ the full sweep and the full visual lint fan out into every shard and ask for the aggregate (0.951292ms)
✔ foundation-shards = the unit shard + every plan group; the serial `foundation` mode is untouched (1.849542ms)
✔ an explicit shard re-run (or a partial list) never claims the whole-run aggregate (0.432542ms)
✔ duplicates collapse, artifact names are safe and unique, bad input is refused (0.905916ms)
✔ main writes matrix / sweep_n / visual_n to GITHUB_OUTPUT (1.227666ms)
✔ mode discovery has no Docker/build dependency and includes the existing universe (96.896958ms)
✔ dry-run resolves a mode without executing dependencies and keeps its command environment (201.64675ms)
✔ one appended case is discovered and dispatched; malformed and duplicate registry entries fail closed (231.32475ms)
✔ registry discovery cannot silently lose indented, aliased or unrecognised Bash case arms (6.625167ms)
✔ backend-only paths run foundation-shards only (0.963292ms)
✔ node tests of deploy scripts and of the CI planner are backend-only (they cannot change a browser) (1.645792ms)
✔ a UI path adds the whole browser set, including click-sweep and visual-lint (12.9155ms)
✔ docs-only and output-only diffs keep the single required check (foundation-shards) (0.320666ms)
✔ legacy browser_* paths still select all browsers; a known untagged foundation file stays backend-only (1.067208ms)
✔ legacy deploy prefixes remain selected and unrelated paths do not select smoke (28.283708ms)
✔ the browser set is release-gate's browser-mode universe minus the documented exclusions (176.529375ms)
✔ every real browser-tagged foundation file selects registry browser modes, including non-browser names (427.855542ms)
✔ tagged runner discovery follows registry additions, command arrays and line continuations (1.855125ms)
✔ deploy smoke is selected for its workflow, verdict/helpers and executable test inputs (6.2185ms)
✔ new selection never drops legacy modes or deploy for any tracked path (1789.355333ms)
✔ CLI classifies merge-base and explicit head, including removed tags, deleted files and renames (1538.538917ms)
✔ CLI explicit head and stdin include tags outside the checkout and uncommitted tag removals (687.396666ms)
✔ compound/legacy tags and unknown source are conservative; known untagged source stays backend-only (8.291709ms)
✔ explicit-head CLI derives tagged runner modes from that head's real registry (477.422833ms)
✔ real Git CLI preserves legacy selection: quotePath=true, "架构.md" (501.621208ms)
✔ real Git CLI preserves legacy selection: quotePath=true, "internal/示例.go" (603.532291ms)
✔ real Git CLI preserves legacy selection: quotePath=true, "tests/foundation/plain\tname_test.go" (436.269625ms)
✔ real Git CLI preserves legacy selection: quotePath=true, " deploy/scripts/synthetic-smoke.sh" (361.898625ms)
✔ real Git CLI preserves legacy selection: quotePath=false, "架构.md" (394.245083ms)
✔ real Git CLI preserves legacy selection: quotePath=false, "internal/示例.go" (349.027334ms)
✔ real Git CLI preserves legacy selection: quotePath=false, "tests/foundation/plain\tname_test.go" (289.305083ms)
✔ real Git CLI preserves legacy selection: quotePath=false, " deploy/scripts/synthetic-smoke.sh" (242.807875ms)
✔ stdin unions legacy trimming without trimming the source lookup path (145.328917ms)
✔ parser: only compiled, correctly-shaped Test functions of untagged _test.go files (2.073542ms)
✔ the real plan: every top-level test of tests/foundation runs in exactly one group (2266.77525ms)
✔ a new test (in no list) still runs, exactly once, in the catch-all group; the same name with no catch-all is red (3079.516334ms)
✔ a test listed in two groups is red; drift beyond the limit is red (2466.064083ms)
✔ regexes: anchored explicit lists; the catch-all skips exactly everyone else's tests (0.611ms)
✔ pack: deterministic, balanced to within the longest test, every name once (4.756791ms)
✔ parseDurations: top-level lines only (0.214708ms)
ℹ tests 40
ℹ suites 0
ℹ pass 40
ℹ fail 0
ℹ cancelled 0
ℹ skipped 0
ℹ todo 0
ℹ duration_ms 8564.803833
✔ PR18 real BFF preserves invalid_ref and cursor errors without upstream retry (31.63125ms)
✔ PR18 valid A2 Unicode/escaped pages exceed 1 MiB but A8 cap stays unchanged (227.070625ms)
✔ K3 comment-only no_source cannot widen the existing inbox error seam (3.524208ms)
✔ LC-U2a real BFF seam A2-A5 exact grammar, privacy, denial and no diagnostic reflection (11.546041ms)
✔ A8/A9/A13 and published templates: exact reads forward once with no-store (3.32275ms)
✔ real streamed POST bodies: A10-A14 exact keys reach upstream (4.746375ms)
✔ query, read headers, methods and body allowlists refuse before upstream (9.70975ms)
✔ session, CSRF and store authority precede content forwarding (1.63175ms)
✔ A12 fixed codes preserved; arbitrary upstream diagnostics stripped (6.409958ms)
✔ client preserves codes and receipt; changed/aborted session cannot publish private response (7.040625ms)
✔ A9 admits a full page of valid Unicode replies while bounding private response bytes (6.263666ms)
✔ non-JSON upstream 401 still expires both authentication cookies without diagnostic leakage (1.605334ms)
✔ real M7 response keeps no-referrer after matching Next production header rules (30.573792ms)
✔ three unit languages cover identical fixed labels and delivery states (1.006625ms)
✔ hiding aborts requests and rejects late responses, even after reveal (0.419375ms)
✔ switching selection invalidates both reads and write completions (0.098792ms)
✔ owner and explicit inbox permissions only; viewer fails closed (0.070625ms)
✔ Messenger counts Unicode codepoints; Instagram counts NFC UTF8 bytes (0.92875ms)
✔ uncertain transport retries retain the exact submission; definitive conflicts retire it (0.470375ms)
✔ privacy calibration cannot activate with production origin or ordinary caller env (0.147042ms)
✔ late focus/pageshow while native document remains hidden cannot reveal requests (0.097ms)
✔ terminal navigation revocation cannot be undone by focus or refresh until a new page fence (0.063708ms)
✔ a ticket from another store/page fence is never accepted (0.041ms)
✔ focus while already visible preserves the active epoch and the uncertain reply receipt (0.08325ms)
ℹ tests 24
ℹ suites 0
ℹ pass 24
ℹ fail 0
ℹ cancelled 0
ℹ skipped 0
ℹ todo 0
ℹ duration_ms 510.338875
✔ installed APIRequestContext cookie rules exclude Secure cookie from HTTP127 but retain HTTPS/localhost (1.621667ms)
✔ actual INU02 cross uses browser auth and retains exact 404/DM absence (219.245416ms)
✔ actual INU02 cross still rejects wrong authority 401 (2.824958ms)
✔ actual INU02 cross still rejects wrong authority 200 (7.662209ms)
✔ actual INU02 cross still rejects DM in denied response (2.75225ms)
✔ actual INU02 denied uses browser auth and retains exact 403/DM absence (2.890667ms)
✔ actual INU02 denied still rejects wrong authority 401 (1.572625ms)
✔ actual INU02 denied still rejects wrong authority 200 (1.306792ms)
✔ actual INU02 denied still rejects DM in denied response (4.505375ms)
✔ actual login settles /en and fixture store (real switch, scoped=false) (490.288334ms)
✔ actual login settles /en and fixture store (real switch, scoped=true) (12.718083ms)
✔ actual login settles /en/inventory and fixture store (real switch, scoped=false) (192.362916ms)
✔ actual login settles /en/inventory and fixture store (real switch, scoped=true) (45.984041ms)
✔ actual login settles /en/messages and fixture store (real switch, scoped=false) (9.350833ms)
✔ actual login settles /en/messages and fixture store (real switch, scoped=true) (4.482208ms)
✔ actual login settles /en and fixture store (already selected, scoped=false) (3.675917ms)
✔ actual login settles /en and fixture store (already selected, scoped=true) (3.585625ms)
✔ actual login settles /en/inventory and fixture store (already selected, scoped=false) (5.337916ms)
✔ actual login settles /en/inventory and fixture store (already selected, scoped=true) (24.129709ms)
✔ actual login settles /en/messages and fixture store (already selected, scoped=false) (4.582ms)
✔ actual login settles /en/messages and fixture store (already selected, scoped=true) (66.789833ms)
✔ bundle fixture uses real claim commands and mounts existing M6/M7 without issuing early (1.830917ms)
✔ sensitive bundle scenario clicks native clipboard with trace/video disabled and no token body reads (7.71175ms)
✔ persisted link and token-free command receipt are compared without disclosing credentials (4.653792ms)
✔ actual clipboard evaluator exports only safe summary and detects malformed or retained synthetic credentials (1453.297ms)
✔ claim-window fixture isolates recovery after the current migration permits multiple OPEN windows (2.931208ms)
✔ ordinary Playwright diagnostics still capture failed-page ARIA when private guard is absent (0.640375ms)
✔ sensitive worker lifecycle prevents actual installed snapshot capture without masking the failure (433.924375ms)
✔ worker restores prior environment even when use rejects (absent) (16.299417ms)
✔ worker restores prior environment even when use rejects (empty) (3.109291ms)
✔ worker restores prior environment even when use rejects (existing-policy) (32.450792ms)
✔ fixture is worker-auto and module collection does not suppress ordinary diagnostics (77.9135ms)
✔ ordinary matcher ARIA context bypasses fallback flag and remains in actual installed diagnostics (84.163375ms)
✔ private test teardown removes only matcher page context while preserving failure (failed status) (214.115667ms)
✔ private test teardown removes only matcher page context while preserving failure (rejected use) (30.72ms)
✔ matcher guard is test-auto without replacing the installed artifact auto fixture (28.2ms)
✔ real Playwright --list collects each original INU case and isolated INU09 exactly once (4150.75525ms)
✔ A real Inbox selection admits Go A9 attachments null without losing thread (203.75825ms)
✔ A real Inbox selection admits Go A9 attachments empty array without losing thread (5.686458ms)
✔ A malformed non-array A9 attachments is refused without painting DM or crashing selected entry (13.917292ms)
✔ C A8 HTTP200 empty list is ordinary data with no alert, selection or focus request storm (6.136875ms)
✔ C A8 list404 is scoped inbox unavailable in en, never an empty list or conversation denial (1.280667ms)
✔ C A8 list404 is scoped inbox unavailable in zh-TW, never an empty list or conversation denial (2.835792ms)
✔ C A8 list404 is scoped inbox unavailable in zh-CN, never an empty list or conversation denial (2.505416ms)
✔ C click-sweep Go harness mounts existing Inbox/templates services (STRUCTURE_ONLY, Go NOT_RUN) (4.577709ms)
✔ C click-sweep includes actual-router owner200 empty inbox assertion (STRUCTURE_ONLY, Go NOT_RUN) (0.397125ms)
✔ inbox evidence is covered by the CI upload root (3.729958ms)
✔ failed Playwright closes its log and emits sanitized diagnostics before Fatalf (2.163ms)
✔ failure diagnostics match INU cases/counts without admitting private text (1.932333ms)
✔ INU04 delayed handler 1 signals completion when fulfillment rejects (95.315875ms)
✔ INU04 delayed handler 2 signals completion when fulfillment rejects (1.716833ms)
✔ recoveryDone waits for actual held M7 completion in zh-TW (516.650667ms)
✔ recoveryDone waits for actual held M7 completion in zh-CN (9.780875ms)
✔ recoveryDone waits for actual held M7 completion in en (99.467209ms)
✔ review2 P1 bundle-only row opens real A13 and issues existing M7 claim link to clipboard (411.600542ms)
✔ review2 P1 clipboard denial recopy reuses cached issued URL without another M7 POST (12.685291ms)
✔ review2 P1 lost M7 ACK retries exact receipt and null replay token never mints a fresh key (7.964583ms)
✔ review2 P1 missing CSRF before cached recopy cannot copy or issue again (10.921167ms)
✔ review2 P1 missing CSRF before uncertain retry rejects preserved receipt dispatch (4.0595ms)
✔ review2 P1 late issued-link completion after hide cannot write clipboard (5.062083ms)
✔ review2 P1 late issued-link completion after selection cannot write clipboard (12.913167ms)
✔ review2 P1 late issued-link completion after unmount cannot write clipboard (46.806792ms)
✔ review2 P1 late issued-link completion after logout cannot write clipboard (28.947583ms)
✔ review2 P1 claim-link issuance denied without both live read/manage (inbox:read,live:read) (8.23425ms)
✔ review2 P1 claim-link issuance denied without both live read/manage (inbox:read,live:manage) (29.780417ms)
✔ review2 P1 missing authoritative recovery identity never guesses generation {"missingSession":true} (10.002041ms)
✔ review2 P1 missing authoritative recovery identity never guesses generation {"noBundle":true} (3.84025ms)
✔ review2 P2 exactly one matching binding uses named DM hard gate ok (13.870209ms)
✔ review2 P2 exactly one matching binding uses named DM hard gate review_required (10.9575ms)
✔ review2 P2 exactly one matching binding uses named DM hard gate missing_permission (150.13ms)
✔ review2 P2 multiple same-provider bindings advisory only (dm_session:ok,dm_session:missing_permission) (5.254291ms)
✔ review2 P2 multiple same-provider bindings advisory only (dm_session:missing_permission,dm_session:reauth_required) (2.566375ms)
✔ review2 P2 multiple same-provider bindings advisory only (dm_session:ok,read_comment:missing_permission) (3.635833ms)
✔ review2 P2 multiple same-provider bindings advisory only (dm_session:review_required,dm_session:ok) (5.265709ms)
✔ review2 P2 actual scoped A12 409 capability refusal remains visible after advisory submit (13.439125ms)
✔ review2 P2 missing health and single binding without named DM remain disabled (26.46925ms)
✔ review2 P2 expired cached issued link cannot be recopied or silently reissued (102.0065ms)
✔ P1-1 actual visible focus preserves pending ticket, selection, revision and real retry receipt (11.627792ms)
✔ P1-1 actual unchanged-session pageshow checks without clearing; changed-session focus expires (0.432292ms)
✔ P1-1 actual hide/reveal clears and requests fresh revision, never accepts obsolete completion (0.407292ms)
✔ P1-1 changed-session visible focus expires even with a pending request (1.011458ms)
✔ P1-2 actual A9 refresh 404 removes rendered DM and unsent draft (58.476959ms)
✔ P1-2 actual send-finally A9 404 removes DM, draft and uncertain immutable receipt (21.671833ms)
✔ actual uncertain send still retains exact receipt when A9 authority remains (0ms post-send A9) (17.469625ms)
✔ actual uncertain send still retains exact receipt when A9 authority remains (50ms post-send A9) (113.266916ms)
✔ actual A9 stale held completion cannot paint after component cleanup (3.469833ms)
✔ P2 actual A14 404 clears buyer facts and customer draft (explicit future-version MOCK) (2.596834ms)
✔ safe authority errors remain the actual InboxError transport class (0.07775ms)
✔ actual current A13 without version keeps A14 disabled; future MOCK grants no backend claim (1.570708ms)
✔ P1-2 actual A11 takeover write 404 clears private state despite failing follow-up A9 (5.753542ms)
✔ P1-2 actual A12 send write 404 clears private state despite failing follow-up A9 (3.711ms)
✔ A13 server orders omission remains distinct from authorized omitted data (0.867ms)
✔ A13 server orders omission remains distinct from authorized empty data (0.499709ms)
✔ A13 server orders omission remains distinct from authorized populated data (0.723208ms)
✔ actual shell-store-selector captures selection before synchronous privacy teardown (allowed=true) (559.055333ms)
✔ actual shell-store-selector captures selection before synchronous privacy teardown (allowed=false) (2.61125ms)
✔ actual locale-switch captures selection before synchronous privacy teardown (allowed=true) (13.782583ms)
✔ actual locale-switch captures selection before synchronous privacy teardown (allowed=false) (3.133875ms)
✔ persisted A9 UNKNOWN after page entry warns and blocks the real composer in en (76.040375ms)
✔ persisted A9 UNKNOWN after page entry warns and blocks the real composer in zh-TW (15.222125ms)
✔ persisted A9 UNKNOWN after page entry warns and blocks the real composer in zh-CN (13.806208ms)
✔ A12 queued ACK followed by final A9 UNKNOWN overrides the local queued notice and blocks another send (23.240167ms)
✔ a captured previously enabled composer cannot bypass final UNKNOWN learned by Refresh (10.13825ms)
✔ a later A9 page omitting the known UNKNOWN is not delivery reconciliation (10.743417ms)
✔ persisted queued is not mislabeled UNKNOWN and retains ordinary composer eligibility (3.172958ms)
✔ persisted sent is not mislabeled UNKNOWN and retains ordinary composer eligibility (6.751166ms)
✔ persisted failed is not mislabeled UNKNOWN and retains ordinary composer eligibility (1.248084ms)
✔ persisted blocked is not mislabeled UNKNOWN and retains ordinary composer eligibility (3.294667ms)
✔ fresh mount refuses when an old UNKNOWN is beyond 51 newer messages (fact=true) (9.476041ms)
✔ fresh mount refuses when an old UNKNOWN is beyond 51 newer messages (fact=null) (2.682083ms)
✔ fresh mount refuses when an old UNKNOWN is beyond 51 newer messages (fact=undefined) (1.550834ms)
✔ fresh mount refuses when an old UNKNOWN is beyond 51 newer messages (fact=false) (2.391375ms)
✔ a refreshed unknown authority replaces old clear authority even for a captured composer (5.653833ms)
✔ window strict eligibility with 300001ms before hard 24h deadline (38.381625ms)
✔ window strict eligibility with 300000ms before hard 24h deadline (4.129959ms)
✔ window strict eligibility with 60000ms before hard 24h deadline (3.163708ms)
✔ window strict eligibility with 0ms before hard 24h deadline (2.893667ms)
✔ window invalid server deadline fails closed without preparing a send (0.91575ms)
✔ window captured enabled form callback cannot POST after crossing safe cutoff (0.776584ms)
✔ window deadline timer closes controls at cutoff and hard end without waiting for 15s poll (0.700167ms)
✔ quota recovery gives exact zh-TW comment-quota and DM-window instructions beside copy only (0.369042ms)
✔ quota recovery gives exact zh-CN comment-quota and DM-window instructions beside copy only (0.089125ms)
✔ quota recovery gives exact en comment-quota and DM-window instructions beside copy only (0.092917ms)
ℹ tests 123
ℹ suites 0
ℹ pass 123
ℹ fail 0
ℹ cancelled 0
ℹ skipped 0
ℹ todo 0
ℹ duration_ms 4573.672959
✔ settings actual route permits only auth-scoped live reads/writes and keeps CAS receipt (80.920417ms)
✔ bodyless reminder/DELETE, private blocklist projection and restricted followup copy are exact (12.730875ms)
✔ real template publication rejects unknown fields and auth failures clear cookies even without JSON (2.563666ms)
✔ success receipts must describe the exact requested command, otherwise the result remains unknown (3.77675ms)
✔ W3-U2 Next proxy admits settings routes without weakening Studio raw-path guards (67.853166ms)
✔ only frozen session-scoped manual operations are available (3.48825ms)
✔ private notes and sold-out drafts respect rune limits and closed placeholders (1.143166ms)
✔ restricted rows can never advertise copying, and checkout links cannot carry bearer data (3.256292ms)
✔ three admin locales preserve the mandatory policy copy and real PR planner includes this new mode (3.121417ms)
✔ live-settings is one inert registry entry with the existing admin/PG command (41.57575ms)
ℹ tests 10
ℹ suites 0
ℹ pass 10
ℹ fail 0
ℹ cancelled 0
ℹ skipped 0
ℹ todo 0
ℹ duration_ms 368.098792
(node:42728) ExperimentalWarning: Transform Types is an experimental feature and might change at any time
(Use `node --trace-warnings ...` to show where the warning was created)
✔ W3-U2 UNKNOWN rejects a stale fresh command and admits only exact receipt retry (19.578708ms)
✔ W3-U2 captured command cannot dispatch after hide (1.577542ms)
✔ W3-U2 captured command cannot dispatch after departure (1.831875ms)
✔ W3-U2 captured command cannot dispatch after unmount (1.812833ms)
✔ W3-U2 captured BuyerPanel add cannot dispatch after native hide (2.976917ms)
ℹ tests 5
ℹ suites 0
ℹ pass 5
ℹ fail 0
ℹ cancelled 0
ℹ skipped 0
ℹ todo 0
ℹ duration_ms 476.034292
