✔ /products/{uuid} redirects permanently to the zh-TW product page (42.519125ms)
✔ non-uuid ids are 404, never redirected (0.943417ms)
✔ AT1: the locale redirect preserves the ad-click query without allowing a redirect target (0.131834ms)
✔ R10: standalone signed signals survive a missing or expired seven-day touch (39.508084ms)
✔ R10: standalone signals reject expiry, bad signature, duplicates and another host (0.214208ms)
✔ AT1 R5: browser identity survives expired touch and rolls for ninety days (0.159834ms)
✔ AT1 R5: missing ad parameters create no cookies; fbclid alone creates no touch (0.168667ms)
✔ AT1 R5: lc_ad alone updates attribution and does not replace fbc (2.99175ms)
✔ AT1: host-only first-party cookies contain no PII and read back exactly (0.340667ms)
✔ AT1: a later valid click replaces the draft but preserves the browser identifier (0.128084ms)
✔ R10: only a different fbclid replaces fbc and its first-seen timestamp (0.208625ms)
✔ AT1: malformed and ambiguous links do not overwrite a valid prior touch (0.298125ms)
✔ AT1: host and key binding reject copied cookies (0.165084ms)
✔ AT1: duplicates and tampering invalidate the entire envelope (0.125666ms)
✔ AT1: exactly seven days is valid, the next millisecond and future clicks are not (0.120459ms)
✔ catalog list query limits equal the Go v2 parser (internal/buyerhttp/catalogv2.go) (46.456209ms)
✔ collection list cap equals Go maxCollectionsPerStore (25.243583ms)
✔ design caps equal internal/design/schema.go (nav, sections, pages) (6.624625ms)
✔ CVS buyer-entered store bounds and return path equal Go (internal/checkout/cvs.go, migration 0093) (6.085291ms)
✔ transfer view: closed shape and state rules mirror Go validTransferView (1.526708ms)
✔ proof body and result: five digits, positive minor amount, ISO instant (0.403834ms)
✔ minorFromText: major units with at most two decimals, never a float surprise (0.242209ms)
✔ buyer email mirror: one plain address, 254 characters at most (0.255792ms)
✔ countdown: whole hours and minutes, never negative (0.976208ms)
✔ copy: three locales carry every key and every refusal code (0.490834ms)
✔ options: a home row lists modes only with bank_transfer and then needs its window (0.621166ms)
✔ checkoutInput: a home bank_transfer body, the optional trimmed email, and every refusal before any request (0.970875ms)
✔ order: AWAITING_TRANSFER is a valid commercial state without a hold time (0.211125ms)
✔ BFF: exact transfer routes, keyed proof PUT, strict body, validated answers, no generic proxy (61.264625ms)
✔ BFF: transfer refusal codes pass through as definite 422; checkout accepts bank_transfer and a valid email only (8.622625ms)
✔ D06 order heading follows a settled transfer: never 'waiting for transfer' above a confirmed or expired one (0.624334ms)
✔ uncertain prepare blocks all mutations; changed cookie context resolves journal (33.740125ms)
✔ fully parsed local denial clears only its own pending operation (2.459709ms)
✔ malformed journal, unavailable lock and stale context fail before writes (9.115875ms)
✔ BPT05 exact handoff permits absent body/key, one fetch, no form persistence (41.515583ms)
✔ BPT05 wrong handoff form and ordinary writes fail before any fetch (1.065292ms)
✔ BPT05 unresolved cookie journal blocks handoff; lost response is one fetch without persistence (0.350708ms)
✔ SU02 refresh permits absent body/key, one fetch, no persistence (0.369333ms)
✔ SU02 refresh rejects a body, a key or a malformed path before any fetch (0.288583ms)
✔ SU02 cancel permits absent body/key, one fetch, no persistence (0.284542ms)
✔ SU02 cancel rejects a body, a key or a malformed path before any fetch (0.231292ms)
✔ BPT01 exact private path, headers, body and three-locale one-fetch transport (28.698958ms)
✔ BPT02 payment routes reject untrusted path, context, headers, key and body before fetch (8.062083ms)
✔ BPT03 hostile upstream success is sanitized, never returned as payment data (10.043916ms)
✔ BPT04 every handoff failure is nonretryable, including pre-route and transport loss (1.072875ms)
✔ SU02 five routes: exact upstream path, method, key, body, one fetch each (0.761583ms)
✔ SU02 refresh and cancel are keyless and pass every CSRF/context denial before fetch (1.239375ms)
✔ SU02 every handoff/refresh/cancel failure is nonretryable and sanitized (29.009458ms)
✔ SU02 hostile Stripe bodies become the sanitized 503; PAYUNi and Stripe bodies stay byte-identical (3.028667ms)
✔ SU02 prepare accepts only the two known method codes (1.553333ms)
✔ disabled and invalid configuration fail closed before private fetch (35.477166ms)
✔ private authority, cookie lifecycle and strict local denial (17.148ms)
✔ bad host, cookie, query and method never reach private API (6.980625ms)
✔ stalled inbound POST body is canceled at its deadline without a cookie or private call (0.70725ms)
✔ R10: Begin forwards independently signed signals; browser attribution and forwarded hosts are not authority (3.952416ms)
✔ CVS BFF: exact routes, keyed open/store, keyless verify, validated answers, no generic proxy (14.505792ms)
✔ CVS BFF: contract refusal codes pass through; pay_at_pickup_limit is a definite (non-retryable) 429 (5.288125ms)
✔ fragment grammar accepts only one canonical token (0.455125ms)
✔ claim projections are closed (0.24825ms)
✔ claim token rides only its header on B1/B2 and is never echoed (48.846875ms)
✔ claim-priced cart edits send only SKU and quantity, keeping server price authority (5.007042ms)
✔ direct-checkout sold-out projection is mandatory, boolean and closed (0.097209ms)
✔ claim redeem shares the purchase lock, guards recovery and never persists the token (1.447584ms)
✔ ClaimLink removal projects live-priced survivors on ready and conflict pages (146.029958ms)
✔ ClaimLink revisit checks out applied A while pending B is sold out or unavailable (14.828334ms)
✔ ClaimLink refreshes a nothing result after a second tab applied the claim (4.842292ms)
✔ ClaimLink does not navigate when a buyable claim target is absent or has changed quantity (8.215541ms)
✔ ClaimLink optional prior-order notice tolerates unreadable storage without bypassing recovery (12.450083ms)
✔ CVS01 map form: only the two ECPay e-map actions, exact fields, top-level-safe values (1.562ms)
✔ CVS02 return path allowlist excludes /claim and anything but the checkout or product page (0.140208ms)
✔ CVS03 selection projection: VERIFIED<=>pickup, REJECTED<=>reject_code, absent keys read as null (1.237291ms)
✔ CVS04 buyer-entered store answer and request body (0.322375ms)
✔ CVS05 store code table (§16.1) keeps leading zeros and per-chain lengths (0.150917ms)
✔ CVS06 recipient mirror: real-name width 4..10 (CJK=2), no digits/symbols/emoji; 09 mobile (0.53575ms)
✔ CVS07 checkout draft: name, phone and mode only; read once; corrupt/foreign shapes are dropped (1.085667ms)
✔ CVS08 return URL: only ?cvs_selection=<uuid> is accepted (0.213667ms)
✔ CVS09 buyer order projection and copy keys: nothing but PICKED_UP says picked up (0.3105ms)
✔ CVS10 error codes: field mapping, definite refusals, official links are https constants (0.232166ms)
✔ CVS11 client transport: verify is the one new keyless POST; the server refusal code rides BuyerClientError.detail (33.257875ms)
✔ every locale x page has a title, an updated line and at least one section (0.635042ms)
✔ locales share the section count and per-section body count of every page (1.067167ms)
✔ final text is only the owner-confirmed company facts (CR 81215167 name + registered address); nothing else is final (0.416084ms)
✔ a legal page is published only when every text on it is final; buyers see no link to an unpublished one (1.116291ms)
✔ data-deletion path is named in the privacy page of every locale (0.163458ms)
✔ pendingOwnerText lists exactly the texts that keep a page unpublished and is written for the owner (1.313542ms)
✔ a live (claim-origin) price replaces the catalog price and strikes it through (0.62075ms)
✔ without a live price the catalog price and its compare-at are shown unchanged (0.061416ms)
✔ a live price equal to or above the catalog price is shown as set (strike hidden by the UI guard) (0.049958ms)
✔ a live price strikes the catalog price, never the variant sale price (0.045458ms)
✔ order ref: 12 hex (dashes or spaces, any case) or a full id (0.417583ms)
✔ contact: one email or a phone of 6..20 digits (0.139375ms)
✔ body is exactly {order_ref, contact}; the answer is exactly {order_id} (0.117375ms)
✔ BFF lookup: no cookie needed, fresh token goes upstream, cookie only on 200 and it carries that same token (26.515667ms)
✔ BFF lookup: strict local denial before any private fetch (1.109834ms)
✔ copy: three locales carry every key (0.21225ms)
✔ MS4 srcset descriptors use actual decoded widths and deduplicate small renditions (0.80275ms)
✔ MS1 product rendition allowlist preserves trusted Host and never forwards buyer cookies (50.128166ms)
✔ MS2 invalid, duplicate, extra, encoded widths and non-product variants fail before fetch (2.422458ms)
✔ MS3 old-image fallback is never promoted to immutable; committed variants are cacheable (0.655583ms)
✔ TWD whole amounts show no decimals in every locale and at every magnitude (line, subtotal, total, zero) (28.537833ms)
✔ cents appear only when there are cents, then always as two digits; the minor-unit arithmetic is untouched (0.195042ms)
✔ digits come from the currency: JPY none, USD two when there are cents (1.239459ms)
✔ one formatter: no component, page or lib builds a currency Intl.NumberFormat outside lib/money.ts (24.717166ms)
✔ locale probe bounds a missing destination head with a route/device diagnostic (4.960334ms)
✔ locale probe clears its deadline when the real head promise completes (0.722542ms)
✔ fragment: exactly #o=<order id>&t=<43-char token>; anything else is null (0.742333ms)
✔ body is exactly {order_id, token, proof}; the answer is exactly the order the link named (0.135292ms)
✔ BFF link: no cookie needed, fresh token upstream, cookie only on a 200 naming the same order, link token never echoed (41.402125ms)
✔ BFF link: strict local denial before any private fetch (3.757417ms)
✔ copy: three locales, one refusal text, a retry and a lookup path (0.185833ms)
✔ BPU01 fresh payment writes exact metadata before prepare, one bodyless Take, no persistent form (45.668625ms)
✔ BPU01 lost prepare response replays original key/body only on explicit next click (1.723583ms)
✔ BPU01 lost handoff is permanently GET-only, even after a second click (1.195875ms)
✔ BPU01 storage, amount, scope and child/screen fences reject before irreversible writes (0.845292ms)
✔ BPU01 document/child loss after prepare but before Take leaves exact replay marker (0.394584ms)
✔ BPU01 malformed server handoff never submits and Take remains nonretryable (3.087292ms)
✔ BPU01 marker replacement before Take and after Take blocks release/form reuse (3.227709ms)
✔ BPU01 context replacement after prepare and after Take closes destination without form (5.000958ms)
✔ BPU01 synchronous destination refuses invalid locale before opening a window (0.321458ms)
✔ SU03 fresh Stripe pay: marker before prepare, one prepare, one handoff, navigate, URL never stored (2.802708ms)
✔ SU03 marker replay: lost prepare response replays key/body, no uncertain on PENDING view with leftover marker (4.191291ms)
✔ SU03 cross-device Continue needs no marker and never prepares (0.429959ms)
✔ SU03 marker/view matrix: PAYUNi marker on Stripe view and Stripe marker on PAYUNi view send nothing (0.799042ms)
✔ SU03 any other view renders without a POST (0.5915ms)
✔ SU03 CREATING: waits on the schedule without the lock, then hands off once when READY (11.187416ms)
✔ SU03 CREATING budget: 10 reads over 30 s, then the blank child is closed, no POST, no throw (4.959917ms)
✔ SU03 cancel_requested seen on the re-GET aborts before the handoff POST (0.511333ms)
✔ SU03 handoff outcomes: CREATING closes child, CLOSED/UNAVAILABLE/error/malformed reject; one POST each, never retried (7.188583ms)
✔ SU03 Stripe prepare errors, amount/currency mismatch and popup loss stop before any handoff (7.440333ms)
✔ SU03 two clicks make two handoff POSTs only because there were two clicks; sequential, none from reads (2.214834ms)
✔ SU03 navigate: validates again, needs an owned blank child, sets used before replace, no URL in errors (0.805667ms)
✔ SU03 refresh signal: keyless single POST, validated, throttled 1/10 s and 30 per page life, cancel never throttled (5.454167ms)
✔ SU03 signal failures are single-shot and sanitized: HTTP error, malformed body, wrong order (1.39375ms)
✔ private quote/option authority fields are required; only exact MANUAL home can checkout (1.542625ms)
✔ continue shopping advances only ordered version, clears hint, keeps SQL history authoritative (21.708375ms)
✔ lost next-cart response retries identical key/body and preserves a newer cart (1.108791ms)
✔ continuation never overwrites an already advanced cart (2.031208ms)
✔ unknown checkout blocks continuation without any business request (0.36425ms)
✔ two queued continuation clicks mutate once; stale order ID cannot clear another order (0.6785ms)
✔ CAS conflict resolves only after a newer cart is read (1.355541ms)
✔ locator removal failure retains next-cart journal and recovery survives missing locator (0.561958ms)
✔ order history summary rejects PII/unknown fields and malformed scope IDs (0.085458ms)
✔ native address validation mirrors printable Unicode, limits and phone; journal forbids PII (2.313708ms)
✔ address lost reply replays exact in-memory intent, then confirms current head (0.627333ms)
✔ address reload requires explicit new intent and exact observed CAS; stale head never auto-bumps (0.532958ms)
✔ old address receipt cannot confirm another tab's newer current head (1.690709ms)
✔ a late address CAS winner requires another explicit confirmation, not an automatic version bump (0.4855ms)
✔ checkout lost reply, queued duplicate and current GET reuse one key and one order (0.719083ms)
✔ uncertain checkout retains original journal across later 401/403/404/5xx and malformed success (0.567ms)
✔ only a fresh definitive denial clears checkout; no order locator is invented (0.1465ms)
✔ locator storage failure after commit retains same key; reload GET failure keeps locator (0.351792ms)
✔ locator persisted but journal removal failed resumes pending receipt, not unrelated pointer (0.332917ms)
✔ unavailable storage, invalid locator and late changed context fail closed (0.189917ms)
✔ order locator readback mismatch and no-op journal removal both retain checkout recovery (0.35675ms)
✔ direct claim continuation refuses a newer ordered cart inside the purchase lock (0.246375ms)
✔ direct claim continuation keeps next-cart recovery after a conflicting clear (0.19ms)
✔ collector projection: admitted for derived connections, absent/null for primary (6.045041ms)
✔ collector rejects identifiers, extra keys and malformed text (0.12425ms)
✔ disclosure renders the contract §5 line with all three slots substituted (0.133042ms)
✔ the disclosure line exists exactly when the hosted view returns a collector (0.0815ms)
✔ a shop or collector name with a replacement pattern is shown literally (0.048333ms)
✔ OrderPayment renders the disclosure with the view, above every pay button, through the helper only (1.092291ms)
✔ BPT03 exact valid projection and Go nanosecond UTC timestamps (4.350583ms)
✔ BPT03 view rejects private fields, inconsistent state and malformed names (0.960667ms)
✔ BPT03 prepared receipt enforces exact original credit-card amount (0.204875ms)
✔ BPT03 hosted form and replay are exact, bounded and action-allowlisted (0.280916ms)
✔ SU01 Stripe views: fresh, both methods, attempt states, PAYUNi unchanged (0.175333ms)
✔ SU01 Stripe view negatives (0.131084ms)
✔ SU01 prepared amounts follow the corrected per-currency table (0.119958ms)
✔ SU01 Stripe handoff union and every redirect_url negative (0.252833ms)
✔ SU01 payment signal is exactly {order_id, scheduled:boolean} (0.105ms)
✔ RUI01 refund summary: refunded states, pending money, absent ≡ null (0.14825ms)
✔ RUI01 refund summary negatives (0.12725ms)
✔ BPU03 neutral GET and POST return ignore every callback field and cookie (19.629291ms)
✔ primary origin: exact path/query, same host, and no URL-controlled destination (3.54625ms)
✔ GET and HEAD use trusted Host, private bounded uncached resolver and exact 301 (22.636125ms)
✔ no writes redirected; resolution failures fail closed; unknown hosts keep native 404 (0.66675ms)
✔ policy version is the frozen constant, in the customers-core D4 shape (0.741667ms)
✔ route table: exactly the four buyer privacy routes, methods and body kinds (0.710666ms)
✔ body shapes are closed and mirror the frozen Go inputs (no source, no policy_version) (0.173292ms)
✔ GET privacy validator: closed shape, erased owner holds no consent (0.253417ms)
✔ consent result and erasure summary validators (0.418167ms)
✔ buyer export envelope never carries customer_id (1.039584ms)
✔ failure classification: 410 and erased are the erased state (0.599583ms)
✔ copy: every locale has the same keys, the ads box discloses that sent events cannot be recalled (0.125375ms)
✔ selected option photo uses a main display slot without adding a fifth main image (1.589209ms)
✔ use-cover selection and a main-thumbnail selection restore the original main gallery (0.201ms)
✔ cart thumbnail uses variant then catalog image_id, including when main images are absent (0.190625ms)
✔ migrated four-main/five-detail images stay separate when the option photo changes (0.225959ms)
✔ real cart-detail composition uses server SKU image_id (v2 detail available) (35.515958ms)
✔ real cart-detail composition uses server SKU image_id (v2 detail unavailable) (15.969875ms)
✔ parity: frontend caps equal the Go constants (1.980417ms)
✔ detail parser: 4 main + 20 detail + option-value images are accepted and mapped (0.665375ms)
✔ detail parser: 5 main, 21 detail, bad ids and over-cap option images are refused (0.1385ms)
✔ detail parser: a backend before product-media-v2 (no new keys) still parses with empty defaults (0.074792ms)
✔ v1 catalog row: images are main-only (<= 4) and image_id is a uuid or null (0.193583ms)
✔ PRO-S1 code mirror: any case and spaces normalise; impossible codes never become a request (0.42975ms)
✔ PRO-S2 promotion object: closed keys, kind/value pairing (0.155875ms)
✔ PRO-S3 quote validator: promotion is optional but never malformed; the discount stays the server's own number (0.252041ms)
✔ PRO-S4 journal grammar: a quote write may carry one canonical promo_code, nothing else (0.377916ms)
✔ PRO-S5 copy: three locales cover every refusal code and the same keys (0.396834ms)
✔ PRO-S6 BFF quote route: promo_code relayed untouched when canonical, refused before the private API otherwise (29.824292ms)
✔ PRO-S7 BFF: every promo_* refusal is a definite, non-retryable 422 with its own code (2.162125ms)
✔ demonstration disclosure is explicit and local-only (0.476ms)
✔ cart selection preserves unrelated SKUs and the observed CAS version (5.290958ms)
✔ minor amounts are bounded before multiplication, including zero (0.081625ms)
✔ delivery identity includes country for one market and method (0.063ms)
✔ journal is bound to context and rejects PII/unknown fields (0.211791ms)
✔ lost response replays exact key/body, then clears only after parsed receipt (17.335583ms)
✔ RUI02 buyer order admits MERCHANT_SHIPPED only with a SHIPPED head; absent shipment ≡ null (0.433375ms)
✔ RUI02 shipment shape negatives (incl. unsafe links) (0.233959ms)
✔ RUI02 history summary admits MERCHANT_SHIPPED (a shipped order must not break the list) (0.071792ms)
✔ CVSP01 options: CVS rows carry pickup_selection/payment_modes; unavailable rows are a separate shape (0.315833ms)
✔ CVSP02 CVS destination write: TW only, pickup_id required, empty home address; home unchanged (1.890875ms)
✔ CVSP03 checkoutInput: payment_mode only for CVS rows and only a mode the row offers (0.283792ms)
✔ COD confirmation includes expected fee, enforces collect cap and validates immutable order money (0.238209ms)
✔ CVSP04 buyer order: pay_at_pickup <=> collection_state; cvs_shipment only on a matching CVS destination (0.220291ms)
✔ CVSP05 journal accepts a CVS destination marker and a checkout body with payment_mode, nothing else (0.158584ms)
✔ validProduct accepts up to the Go photo cap and rejects one more (0.281917ms)
✔ design: garbage and hostile documents collapse to the safe default shape (1.097417ms)
✔ design: links, preview token propagation, nav resolution (0.119625ms)
✔ design: any merchant accent yields readable button text and link colour (WCAG AA) (0.265209ms)
✔ variants: resolution, disabled out-of-stock combinations, initial choice, price bounds (0.146083ms)
✔ catalog-v2 parsers accept the frozen shapes and refuse drift (0.476ms)
✔ free-delivery progress words the hint only when a threshold exists (0.067458ms)
✔ list query: only whitelisted, canonical values survive (0.63525ms)
✔ seo: JSON-LD cannot break out of its script tag; offers reflect stock and price range (13.714334ms)
✔ seo: sitemap escapes and carries hreflang; robots refuses everything for a closed host (0.340833ms)
✔ money: whole amounts drop cents, minor digits come from the currency, filters round-trip (0.91575ms)
✔ cart line write: replaces one line, keeps the others, 0 removes, CAS version is the one shown (1.542709ms)
✔ cart problems map to buyer-facing classes without leaking transport detail (0.184041ms)
✔ checkout options accept the optional free-shipping threshold only as a positive integer or null (0.345208ms)
✔ no-image placeholder copy: exactly the locale label a photo-less card or gallery renders (0.115958ms)
✔ storefront image caps equal the Go catalog caps (internal/catalog MaxMainImages, MaxDetailImages) (10.545916ms)
✔ design text limits count code points like Go, never splitting a surrogate pair (0.524209ms)
✔ G3: same-series cards exclude the current product and never invent absent draft/foreign products (0.596584ms)
✔ G5: safety guidance exists in three languages without changing the five merchant policy approval boundaries (0.93725ms)
✔ G4: category chips omit empty collections; hidden collections absent from the public API stay absent (0.06725ms)
✔ OrderHistory renders server order instant in Taipei (7.807292ms)
✔ ClaimLink renders claim expiry in Taipei (1.969292ms)
✔ BankTransfer renders deadline and proof instant in Taipei (1.875417ms)
✔ BankTransfer proof echo labels store time in en (4.822083ms)
✔ BankTransfer proof echo labels store time in zh-TW (3.554416ms)
✔ BankTransfer proof echo labels store time in zh-CN (2.730875ms)
✔ BankTransfer input describes the device zone in en (3.069209ms)
✔ BankTransfer input describes the device zone in zh-TW (1.989875ms)
✔ BankTransfer input describes the device zone in zh-CN (1.381ms)
✔ BankTransfer input has a generic label when Intl has no zone in en (1.210125ms)
✔ BankTransfer input has a generic label when Intl has no zone in zh-TW (1.003875ms)
✔ BankTransfer input has a generic label when Intl has no zone in zh-CN (1.0265ms)
✔ ShopFooter uses Taipei year across UTC year boundary (2.088625ms)
✔ BankTransfer deadline labels store time in en (1.179917ms)
✔ BankTransfer deadline labels store time in zh-TW (1.032042ms)
✔ BankTransfer deadline labels store time in zh-CN (4.028042ms)
✔ OrderHistory states the Taipei time zone once in en (3.526958ms)
✔ OrderHistory states the Taipei time zone once in zh-TW (1.218ms)
✔ OrderHistory states the Taipei time zone once in zh-CN (0.863166ms)
✔ dictionaries have exact parity and non-empty values (0.63475ms)
✔ locale precedence and language quality mapping (0.603625ms)
✔ localized paths preserve deep links and reject dangerous input (0.33ms)
✔ path locale only matches a canonical first segment (0.048ms)
✔ the four constructs render (0.674292ms)
✔ XSS payloads stay inert text (0.48ms)
✔ fuzz: any string over a hostile alphabet renders only whitelisted tags (14.33075ms)
✔ validator mirrors the Go rules (0.192625ms)
✔ SDN1 allowlist: exactly the contract routes, per method (0.553ms)
✔ SDN1 allowlist: traversal, case, suffix and prefix tricks never match (0.230375ms)
✔ SDN1 request shape: no query string anywhere, reads carry no body, key, length or transfer-encoding (26.406458ms)
✔ SDN1 cap: 260 KiB = Go's 256 KiB document + 4 KiB envelope, and a body of exactly the cap is still below it (0.124625ms)
✔ SDN2 renderer: every XSS payload comes out as whitelisted tags and escaped text only (1.576916ms)
✔ SDN2 renderer: escape-first means the merchant's text never becomes markup (0.249834ms)
✔ SDN2 renderer: fuzz (seeded) never produces a tag outside the whitelist (28.910458ms)
✔ SDN2 client validator rejects what the server rejects (HTML, non-https links, `<` anywhere) (0.455167ms)
✔ cleanForSave turns cleared fields into null but keeps an empty body (0.412ms)
✔ localIssues names each missing mandatory value by server path (0.514209ms)
✔ moved swaps neighbours and ignores out-of-range moves (0.07125ms)
✔ parsers accept the exact Go shapes and refuse extra or missing keys (0.346417ms)
✔ BFF allowlist covers exactly the design resources (0.211625ms)
✔ validDesignRequest refuses queries and bodies on reads, ignores other paths (27.545041ms)
✔ designDetails forwards only a bounded {path, reason} pair (0.332208ms)
✔ accepts exactly the three locale invite paths with a 20-200 char token (0.846333ms)
✔ rejects anything that is not an exact same-origin relative invite path (0.219792ms)
✔ rejects percent-encoded variants of the exact shape (0.149417ms)
✔ the token is an opaque invite token shape, never a URL (0.108083ms)
✔ fragment carrier: round-trips the exact invite path, is never a query string, and rejects hostile fragments (0.373459ms)
✔ dashboard: accepts the frozen shape, rejects drift (8.546333ms)
✔ import result: strict keys, closed error codes, committed never carries errors (0.641459ms)
✔ csv file guard mirrors the Go bounds (0.158875ms)
✔ manual options: a COD home row parses with its offer (D01: the page used to refuse the whole list) (1.447291ms)
✔ manual options: only bank_transfer / pay_at_pickup / cash_on_delivery, key must equal market|country|code (0.2915ms)
✔ manual result: link is https with the order id and a 43-char capability in the fragment only (0.520792ms)
✔ draft: first problem, and the body has no price-like field at all (3.060834ms)
✔ BFF grammar: exactly the seven tools resources (0.13425ms)
✔ regenerate body/result: exactly {order_id, locale} and a fresh https link naming that order (0.176458ms)
✔ copy parity: every locale has every key, import rules and error codes (0.427958ms)
✔ callback redirect target is always a same-origin /<locale>/settings path whatever the cookies, store, code or error say (7.919ms)
✔ the binding cookie: exactly one canonical store uuid, path-scoped to the callback, HttpOnly, Lax, 10 minutes, Secure (0.250375ms)
✔ callback query: exactly one code and one state within charset/length bounds; Meta's error=… and repeats are not forwarded (1.335959ms)
✔ the dialog URL the BFF hands the browser is https://www.facebook.com only (0.369708ms)
✔ callback error mapping only ever yields fixed codes, never an upstream message (0.2685ms)
✔ selected Page qualifies only a bare Facebook id, never rewrites another Page or external URL (0.597083ms)
✔ status: not connected, connected with and without Instagram, and every deviation throws (2.598708ms)
✔ pick state: closed shape, optional Instagram keys come as a pair, id must match (0.613417ms)
✔ route grammar: only status/states/pick/disconnect; start and callback are dedicated routes; no query; reads carry no body or key (13.954792ms)
✔ connect cookie, body and callback redirect never carry code/state and only fixed codes (0.636834ms)
✔ copy: three locales have the same keys and every Go error code has a message (0.407417ms)
✔ review-required remains restricted; evidence does not promote state (1.367708ms)
✔ legacy omission remains unidentified, independent of array order (0.648666ms)
✔ closed shapes reject unknown state/provider/evidence, leaked fields and inconsistent severity (1.102583ms)
✔ duplicate capabilities/pages and unbounded arrays cannot become trusted state (0.268583ms)
✔ worst Page determines advice, no raw upstream reason reaches copy (0.276458ms)
✔ recheck receipt means scheduled; timestamps and closed keys are checked (0.130417ms)
✔ exact keyless route grammar rejects query/key/body confusion (16.635416ms)
✔ recheck takes exactly page_id and no caller-provided scope (0.307083ms)
✔ blocking advice comes from the blocking capability, not a secondary public-reply warning (0.265875ms)
✔ clean health browser mode prepares admin standalone before starting its fixture (11.899ms)
✔ en: expired connection retains its full refusal inside a wrapping badge (6.270875ms)
✔ zh-TW: expired connection retains its full refusal inside a wrapping badge (1.422ms)
✔ zh-CN: expired connection retains its full refusal inside a wrapping badge (1.198417ms)
✔ actual B1 snapshot state remains ok even when a fixture expected review_required (0.213ms)
✔ D02 TWD input: whole dollars only, x100 on the wire (8.900375ms)
✔ D02 TWD edit text: whole dollars have no decimals; a legacy amount with cents is never shown as another price (0.360042ms)
✔ D02 display: NT$ without decimals in every language, cents only when there are cents (1.06725ms)
✔ D02 live-price input (Studio claims): TWD whole dollars, other currencies their decimals (0.14ms)
✔ D02 discount code amounts: TWD whole dollars, a decimal is refused before it is sent (0.235291ms)
✔ D02 no admin copy or component says 'minor units' to the merchant (93.999ms)
✔ M06 time: Asia/Taipei everywhere, labelled, never UTC (9.899542ms)
✔ settings answer: exactly one boolean key (6.267166ms)
✔ PUT body is the frozen single key (0.198875ms)
✔ BFF grammar: GET read, PUT keyed command, nothing else (0.459916ms)
✔ copy: three locales, same keys, no empty text (0.300125ms)
✔ PRM01 parse: exact keys, kind/value pairing and ranges; duplicates and unknown keys are refused (1.419291ms)
✔ PRM02 Taipei wall time: +08:00 on the wire, instant shown back in Taipei, impossible dates refused (12.894458ms)
✔ PRM03 create body: normalised code, major units to minor units, optional fields null, whole body validated (4.383875ms)
✔ PRM04 update + toggle: version CAS key, form round trip, pause keeps every other field (0.400083ms)
✔ PRM05 BFF grammar: exactly list, create and update; nothing generic (0.165875ms)
✔ PRM06 copy: three locales carry the same keys and every refusal code the Go routes can answer (0.112375ms)
✔ G-UI3/G-UI5 architecture constraints pass with shrinking legacy exceptions (810.698542ms)
✔ G-UI3/G-UI5 negatives: new formatter, component fetch, >800 lines and wider allowance fail (0.375167ms)
✔ Readiness jump controls expose the actual active section, not a click flag (1.627375ms)
✔ Integrator P2: legal CN comment ordering and a distinct three-image recommendation (0.163542ms)
✔ ADM04 and ADM06 explain unavailable SKUs and keep collection vocabulary consistent (0.917083ms)
✔ ADM06 create/detail titles share the route vocabulary without adding a phantom Next page (0.333833ms)
✔ G-UI1 Next pages and route registry are bidirectional, unique, typed, documented (1.797666ms)
✔ G-UI1 copy key parity: no missing or extra key in any locale (0.084958ms)
✔ G-UI2 staff without catalog:read cannot see products/inventory or open a product URL (0.2415ms)
✔ G-UI2 every route permission is a permission Go knows, and /orders/new needs inventory:reserve (192.600417ms)
✔ G-UI1 dynamic and public routes match, details never appear as navigation (0.380458ms)
✔ W6-U2 ledger is a settings in-page route, preserving existing navigation (0.254667ms)
✔ Every browser spec clicks nav-orders: the orders group stays a singleton, so returns/new/print routes are nav: false (0.4585ms)
✔ shell-registry: every routed path has exactly one nonempty shared h1 in all three locales (210.540458ms)
✔ shell-registry: orders stays one actual group button on live and non-live routes (1.469916ms)
✔ shell-registry: loading/expired/unavailable/forbidden keep one safe heading and never leak private content (3.051583ms)
✔ created address is a strict HTTPS origin matching the assigned handle (0.463125ms)
✔ DNS instructions must name the requested origin and a bare hostname target (0.25425ms)
✔ domain kind is authoritative and closed, not inferred from host or token (0.131125ms)
✔ apex DNS retains every concrete IPv4/IPv6 address and rejects malformed values (1.246333ms)
✔ pending domain journal preserves exact action/key/target; legacy or corrupt markers never replay (0.42725ms)
✔ browser-origin gate: every refusal happens before Go is called, for every action (31.7275ms)
✔ only POST exists on the team routes (1.541917ms)
✔ unknown action is a local 404 and never reaches Go (1.077333ms)
✔ strict request grammar: wrong keys, types, ids, roles, locales and token shapes are 422 locally (4.224041ms)
✔ what reaches Go: BFF key, bearer from the cookie, no Cookie/Origin, body unchanged, exactly one call per request (47.281333ms)
✔ Go failures are rebuilt locally from allow-listed codes, never retried, and never echo the token (66.727334ms)
✔ team answer: accepts the frozen shape, null role and OIDC member without email (0.819083ms)
✔ team answer: unknown key, unknown role, bad id, bad mail state are rejected (0.756334ms)
✔ invite and accept answers are strict (0.494542ms)
✔ request grammar: every action has an exact key set and rejects junk values (0.361541ms)
✔ copy: three locales carry the same keys and a label for every role (0.978083ms)
✔ role-aware navigation: hides entries the member's permissions cannot use; unknown shows all; Team is owner-only (0.444458ms)
✔ P02 settlements directory rejects missing/link/owner/group/mode with a valid control (543.602917ms)
✔ preflight health permission grammars and API/worker consistency fail closed (2744.42625ms)
✔ merchant alert flag is explicit 0|1 and independently requires SMTP (1728.928292ms)
✔ shared loader makes API/worker LIVE pair file-only before Compose interpolation (360.782583ms)
✔ export bind accepts omitted JSON false but rejects unsafe source/config mutations (1.190583ms)
✔ sanctioned operator allowlist and fail-closed gates (fake docker, no network) (2095.123542ms)
✔ platform operator custody, export mount and binary are wired (196.4375ms)
✔ actual export bind refuses a missing directory; enabling auto-create is detected (672.766625ms)
✔ R3 preflight rejects cancelled PAYUNi, validates Page app and keeps LIVE pair mandatory (887.325792ms)
✔ R3 smoke exercises exact denied probes, accepts 404 only for disabled mounts (99.627125ms)
✔ positive control: a complete, valid configuration raises no META_LOGIN finding (1095.24225ms)
✔ feature off (COMMERCE_META_LOGIN_CONFIG_ID empty): no rule applies even with the other keys empty (381.533542ms)
✔ P06: the Page route needs the webhook receiver (275.111792ms)
✔ P06: sessions come from identity (291.282ms)
✔ P06: without the claims profile nobody sends the private replies (a WARN, not a FAIL) (229.952791ms)
✔ P08: COMMERCE_META_LOGIN_CONFIG_ID must be numeric ("abc") (236.613583ms)
✔ P08: COMMERCE_META_LOGIN_CONFIG_ID must be numeric ("12 34") (267.814459ms)
✔ P08: COMMERCE_META_LOGIN_CONFIG_ID must be numeric ("111111111111") (268.349417ms)
✔ P08: COMMERCE_META_LOGIN_CONFIG_ID must be numeric ("0x10") (244.736375ms)
✔ P08: COMMERCE_META_LOGIN_CONFIG_ID must be numeric ("-1") (235.398667ms)
✔ P08: COMMERCE_META_LOGIN_REDIRECT_URI must be exactly https://<LC_ADMIN_HOST>/api/meta/callback (wrong host) (222.766417ms)
✔ P08: COMMERCE_META_LOGIN_REDIRECT_URI must be exactly https://<LC_ADMIN_HOST>/api/meta/callback (http scheme) (248.70575ms)
✔ P08: COMMERCE_META_LOGIN_REDIRECT_URI must be exactly https://<LC_ADMIN_HOST>/api/meta/callback (the ads callback path) (176.643584ms)
✔ P08: COMMERCE_META_LOGIN_REDIRECT_URI must be exactly https://<LC_ADMIN_HOST>/api/meta/callback (trailing slash) (192.906542ms)
✔ P08: COMMERCE_META_LOGIN_REDIRECT_URI must be exactly https://<LC_ADMIN_HOST>/api/meta/callback (query string) (192.452417ms)
✔ P08: COMMERCE_META_LOGIN_REDIRECT_URI must be exactly https://<LC_ADMIN_HOST>/api/meta/callback (empty) (195.491709ms)
✔ P08: COMMERCE_META_LOGIN_GRAPH_VERSION grammar vNN.N ("26.0") (247.262ms)
✔ P08: COMMERCE_META_LOGIN_GRAPH_VERSION grammar vNN.N ("v26") (167.414958ms)
✔ P08: COMMERCE_META_LOGIN_GRAPH_VERSION grammar vNN.N ("v26.0.1") (175.4505ms)
✔ P08: COMMERCE_META_LOGIN_GRAPH_VERSION grammar vNN.N ("latest") (193.504083ms)
✔ P08: COMMERCE_META_LOGIN_GRAPH_VERSION grammar vNN.N ("") (241.834666ms)
✔ P08: COMMERCE_META_LOGIN_GRAPH_VERSION grammar vNN.N ("v1000.0") (324.819333ms)
✔ P08: COMMERCE_META_LOGIN_GRAPH_VERSION accepts v26.0 (186.633584ms)
✔ P08: COMMERCE_META_LOGIN_GRAPH_VERSION accepts v22.0 (191.4205ms)
✔ P08: COMMERCE_META_LOGIN_GRAPH_VERSION accepts v99.9 (164.206958ms)
✔ production without any alert channel is a FAIL (nobody would hear the next outage) (1015.527083ms)
✔ outside production the same gap is only a WARN (365.829708ms)
✔ a webhook alone satisfies the rule (268.533791ms)
✔ an e-mail target with a complete relay (host, username, secret) satisfies the rule (276.568709ms)
✔ an e-mail target without the relay secret cannot be sent: FAIL in production, WARN elsewhere (492.537542ms)
✔ the example's CHANGE_ME_SENDER placeholder is not a relay: the e-mail target cannot be sent (280.154875ms)
✔ LC_ALERT_EMAIL must be one plain address ("not-an-address") (252.549334ms)
✔ LC_ALERT_EMAIL must be one plain address ("two@fake.invalid,three@fake.invalid") (234.721667ms)
✔ LC_ALERT_EMAIL must be one plain address ("a b@fake.invalid") (238.929667ms)
✔ LC_ALERT_EMAIL must be one plain address ("<owner@fake.invalid>") (225.78275ms)
✔ LC_ALERT_EMAIL must be one plain address ("owner@fake") (267.03025ms)
✔ storefront cart-line removal is reversible: clicked for real, not guarded (1.826ms)
✔ destructive / irreversible / sign-out classification (owner list, en + zh) (1.259167ms)
✔ alike controls (rows with ids / numbers) share one class key (0.315209ms)
✔ known defects classify, never silence: stale entries are reported (0.439542ms)
✔ the markdown ledger has one row per interaction and names the verdict (0.186416ms)
✔ protocolHrefOK accepts well-formed tel:/mailto: and rejects malformed ones (0.142333ms)
✔ J1 waits for enabled media and clicks a real chooser; the uploaded cover is bound to the main section (476.813167ms)
✔ J1 cannot credit a detail-image receipt as the main cover (0.706916ms)
✔ J1 refuses a failed cover upload rather than continuing to activate (0.200458ms)
✔ thresholds are the named constants of the brief (1.777833ms)
✔ R1: document wider than the viewport, and the outermost element past the edge (0.242834ms)
✔ R2: label tops, control tops and control heights of one visual row (0.428584ms)
✔ R2: what is one row and what is not (0.129958ms)
✔ R2: a button beside a field has to line up with its control (0.866042ms)
✔ R3: a row made tall by stacked controls, a control wider than its cell (1.179708ms)
✔ R3: a matrix whose EVERY row is doubled by a stacked stock cell (the median cannot see it) (2.694708ms)
✔ R4: small text, helper text apart, icons and duplicates excepted (0.255417ms)
✔ R5: tap targets on the 390 viewport only (1.218292ms)
✔ R6: interactive elements and text boxes that overlap (0.81875ms)
✔ R7: text clipped inside a control or label (either side), and select values that do not fit (1.485167ms)
✔ R8: the same visible label twice in one list (1.782625ms)
✔ evaluate() tags severity, selectRecords() keeps distinct groups first and counts every instance (0.435292ms)
✔ R9: text and controls flush to the screen edge at 390 (0.509375ms)
✔ R6/R9 judge the visible (ancestor-clipped) rectangle, not the raw one (integrator ruling 2026-10-05) (0.270333ms)
✔ R10: a fixed or sticky bar covering main content after scrolling (1.137166ms)
✔ R11: controls narrower than a usable width (0.229125ms)
ℹ tests 442
ℹ suites 0
ℹ pass 442
ℹ fail 0
ℹ cancelled 0
ℹ skipped 0
ℹ todo 0
ℹ duration_ms 10248.448583
✔ closed projections reject secret-shaped extras, invalid enums, IDs and contradictory capabilities (0.728292ms)
✔ detail accepts only bounded events and keeps actual server action flags (0.344083ms)
✔ BFF exact routes and request grammar forbid keys/body on reads, filters on detail and arbitrary writes (8.762958ms)
✔ copy parity, safe object navigation and UNKNOWN/protective reasons (0.159042ms)
✔ read-only store capability never exposes a command even if the state allows one (0.060375ms)
✔ duplicate escaped keys cannot bypass the exact command grammar (0.042458ms)
✔ query backoff affects only its operation and expires without another action (0.04575ms)
✔ merchant reason text translates ledger events and conceals unknown or prototype codes (0.089583ms)
✔ ledger read navigation requires effective integration:read permission regardless of role (0.061791ms)
ℹ tests 9
ℹ suites 0
ℹ pass 9
ℹ fail 0
ℹ cancelled 0
ℹ skipped 0
ℹ todo 0
ℹ duration_ms 77.465708
✔ OrderHistory renders server order instant in Taipei (6.536958ms)
✔ ClaimLink renders claim expiry in Taipei (1.768375ms)
✔ BankTransfer renders deadline and proof instant in Taipei (1.689708ms)
✔ BankTransfer proof echo labels store time in en (1.155791ms)
✔ BankTransfer proof echo labels store time in zh-TW (1.221458ms)
✔ BankTransfer proof echo labels store time in zh-CN (1.174917ms)
✔ BankTransfer input describes the device zone in en (1.035833ms)
✔ BankTransfer input describes the device zone in zh-TW (1.35375ms)
✔ BankTransfer input describes the device zone in zh-CN (1.272875ms)
✔ BankTransfer input has a generic label when Intl has no zone in en (1.156708ms)
✔ BankTransfer input has a generic label when Intl has no zone in zh-TW (0.963458ms)
✔ BankTransfer input has a generic label when Intl has no zone in zh-CN (0.903416ms)
✔ ShopFooter uses Taipei year across UTC year boundary (1.388458ms)
✔ BankTransfer deadline labels store time in en (1.081916ms)
✔ BankTransfer deadline labels store time in zh-TW (1.007541ms)
✔ BankTransfer deadline labels store time in zh-CN (0.975791ms)
✔ OrderHistory states the Taipei time zone once in en (0.726583ms)
✔ OrderHistory states the Taipei time zone once in zh-TW (0.64075ms)
✔ OrderHistory states the Taipei time zone once in zh-CN (0.596ms)
✔ Meta rejection wording is preserved as bounded Unicode text, never translated (1.019458ms)
✔ frozen error codes: model list equals the frozen list, each is read from both error shapes (0.33425ms)
✔ copy: every code, status, op state and connect error has text in all three locales (0.243834ms)
✔ copy never calls a budget a hard stop and never offers resume (0.224708ms)
✔ draft: every §5.1 status parses; unknown status/template/op state is an error, never guessed (0.341042ms)
✔ draft: optional fields, remote ids and the Ads Manager link (0.147ms)
✔ action hints: pause whenever a remote id exists and not ENDED; a paused draft is only ever copied (X7) (0.181625ms)
✔ money: whole units to minor with integer math; TWD must be whole (8.993708ms)
✔ Taipei schedule: wall inputs and draft projections ignore the viewer zone (4.019875ms)
✔ Taipei schedule: invalid calendar days are rejected and all copy names UTC+8 (0.265292ms)
✔ draft input: exact 11-key body and every local rule (2.93225ms)
✔ draft form round trip and X7 copy (blank schedule, no id, no revision) (0.199833ms)
✔ settings parser: environment enum, connections, identities, capi (0.309042ms)
✔ connect state parser: pick list kinds and id match (0.104916ms)
✔ report: three separate blocks, orders may be null, no combined figure (0.228ms)
✔ default report window is the Asia/Taipei store day whatever the viewer's zone is (Taipei midnight boundary) (3.392375ms)
✔ capi body and validation (0.118708ms)
✔ W6-06B unbind response: exact keys, account, UUIDs and outcome semantics (0.187166ms)
✔ W6-06B in-flight details preserve bounded items and total, reject unknown shapes (0.164791ms)
✔ W6-06B catalog feed has exact public URL/domain pairs or published-store empty (0.402ms)
✔ W6-06B copy preserves unbind boundaries and feed recovery in three locales (0.060916ms)
✔ W6-06B feed selection follows origin order, not full feed URL order (0.061542ms)
✔ customer list accepts the frozen row and rejects unknown keys, dup ids, bad cursor, oversize (2.59625ms)
✔ customer row invariants: nulls for bundle-only/erased, counts, money, consents (0.504083ms)
✔ customer detail: bounded lists, order summaries reuse the orders parser, id must match (1.947917ms)
✔ erasure summary is four counts only (0.088167ms)
✔ finance summary: net = captured - refunded (I05), totals carry an empty day, sandbox flag (0.280958ms)
✔ financeDay is the UTC+8 day (0.055666ms)
✔ finance defaults keep Taipei dates across midnight, leap day and year end (0.070709ms)
✔ tags and notes are parsed strictly (W6-01B) (0.491459ms)
✔ TSX seam refuses an unlisted import (3.520042ms)
✔ Ads merchant timestamp uses Taipei at the year boundary (12.311167ms)
✔ Design version published_at cell uses Taipei at the year boundary (2.348ms)
✔ ManualOrder bank-transfer expiry uses Taipei at the year boundary (4.050875ms)
ℹ tests 53
ℹ suites 0
ℹ pass 53
ℹ fail 0
ℹ cancelled 0
ℹ skipped 0
ℹ todo 0
ℹ duration_ms 114.350584
✔ OrderHistory renders server order instant in Taipei (6.299375ms)
✔ ClaimLink renders claim expiry in Taipei (1.739042ms)
✔ BankTransfer renders deadline and proof instant in Taipei (1.69975ms)
✔ BankTransfer proof echo labels store time in en (1.158542ms)
✔ BankTransfer proof echo labels store time in zh-TW (1.374417ms)
✔ BankTransfer proof echo labels store time in zh-CN (1.44675ms)
✔ BankTransfer input describes the device zone in en (1.241292ms)
✔ BankTransfer input describes the device zone in zh-TW (1.400833ms)
✔ BankTransfer input describes the device zone in zh-CN (1.131334ms)
✔ BankTransfer input has a generic label when Intl has no zone in en (1.088417ms)
✔ BankTransfer input has a generic label when Intl has no zone in zh-TW (1.013917ms)
✔ BankTransfer input has a generic label when Intl has no zone in zh-CN (0.963458ms)
✔ ShopFooter uses Taipei year across UTC year boundary (1.482875ms)
✔ BankTransfer deadline labels store time in en (1.087292ms)
✔ BankTransfer deadline labels store time in zh-TW (0.960208ms)
✔ BankTransfer deadline labels store time in zh-CN (0.913541ms)
✔ OrderHistory states the Taipei time zone once in en (0.667792ms)
✔ OrderHistory states the Taipei time zone once in zh-TW (0.5865ms)
✔ OrderHistory states the Taipei time zone once in zh-CN (0.574208ms)
✔ Meta rejection wording is preserved as bounded Unicode text, never translated (1.07275ms)
✔ frozen error codes: model list equals the frozen list, each is read from both error shapes (0.34425ms)
✔ copy: every code, status, op state and connect error has text in all three locales (0.252666ms)
✔ copy never calls a budget a hard stop and never offers resume (0.221667ms)
✔ draft: every §5.1 status parses; unknown status/template/op state is an error, never guessed (0.337542ms)
✔ draft: optional fields, remote ids and the Ads Manager link (0.151375ms)
✔ action hints: pause whenever a remote id exists and not ENDED; a paused draft is only ever copied (X7) (0.18225ms)
✔ money: whole units to minor with integer math; TWD must be whole (7.701708ms)
✔ Taipei schedule: wall inputs and draft projections ignore the viewer zone (3.113292ms)
✔ Taipei schedule: invalid calendar days are rejected and all copy names UTC+8 (0.292583ms)
✔ draft input: exact 11-key body and every local rule (3.135375ms)
✔ draft form round trip and X7 copy (blank schedule, no id, no revision) (0.203042ms)
✔ settings parser: environment enum, connections, identities, capi (0.33175ms)
✔ connect state parser: pick list kinds and id match (0.103417ms)
✔ report: three separate blocks, orders may be null, no combined figure (0.242333ms)
✔ default report window is the Asia/Taipei store day whatever the viewer's zone is (Taipei midnight boundary) (1.779208ms)
✔ capi body and validation (0.082083ms)
✔ W6-06B unbind response: exact keys, account, UUIDs and outcome semantics (0.153042ms)
✔ W6-06B in-flight details preserve bounded items and total, reject unknown shapes (0.149792ms)
✔ W6-06B catalog feed has exact public URL/domain pairs or published-store empty (0.162ms)
✔ W6-06B copy preserves unbind boundaries and feed recovery in three locales (0.055084ms)
✔ W6-06B feed selection follows origin order, not full feed URL order (0.063208ms)
✔ customer list accepts the frozen row and rejects unknown keys, dup ids, bad cursor, oversize (3.757042ms)
✔ customer row invariants: nulls for bundle-only/erased, counts, money, consents (0.485459ms)
✔ customer detail: bounded lists, order summaries reuse the orders parser, id must match (1.920292ms)
✔ erasure summary is four counts only (0.07775ms)
✔ finance summary: net = captured - refunded (I05), totals carry an empty day, sandbox flag (0.267209ms)
✔ financeDay is the UTC+8 day (0.051917ms)
✔ finance defaults keep Taipei dates across midnight, leap day and year end (0.070875ms)
✔ tags and notes are parsed strictly (W6-01B) (0.489583ms)
✔ TSX seam refuses an unlisted import (3.0865ms)
✔ Ads merchant timestamp uses Taipei at the year boundary (11.186958ms)
✔ Design version published_at cell uses Taipei at the year boundary (4.218958ms)
✔ ManualOrder bank-transfer expiry uses Taipei at the year boundary (8.143333ms)
ℹ tests 53
ℹ suites 0
ℹ pass 53
ℹ fail 0
ℹ cancelled 0
ℹ skipped 0
ℹ todo 0
ℹ duration_ms 113.599167
✔ legacy display sentinels preserve a list row without admitting arbitrary or private data (1.559ms)
✔ orders-v2 accepts bounded filters and Taipei inclusive dates; rejects ambiguity (0.74725ms)
✔ orders-v2 rejects client count approximations, unbounded or extra response data (0.142708ms)
✔ all three locales label every task queue, payment and delivery mode (0.276959ms)
ℹ tests 4
ℹ suites 0
ℹ pass 4
ℹ fail 0
ℹ cancelled 0
ℹ skipped 0
ℹ todo 0
ℹ duration_ms 66.8725
✔ numeric store IDs have no suggestion BFF or browser client (0.470917ms)
ℹ tests 1
ℹ suites 0
ℹ pass 1
ℹ fail 0
ℹ cancelled 0
ℹ skipped 0
ℹ todo 0
ℹ duration_ms 58.537084
✔ ADM10 operator sentence is localized while product and company facts stay authoritative (0.392958ms)
✔ PS review: actual Host matching normalizes case, port and a terminal DNS dot, never forwarded authority (0.217584ms)
✔ PS review: privacy/terms retain Messenger and Instagram purpose disclosure; deletion uses exact UI labels (0.10075ms)
✔ P2-N1 zh-TW/privacy: current comments and private reply, conditional inbound messages (0.074ms)
✔ P2-N1 zh-TW/terms: current comments and private reply, conditional inbound messages (0.040375ms)
✔ P2-N1 zh-CN/privacy: current comments and private reply, conditional inbound messages (0.031417ms)
✔ P2-N1 zh-CN/terms: current comments and private reply, conditional inbound messages (0.041958ms)
✔ P2-N1 en/privacy: current comments and private reply, conditional inbound messages (0.043292ms)
✔ P2-N1 en/terms: current comments and private reply, conditional inbound messages (0.037417ms)
✔ PS1 legal identity is one untranslated source (0.074959ms)
✔ PS1 contact and hosts come only from configuration; production fails closed (0.309875ms)
✔ PS2 public routes default to zh-TW, restrict page/locale, and never include admin (0.346167ms)
✔ PS4 optional Meta verification value never has a fake default (0.046709ms)
✔ PS1 every locale uses the same product name in auth page titles (0.039083ms)
✔ PS1 public page copy has three complete locales, no invented operator identity or contact (0.183792ms)
✔ PS1 production build validates config; public data is not bundled through NEXT_PUBLIC (0.20125ms)
✔ PS review: admin image installs the manifests for its workspace dependencies before building (0.436166ms)
ℹ tests 17
ℹ suites 0
ℹ pass 17
ℹ fail 0
ℹ cancelled 0
ℹ skipped 0
ℹ todo 0
ℹ duration_ms 68.782833
✔ R11 SQL's exact receipt states are accepted; missing/forged operation/state remains unknown (0.736375ms)
✔ R11 durable receipt journal validates phase against exact operation state (0.338291ms)
✔ R11 actual read control distinguishes replay/inflight/unknown/failure in en (3.841584ms)
✔ R11 actual read control distinguishes replay/inflight/unknown/failure in zh-TW (0.598416ms)
✔ R11 actual read control distinguishes replay/inflight/unknown/failure in zh-CN (0.548666ms)
✔ unknown journal retains exact key/boundary and is scoped to store+session; malformed state fails closed (0.131292ms)
✔ R12 read hook keeps network UNKNOWN on one key and explicitly refreshes acknowledged UNKNOWN (9.69925ms)
✔ actual POST transport uses CSRF and session fence; 403 independent of response text (12.227791ms)
✔ R10 ROAS has exactly two decimals in en (10.808167ms)
✔ R10 unknown ROAS is never fabricated as zero in en (0.076042ms)
✔ R10 ROAS has exactly two decimals in zh-TW (0.148458ms)
✔ R10 unknown ROAS is never fabricated as zero in zh-TW (0.035125ms)
✔ R10 ROAS has exactly two decimals in zh-CN (0.125375ms)
✔ R10 unknown ROAS is never fabricated as zero in zh-CN (0.030792ms)
✔ shared presentation preserves registry title and one empty buyer message in en (23.239833ms)
✔ R11 large linked-draft list is complete but collapsed in en (3.31025ms)
✔ shared presentation preserves registry title and one empty buyer message in zh-TW (5.529917ms)
✔ R11 large linked-draft list is complete but collapsed in zh-TW (2.543084ms)
✔ shared presentation preserves registry title and one empty buyer message in zh-CN (5.573292ms)
✔ R11 large linked-draft list is complete but collapsed in zh-CN (2.614875ms)
✔ R11 timeline distinguishes local unknown spend from explicit Meta zero in en (3.184875ms)
✔ R11 timeline distinguishes local unknown spend from explicit Meta zero in zh-TW (3.134375ms)
✔ R11 timeline distinguishes local unknown spend from explicit Meta zero in zh-CN (2.026ms)
✔ R11 I12 nullable Meta evidence survives without becoming zero (0.260125ms)
✔ R11 actual panel rendering preserves unknowns and reconnect route in en (10.490875ms)
✔ R11 actual panel rendering preserves unknowns and reconnect route in zh-TW (10.660083ms)
✔ R11 actual panel rendering preserves unknowns and reconnect route in zh-CN (11.631083ms)
✔ D1, D6, R7: exact amounts and sources remain independent, account days stay labelled (0.201833ms)
✔ R12: null stays unknown and unread / unauthorised / insufficient remain different states (0.23175ms)
✔ R12 granted but unread audience offers a read, never reconnect in en (1.649792ms)
✔ R12 granted but unread audience offers a read, never reconnect in zh-TW (1.660084ms)
✔ R12 granted but unread audience offers a read, never reconnect in zh-CN (1.609167ms)
✔ I12 forged / missing frozen fields never silently become zeros (0.874042ms)
✔ only whitelisted aggregates survive: extra identifiers and HTML are never interpreted (0.061625ms)
✔ attribution is a read-only BFF resource with exact bounded query grammar (0.310459ms)
✔ audience-read is exactly the new local intention POST and never a data GET or queried write (0.231167ms)
✔ route fails closed without ads:read and is not a duplicate navigation entry; locale keys match (0.103875ms)
ℹ tests 37
ℹ suites 0
ℹ pass 37
ℹ fail 0
ℹ cancelled 0
ℹ skipped 0
ℹ todo 0
ℹ duration_ms 356.811084
✔ card-payments copy: identical key sets in all three locales (0.719584ms)
✔ merchant terms are quoted verbatim (contract §5) in the enable dialog (0.088584ms)
✔ ruling-fixed strings: platform not OPEN and BLOCKED note (0.0415ms)
✔ error map covers every frozen refusal code from migrations/0137 (0.060875ms)
✔ no Stripe account id, key or approval id shape appears in any copy string (0.216ms)
✔ storefront collector disclosure matches contract §5 templates in three languages (0.066125ms)
✔ the merchant terms in the dialog are the contract §5 sentence, extracted from the contract (0.098541ms)
✔ the storefront templates are the contract §5 lines, extracted from the contract (0.102667ms)
✔ settlement copy: deduction columns are labelled as deductions in every language, with a legend and the net formula (0.221125ms)
✔ there is no separate 'not on the allowlist' message: it reads as not open (review P1-2) (0.074959ms)
✔ card summary accepts the frozen shape incl. all-null platform NONE (0.76675ms)
✔ card summary rejects unknown keys, bad enums, bad money, bad version (0.254166ms)
✔ card result is exactly {state, version, max_minor, currency, descriptor_preview} (0.092833ms)
✔ descriptor suffix rule: charset, 2..10 chars, must contain a letter (0.114667ms)
✔ the suffix length rule is the charset rule's 10; the 22-character descriptor total stays the server's (SANDBOX L=10, LIVE PrefixLength) (0.063375ms)
✔ descriptor preview mirrors the contract projection (base + '* ' + suffix) (0.053875ms)
✔ settlement list accepts statements without payout/lines keys (omitempty) (0.394875ms)
✔ settlement detail carries lines whose count and sums match the totals (0.332916ms)
✔ settlement parsers reject malformed reads (0.600041ms)
✔ fees, refunds and disputes are signed exactly as the ledger stores them (0.459125ms)
✔ a returned fee is a positive line fee; the detail's lines must add up to the statement totals (0.382083ms)
✔ closed_at/paid_at accept the offsets PostgreSQL emits as well as Z (0.33025ms)
✔ a payout reference shaped like a Stripe key or account id is never displayed (0.873417ms)
✔ platform not OPEN: 'not open yet' and no enable control, for every non-OPEN state; the platform badge still tells why (0.842458ms)
✔ allowlisted + OPEN: enable from NONE/DISABLED, disable from ENABLED (0.22325ms)
✔ not allowlisted on an OPEN platform reads exactly like not open: the same message, no 'platform open' badge, no enable (review P1-2) (0.292417ms)
✔ BLOCKED: the suspended note, disable only, never enable (whatever the platform says) (0.128125ms)
✔ without billing:manage nothing can be changed, but the state is still readable (0.096916ms)
✔ enable carries the platform's current terms, the suffix and the version read; NONE starts at 0 (0.112959ms)
✔ disable never sends a suffix and quotes the terms the store accepted (the platform's may have moved on) (0.079125ms)
✔ a retained suffix is recovered from the final preview so a re-enable can keep it (0.074709ms)
✔ the period label shows the last day inside the (exclusive-end) week (1.08375ms)
✔ payout state: paid, pending only when money is due, none when the week nets to zero or less (0.104834ms)
✔ card-payments and settlements are nav:false routes, so no group loses or gains a nav button (0.311667ms)
✔ settlements need billing:manage, the card page integration:read; the owner opens both (0.203541ms)
✔ statement cells: a dispute reversal and a returned fee read as credits (+) and every deduction as -, and the columns add up to the server's net (9.011042ms)
✔ the detail parser requires the lines of a statement that has lines; a quiet week (line_count 0) may omit them (0.125333ms)
✔ route table: exactly the four resources, nothing generic (0.473625ms)
✔ query grammar: card and settlement-detail are exact; settlements takes before/limit only (0.21875ms)
✔ request fence: keyless PUT (CAS), bodyless GETs, no transfer-encoding (16.027125ms)
✔ PUT body is the exact frozen shape {enabled, terms_version, descriptor_suffix, expected_version} (0.877708ms)
✔ the BFF route wires the card grammar: keyless CAS PUT, exact body, no-store, auth required (0.605916ms)
✔ the real card summary parses and drives the display state machine (1.32125ms)
✔ the real statement list parses: newest first, no lines, three payout states (0.778125ms)
✔ every real detail parses with its lines and the lines add up to the statement (0.983958ms)
✔ an empty ledger parses to no statements (0.229875ms)
✔ no account id, key or approval shape is in any real body (0.467792ms)
✔ the real statements display literally as signed contributions that add up to the server's net (11.444417ms)
ℹ tests 48
ℹ suites 0
ℹ pass 48
ℹ fail 0
ℹ cancelled 0
ℹ skipped 0
ℹ todo 0
ℹ duration_ms 100.498333
✔ option/slug/SKU caps equal internal/catalog (options.go, catalog.go) (2.894042ms)
✔ text caps equal the Go validators (name 120, description 8000, SEO 70/160, collection title 80) (1.681167ms)
✔ photo caps equal Go (MaxMainImages, MaxDetailImages, MaxImageBytes) and the SKU code pattern (1.455291ms)
✔ PE13 Cartesian matrix is local, preserves edits and deduplicates values (1.053166ms)
✔ PE13 bulk quantity skips negative rows without modifying them (0.113042ms)
✔ PE12 untracked document uses whole currency and per-order cap, never quantity (8.048417ms)
✔ PE14 missing readback is not guessed or silently cleared by full replacement (0.058292ms)
✔ bulk status accepts explicit per-item results, never empty or duplicated confirmations (0.185333ms)
✔ matrix refuses over 100 SKUs before expansion (0.078542ms)
✔ parity: admin caps equal the Go constants (0.565125ms)
✔ image list: 4 main + 20 detail + 2 sku in role order is accepted (0.426542ms)
✔ image list: 5 main, 21 detail, wrong role order, gaps and extra keys are refused (0.637417ms)
✔ single image: role is required and its position is bounded by the role cap (0.061ms)
✔ option text limits count Go runes rather than UTF-16 units (0.155709ms)
✔ PE14 new edit SKU carries its own shipping and clears no existing fields (9.464958ms)
✔ PE14 patch changes only price and preserves unmentioned fields (0.171625ms)
✔ PE14 on_hand is not available, zero target is transmitted, ambiguous warehouse refuses (0.281625ms)
✔ PE14 explicit clears and shipping remain per SKU on an active row (0.124708ms)
✔ PE14 archive supersedes every other edit on that SKU (b77eeb11) (0.133625ms)
✔ PE14 no-op has no command fields and changed axes explicitly archive omitted variants (0.08975ms)
ℹ tests 20
ℹ suites 0
ℹ pass 20
ℹ fail 0
ℹ cancelled 0
ℹ skipped 0
ℹ todo 0
ℹ duration_ms 93.211375
(node:47813) ExperimentalWarning: Transform Types is an experimental feature and might change at any time
(Use `node --trace-warnings ...` to show where the warning was created)
✔ UNKNOWN retry client authorization loss requires reconciliation, not a fresh command (2.935875ms)
✔ UNKNOWN retry 401 authorization loss requires reconciliation, not a fresh command (8.474541ms)
✔ UNKNOWN retry 403 authorization loss requires reconciliation, not a fresh command (0.559875ms)
✔ a conclusive command rejection stays distinct from authorization loss (0.699333ms)
ℹ tests 4
ℹ suites 0
ℹ pass 4
ℹ fail 0
ℹ cancelled 0
ℹ skipped 0
ℹ todo 0
ℹ duration_ms 104.868959
(node:47816) ExperimentalWarning: Transform Types is an experimental feature and might change at any time
(Use `node --trace-warnings ...` to show where the warning was created)
✔ offer controls read authoritative limits without parsing unrelated KEYWORD_QTY_CONTAINS window/stats (11.028667ms)
✔ offer controls accept 101 through the backend cap of 200 distinct offers, reject 201 (1.805458ms)
✔ offer toggle preserves exactly the authoritative maximum in the real M4 payload (2.226959ms)
✔ console BFF admits exactly A1/A7/A6 and A5 read/copy methods (0.336167ms)
✔ Next proxy admits the exact console family and results query before the BFF (45.641375ms)
✔ PR18 proxy preserves malformed A2 cursor as 400 invalid_cursor (0.456042ms)
✔ results query is canonical repeated session_id 1..50, everything else queryless (0.079208ms)
✔ real BFF route forwards only exact resources, authenticates scope and returns private scrubbed errors (34.654709ms)
✔ new commands reject unknown keys and preserve frozen copy/lifecycle/recommend body (0.130708ms)
✔ browser commands reuse Studio fences, exact no-comment recommend body and backend refusal codes (1.356ms)
✔ results client preserves canonical ids/order and rejects invalid list before fetch (0.254583ms)
✔ stock client reuses catalog transport/key/parser and fences a changed login without retries (1.046ms)
✔ journal replay sends the exact original method/path/body/key for all five commands (1.816083ms)
(node:47817) ExperimentalWarning: Transform Types is an experimental feature and might change at any time
(Use `node --trace-warnings ...` to show where the warning was created)
✔ A1 strict MOCK snapshot preserves unavailable counts, capability unknown and server stock (2.546333ms)
✔ A7 returns a separate lifecycle version and closed full KEYWORD_QTY_CONTAINS window (0.125709ms)
✔ A5 results retain separate environments/currencies and bind exact requested ids/order (0.153792ms)
✔ A5 copy parses real Go envelope, copied offer prices and KEYWORD_QTY_CONTAINS window (0.5715ms)
✔ A6 accepts optional operation UUID, never guessed send success (0.22025ms)
(node:47818) ExperimentalWarning: Transform Types is an experimental feature and might change at any time
(Use `node --trace-warnings ...` to show where the warning was created)
✔ Live settings navigation accepts a scene picker entry but never a malformed or unscoped deep link (0.716375ms)
✔ LC-B7 stock permission admits live_adjust without inventory:write, not unrelated grants (0.082042ms)
✔ Instagram comment total stays unavailable; Facebook observed count is not a platform total (0.308958ms)
✔ LC-U1 one primary action follows lifecycle, never planning or transport state (0.185458ms)
✔ LC-U1 stock target uses sellable delta and rejects fractions, negative and over-limit changes (0.369ms)
✔ LC-U1 links only explicit FB post identities, never arbitrary URLs or guessed videos (0.236167ms)
✔ LC-U1 Facebook preview keeps the original no-frame CSP and uses a safe external link (1.080042ms)
✔ LC-U1 delayed copy completion cannot navigate after store switch or unmount (0.320666ms)
✔ LC-U1 receipt fence survives cookie rotation; pending replay still has a separate session boundary (0.310125ms)
ℹ tests 27
ℹ suites 0
ℹ pass 27
ℹ fail 0
ℹ cancelled 0
ℹ skipped 0
ℹ todo 0
ℹ duration_ms 224.708334
✔ PR18 R2 scoped404 a2 clears both private views and stops recovery reads (15.95725ms)
✔ PR18 R2 scoped404 a8 clears both private views and stops recovery reads (2.5475ms)
✔ PR18 R2 scoped404 older clears both private views and stops recovery reads (2.049834ms)
✔ PR18 A8 clears names synchronously and keeps loaded older pages through a head poll (1.882375ms)
✔ PR18 A8 hides clear before effects even without pagination (0.983375ms)
✔ PR18 quiet A2 stream refreshes delayed claim marks without a new sequence or user refresh (1.820209ms)
✔ PR18 late claim automatically exposes keyword view and the reused BuyerPanel (3.29ms)
✔ K3 A8 private polls every 10s, backs off, resets, pauses hidden and stops off-filter (7.941375ms)
✔ K3 A8 unreplied polls every 10s, backs off, resets, pauses hidden and stops off-filter (5.643375ms)
✔ K3 pasted tab is refused with invalid_text copy before any reply POST (0.864ms)
✔ real SQL UNKNOWN mark blocks public-mode switching without a local receipt (0.45275ms)
✔ PR18 unknown public receipt has the correct cross-comment fence (2.461459ms)
✔ PR18 queued public receipt has the correct cross-comment fence (2.191084ms)
✔ PR18 public guard releases only definite sent (0.761583ms)
✔ PR18 public guard releases only definite failed (0.666708ms)
✔ PR18 public guard releases only definite blocked (0.695042ms)
✔ PR18 public guard releases only definite refused (1.538875ms)
✔ actual A2 hook fake clock: 3/6/12/24/30 backoff, success reset, hide clears and stops, 403 locks (3.183459ms)
✔ actual reset clears selected buyer and rereads without the old epoch cursor (1.086917ms)
✔ reply hints, coded error, UNKNOWN and capability state execute the actual composer (0.999667ms)
✔ PR18 R2 templates read 404 denies the composer (0.413875ms)
✔ PR18 R2 buyer-panel read 404 expires the panel and reports unauthorized (0.427334ms)
✔ PR18 A3 invalid_ref remains a definite 422 refusal (0.351834ms)
✔ PR18 a full history buffer stops paging without discarding rows or advancing its cursor (0.272125ms)
✔ K3 reply text rejects every C0/C1 control except newline (0.648459ms)
✔ SQL operation marks map to every merchant-visible delivery state (0.175125ms)
✔ real bridge sealCursor uses payload.signature rather than plain base64url (8.462ms)
✔ A2 grammar refuses private/duplicate/ambiguous cursors and keys on reads (0.82425ms)
✔ A3-A5 exact comment ref and bodies; explicit preemption private only (0.138792ms)
✔ A4/A5 preserve frozen refusal codes, never provider/debug text (0.05775ms)
✔ reset invalidates old buffers and cursor before reread; older page cannot advance live cursor (0.105542ms)
✔ filter resources have only authorised opaque ids; backoff is capped and success resets (0.097583ms)
ℹ tests 32
ℹ suites 0
ℹ pass 32
ℹ fail 0
ℹ cancelled 0
ℹ skipped 0
ℹ todo 0
ℹ duration_ms 299.352791
✔ secondary failures preserve A1; only A1 is periodic; IG notice follows the platform/embeddability observation (171.540958ms)
✔ the existing console refresh also explicitly refreshes its parent list; no automatic list read (9.923959ms)
✔ parent forwards only an explicit refresh callback and retains the scene when list is unavailable (6.162459ms)
✔ every explicit browser response/event/navigation waiter has a finite sub-test budget (9.274666ms)
✔ A1 failures back off 3/6/12/24/30 seconds and success resets to five seconds (69.9975ms)
✔ Retry-After is a minimum; hidden tabs cancel polling; forbidden locks and conceals (31.291375ms)
✔ secondary reads are mount/refresh only, independent from A1 and non-fatal (20.4525ms)
✔ UNKNOWN journal restores the exact key/method/path/body and explicit retry after reload (21.472833ms)
✔ first definite 403 clears journal but locks commands; late success after navigation clears only its own key (17.589125ms)
✔ private reads preserve Retry-After seconds and dates, without changing existing error codes (16.3475ms)
✔ a restored in-flight or UNKNOWN request retains its journal after a replay 403 (47.319166ms)
✔ restored copy success dispatches completion only in the still-current scene (30.221708ms)
✔ SessionCopy resyncs closed same-ID titles, preserves open edits and cancels to latest draft (19.082375ms)
✔ SessionCopy submit uses latest version; UNKNOWN request survives later draft/input changes (19.01075ms)
ℹ tests 14
ℹ suites 0
ℹ pass 14
ℹ fail 0
ℹ cancelled 0
ℹ skipped 0
ℹ todo 0
ℹ duration_ms 470.632208
✔ claims window modes match Go constants and every SQL match_mode CHECK (2.643375ms)
✔ host prompt stays verbatim at the frozen trunk contract; Japanese is absent (1.279542ms)
✔ bundle parser accepts manual (labelled) and Meta (unlabelled) bundles (0.530875ms)
✔ bundle parser rejects unknown platforms and label/platform mismatches (0.136833ms)
✔ offer parser carries the live price and rejects every out-of-range or missing field (0.214417ms)
✔ library and import parsers are closed; removal receipt is the only version-0 shape (0.178ms)
✔ price input: exact decimal minor units, never float, bounded to the currency's places (7.518291ms)
✔ live-tools copy exists in all three locales with the same conflict reasons (0.412209ms)
✔ claims BFF allowlist is exactly M1–M7 per method (2.062625ms)
✔ M7 link response shape is closed (0.416375ms)
✔ host prompt copy is the frozen text, verbatim (0.190667ms)
ℹ tests 11
ℹ suites 0
ℹ pass 11
ℹ fail 0
ℹ cancelled 0
ℹ skipped 0
ℹ todo 0
ℹ duration_ms 93.958
NOT_RUN: tests/media/r04-input-runner.test.mjs (COMMERCE_R04_LIVEKIT_BINARY unset)
✔ main/detail/sku caps use the existing frozen image contract (0.551667ms)
✔ phone and tall dimensions fit2000 without enlarging small assets (0.129917ms)
✔ upload query requires one exact role and sku value; reads/actions carry no query (0.342ms)
✔ role transport encodes current option values and refuses invalid identities (0.143ms)
✔ effective image axis follows current options, then falls back to first (0.063292ms)
✔ detail and option photos cannot satisfy the main-photo recommendation (0.063ms)
✔ PM-U copy has matching keys in ja and all currently routed locales (0.122709ms)
✔ real-upload mode builds both Next applications on a clean CI checkout (5.553334ms)
✔ upload recovery journal survives a new session while remaining product/store scoped (0.0965ms)
✔ an option upload receipt requires its captured axis, value and image id on canonical readback (0.093666ms)
✔ failed durable recovery storage cannot authorize a media write (0.068458ms)
✔ an active product needs a main image after canonical media is known; repair paths stay possible (0.045875ms)
✔ empty media sections render a readable localized placeholder until photos are present (4.460708ms)
✔ real-upload mode never exits through the storefront MOCK shortcut (7.300292ms)
✔ a valid active zero-main product keeps an inline repair hint rather than a page error (3.041209ms)
✔ a new product issues the image-axis stage only for a chosen axis (0.337916ms)
ℹ tests 16
ℹ suites 0
ℹ pass 16
ℹ fail 0
ℹ cancelled 0
ℹ skipped 0
ℹ todo 0
ℹ duration_ms 219.806667
(node:47873) ExperimentalWarning: Transform Types is an experimental feature and might change at any time
(Use `node --trace-warnings ...` to show where the warning was created)
✔ a fitting PNG keeps the exact original File, bytes and alpha-capable format (0.786542ms)
✔ a JPEG exactly at both limits remains original, not a lossy re-encode (0.317792ms)
✔ an oversized phone JPEG is encoded below the cap after oriented scaling (0.508375ms)
✔ a large transparent PNG stays alpha-capable and is never painted with an opaque matte (0.372042ms)
ℹ tests 4
ℹ suites 0
ℹ pass 4
ℹ fail 0
ℹ cancelled 0
ℹ skipped 0
ℹ todo 0
ℹ duration_ms 82.576209
✔ HTTPS picklist fixture carries Secure session cookies automatically while preserving CSRF refusals (82.205875ms)
✔ batch controls stay compact until an order selection or live-session scope exists (0.11475ms)
✔ selection has XOR bodies, canonical unique IDs and separate 500/100 limits (0.333167ms)
✔ cross-page selection retains existing rows, deduplicates and refuses overflow atomically (0.661041ms)
✔ pick projection rejects PII/extra keys, invalid quantities and unmatched order identities (0.476ms)
✔ batch replies bind one-for-one to confirmed orders and preserve uncertainty code (0.115833ms)
✔ pick/export POSTs reject keys and all query variants except one exact template (1.51825ms)
✔ CSV filename binds to selected template and store; no path/header injection (0.157708ms)
✔ MOCK browser fixture list matches the incumbent closed order parser (11.733833ms)
✔ recovery never clears an unknown or missing current attempt (0.117958ms)
✔ recovery and order-detail MOCK fixtures satisfy real read parsers (5.507417ms)
✔ order selection can read its session fence during SSR without browser globals (0.793708ms)
✔ MOU keeps native headed checks runnable on a Linux CI worker without DISPLAY (8.904584ms)
✔ pick fixture serves the scoped parcel reads required by the orders page (4.470292ms)
ℹ tests 14
ℹ suites 0
ℹ pass 14
ℹ fail 0
ℹ cancelled 0
ℹ skipped 0
ℹ todo 0
ℹ duration_ms 320.8015
✔ bodyless dissolve DELETE (empty body stream, no content-length) reaches Go with the CAS query, no body, no key (12.779667ms)
✔ every parcel DELETE must carry exactly one expected_version >= 1 (never forwarded without it) (1.55ms)
✔ a DELETE that declares a body or chunked framing is refused (0.285667ms)
✔ DELETE needs the session, origin and CSRF like every command; other DELETEs stay unsupported (0.794125ms)
✔ GET parcel-groups (open groups read) and merge-suggestions pass with no query; a query or key is refused (4.994042ms)
✔ actual MOU parcel runner selects and collects the real parcel browser case (272.117791ms)
✔ merge suggestions accept the frozen shape (server-masked recipient) and reject drift (0.978833ms)
✔ created group requires the OPEN state and its members (0.111083ms)
✔ dissolved group is exactly id/state/version (0.072042ms)
✔ group shipment carries one SHIPPED version per member (1.296916ms)
✔ open groups (GET parcel-groups) accept the frozen shape and fail closed on drift (1.528875ms)
✔ reconcile: a reload rebuilds OPEN panels, a vanished OPEN group is dropped, history and live versions are kept (0.189125ms)
✔ three locales cover the same keys and every refusal code (0.1945ms)
✔ the owner-ruling sentence is exact in all three locales (0.045625ms)
✔ the in_parcel_group copy is the same sentence in parcels-copy (blocked + errors) and orders-copy, in every locale (0.059042ms)
✔ groupOfOrder prefers the OPEN group over retained SHIPPED/DISSOLVED history (0.119958ms)
✔ parcelOrderNumber is the canonical LC-<32 uppercase hex> order number and matches the open-group parser (0.102083ms)
✔ parcel refresh generation: bumped by every successful poll, whatever the cursor (0.039417ms)
✔ parcel refresh generation: an in_parcel_group refusal bumps it, other refusals do not (0.044917ms)
✔ exactly the five W3-07B resources route (0.508167ms)
✔ dissolve carries exactly ?expected_version=N (N >= 1) (0.100667ms)
✔ readMergeSuggestions 401 immediately purges parent scope and refuses late sibling 200 (15.789625ms)
✔ readMergeSuggestions 403 immediately purges parent scope and refuses late sibling 200 (4.09175ms)
✔ readMergeSuggestions 404 immediately purges parent scope and refuses late sibling 200 (3.377458ms)
✔ readOpenParcelGroups 401 immediately purges parent scope and refuses late sibling 200 (3.297083ms)
✔ readOpenParcelGroups 403 immediately purges parent scope and refuses late sibling 200 (2.9805ms)
✔ readOpenParcelGroups 404 immediately purges parent scope and refuses late sibling 200 (5.327875ms)
✔ readMergeSuggestions 503 preserves parent and local retry recovers actual DTOs (3.733333ms)
✔ readOpenParcelGroups 503 preserves parent and local retry recovers actual DTOs (5.588083ms)
✔ captured parent groups callback refuses hidden scope (6.459083ms)
ℹ tests 30
ℹ suites 0
ℹ pass 30
ℹ fail 0
ℹ cancelled 0
ℹ skipped 0
ℹ todo 0
ℹ duration_ms 339.001292
✔ exactly the nine W6-01B resources are admitted, each only under its own method (0.805833ms)
✔ the customer list is claimed only when a tag filter is present (customers-request.ts stays the owner otherwise) (2.514833ms)
✔ near misses are refused (no generic proxying) (0.250291ms)
✔ reads: no body, no key, no transfer-encoding; tag-list takes no query at all (17.147958ms)
✔ customer-list query: closed keys, tag must be a canonical uuid, list bounds identical to customers-request (2.454458ms)
✔ note-list query: only limit and after, with the customers-list bounds (0.167291ms)
✔ writes: exactly one well-formed Idempotency-Key; the two DELETEs carry no body but still need the key (2.5945ms)
✔ validTagName mirrors Go (NFC first, 1..20, trimmed, no control/Cf) (0.9ms)
✔ validNoteBody mirrors Go (1..1000, not blank, only \n \r \t controls) (0.279042ms)
✔ tag-create body: closed keys, valid name and one of the eight colors (0.241583ms)
✔ tag-patch body: at least one of name/color, nothing else (0.088125ms)
✔ owner-tags body: tag_ids (<=100 canonical uuids) + 64-hex revision, exact keys (0.152667ms)
✔ note bodies: create {body}; patch {body, version>=1}; deletes and reads carry no body at all (0.148666ms)
✔ parseTagCatalog decodes {items: TagRecord[]} with the store-catalogue bounds (0.734417ms)
✔ parseTagSet / parseDeletedTag / parseDeletedNote decode the frozen write receipts (0.202333ms)
✔ parseNoteRecord / parseNotePage decode notes with the Go note rules (1.071042ms)
✔ customer-tags copy: three locales, identical key sets, the integrator's ruled note-privacy text verbatim (0.201959ms)
✔ components wire the ruled copy and the tag/note controls the specs click (1.063292ms)
✔ tag read names must already be trimmed NFC and Unicode code-point bounded (0.111958ms)
✔ session change before network sends nothing (20.673542ms)
✔ session changes after network or during body parse drop the response (21.292875ms)
✔ transient session digest failure is settled only before dispatch (2.328209ms)
✔ lost response followed by a changed session is UNKNOWN after dispatch (1.136625ms)
✔ lost response does not auto-retry; explicit replay keeps method/key/payload/scope (6.690833ms)
✔ 5xx or malformed success is uncertain, coded refusal is settled (3.457958ms)
✔ passive tag/detail refresh preserves an unsaved new-note draft (21.86725ms)
✔ passive refresh updates visible notes but preserves edit draft and original CAS version (0.7275ms)
✔ explicit refresh signal clears old edit draft while passive array changes do not (1.108583ms)
✔ an unauthorized note read clears private note bodies and the draft (3.729416ms)
✔ a transient note read failure keeps the notes already shown (3.356209ms)
✔ an unauthorized note read signals the global logout once; a transient failure does not (4.384541ms)
✔ non-privacy writer: own notes keep Edit and Delete on a fresh mount, others' notes do not (1.422667ms)
✔ notes forbidden/not_found signals scope loss exactly once per mount, never on transient failure (17.064667ms)
✔ bad path/store/method/query/header is refused without authority or backend calls (21.575917ms)
✔ the actual proxy admits a tagged customer list with scoped search/cursor and rejects malformed tag authority (19.334375ms)
✔ signed-out/cross-store/Origin-CSRF denials short circuit before body or forwarding (0.854792ms)
✔ closed bodies and DELETE payloads cannot reach Go (2.869292ms)
✔ all write methods preserve exact key/body/store and private success status (2.265333ms)
✔ note pagination preserved and hostile backend errors/bodies sanitized (2.640709ms)
✔ a catalogue forbidden or not_found asks the parent to re-run its guarded reads, with no logout (181.884417ms)
✔ transient catalogue failures stay local; unauthorized logs out but is not a scope loss (75.824833ms)
✔ after a tag write the manager stays mounted: the catalogue refreshes in place, never reloads (9.524958ms)
✔ a manager-reported scope loss reloads the customer list and catalogue guarded reads (13.960542ms)
✔ CustomerDetail forwards a scope-lost signal to the guarded read once per page (34.010833ms)
✔ badges are escaped server tag facts with human-readable names (3.075166ms)
✔ actual customer notes render privacy notice, safe content, author fallback and read-only permissions (12.371333ms)
✔ unknown permissions and erased customer never offer note mutations (2.023083ms)
✔ write-only notes permit add but not edit/delete of notes the server does not mark own; privacy permission permits both (4.484958ms)
✔ manager trigger and all three localized buyer-export notices render through actual components (2.07125ms)
✔ UNKNOWN survives settled unauthorized retry until trusted success; fresh run ignored (5.54725ms)
✔ UNKNOWN survives settled forbidden retry until trusted success; fresh run ignored (1.128792ms)
✔ UNKNOWN survives settled version_changed retry until trusted success; fresh run ignored (1.75075ms)
✔ first-attempt preflight refusal is settled and permits a fresh action (3.308375ms)
✔ UNKNOWN and in-flight retries prevent duplicate dispatch; unmount discards stale outcome (3.430667ms)
✔ an unauthorized write signals the global logout; forbidden does not (0.549834ms)
✔ UNKNOWN command survives unmount/remount: still locked, same-key retry, cleared by trusted success (0.366875ms)
✔ a command unmounted while in flight is treated as UNKNOWN on remount (0.317667ms)
✔ a session boundary change drops the remembered UNKNOWN command (1.408458ms)
✔ a guarded read that ends signed-out signals the global logout once (17.772916ms)
✔ forbidden/unavailable failures and a successful read signal no logout (11.824708ms)
✔ refresh ending signed-out clears the view, blocks and signals the global logout once (5.35575ms)
✔ refresh ending forbidden or not-found clears the data without a logout (8.499916ms)
✔ a transient refresh failure keeps the ready view and signals nothing (10.059291ms)
✔ exactly the eight report GETs are admitted; every other method or path is refused (0.549375ms)
✔ report reads: query required, no body, no key, no transfer-encoding (26.412917ms)
✔ from/to: exactly once each, calendar-valid days, 0..91 apart (1.160208ms)
✔ session_id: only on the funnel (json and csv), a canonical uuid, once (0.658666ms)
✔ parseProductReport: echoed range/zone, <=1000 rows sorted by net desc, net = captured - refunded (4.6545ms)
✔ parseChannelReport: closed vocabulary order, money per environment strictly ascending, I05 inside every bucket (0.442916ms)
✔ parseFunnelReport: nested counts, session echo, ordered_without_link bound (0.247375ms)
✔ parseManualReport: nullable principal/session ids, bucketed money like channels (0.196667ms)
✔ reports copy: three locales, identical key sets, the integrator's ruled money annotation verbatim (0.223ms)
✔ Reports.tsx: four tabs, CSV per tab, ruled annotation, CSS/SVG charts only (no new dependencies) (1.077083ms)
✔ report CSV closed headers use actual Go slug, echoed dates and private no-store (0.29975ms)
✔ report response projection rejects unknown keys, mismatched range and non-private responses (1.4185ms)
✔ manual buckets follow Go's uncapped row count rather than a made-up 500-row limit (1.099041ms)
✔ display sorts only inside currency/environment groups, never sums money or mutates server rows (8.955125ms)
✔ page report query accepts exactly the four report names and defaults to products (0.105917ms)
✔ actual product table renders offline separately, both modes, no UUID copy and sortable headers (17.787833ms)
✔ actual channel chart exposes exact numbers and both money modes using SVG (0.825042ms)
✔ actual funnel has four stages, nested widths and truthful zero-denominator text (1.222333ms)
✔ manual table resolves authorized labels, has honest fallback, and never presents UUIDs (1.435583ms)
✔ all report views render localized empty states (0.485625ms)
✔ actual BFF refuses malformed query, unknown store/session, disabled auth and missing CSV fences before Go (46.22275ms)
✔ actual BFF closed JSON projection and CSV scope/query preserve trusted token; no forwarded client authority (13.931042ms)
✔ actual BFF permission and malformed CSV response fences do not masquerade as a download (5.856333ms)
✔ audited browser GET accepts same-origin Fetch Metadata plus CSRF, never cross-site or forwarded Host (12.605541ms)
✔ actual CSV client preflight sends nothing after session change, and a lost audit response is uncertain with no retry (11.733791ms)
✔ actual CSV client refuses stale-session bytes and downloads only a closed private response (8.449084ms)
✔ report leaf gives the actual trusted fetch 65 seconds, rejects redirects and forwards only server bearer (6.475708ms)
✔ incoming request cancellation aborts the real report fetch once, returns safe unavailable and never retries (3.447625ms)
✔ CSV final synchronous fence conceals bytes when cancellation, hide or cookie rotation happens inside final await (15.01075ms)
✔ CSV end-to-end deadline covers store lookup and report budget; aborted preflight sends no audited request (7.432541ms)
✔ an uncertain export stays locked for its scope after another scope's export (7.208792ms)
✔ an uncertain export scope persists per store in tab storage and re-locks a fresh render (13.115792ms)
✔ unavailable tab storage fails closed to the in-memory lock without throwing (3.155875ms)
✔ export lock is stored before dispatch; refused/delivered outcomes release it, uncertain and cut-short keep it (29.599958ms)
✔ releasing one scope keeps the other uncertain scopes of the store (6.109792ms)
✔ export is refused and nothing is dispatched when the lock cannot be saved (denied, full or no storage) (5.471375ms)
✔ copy for an unsaved export lock exists in every locale (0.093583ms)
✔ product sort query parses strictly and defaults to net_minor descending (0.175834ms)
✔ legacy-store permission probe: forbidden/not-found/signed-out fail the read closed, transient falls back (10.019292ms)
✔ channel and funnel data retain their applied dates while draft dates wait for Show (83.237417ms)
✔ an uncertain export lock is bound to the session boundary, so a different user does not inherit it (18.269916ms)
✔ Finance landing links to reports under the same canSeeReports rule (10.427125ms)
✔ selected tag survives searches and cursor pagination while an empty filter is omitted (39.573292ms)
✔ customer list dispatch preserves legacy requests and sends every tag query to the closed W6 authority (260.514667ms)
✔ customers reports link is hidden only when permissions are present and lack orders:read (0.123ms)
✔ reports are a finance subpage and preserve the existing single finance navigation entry (0.118042ms)
✔ an authoritative erased customer immediately unmounts the cached private tags/notes subtree (17.504084ms)
✔ the actual customer row shows manual tags and imported status without changing consent (7.899458ms)
✔ P1 actual tag DELETE accepts an empty Next-style stream without JSON MIME (362.161125ms)
✔ P1 actual note DELETE accepts an empty Next-style stream without JSON MIME (1.505959ms)
✔ P1 body-carrying tag writes still require JSON MIME through the real BFF (0.294667ms)
✔ P2 customer bare/encoded tag keys are invalid422 through the actual leaf before any backend (2.9885ms)
✔ P2 report products real session/CSRF response is private and Vary Cookie (1.024083ms)
✔ P2 report products.csv real session/CSRF response is private and Vary Cookie (0.312625ms)
✔ P2 report malformed query and wrong CSRF are rejected by actual helpers before upstream (0.226625ms)
ℹ tests 118
ℹ suites 0
ℹ pass 118
ℹ fail 0
ℹ cancelled 0
ℹ skipped 0
ℹ todo 0
ℹ duration_ms 940.482333
✔ real coded errors retain baseline classification and normalize import leaf cache to private,no-store (27.20225ms)
✔ preflight missing CSRF is definite and sends nothing; actual route CSRF and session refusals stay definite (3.207791ms)
✔ actual route uses real cookies/store membership and method/error envelopes, no helper substitutions (5.599666ms)
✔ actual client/route preserves original Blob bytes, trusted transport and privacy projection on200/409 (4.852084ms)
✔ success or stale preview must remain private; malformed/unknown/mismatched coded errors are uncertain after commit (7.911833ms)
✔ lost/unreadable/session-changed dispatched commit remains UNKNOWN; no automatic retry (1.20575ms)
✔ actual failed-only result route strips IDs and real final session/cancel fence exposes no download (2.782375ms)
✔ actual route refuses unknown resource/query and duplicate session cookies before any upstream call (0.350292ms)
✔ actual route incoming cancellation aborts one dispatched transport and preserves client UNKNOWN (1.557792ms)
✔ real coded error cache may not be public, and closed payload may not acquire data-bearing fields (1.9465ms)
✔ copy still exposes specific merchant field reasons across three locales (3.48975ms)
✔ all real local and upstream import refusals including HEAD/unsupported are exact private,no-store (0.604125ms)
✔ fresh mismatched receipt stays UNKNOWN, exact manual replay mismatch becomes terminal without a third send (1.563875ms)
✔ terminal is impossible for malformed replay receipts or matching replayed counts (1.062416ms)
✔ Big5 bytes pass unchanged to upstream and real422 import envelope surfaces encoding_not_utf8 (0.533208ms)
✔ oversize file uses the actual header guard and specific size guidance in all locales without dispatch (23.735292ms)
✔ commit uses the original requested mapping, including an empty optional field, not resolved preview metadata (14.555625ms)
✔ an UNKNOWN commit remains locked through a later forbidden retry and only explicit same-file success unlocks (11.862417ms)
✔ leaving during a dispatched commit drops its payload and keeps an unconfirmed boolean without replay (7.253042ms)
✔ a definite first preflight refusal clears pending before sign-out and does not invent an unconfirmed import (2.316083ms)
✔ a replayed mismatched receipt ends UNKNOWN without offering another retry or unlocking historical orders (2.280167ms)
✔ real cookie and CSRF helpers generate and validate the actual host-cookie pair (1.096042ms)
✔ exact route rejects methods/keys/body/query/scope before any upstream request using real localError (3.17775ms)
✔ missing/duplicate session cookies reject and real clearAuthCookies expires session and CSRF (0.46775ms)
✔ actual authenticatedStores denies a store absent from the server projection (0.658917ms)
✔ private success routes server cookie token and exact canonical after, never caller bearer/cookie to Go (2.326417ms)
✔ actual safeError/localError preserve coded status with no-store and redact upstream diagnostics (3.009833ms)
✔ actual readBody and strict projection refuse MIME/oversize/extra private fields/city; network loss stays private (1.379458ms)
✔ actual client issues GET50/after through real route/private successful projection (12.6085ms)
✔ actual helper-issued browser fence rejects changed parent before dispatch (2.720375ms)
✔ private success from real route is discarded when the browser session changes during upstream read (3.421709ms)
✔ real localError no-store 401/403/404/503 preserves correct read category with no retry (8.466459ms)
✔ malformed sensitive backend projection becomes real unavailable, never a fake BFF success (2.710917ms)
✔ strict archive rows decode external order text, safe minor units and public keys (4.323208ms)
✔ PII-shaped city and extra sensitive fields never pass the safe projection (0.856084ms)
✔ all canonical Go cities pass; malformed types/bounds/order/time/money/cursor fail (1.023125ms)
✔ read grammar is exact limit/after, not the stale brief's cursor name (18.744833ms)
✔ three locales retain truthful history-not-revenue basis and copy parity (0.345167ms)
✔ SSR renders actual safe rows, shared money/time, total count and read-only three-locale basis (18.03ms)
✔ SSR distinguishes empty archive, 403, session loss and unavailable without stale rows/count (4.228334ms)
✔ actual pagination callbacks use opaque trail; double click cannot skip; refresh/scope reset page1 (12.311875ms)
✔ the static import subpage wins over customer detail and leaves the single customers nav intact (0.382ms)
✔ the actual list offers import only to privacy holders and carries the current authorized store (111.17025ms)
✔ the actual detail mounts archive only for an active imported customer and passes its fenced identity (18.708ms)
✔ MIUI-READY-VISIBLE-STORE actual signed helper waits on the visible selector and retains cookie/wizard assertions (131.561875ms)
✔ MIUI-READY-DENIED read-only staff reaches the real shell refusal instead of waiting for a private wizard (11.308292ms)
✔ failure verdicts precede successful rows, by source row number, without mutating the input (1.1075ms)
✔ the failure download contains only failed row metadata, with no source cell or success identifier (0.351917ms)
✔ reads quoted/BOM header only, without decoding malformed bytes from data rows (2.355ms)
✔ guess only unique metadata aliases with explicit unmapped values (0.232042ms)
✔ shared dynamic leaf admits only exact import methods/actions and bounded mapping/count (13.061667ms)
✔ failed CSV emits only row/outcome/code, refusing any unexpected identifier or raw cell (0.1895ms)
✔ raw-byte cap does not decode/rebuild uploads and cancels oversized chunks (5.555875ms)
✔ backend privacy projection strips all source IDs on successful and failed rows (0.849334ms)
✔ closed preview parser refuses data-bearing rows, unknown keys and inconsistent counts (0.217209ms)
✔ order preview counts units while first CSV record numbers can exceed rows_total (0.068ms)
✔ commit receipt has exactly five keys and no extra customer cells (0.082375ms)
ℹ tests 57
ℹ suites 0
ℹ pass 57
ℹ fail 0
ℹ cancelled 0
ℹ skipped 0
ℹ todo 0
ℹ duration_ms 473.533042
✔ parseShard: i/N, empty means unsharded, anything malformed throws (0.650417ms)
✔ assignShards: deterministic, every key owned once, near-balanced (LPT bound) (0.905625ms)
✔ planClick: for every N the shards partition the whole universe (every registry route x variant, storefront walk, journey) (1.693375ms)
✔ planClick at N=10 keeps every shard within ~1.3x of the mean planned cost (0.180834ms)
✔ aggregate click: honest shards pass for several N (2.573416ms)
✔ aggregate click: a missing shard, a dropped page row, a lost journey, a failing row, a stale known defect and a missing platform marker are each a failure (3.354125ms)
✔ aggregate click: a route added to the registry after the shards ran cannot pass (the registry is re-read) (0.375166ms)
✔ aggregate visual: honest shards pass; a missing shard, a missing shot, a blocking verdict and a registry route outside the universe each fail (4.542375ms)
ℹ tests 8
ℹ suites 0
ℹ pass 8
ℹ fail 0
ℹ cancelled 0
ℹ skipped 0
ℹ todo 0
ℹ duration_ms 81.373792
ci-plan: 10 job(s); click-sweep x10 (aggregate)
  --browser-click-sweep@1/10  -> artifact gate-browser-click-sweep_1_10
  --browser-click-sweep@2/10  -> artifact gate-browser-click-sweep_2_10
  --browser-click-sweep@3/10  -> artifact gate-browser-click-sweep_3_10
  --browser-click-sweep@4/10  -> artifact gate-browser-click-sweep_4_10
  --browser-click-sweep@5/10  -> artifact gate-browser-click-sweep_5_10
  --browser-click-sweep@6/10  -> artifact gate-browser-click-sweep_6_10
  --browser-click-sweep@7/10  -> artifact gate-browser-click-sweep_7_10
  --browser-click-sweep@8/10  -> artifact gate-browser-click-sweep_8_10
  --browser-click-sweep@9/10  -> artifact gate-browser-click-sweep_9_10
  --browser-click-sweep@10/10  -> artifact gate-browser-click-sweep_10_10
✔ the full sweep and the full visual lint fan out into every shard and ask for the aggregate (0.823167ms)
✔ foundation-shards = the unit shard + every plan group; the serial `foundation` mode is untouched (0.692458ms)
✔ an explicit shard re-run (or a partial list) never claims the whole-run aggregate (0.096417ms)
✔ duplicates collapse, artifact names are safe and unique, bad input is refused (0.305959ms)
✔ main writes matrix / sweep_n / visual_n to GITHUB_OUTPUT (2.055791ms)
✔ backend-only paths run foundation-shards only (1.162541ms)
✔ node tests of deploy scripts and of the CI planner are backend-only (they cannot change a browser) (0.332292ms)
✔ a UI path adds the whole browser set, including click-sweep and visual-lint (1.535375ms)
✔ docs-only and output-only diffs keep the single required check (foundation-shards) (0.235959ms)
✔ tests/foundation/browser_* is a browser path, other tests/foundation files are not (0.261417ms)
✔ deploy flag: deploy/ and scripts/deploy* only (0.699417ms)
✔ the browser set is release-gate's browser-mode universe minus the documented exclusions (11.11225ms)
✔ parser: only compiled, correctly-shaped Test functions of untagged _test.go files (1.311708ms)
✔ the real plan: every top-level test of tests/foundation runs in exactly one group (556.596459ms)
✔ a new test (in no list) still runs, exactly once, in the catch-all group; the same name with no catch-all is red (797.443ms)
✔ a test listed in two groups is red; drift beyond the limit is red (794.496833ms)
✔ regexes: anchored explicit lists; the catch-all skips exactly everyone else's tests (0.365ms)
✔ pack: deterministic, balanced to within the longest test, every name once (3.658292ms)
✔ parseDurations: top-level lines only (0.16ms)
ℹ tests 19
ℹ suites 0
ℹ pass 19
ℹ fail 0
ℹ cancelled 0
ℹ skipped 0
ℹ todo 0
ℹ duration_ms 2215.484042
✔ PR18 real BFF preserves invalid_ref and cursor errors without upstream retry (15.784083ms)
✔ PR18 valid A2 Unicode/escaped pages exceed 1 MiB but A8 cap stays unchanged (113.313ms)
✔ K3 comment-only no_source cannot widen the existing inbox error seam (4.384625ms)
✔ LC-U2a real BFF seam A2-A5 exact grammar, privacy, denial and no diagnostic reflection (4.657291ms)
✔ A8/A9/A13 and published templates: exact reads forward once with no-store (2.298584ms)
✔ real streamed POST bodies: A10-A14 exact keys reach upstream (4.082292ms)
✔ query, read headers, methods and body allowlists refuse before upstream (4.082375ms)
✔ session, CSRF and store authority precede content forwarding (0.961375ms)
✔ A12 fixed codes preserved; arbitrary upstream diagnostics stripped (4.617416ms)
✔ client preserves codes and receipt; changed/aborted session cannot publish private response (2.946583ms)
✔ A9 admits a full page of valid Unicode replies while bounding private response bytes (3.063ms)
✔ non-JSON upstream 401 still expires both authentication cookies without diagnostic leakage (0.626291ms)
✔ real M7 response keeps no-referrer after matching Next production header rules (12.159541ms)
✔ three unit languages cover identical fixed labels and delivery states (0.674292ms)
✔ hiding aborts requests and rejects late responses, even after reveal (0.382584ms)
✔ switching selection invalidates both reads and write completions (0.062459ms)
✔ owner and explicit inbox permissions only; viewer fails closed (0.054958ms)
✔ Messenger counts Unicode codepoints; Instagram counts NFC UTF8 bytes (0.523042ms)
✔ uncertain transport retries retain the exact submission; definitive conflicts retire it (0.394792ms)
✔ privacy calibration cannot activate with production origin or ordinary caller env (0.128208ms)
✔ late focus/pageshow while native document remains hidden cannot reveal requests (0.085375ms)
✔ terminal navigation revocation cannot be undone by focus or refresh until a new page fence (0.05425ms)
✔ a ticket from another store/page fence is never accepted (0.051417ms)
✔ focus while already visible preserves the active epoch and the uncertain reply receipt (0.078542ms)
ℹ tests 24
ℹ suites 0
ℹ pass 24
ℹ fail 0
ℹ cancelled 0
ℹ skipped 0
ℹ todo 0
ℹ duration_ms 278.085958
✔ installed APIRequestContext cookie rules exclude Secure cookie from HTTP127 but retain HTTPS/localhost (0.419792ms)
✔ actual INU02 cross uses browser auth and retains exact 404/DM absence (29.213833ms)
✔ actual INU02 cross still rejects wrong authority 401 (2.924208ms)
✔ actual INU02 cross still rejects wrong authority 200 (1.491792ms)
✔ actual INU02 cross still rejects DM in denied response (1.512083ms)
✔ actual INU02 denied uses browser auth and retains exact 403/DM absence (1.502125ms)
✔ actual INU02 denied still rejects wrong authority 401 (1.827ms)
✔ actual INU02 denied still rejects wrong authority 200 (0.985041ms)
✔ actual INU02 denied still rejects DM in denied response (0.98775ms)
✔ actual login settles /en and fixture store (real switch, scoped=false) (23.801375ms)
✔ actual login settles /en and fixture store (real switch, scoped=true) (14.732958ms)
✔ actual login settles /en/inventory and fixture store (real switch, scoped=false) (7.575666ms)
✔ actual login settles /en/inventory and fixture store (real switch, scoped=true) (1.978125ms)
✔ actual login settles /en/messages and fixture store (real switch, scoped=false) (1.758875ms)
✔ actual login settles /en/messages and fixture store (real switch, scoped=true) (3.25325ms)
✔ actual login settles /en and fixture store (already selected, scoped=false) (2.014375ms)
✔ actual login settles /en and fixture store (already selected, scoped=true) (1.649416ms)
✔ actual login settles /en/inventory and fixture store (already selected, scoped=false) (5.695959ms)
✔ actual login settles /en/inventory and fixture store (already selected, scoped=true) (1.793458ms)
✔ actual login settles /en/messages and fixture store (already selected, scoped=false) (1.225084ms)
✔ actual login settles /en/messages and fixture store (already selected, scoped=true) (0.984959ms)
✔ bundle fixture uses real claim commands and mounts existing M6/M7 without issuing early (0.530459ms)
✔ sensitive bundle scenario clicks native clipboard with trace/video disabled and no token body reads (0.154458ms)
✔ persisted link and token-free command receipt are compared without disclosing credentials (0.1235ms)
✔ actual clipboard evaluator exports only safe summary and detects malformed or retained synthetic credentials (204.23ms)
✔ claim-window fixture isolates recovery after the current migration permits multiple OPEN windows (5.001959ms)
✔ ordinary Playwright diagnostics still capture failed-page ARIA when private guard is absent (1.41675ms)
✔ sensitive worker lifecycle prevents actual installed snapshot capture without masking the failure (26.838792ms)
✔ worker restores prior environment even when use rejects (absent) (2.230042ms)
✔ worker restores prior environment even when use rejects (empty) (3.331291ms)
✔ worker restores prior environment even when use rejects (existing-policy) (1.453209ms)
✔ fixture is worker-auto and module collection does not suppress ordinary diagnostics (57.057125ms)
✔ ordinary matcher ARIA context bypasses fallback flag and remains in actual installed diagnostics (0.69675ms)
✔ private test teardown removes only matcher page context while preserving failure (failed status) (8.881584ms)
✔ private test teardown removes only matcher page context while preserving failure (rejected use) (1.491708ms)
✔ matcher guard is test-auto without replacing the installed artifact auto fixture (1.064167ms)
✔ real Playwright --list collects each original INU case and isolated INU09 exactly once (881.604333ms)
✔ A real Inbox selection admits Go A9 attachments null without losing thread (26.773375ms)
✔ A real Inbox selection admits Go A9 attachments empty array without losing thread (5.492667ms)
✔ A malformed non-array A9 attachments is refused without painting DM or crashing selected entry (6.405209ms)
✔ C A8 HTTP200 empty list is ordinary data with no alert, selection or focus request storm (3.752292ms)
✔ C A8 list404 is scoped inbox unavailable in en, never an empty list or conversation denial (1.133375ms)
✔ C A8 list404 is scoped inbox unavailable in zh-TW, never an empty list or conversation denial (0.603458ms)
✔ C A8 list404 is scoped inbox unavailable in zh-CN, never an empty list or conversation denial (0.486542ms)
✔ C click-sweep Go harness mounts existing Inbox/templates services (STRUCTURE_ONLY, Go NOT_RUN) (0.34775ms)
✔ C click-sweep includes actual-router owner200 empty inbox assertion (STRUCTURE_ONLY, Go NOT_RUN) (0.229125ms)
✔ inbox evidence is covered by the CI upload root (1.807792ms)
✔ failed Playwright closes its log and emits sanitized diagnostics before Fatalf (0.223208ms)
✔ failure diagnostics match INU cases/counts without admitting private text (0.925958ms)
✔ INU04 delayed handler 1 signals completion when fulfillment rejects (38.255875ms)
✔ INU04 delayed handler 2 signals completion when fulfillment rejects (1.437166ms)
✔ recoveryDone waits for actual held M7 completion in zh-TW (49.160583ms)
✔ recoveryDone waits for actual held M7 completion in zh-CN (4.805833ms)
✔ recoveryDone waits for actual held M7 completion in en (2.279833ms)
✔ review2 P1 bundle-only row opens real A13 and issues existing M7 claim link to clipboard (39.71675ms)
✔ review2 P1 clipboard denial recopy reuses cached issued URL without another M7 POST (20.823833ms)
✔ review2 P1 lost M7 ACK retries exact receipt and null replay token never mints a fresh key (22.001917ms)
✔ review2 P1 missing CSRF before cached recopy cannot copy or issue again (12.527083ms)
✔ review2 P1 missing CSRF before uncertain retry rejects preserved receipt dispatch (5.643083ms)
✔ review2 P1 late issued-link completion after hide cannot write clipboard (10.712792ms)
✔ review2 P1 late issued-link completion after selection cannot write clipboard (7.049833ms)
✔ review2 P1 late issued-link completion after unmount cannot write clipboard (10.025291ms)
✔ review2 P1 late issued-link completion after logout cannot write clipboard (3.97175ms)
✔ review2 P1 claim-link issuance denied without both live read/manage (inbox:read,live:read) (1.795959ms)
✔ review2 P1 claim-link issuance denied without both live read/manage (inbox:read,live:manage) (1.460416ms)
✔ review2 P1 missing authoritative recovery identity never guesses generation {"missingSession":true} (2.896708ms)
✔ review2 P1 missing authoritative recovery identity never guesses generation {"noBundle":true} (1.974584ms)
✔ review2 P2 exactly one matching binding uses named DM hard gate ok (3.264625ms)
✔ review2 P2 exactly one matching binding uses named DM hard gate review_required (1.1625ms)
✔ review2 P2 exactly one matching binding uses named DM hard gate missing_permission (1.563292ms)
✔ review2 P2 multiple same-provider bindings advisory only (dm_session:ok,dm_session:missing_permission) (1.61425ms)
✔ review2 P2 multiple same-provider bindings advisory only (dm_session:missing_permission,dm_session:reauth_required) (1.120459ms)
✔ review2 P2 multiple same-provider bindings advisory only (dm_session:ok,read_comment:missing_permission) (0.609ms)
✔ review2 P2 multiple same-provider bindings advisory only (dm_session:review_required,dm_session:ok) (0.704375ms)
✔ review2 P2 actual scoped A12 409 capability refusal remains visible after advisory submit (1.260208ms)
✔ review2 P2 missing health and single binding without named DM remain disabled (0.530917ms)
✔ review2 P2 expired cached issued link cannot be recopied or silently reissued (6.608875ms)
✔ P1-1 actual visible focus preserves pending ticket, selection, revision and real retry receipt (1.841041ms)
✔ P1-1 actual unchanged-session pageshow checks without clearing; changed-session focus expires (0.295875ms)
✔ P1-1 actual hide/reveal clears and requests fresh revision, never accepts obsolete completion (0.271041ms)
✔ P1-1 changed-session visible focus expires even with a pending request (0.163125ms)
✔ P1-2 actual A9 refresh 404 removes rendered DM and unsent draft (19.885875ms)
✔ P1-2 actual send-finally A9 404 removes DM, draft and uncertain immutable receipt (2.788167ms)
✔ actual uncertain send still retains exact receipt when A9 authority remains (0ms post-send A9) (5.081458ms)
✔ actual uncertain send still retains exact receipt when A9 authority remains (50ms post-send A9) (107.85625ms)
✔ actual A9 stale held completion cannot paint after component cleanup (0.93275ms)
✔ P2 actual A14 404 clears buyer facts and customer draft (explicit future-version MOCK) (1.135958ms)
✔ safe authority errors remain the actual InboxError transport class (0.041333ms)
✔ actual current A13 without version keeps A14 disabled; future MOCK grants no backend claim (0.859625ms)
✔ P1-2 actual A11 takeover write 404 clears private state despite failing follow-up A9 (1.55825ms)
✔ P1-2 actual A12 send write 404 clears private state despite failing follow-up A9 (0.983875ms)
✔ A13 server orders omission remains distinct from authorized omitted data (0.548208ms)
✔ A13 server orders omission remains distinct from authorized empty data (0.379833ms)
✔ A13 server orders omission remains distinct from authorized populated data (0.373958ms)
✔ actual shell-store-selector captures selection before synchronous privacy teardown (allowed=true) (29.079917ms)
✔ actual shell-store-selector captures selection before synchronous privacy teardown (allowed=false) (19.094917ms)
✔ actual locale-switch captures selection before synchronous privacy teardown (allowed=true) (3.032084ms)
✔ actual locale-switch captures selection before synchronous privacy teardown (allowed=false) (1.275625ms)
✔ persisted A9 UNKNOWN after page entry warns and blocks the real composer in en (23.60875ms)
✔ persisted A9 UNKNOWN after page entry warns and blocks the real composer in zh-TW (1.798584ms)
✔ persisted A9 UNKNOWN after page entry warns and blocks the real composer in zh-CN (2.628167ms)
✔ A12 queued ACK followed by final A9 UNKNOWN overrides the local queued notice and blocks another send (2.241875ms)
✔ a captured previously enabled composer cannot bypass final UNKNOWN learned by Refresh (0.950125ms)
✔ a later A9 page omitting the known UNKNOWN is not delivery reconciliation (3.85925ms)
✔ persisted queued is not mislabeled UNKNOWN and retains ordinary composer eligibility (1.251375ms)
✔ persisted sent is not mislabeled UNKNOWN and retains ordinary composer eligibility (1.592333ms)
✔ persisted failed is not mislabeled UNKNOWN and retains ordinary composer eligibility (1.591542ms)
✔ persisted blocked is not mislabeled UNKNOWN and retains ordinary composer eligibility (0.800334ms)
✔ fresh mount refuses when an old UNKNOWN is beyond 51 newer messages (fact=true) (0.994583ms)
✔ fresh mount refuses when an old UNKNOWN is beyond 51 newer messages (fact=null) (1.506292ms)
✔ fresh mount refuses when an old UNKNOWN is beyond 51 newer messages (fact=undefined) (2.280208ms)
✔ fresh mount refuses when an old UNKNOWN is beyond 51 newer messages (fact=false) (2.071166ms)
✔ a refreshed unknown authority replaces old clear authority even for a captured composer (1.410584ms)
✔ window strict eligibility with 300001ms before hard 24h deadline (13.939959ms)
✔ window strict eligibility with 300000ms before hard 24h deadline (1.521333ms)
✔ window strict eligibility with 60000ms before hard 24h deadline (1.09325ms)
✔ window strict eligibility with 0ms before hard 24h deadline (2.337459ms)
✔ window invalid server deadline fails closed without preparing a send (0.672625ms)
✔ window captured enabled form callback cannot POST after crossing safe cutoff (0.632542ms)
✔ window deadline timer closes controls at cutoff and hard end without waiting for 15s poll (0.6485ms)
✔ quota recovery gives exact zh-TW comment-quota and DM-window instructions beside copy only (0.327959ms)
✔ quota recovery gives exact zh-CN comment-quota and DM-window instructions beside copy only (0.084708ms)
✔ quota recovery gives exact en comment-quota and DM-window instructions beside copy only (0.098458ms)
ℹ tests 123
ℹ suites 0
ℹ pass 123
ℹ fail 0
ℹ cancelled 0
ℹ skipped 0
ℹ todo 0
ℹ duration_ms 992.4845
